Question,Answer
Làm thế nào để chọn kem nền phù hợp cho da mụn?,"Để chọn kem nền cho da mụn, bạn cần ưu tiên các sản phẩm ""non-comedogenic"" (không gây tắc nghẽn lỗ chân lông) và ""oil-free"" (không chứa dầu). Nên chọn kết cấu nhẹ như kem lỏng, mousse hoặc phấn nước để tránh làm nặng mặt và bít lỗ chân lông.

Quan trọng nhất là chọn màu kem nền trùng với tông da tự nhiên. Hãy thử kem nền lên vùng da hàm để đảm bảo màu sắc phù hợp trước khi quyết định mua. Tránh các thành phần gây kích ứng như cồn và hương liệu.
"
Tại sao nên dùng serum dưỡng da trước khi trang điểm?,"Chào bạn, một chuyên gia trang điểm luôn khuyên dùng serum dưỡng da trước khi trang điểm vì nhiều lý do quan trọng. Serum chứa các phân tử nhỏ, dễ dàng thẩm thấu sâu vào da, cung cấp độ ẩm và dưỡng chất thiết yếu. 

Điều này giúp làm mịn bề mặt da, giảm thiểu các nếp nhăn nhỏ, từ đó giúp lớp nền trang điểm bám tốt hơn, đều màu hơn và có độ tự nhiên cao hơn. Ngoài ra, serum còn tạo một lớp bảo vệ, giúp da chống lại tác động tiêu cực từ mỹ phẩm trang điểm.
"
Cách tạo dáng lông mày cong mềm mại cho khuôn mặt dài?,"Để tạo dáng lông mày cong mềm mại cho khuôn mặt dài, bạn nên tập trung vào việc tạo độ cong tự nhiên và tránh đường kẻ quá sắc.

1.  **Xác định điểm bắt đầu, đỉnh và cuối lông mày:** Sử dụng bút chì kẻ lông mày để đánh dấu. Điểm bắt đầu thẳng hàng với cánh mũi, đỉnh lông mày nằm trên đường thẳng từ cánh mũi qua đồng tử mắt, cuối lông mày hơi kéo dài ra ngoài.
2.  **Kẻ dáng lông mày:** Bắt đầu từ điểm bắt đầu, kẻ theo đường cong nhẹ nhàng hướng lên đỉnh lông mày, sau đó hạ xuống mềm mại đến cuối lông mày.
3.  **Tô màu và chuốt lông mày:** Sử dụng bột hoặc gel lông mày để tô đều màu và chuốt theo chiều lông mọc để tạo vẻ tự nhiên.

Lông mày cong sẽ giúp khuôn mặt dài trông cân đối và mềm mại hơn.
"
Son kem hay son thỏi phù hợp hơn cho buổi họp trực tuyến?,"Chào bạn, với buổi họp trực tuyến, son kem sẽ là lựa chọn tốt hơn son thỏi. Son kem thường có kết cấu nhẹ, mịn, giúp môi trông tự nhiên hơn trên camera, tránh gây cảm giác quá ""tắc"" hoặc dày. 

Son kem cũng bám màu tốt hơn, giúp bạn không cần phải dặm lại thường xuyên trong suốt buổi họp. Tuy nhiên, hãy chọn các màu son kem trầm ấm, tự nhiên để trông chuyên nghiệp nhé!
"
Làm sao để đánh má hồng tự nhiên cho da dầu?,"Để đánh má hồng tự nhiên cho da dầu, bạn nên chọn phấn má hồng dạng bột mịn hoặc kem lỏng, tránh phấn nén dễ gây bí da.

**Các bước thực hiện:**

1.  **Chuẩn bị:** Đảm bảo da đã được cấp ẩm và đánh phấn phủ nhẹ để kiềm dầu.
2.  **Chọn màu:** Ưu tiên các tông màu đào, hồng san hô hoặc hồng baby.
3.  **Đánh phấn:** Mỉm cười để xác định gò má, tán phấn theo đường chéo từ thái dương về gò má, giảm dần về phía tai.
4.  **Tán đều:** Dùng cọ mềm hoặc mút tán đều để phấn hòa quyện với da, tránh đường viền sắc nét."
Cách chọn màu son cho da trung tính?,"Chào bạn! Với làn da trung tính, bạn thật may mắn vì có thể ""cân"" được rất nhiều màu son khác nhau!

**Bước 1:** Xác định undertone (tông da ẩn) của bạn nghiêng về ấm hay lạnh. Nếu thiên ấm, hãy chọn son có sắc cam, đào, nâu. Nếu thiên lạnh, hãy ưu tiên hồng, tím, đỏ berry.

**Bước 2:** Màu nude, hồng san hô, đỏ cam, và đỏ tươi đều rất hợp với da trung tính.

**Lý do:** Da trung tính không quá nổi bật sắc tố, nên những màu son đa dạng sẽ giúp bạn tạo điểm nhấn mà không bị ""chọi"" màu.
"
Tại sao cần dùng kem chống nắng trước khi trang điểm?,"Chào bạn,

Kem chống nắng là bước quan trọng nhất trước khi trang điểm, không chỉ vì bảo vệ da khỏi tác hại của tia UV gây lão hóa, nám, và ung thư da, mà còn giúp lớp nền bền vững hơn. 

Kem chống nắng tạo một lớp màng bảo vệ, giúp các sản phẩm trang điểm bám dính tốt hơn, tránh tình trạng lớp nền bị cakey hoặc nhanh xuống tông. Hãy chọn kem chống nắng phù hợp với loại da và thoa đều trước 15-20 phút khi ra nắng nhé!
"
Làm sao để nhận diện lọ kem nền dạng lỏng qua hình ảnh?,"Để nhận diện kem nền dạng lỏng qua hình ảnh, bạn hãy chú ý các điểm sau:

1. **Kết cấu:** Kem nền lỏng thường có vẻ bóng nhẹ, không đặc như kem nền dạng kem.
2. **Bao bì:** Thường được đựng trong chai thủy tinh hoặc nhựa có vòi pump hoặc nắp dropper để dễ dàng lấy lượng sản phẩm vừa đủ.
3. **Độ che phủ:** Hình ảnh sản phẩm có thể ghi chú ""light"", ""medium"" hoặc ""full coverage"" - kem lỏng thường có độ che phủ từ nhẹ đến trung bình.
4. **Thành phần:** Nhìn vào thành phần, nếu có nhiều nước (water/aqua) ở đầu danh sách thì khả năng cao đó là kem nền lỏng.
"
Cách tạo makeup mắt cho buổi đi ăn sáng ngoài trời?,"Để có makeup mắt nhẹ nhàng cho buổi ăn sáng ngoài trời, bạn hãy làm theo các bước sau:

1.  **Che khuyết điểm:** Dùng che khuyết điểm màu da để che vùng da tối màu quanh mắt.
2.  **Phấn mắt:** Chọn phấn mắt màu nude hoặc hồng nhạt, tán đều lên bầu mắt.
3.  **Kẻ mắt:** Kẻ mắt bằng bút chì hoặc gel liner màu nâu, đường kẻ mỏng sát chân mi trên.
4.  **Mascara:** Chuốt mascara nhẹ nhàng để làm dài và cong mi.

Makeup này giúp bạn trông tươi tắn, tự nhiên mà không quá cầu kỳ."
Kỹ thuật makeup 'foxy eye' là gì và cách thực hiện?,"Kỹ thuật makeup ""foxy eye"" (mắt cáo) tạo hiệu ứng mắt sắc sảo, dài và quyến rũ như mắt cáo. Để thực hiện, bạn cần:

1. **Kẻ eyeliner:** Kéo dài đường kẻ mắt ra ngoài vượt quá đuôi mắt, tạo góc nhọn hướng lên trên.
2. **Tạo khối:** Dùng phấn mắt tối hoặc bronzer tạo khối dưới đường kẻ mắt, làm sâu thêm góc mắt.
3. **Highlight:** Highlight vùng dưới chân mày để nâng mí mắt.
4. **Mascara:** Chải mascara tập trung vào mi ngoài để tăng độ dài.

Kỹ thuật này phù hợp với nhiều hình dáng mắt, giúp đôi mắt trông to và sắc sảo hơn.
"
Cách chọn cọ để tán phấn mắt cho người mới bắt đầu?,"Chào bạn, để bắt đầu với phấn mắt, bạn nên có 3 loại cọ cơ bản:

1. **Cọ đầu dẹt:** Dùng để đánh phấn màu mắt lên toàn bộ bầu mắt, giúp phủ đều màu.
2. **Cọ đầu vát:** Dùng để tạo khối và nhấn nhá ở hốc mắt, giúp mắt sâu hơn.
3. **Cọ nhỏ đầu tròn:** Dùng để đánh phấn highlight dưới chân mày hoặc khóe mắt, tạo điểm sáng.

Chọn cọ lông mềm, tự nhiên hoặc tổng hợp chất lượng tốt để tránh gây kích ứng da và giúp phấn lên màu chuẩn hơn.
"
Tại sao nên dùng son dưỡng chứa vitamin E trước son bóng?,"Chào bạn,

Việc sử dụng son dưỡng chứa vitamin E trước son bóng là một bước chuẩn bị rất tốt cho đôi môi. Vitamin E là một chất chống oxy hóa mạnh, giúp dưỡng ẩm, làm mềm môi và bảo vệ môi khỏi tác hại của môi trường. Khi môi đủ ẩm, son bóng sẽ lên màu đẹp hơn, không bị vón cục hay lộ rãnh môi. Hơn nữa, vitamin E còn giúp môi khỏe mạnh, giảm thâm và bong tróc.
"
Làm sao để nhận diện chai xịt dưỡng da chứa chiết xuất cam qua hình ảnh?,"Để nhận diện chai xịt dưỡng da chứa chiết xuất cam qua hình ảnh, bạn có thể chú ý các điểm sau:

1. **Màu sắc:** Bao bì thường có tông cam, vàng hoặc xanh lá (tượng trưng cho sự tươi mát của cam).
2. **Hình ảnh:** Chai có thể in hình quả cam, hoa cam hoặc các họa tiết liên quan đến cam.
3. **Từ khóa:** Tìm các từ như ""cam"", ""citrus"", ""orange extract"" trên nhãn.
4. **Thành phần:** Kiểm tra danh sách thành phần, tìm ""Citrus Sinensis (Orange) Fruit Extract"" hoặc các dẫn xuất của cam.
"
Cách tạo makeup cho buổi đi xem triển lãm sách?,"Chào bạn, để có một lớp makeup phù hợp đi xem triển lãm sách, bạn nên ưu tiên sự tự nhiên, nhẹ nhàng.

1.  **Chuẩn bị da:** Dưỡng ẩm kỹ để da căng bóng.
2.  **Nền:** Dùng BB cream hoặc cushion mỏng nhẹ, che khuyết điểm nếu cần.
3.  **Mắt:** Phấn mắt màu nude hoặc nâu nhạt, chuốt mascara.
4.  **Má:** Hồng đào nhẹ nhàng để có vẻ tươi tắn.
5.  **Môi:** Son dưỡng hoặc son màu nude/ hồng pastel.

Lớp makeup này giúp bạn trông tươi tắn, thanh lịch mà không quá cầu kỳ, phù hợp với không gian yên tĩnh của triển lãm sách."
Kỹ thuật makeup 'glitter cut crease' là gì?,"Kỹ thuật ""glitter cut crease"" là một xu hướng trang điểm mắt nổi bật, tạo hiệu ứng đường cắt mắt sâu và lấp lánh.

**Các bước thực hiện:**

1.  **Tạo đường cut crease:** Dùng phấn mắt tối màu hoặc kem tạo khối để tạo đường hốc mắt sâu hơn.
2.  **Áp dụng glitter:** Bôi keo dán mi hoặc primer lên vị trí muốn dán glitter, sau đó dùng cọ nhỏ dán glitter lên.
3.  **Hoàn thiện:** Đánh phấn mắt sáng hoặc highlight ở vùng đầu mắt và dưới chân mày để tăng độ bừng sáng.

Kỹ thuật này giúp đôi mắt trông to tròn, thu hút và tạo điểm nhấn ấn tượng.
"
Làm sao để nhận diện lọ serum chứa axit hyaluronic qua hình ảnh?,"Để nhận diện serum chứa axit hyaluronic qua hình ảnh, bạn có thể dựa vào những điểm sau:

1. **Kết cấu:** Serum HA thường trong suốt, lỏng nhẹ, có độ bóng như gel.
2. **Màu sắc:** Thường không màu hoặc có màu rất nhạt.
3. **Bao bì:** Các sản phẩm HA thường nhấn mạnh khả năng cấp ẩm, phục hồi da trên bao bì, có thể có hình ảnh giọt nước hoặc mô tả về độ ẩm.
4. **Thành phần:** Kiểm tra danh sách thành phần, tìm ""Hyaluronic Acid"", ""Sodium Hyaluronate"" hoặc ""HA"".
"
Cách chọn son môi cho buổi đi xem kịch tại nhà hát?,"Để chọn son môi phù hợp khi đi xem kịch tại nhà hát, bạn nên ưu tiên những màu sắc tự nhiên, tinh tế. Son màu nude, hồng đào, hoặc đỏ cam trầm sẽ là lựa chọn an toàn, không quá nổi bật nhưng vẫn tôn được vẻ đẹp của bạn.

**Lý do:** Ánh sáng trong nhà hát thường tập trung vào sân khấu, nên son quá lòe loẹt có thể gây mất tập trung cho người xem. Màu son tự nhiên sẽ giúp bạn trông thanh lịch và tôn trọng buổi biểu diễn.
"
Tại sao nên dùng tẩy trang dạng sữa cho da nhạy cảm?,"Chào bạn, với da nhạy cảm, tẩy trang dạng sữa là lựa chọn lý tưởng vì một số lý do:

1. **Kết cấu nhẹ nhàng:** Sữa tẩy trang có kết cấu lỏng, mềm mại, không gây ma sát mạnh như dầu hoặc gel, giúp tránh kích ứng.
2. **Thành phần dưỡng ẩm:** Nhiều sản phẩm chứa dầu thực vật, glycerin giúp làm sạch mà vẫn duy trì độ ẩm tự nhiên cho da.
3. **Ít chất hoạt tính mạnh:** So với các loại tẩy trang khác, sữa tẩy trang thường ít chứa cồn, hương liệu, chất tạo màu, giảm nguy cơ gây dị ứng.
"
Làm sao để nhận diện hộp phấn mắt dạng kem?,"Để nhận diện hộp phấn mắt dạng kem, bạn hãy chú ý đến kết cấu sản phẩm. Phấn mắt kem thường có dạng mềm, mịn, ẩm ướt và hơi bóng khi nhìn vào. Khác với phấn mắt bột khô ráo, phấn kem dễ dàng lấy ra bằng đầu ngón tay hoặc cọ và dễ dàng tán đều trên da. Bao bì thường ghi rõ ""cream eyeshadow"" hoặc ""gel eyeshadow"" để phân biệt.
"
Cách tạo makeup cho buổi đi ăn tối tại nhà hàng Thái?,"Để có một lớp trang điểm phù hợp cho buổi tối tại nhà hàng Thái, bạn nên tập trung vào sự tươi tắn và rạng rỡ.

1.  **Nền:** Sử dụng kem nền nhẹ nhàng, che khuyết điểm vừa đủ.
2.  **Mắt:** Phấn mắt màu đồng hoặc cam đất sẽ rất hợp với không khí ấm cúng. Kẻ mắt mảnh và chuốt mascara.
3.  **Má:** Hồng đào hoặc cam san hô tạo vẻ tươi tắn.
4.  **Môi:** Son màu cam san hô hoặc hồng đất là lựa chọn hoàn hảo.

Lưu ý: Vì đồ ăn Thái thường cay, nên ưu tiên lớp nền bền vững và tránh trang điểm quá đậm.
"
Kỹ thuật makeup 'dewy blush' là gì?,"Kỹ thuật ""dewy blush"" (má ửng bóng) là xu hướng trang điểm tạo hiệu ứng má ửng màu tự nhiên, căng bóng khỏe khoắn như sương sớm. 

**Cách thực hiện:**
1. **Chọn blush:** Ưu tiên phấn má dạng kem hoặc lỏng, có chứa dưỡng ẩm.
2. **Thoa blush:** Thoa lên vùng gò má cao nhất, hòa nhuyễn vào da bằng mút hoặc ngón tay.
3. **Hoàn thiện:** Có thể dùng highlight dạng lỏng hoặc kem điểm nhẹ lên trên blush để tăng độ bóng.

Kỹ thuật này phù hợp với da khô hoặc da thường, giúp khuôn mặt tươi tắn, trẻ trung.
"
Làm sao để nhận diện lọ kem dưỡng chứa peptide qua hình ảnh?,"Để nhận diện kem dưỡng chứa peptide qua hình ảnh, bạn hãy chú ý các điểm sau:

1. **Thành phần:** Tìm các từ khóa như ""peptide"", ""acetyl hexapeptide-8"", ""palmitoyl pentapeptide-4"" trên bao bì.
2. **Mô tả:** Sản phẩm thường nhấn mạnh khả năng chống lão hóa, làm giảm nếp nhăn, tăng độ đàn hồi nhờ peptide.
3. **Kết cấu:** Kem peptide thường có kết cấu mịn, dễ thẩm thấu, không quá đặc hay quá lỏng.
4. **Bao bì:** Các sản phẩm chứa peptide thường có thiết kế sang trọng, hiện đại, hướng đến đối tượng quan tâm đến chăm sóc da chuyên sâu.
"
Cách tạo makeup cho buổi đi công viên mùa xuân?,"Chào bạn, để có một lớp makeup tươi trẻ cho buổi đi công viên mùa xuân, bạn hãy thử các bước sau nhé:

1.  **Kem dưỡng ẩm:** Cấp ẩm để da căng mọng.
2.  **Kem chống nắng:** Bảo vệ da khỏi tia UV.
3.  **BB cream/Foundation nhẹ nhàng:** Che phủ khuyết điểm vừa đủ, không gây bí da.
4.  **Má hồng tone đào/cam:** Tạo vẻ ửng hồng tự nhiên.
5.  **Mascara:** Làm dài và cong mi, mở rộng đôi mắt.
6.  **Son dưỡng/Son tint màu nhẹ:** Giữ môi ẩm và có màu sắc tươi tắn.

Lưu ý ưu tiên sự tự nhiên, tránh makeup quá đậm nhé!
"
Kỹ thuật makeup 'graphic blush' là gì?,"Kỹ thuật ""graphic blush"" là xu hướng trang điểm má hồng độc đáo, tạo khối màu rõ rệt, không tuân theo đường má tự nhiên. Thay vào đó, bạn có thể vẽ má hồng theo hình dáng khác nhau như đường cong, hình tam giác, hoặc thậm chí là hình khối trừu tượng, tập trung vào xương gò má và thái dương. Kỹ thuật này giúp khuôn mặt trông sắc sảo, trẻ trung và thể hiện cá tính mạnh mẽ. Nên dùng phấn má hồng kem hoặc lỏng để dễ dàng tạo hình và blend.
"
Làm sao để nhận diện chai xịt khoáng chứa chiết xuất trà xanh?,"Để nhận diện xịt khoáng trà xanh, bạn hãy chú ý các điểm sau:

1. **Thành phần:** Kiểm tra kỹ bảng thành phần, tìm các tên như ""Camellia Sinensis Leaf Extract"" (chiết xuất lá trà xanh), ""Green Tea Extract"" hoặc ""EGCG"".
2. **Màu sắc:** Xịt khoáng trà xanh thường có màu xanh nhạt tự nhiên.
3. **Mùi hương:** Sản phẩm có thể có mùi trà xanh nhẹ nhàng, thanh mát.
4. **Nhãn mác:** Các sản phẩm chất lượng thường ghi rõ ""trà xanh"" hoặc ""green tea"" trên bao bì.
"
Cách chọn màu son cho buổi tiệc cưới ban ngày?,"Để chọn son cho tiệc cưới ban ngày, bạn nên ưu tiên các màu tươi tắn nhưng vẫn tinh tế. 

1. **Da trắng:** Hồng đào, cam san hô hoặc đỏ cam sẽ giúp bạn rạng rỡ.
2. **Da trung bình:** Hồng đất, màu nude đào hoặc đỏ gạch là lựa chọn an toàn.
3. **Da ngăm:** Đỏ rượu, hồng berry hoặc cam đất sẽ tôn da và tạo điểm nhấn.

Tránh các màu quá tối hoặc quá sặc sỡ, vì có thể không phù hợp với không khí buổi tiệc ban ngày. Quan trọng nhất là chọn màu son khiến bạn cảm thấy tự tin!
"
Tại sao nên dùng kem lót chứa chiết xuất hạt chùm ngây?,"Kem lót chứa chiết xuất hạt chùm ngây là lựa chọn tuyệt vời vì nhiều lý do. Hạt chùm ngây giàu vitamin C và E, giúp chống oxy hóa, bảo vệ da khỏi tác hại của môi trường và làm sáng da. Đồng thời, nó còn có khả năng cấp ẩm, làm dịu da, giảm kích ứng, tạo lớp nền mịn màng và giúp lớp makeup bám lâu hơn. Đây là một thành phần lành tính, phù hợp với nhiều loại da, kể cả da nhạy cảm.
"
Làm sao để nhận diện cọ tán phấn má hồng nhỏ?,"Để nhận diện cọ tán phấn má hồng nhỏ, bạn hãy chú ý các điểm sau:

1. **Kích thước:** Cọ thường có kích thước nhỏ gọn, lông cọ ngắn và tròn hoặc vát nhẹ.
2. **Hình dáng:** Đầu cọ thường không quá dày, giúp dễ dàng kiểm soát lượng phấn và tán đều lên gò má.
3. **Lông cọ:** Lông cọ mềm mại, thường là sợi tổng hợp hoặc lông tự nhiên, không gây kích ứng da.
4. **Màu sắc:** Thường có màu hồng, cam hoặc các màu pastel khác để dễ phân biệt với các loại cọ khác.
"
Cách tạo makeup cho buổi đi ăn tối tại nhà hàng Pháp?,"Để có một lớp trang điểm phù hợp cho buổi tối tại nhà hàng Pháp, hãy bắt đầu với lớp nền nhẹ nhàng, tự nhiên. Tiếp theo, nhấn nhá mắt với tông màu ấm như nâu đồng hoặc champagne, kết hợp chút eyeliner mảnh và mascara. Đừng quên đánh má hồng đào nhẹ nhàng để tăng vẻ tươi tắn. Cuối cùng, chọn son môi đỏ rượu hoặc hồng đất để hoàn thiện vẻ ngoài thanh lịch, tinh tế, phù hợp với không gian lãng mạn của nhà hàng Pháp.
"
Kỹ thuật makeup 'cloud blush' là gì?,"Kỹ thuật ""cloud blush"" (má hồng đám mây) là xu hướng trang điểm má hồng đang được yêu thích vì vẻ đẹp tự nhiên, trẻ trung. Thay vì đánh má hồng tập trung một vùng, bạn đánh lơ mỏng, rộng, tập trung ở vùng gò má cao và hòa dần lên vùng mắt, tạo hiệu ứng má ửng hồng như làn da khỏe mạnh. 

**Cách thực hiện:**
1. Chọn phấn má hồng màu sắc nhẹ nhàng.
2. Dùng cọ mềm đánh phấn theo hình đám mây, tập trung gò má và hòa lên vùng mắt.
3. Tán đều để không còn đường nét rõ ràng.
"
Làm sao để nhận diện lọ kem dưỡng chứa axit lactic?,"Để nhận diện kem dưỡng chứa axit lactic, bạn hãy xem kỹ thành phần (ingredients) trên bao bì. Axit lactic thường được ghi dưới tên ""Lactic Acid"" hoặc ""Sodium Lactate"". Nồng độ axit lactic thường dao động từ 2-10%. 

Ngoài ra, sản phẩm thường có thêm các thành phần dưỡng ẩm như hyaluronic acid, glycerin để cân bằng, vì axit lactic có tính chất tẩy tế bào chết nhẹ. Bao bì có thể ghi chú ""tẩy tế bào chết"", ""làm sáng da"" hoặc ""chống lão hóa"".
"
Cách tạo makeup cho buổi đi ăn sáng tại nhà hàng Nhật?,"Để có một lớp trang điểm nhẹ nhàng, phù hợp cho buổi ăn sáng tại nhà hàng Nhật, bạn hãy thực hiện các bước sau:

1. **Dưỡng ẩm:** Dưỡng ẩm kỹ để da căng mọng tự nhiên.
2. **Kem nền/BB cream:** Chọn loại mỏng nhẹ, che phủ vừa phải.
3. **Má hồng:** Sử dụng má hồng tone đào hoặc hồng san hô để tạo vẻ tươi tắn.
4. **Mắt:** Phấn mắt tone nude hoặc nâu nhạt, chuốt mascara nhẹ nhàng.
5. **Môi:** Son dưỡng hoặc son tint màu hồng đào/cam đào.

Lưu ý: Ưu tiên sự tự nhiên, tránh trang điểm quá đậm.
"
Kỹ thuật makeup 'floating liner' là gì?,"""Floating liner"" (kẻ mắt lơ lửng) là kỹ thuật tạo đường kẻ mắt không nối liền hoàn toàn với đường mi mắt, tạo cảm giác đôi mắt to tròn và mở hơn. 

**Cách thực hiện:**
1.  Kẻ một đường mỏng dọc theo đường gấp mi trên, nhưng không nối liền ở đuôi mắt.
2.  Có thể dùng phấn mắt tối màu để làm mờ đường kẻ, tạo hiệu ứng ""lơ lửng"" mềm mại.
3.  Hoàn thiện bằng mascara để tăng độ sâu cho mắt.

Kỹ thuật này phù hợp với nhiều hình dáng mắt và giúp tạo điểm nhấn độc đáo.
"
Làm thế nào để giữ lớp makeup không bị trôi khi đi dưới trời mưa?,"Để giữ lớp makeup không bị trôi khi đi dưới trời mưa, bạn cần chuẩn bị kỹ càng và sử dụng đúng sản phẩm:

1. **Dưỡng ẩm:** Cấp ẩm đầy đủ cho da trước khi trang điểm giúp lớp nền bám tốt hơn.
2. **Primer:** Sử dụng primer khóa ẩm, kiềm dầu để tạo lớp nền vững chắc.
3. **Sản phẩm chống nước:** Ưu tiên các sản phẩm makeup có thành phần chống nước (waterproof) như mascara, eyeliner, phấn mắt.
4. **Setting spray:** Xịt setting spray sau khi hoàn thành lớp makeup để cố định và tăng độ bền màu.
"
Cách chọn màu son môi cho buổi đi xem pháo hoa đêm giao thừa?,"Để chọn son môi cho buổi xem pháo hoa đêm giao thừa, bạn nên ưu tiên các màu nổi bật, dễ nhìn trong bóng tối và phù hợp với trang phục.

1.  **Đỏ tươi/Đỏ cam:** Màu sắc kinh điển, rực rỡ, tạo điểm nhấn cho khuôn mặt.
2.  **Hồng Fuchsia/Cam san hô:** Vừa trẻ trung, vừa tươi tắn, phù hợp với không khí lễ hội.
3.  **Tím berry/Nâu đất:** Nếu bạn thích phong cách cá tính, đây là lựa chọn tốt.

Nên chọn chất son lì hoặc bán lì để giữ màu lâu và tránh bị lem khi ăn uống.
"
Tại sao nên dùng cọ lông tổng hợp để tán phấn highlighter?,"Chào bạn,

Cọ lông tổng hợp là lựa chọn lý tưởng để tán phấn highlighter vì một số lý do:

1.  **Độ bám phấn:** Lông tổng hợp có bề mặt ít xốp hơn lông tự nhiên, giúp bám phấn tốt hơn, giảm thiểu lượng phấn bị rơi rớt trong quá trình tán.
2.  **Độ sắc nét:** Cọ tổng hợp thường có sợi lông mảnh và đều, giúp tạo hiệu ứng highlight sắc nét, tập trung vào những điểm cao trên khuôn mặt.
3.  **Dễ vệ sinh:** Lông tổng hợp dễ làm sạch và khô nhanh hơn, hạn chế sự phát triển của vi khuẩn.

"
Cách tạo makeup cho buổi đi xem triển lãm bướm?,"Chào bạn, để có một lớp trang điểm phù hợp khi đi xem triển lãm bướm, bạn nên ưu tiên vẻ đẹp tự nhiên, tươi tắn.

1.  **Nền:** Dùng kem nền nhẹ nhàng, che khuyết điểm vừa đủ.
2.  **Mắt:** Phấn mắt màu hồng đào, cam đất hoặc tím lavender nhẹ nhàng. Kẻ eyeliner mảnh và chuốt mascara.
3.  **Má:** Phấn má hồng màu đào hoặc hồng san hô để tăng vẻ tươi tắn.
4.  **Môi:** Son dưỡng hoặc son tint màu hồng baby, cam san hô.

Lớp trang điểm này sẽ giúp bạn trông xinh xắn, hòa hợp với không gian đầy màu sắc của triển lãm bướm."
Làm sao để nhận diện chai xịt khoáng chứa chiết xuất hoa nhài qua hình ảnh?,"Để nhận diện chai xịt khoáng chứa chiết xuất hoa nhài qua hình ảnh, bạn có thể chú ý các điểm sau:

1. **Màu sắc:** Bao bì thường có tông màu trắng, xanh nhạt hoặc tím nhạt, gợi liên tưởng đến sự tinh khiết và hoa nhài.
2. **Hình ảnh:** Chai thường in hình hoa nhài hoặc có họa tiết liên quan đến hoa.
3. **Chữ viết:** Tìm các từ khóa như ""Jasmine"", ""Hoa Nhài"", ""Jasmine Extract"" trên nhãn.
4. **Thương hiệu:** Một số thương hiệu nổi tiếng với xịt khoáng hoa nhài như Evian, La Roche-Posay thường có thiết kế đặc trưng.
"
Kỹ thuật makeup 'smoky emerald' là gì?,"Kỹ thuật makeup ""Smoky Emerald"" là xu hướng trang điểm mắt tập trung vào sắc xanh ngọc lục bảo (emerald) làm chủ đạo, tạo hiệu ứng mắt khói lãng mờ. 

**Các bước thực hiện:**

1.  **Chuẩn bị:** Phủ phấn mắt màu nude lên toàn bộ bầu mắt.
2.  **Tạo khối:** Dùng cọ tán phấn màu xanh ngọc lục bảo đậm ở đuôi mắt, sau đó tán đều lên bầu mắt.
3.  **Làm mờ:** Dùng cọ sạch hoặc màu xanh ngọc lục bảo nhạt hơn để làm mờ đường viền, tạo hiệu ứng chuyển màu mềm mại.
4.  **Hoàn thiện:** Kẻ eyeliner đen hoặc xanh đậm, chuốt mascara và có thể thêm chút nhũ mắt để tăng độ lấp lánh.

Sắc xanh ngọc lục bảo phù hợp với nhiều màu da, đặc biệt là da trung bình và da ngăm.
"
Cách chọn cọ để tán phấn tạo khối cho mặt oval?,"Với khuôn mặt oval, bạn nên chọn cọ tán khối có hình dáng vát xéo, đầu cọ mềm mại và vừa phải. Cọ vát xéo giúp bạn dễ dàng xác định đường tán khối dưới gò má, tạo chiều sâu cho khuôn mặt. Đầu cọ mềm mại đảm bảo phấn khối được tán đều, tự nhiên, tránh đường nét quá sắc. Kích thước vừa phải giúp kiểm soát lượng phấn tốt hơn, phù hợp với tỷ lệ khuôn mặt oval cân đối.
"
Tại sao nên dùng mặt nạ rong biển trước khi trang điểm?,"Chào bạn, với vai trò là chuyên gia trang điểm, tôi khuyên bạn nên dùng mặt nạ rong biển trước khi trang điểm vì những lý do sau:

1. **Cấp ẩm sâu:** Rong biển giàu khoáng chất và vitamin, giúp da ngậm nước, mềm mại hơn.
2. **Kiểm soát dầu thừa:** Rong biển có khả năng hấp thụ dầu, giúp bề mặt da thông thoáng, lớp nền bám tốt hơn.
3. **Làm dịu da:** Rong biển có tính chất làm dịu, giảm kích ứng, đặc biệt hữu ích cho da nhạy cảm.

Nhờ đó, lớp trang điểm sẽ mịn màng, tự nhiên và bền lâu hơn.
"
Làm sao để nhận diện chai sữa rửa mặt chứa chiết xuất hoa hồng qua hình ảnh?,"Để nhận diện sữa rửa mặt chứa chiết xuất hoa hồng qua hình ảnh, bạn có thể chú ý các điểm sau:

1. **Màu sắc:** Bao bì thường có tông hồng, đỏ hoặc tím nhạt.
2. **Hình ảnh:** Thường in hình hoa hồng hoặc các chiết xuất từ hoa hồng.
3. **Chữ viết:** Ghi rõ ""Rose Extract"", ""Rose Water"", ""Rosa Damascena"" (tên khoa học của hoa hồng) trên nhãn.
4. **Kết cấu:** Một số loại có thể nhìn thấy cánh hoa hồng thật bên trong sản phẩm.
"
Cách tạo makeup cho buổi đi ăn tối ở nhà hàng sushi Nhật?,"Để có một lớp trang điểm phù hợp cho buổi tối tại nhà hàng sushi Nhật Bản, hãy tập trung vào sự tinh tế và tự nhiên.

1.  **Nền:** Sử dụng kem nền nhẹ nhàng, che khuyết điểm vừa đủ.
2.  **Mắt:** Phấn mắt màu nâu nhạt hoặc cam đào, tán đều. Kẻ eyeliner mảnh, không quá đậm.
3.  **Má:** Phấn má hồng màu hồng đào nhẹ nhàng.
4.  **Môi:** Son môi màu hồng san hô hoặc nude.

Lý do: Phong cách trang điểm này tôn lên vẻ đẹp tự nhiên, thanh lịch, phù hợp với không gian ăn uống tinh tế của nhà hàng sushi."
Kỹ thuật makeup 'color block eyes' là gì?,"Kỹ thuật ""color block eyes"" (mắt khối màu) là xu hướng trang điểm mắt táo bạo, sử dụng những khối màu đậm, tương phản được vẽ liền mạch trên bầu mắt. 

**Cách thực hiện:**

1.  **Chọn màu:** Chọn 2-3 màu mắt nổi bật, ví dụ: xanh dương & hồng, cam & tím.
2.  **Phân vùng:** Chia bầu mắt thành các khối rõ ràng bằng đường kẻ sắc nét.
3.  **Tô màu:** Tô đầy đủ từng khối màu, có thể dùng cọ hoặc mút.
4.  **Hoàn thiện:** Có thể thêm eyeliner và mascara để tăng độ sắc sảo.

Kỹ thuật này tạo hiệu ứng thị giác mạnh mẽ, phù hợp với các dịp đặc biệt.
"
Cách chọn son môi cho buổi đi xem triển lãm tranh phong cách Phục Hưng?,"Để chọn son môi phù hợp với buổi xem triển lãm tranh Phục Hưng, bạn nên ưu tiên các màu son trầm ấm, cổ điển. Đỏ gạch, đỏ nâu, hoặc hồng đất là những lựa chọn tuyệt vời, gợi nhớ đến vẻ đẹp quý phái thời kỳ đó. Tránh các màu son quá nổi bật hoặc hiện đại như hồng neon hay cam sáng. Chất son nên là lì hoặc bán lì để tạo cảm giác sang trọng, tinh tế và không làm phân tâm khỏi các tác phẩm nghệ thuật.
"
Làm sao để nhận diện hộp phấn highlighter dạng nén qua hình ảnh?,"Để nhận diện hộp phấn highlighter dạng nén qua hình ảnh, bạn hãy chú ý các điểm sau:

1. **Bao bì:** Thường có thiết kế nổi bật, màu sắc tươi sáng (vàng, hồng ngọc, bạc).
2. **Hình dáng:** Hộp thường vuông hoặc tròn, nhỏ gọn, dễ mang theo.
3. **Kết cấu:** Khi mở hộp, bạn sẽ thấy phấn có dạng nén chặt, bề mặt mịn màng, có thể có ánh nhũ hoặc không.
4. **Màu sắc:** Màu sắc phổ biến là champagne, vàng ngọc trai, hồng đào, phù hợp để tạo hiệu ứng bắt sáng.
"
Tại sao nên dùng kem che khuyết điểm dạng lỏng cho da lão hóa?,"Kem che khuyết điểm dạng lỏng là lựa chọn lý tưởng cho da lão hóa vì một số lý do:

1. **Kết cấu nhẹ:** Không gây nặng mặt, tránh làm nổi bật nếp nhăn như kem đặc.
2. **Dễ tán:** Lướt nhẹ nhàng, không kéo da, giảm nguy cơ hình thành thêm nếp nhăn.
3. **Độ che phủ tùy chỉnh:** Có thể build-up nhẹ nhàng, che phủ vừa đủ khuyết điểm mà vẫn giữ được vẻ tự nhiên.
4. **Chứa dưỡng chất:** Nhiều sản phẩm bổ sung thêm thành phần dưỡng ẩm, giúp da căng mọng.
"
Cách tạo makeup cho buổi đi xem phim hoạt hình Pixar?,"Để có makeup phù hợp đi xem phim Pixar, bạn nên ưu tiên vẻ tươi tắn, trẻ trung và một chút vui nhộn.

1.  **Nền:** Dùng kem nền nhẹ nhàng, che khuyết điểm vừa đủ để có làn da tự nhiên.
2.  **Mắt:** Phấn mắt màu pastel như hồng đào, cam nhạt hoặc xanh dương nhạt. Vẽ eyeliner mảnh, không quá sắc sảo.
3.  **Má:** Sử dụng má hồng tone cam đào hoặc hồng baby để tạo vẻ ửng hồng tự nhiên.
4.  **Môi:** Son bóng hoặc son tint màu hồng san hô hoặc cam tươi sẽ hoàn thiện vẻ ngoài đáng yêu.

"
Làm sao để nhận diện cọ tán phấn mắt dạng medium flat qua hình ảnh?,"Để nhận diện cọ tán phấn mắt dạng medium flat qua hình ảnh, bạn hãy chú ý các điểm sau:

1. **Hình dáng:** Đầu cọ dẹt, không quá to cũng không quá nhỏ (medium - vừa).
2. **Độ dày:** Cọ có độ dày vừa phải, không mỏng dẹt như cọ blending brush, cũng không dày tròn như cọ shader brush.
3. **Lông cọ:** Lông cọ thường mềm mại, đủ dày để lấy và tán phấn, nhưng không quá dày để tránh làm lem màu.
4. **Công dụng:** Cọ này thường dùng để tán phấn lên toàn bộ bầu mắt hoặc tán màu trung bình.
"
Cách chọn màu phấn mắt cho buổi đi chơi trượt băng?,"Để chọn màu phấn mắt cho buổi đi trượt băng, bạn nên ưu tiên các tông màu trung tính, nhẹ nhàng nhưng vẫn nổi bật trong điều kiện ánh sáng ngoài trời.

1.  **Màu base:** Chọn phấn mắt màu be nhạt hoặc nâu nhạt để làm base, giúp màu mắt lên chuẩn và bền hơn.
2.  **Màu chính:** Phấn mắt màu đồng, nâu đất hoặc tím nhạt sẽ rất phù hợp, tạo chiều sâu cho đôi mắt.
3.  **Màu nhấn:** Một chút phấn nhũ ánh bạc hoặc trắng ở khóe mắt sẽ giúp đôi mắt thêm long lanh, thu hút.

Lý do: Các màu này vừa tôn da, vừa không quá lòe loẹt, lại phù hợp với không khí vui tươi của buổi đi trượt băng.
"
Tại sao nên dùng xịt khóa makeup chứa chiết xuất cám gạo cho da xỉn màu?,"Chào bạn, với làn da xỉn màu, xịt khóa makeup chứa chiết xuất cám gạo là lựa chọn tuyệt vời vì:

1. **Dưỡng sáng:** Cám gạo giàu vitamin E và các chất chống oxy hóa, giúp làm sáng da, cải thiện tông màu.
2. **Cấp ẩm:** Cám gạo có khả năng giữ ẩm, giúp da căng mọng, giảm tình trạng khô ráp.
3. **Khóa makeup:** Xịt khóa giúp lớp trang điểm bền lâu, hạn chế xuống tông, đồng thời bổ sung dưỡng chất cho da.

Kết hợp 3 yếu tố này, xịt khóa cám gạo vừa giúp bạn có lớp makeup hoàn hảo, vừa chăm sóc da xỉn màu từ bên trong.
"
Làm sao để nhận diện chai kem dưỡng chứa chiết xuất nhân sâm qua hình ảnh?,"Để nhận diện kem dưỡng chứa chiết xuất nhân sâm qua hình ảnh, bạn có thể chú ý các điểm sau:

1. **Màu sắc:** Kem thường có màu vàng nhạt hoặc trắng ngà, đôi khi hơi nâu do chiết xuất nhân sâm.
2. **Thành phần:** Kiểm tra danh sách thành phần, tìm các từ khóa như ""Panax Ginseng Root Extract"", ""Nhân sâm"", ""Ginseng"".
3. **Hình ảnh trên bao bì:** Các sản phẩm thường in hình ảnh củ nhân sâm hoặc các họa tiết liên quan đến nhân sâm để nhấn mạnh thành phần này.
4. **Kết cấu:** Kem nhân sâm thường đặc hơn các loại kem khác, có thể hơi dính.
"
Cách tạo makeup cho buổi đi xem triển lãm đồ thêu tay?,"Chào bạn, để makeup cho buổi đi xem triển lãm đồ thêu tay, mình gợi ý một phong cách nhẹ nhàng, tinh tế để tôn lên vẻ đẹp của nghệ thuật.

1.  **Nền:** Dùng kem nền mỏng nhẹ, che khuyết điểm vừa đủ.
2.  **Mắt:** Phấn mắt màu nude hoặc hồng đào, tán đều. Kẻ eyeliner mảnh, không quá đậm.
3.  **Má:** Phấn má hồng đào nhẹ nhàng, tạo vẻ tươi tắn.
4.  **Môi:** Son nude hoặc hồng baby.

Lý do: Phong cách này không lấn át sự tinh xảo của đồ thêu mà vẫn giúp bạn nổi bật, thanh lịch."
Kỹ thuật makeup 'soft coral glow' là gì?,"""Soft coral glow"" là kỹ thuật trang điểm tạo vẻ ngoài tươi tắn, khỏe khoắn với tông màu san hô nhẹ nhàng. 

**Các bước thực hiện:**

1.  **Base:** Sử dụng kem nền nhẹ nhàng, ẩm mượt.
2.  **Màu má:** Thoa phấn má hồng san hô lên gò má, hòa trộn nhẹ nhàng.
3.  **Mắt:** Sử dụng phấn mắt màu san hô hoặc đào, tán đều.
4.  **Son:** Chọn son bóng hoặc son kem màu san hô hoặc hồng đào.
5.  **Highlight:** Thêm highlight nhũ ngọc trai ở gò má, sống mũi, nhân trung để tăng độ glow.

Kỹ thuật này phù hợp với nhiều tông da, đặc biệt là da trung bình và da sáng, giúp khuôn mặt bừng sáng tự nhiên.
"
Cách chọn son môi cho buổi đi xem phim giả tưởng kỳ ảo?,"Để chọn son môi cho buổi xem phim giả tưởng kỳ ảo, bạn nên ưu tiên các màu sắc độc đáo, có chút ""ma mị"" nhưng vẫn tôn da. 

1. **Màu sắc:** Đỏ burgundy, tím berry, hoặc nâu đất là những lựa chọn tuyệt vời. Nếu muốn nổi bật, hãy thử màu hồng đất pha chút ánh tím.
2. **Chất son:** Son lì hoặc son velvet sẽ giữ màu tốt suốt buổi phim.
3. **Lý do:** Các màu này gợi cảm giác bí ẩn, phù hợp với không khí kỳ ảo của phim, đồng thời không quá lòe loẹt.
"
Làm sao để nhận diện hộp phấn má hồng dạng nén qua hình ảnh?,"Để nhận diện hộp phấn má hồng dạng nén qua hình ảnh, bạn hãy chú ý các điểm sau:

1. **Hình dáng hộp:** Thường là hình tròn, vuông hoặc chữ nhật, nhỏ gọn, dễ mang theo.
2. **Bề mặt:** Bề mặt phấn thường có hoa văn hoặc màu sắc nhẹ nhàng, có thể là lì hoặc có ánh nhũ.
3. **Màu sắc:** Phấn má hồng có nhiều tông màu như hồng đào, cam đào, hồng san hô...
4. **Đi kèm:** Thường đi kèm cọ nhỏ hoặc miếng mút để tán phấn.
"
Tại sao nên dùng tẩy trang dạng dầu hạt hướng dương cho da khô?,"Dầu hạt hướng dương là lựa chọn tuyệt vời cho da khô vì nhiều lý do. Thành phần chính là các axit béo thiết yếu (linoleic acid) giúp dưỡng ẩm sâu, phục hồi hàng rào bảo vệ da bị tổn thương. Khả năng hòa tan dầu tốt giúp làm sạch hiệu quả lớp trang điểm, bụi bẩn và bã nhờn mà không gây khô căng. Dầu hướng dương cũng giàu vitamin E, một chất chống oxy hóa mạnh mẽ, giúp làm dịu và bảo vệ da khỏi các tác nhân môi trường.
"
Cách tạo makeup cho buổi đi ăn tối ở nhà hàng Việt truyền thống?,"Để có một lớp trang điểm phù hợp cho buổi tối tại nhà hàng Việt truyền thống, bạn nên ưu tiên vẻ đẹp tự nhiên, thanh lịch.

1.  **Nền:** Sử dụng kem nền mỏng nhẹ, che khuyết điểm vừa đủ.
2.  **Mắt:** Phấn mắt màu nâu đất hoặc cam đào, kẻ mắt mảnh, mascara nhẹ nhàng.
3.  **Má:** Hồng đào hoặc cam san hô để tạo vẻ tươi tắn.
4.  **Môi:** Son màu đỏ cam hoặc hồng đất, tránh các màu quá nổi bật.

Lưu ý: Giữ cho lớp trang điểm hài hòa, không quá cầu kỳ để phù hợp với không gian ấm cúng của nhà hàng Việt.
"
Làm sao để nhận diện cọ tán phấn mắt dạng large pencil qua hình ảnh?,"Để nhận diện cọ tán phấn mắt dạng large pencil qua hình ảnh, bạn hãy chú ý các điểm sau:

1. **Hình dáng:** Cọ có hình trụ tròn, tương tự như bút chì (pencil) nhưng lớn hơn.
2. **Kích thước:** Lông cọ dày, dài và đầu cọ to hơn so với các loại cọ tán phấn mắt nhỏ khác.
3. **Lông cọ:** Thường là lông tổng hợp mềm mại, dùng để tán đều phấn mắt trên bầu mắt rộng.
4. **Màu sắc:** Thân cọ có thể đa dạng về màu sắc, thường là đen, trắng hoặc các màu pastel.
"
Cách chọn màu son môi cho buổi đi xem triển lãm hoa cẩm tú cầu?,"Chào bạn! Để chọn son môi phù hợp khi đi xem triển lãm hoa cẩm tú cầu, hãy ưu tiên các màu son nhẹ nhàng, tự nhiên để không ""đánh cắp"" sự chú ý của những bông hoa xinh đẹp. 

*   **Màu hồng đào:** Tôn da, dịu dàng, hòa hợp với sắc hồng của cẩm tú cầu.
*   **Màu cam san hô:** Năng động, tươi trẻ, tạo điểm nhấn nhẹ nhàng.
*   **Màu nude:** Thanh lịch, tinh tế, phù hợp với mọi phong cách trang điểm.

Tránh các màu son quá nổi bật như đỏ tươi hoặc tím đậm nhé!
"
Tại sao nên dùng kem lót chứa chiết xuất cây hoa sen cho da nhạy cảm?,"Kem lót chứa chiết xuất hoa sen rất lý tưởng cho da nhạy cảm vì hoa sen nổi tiếng với đặc tính làm dịu và chống viêm. Chiết xuất này giúp giảm kích ứng, mẩn đỏ và làm mát da. Đồng thời, hoa sen còn giàu chất chống oxy hóa, bảo vệ da khỏi tác hại của môi trường. Kem lót có chứa thành phần này sẽ tạo một lớp nền bảo vệ, giúp các sản phẩm trang điểm khác không gây kích ứng da, đồng thời dưỡng ẩm nhẹ nhàng.
"
Làm sao để nhận diện chai xịt dưỡng chứa chiết xuất cây chanh qua hình ảnh?,"Để nhận diện chai xịt dưỡng chứa chiết xuất cây chanh qua hình ảnh, bạn có thể chú ý các điểm sau:

1. **Màu sắc:** Bao bì thường có tông màu xanh lá cây hoặc vàng nhạt, gợi liên tưởng đến chanh.
2. **Hình ảnh:** Chai có thể in hình quả chanh, lá chanh hoặc các họa tiết liên quan đến thiên nhiên, tươi mát.
3. **Từ khóa:** Tìm các từ như ""Lemon"", ""Citrus"", ""Chanh"" trên nhãn sản phẩm.
4. **Thành phần:** Kiểm tra danh sách thành phần, tìm ""Citrus Limon (Lemon) Fruit Extract"" hoặc các dẫn xuất của chanh.
"
Cách tạo makeup cho buổi đi xem triển lãm tranh khắc đá?,"Chào bạn, để có một lớp makeup phù hợp khi đi xem triển lãm tranh khắc đá, bạn nên ưu tiên sự tự nhiên, tinh tế.

1.  **Chuẩn bị da:** Dưỡng ẩm kỹ để lớp nền mịn màng.
2.  **Nền:** Chọn foundation mỏng nhẹ, che khuyết điểm vừa đủ.
3.  **Mắt:** Phấn mắt màu nude hoặc nâu nhạt, kẻ eyeliner mảnh và chuốt mascara.
4.  **Má:** Sử dụng phấn má hồng đào hoặc cam đất để tạo vẻ tươi tắn.
5.  **Môi:** Son nude hoặc màu hồng san hô nhẹ nhàng.

Lớp makeup này giúp bạn trông thanh lịch, không quá nổi bật mà vẫn tôn lên vẻ đẹp tự nhiên, phù hợp với không gian nghệ thuật."
Kỹ thuật makeup 'rose gold' là gì?,"Kỹ thuật makeup ""rose gold"" tập trung vào tông màu hồng vàng ấm áp, tạo vẻ đẹp ngọt ngào, nữ tính nhưng vẫn hiện đại. 

**Các bước thực hiện:**

1.  **Phấn mắt:** Sử dụng phấn mắt màu hồng vàng, cam đào, hoặc nâu đồng.
2.  **Má hồng:** Chọn má hồng tone hồng đào hoặc hồng san hô.
3.  **Son môi:** Son màu hồng nude, hồng đào hoặc cam đất sẽ hoàn thiện vẻ ngoài.
4.  **Highlight:** Highlight màu vàng hồng giúp da bắt sáng tự nhiên.

Kỹ thuật này phù hợp với nhiều tông da, đặc biệt là da trung bình và da trắng.
"
Cách chọn cọ phấn mắt cho mắt nhỏ một mí?,"Để chọn cọ phấn mắt cho mắt nhỏ một mí, bạn nên ưu tiên các loại cọ nhỏ, đầu bằng và lông mềm mại. 

*   **Cọ đầu bằng nhỏ:** Giúp dễ dàng tán phấn vào hốc mắt mà không bị lem ra ngoài, tạo chiều sâu cho mắt.
*   **Cọ blending nhỏ:** Tán đều màu, làm mờ đường viền, giúp mắt trông to hơn.
*   **Cọ highlight nhỏ:** Đánh highlight ở khóe mắt và dưới chân mày để mở rộng đôi mắt.

Tránh các loại cọ quá lớn hoặc lông thô cứng, vì chúng có thể làm mắt trông nhỏ hơn và khó kiểm soát.
"
Làm sao để nhận diện hộp phấn mắt dạng duo chrome qua hình ảnh?,"Để nhận diện hộp phấn mắt duo chrome qua hình ảnh, bạn hãy chú ý các điểm sau:

1. **Màu sắc chuyển đổi:** Phấn duo chrome có sự chuyển đổi màu sắc rõ rệt khi nhìn dưới các góc độ ánh sáng khác nhau.
2. **Hiệu ứng lấp lánh:** Bảng phấn thường có các hạt nhũ li ti, tạo hiệu ứng lấp lánh đa chiều, không chỉ đơn thuần là ánh kim.
3. **Mô tả sản phẩm:** Các sản phẩm duo chrome thường được ghi rõ trên bao bì hoặc mô tả là ""duo chrome"", ""multi-chrome"" hoặc ""iridescent"".
"
Tại sao nên dùng son dưỡng chứa dầu hạt lanh trước son bóng?,"Chào bạn,

Son dưỡng chứa dầu hạt lanh là bước chuẩn bị tuyệt vời trước son bóng vì một số lý do:

1. **Dưỡng ẩm sâu:** Dầu hạt lanh giàu axit béo, giúp môi mềm mịn, giảm tình trạng khô bong tróc.
2. **Tạo lớp nền mượt:** Lớp dầu mỏng nhẹ giúp son bóng lên màu đều, không bị vón cục hay chảy xệ.
3. **Khóa ẩm:** Dầu hạt lanh tạo màng bảo vệ, giữ cho môi luôn căng mọng suốt cả ngày.

Việc này giúp son bóng bám lâu hơn và đôi môi trông khỏe mạnh hơn.
"
Cách tạo makeup cho buổi đi xem triển lãm văn hóa Trung Quốc?,"Để trang điểm đi xem triển lãm văn hóa Trung Quốc, bạn nên ưu tiên vẻ thanh lịch, tinh tế.

1.  **Nền:** Chọn nền nhẹ nhàng, tự nhiên, che phủ vừa phải.
2.  **Mắt:** Phấn mắt màu hồng đào, nâu đất hoặc cam đất tạo chiều sâu. Kẻ eyeliner mảnh, không quá sắc sảo.
3.  **Má:** Sử dụng má hồng màu hồng san hô hoặc đào nhẹ nhàng.
4.  **Môi:** Son môi màu đỏ cam, hồng đất hoặc nude.
5.  **Điểm nhấn:** Có thể thêm chút nhũ mắt nhẹ để tăng vẻ lấp lánh.

Lý do: Phong cách này tôn trọng vẻ đẹp truyền thống, đồng thời vẫn phù hợp với không khí trang trọng của triển lãm.
"
Làm sao để nhận diện chai tẩy trang dạng dầu hạt mơ qua hình ảnh?,"Để nhận diện chai tẩy trang dạng dầu hạt mơ qua hình ảnh, bạn có thể chú ý các điểm sau:

1. **Màu sắc:** Chai thường có màu hồng nhạt hoặc cam đào, gợi liên tưởng đến màu sắc của quả mơ.
2. **Hình ảnh:** Trên thân chai thường có hình ảnh quả mơ hoặc các thành phần tự nhiên khác.
3. **Tên sản phẩm:** Chữ ""dầu tẩy trang hạt mơ"" hoặc các biến thể tương tự sẽ được in rõ ràng.
4. **Thương hiệu:** Kiểm tra logo của các thương hiệu nổi tiếng như Nivea, Hada Labo, hoặc Bioré, vì họ thường có dòng sản phẩm này.
"
Cách chọn son môi cho buổi đi xem phim phiêu lưu hành động?,"Để chọn son môi cho buổi xem phim phiêu lưu hành động, bạn nên ưu tiên sự tự nhiên, thoải mái và lâu trôi.

1.  **Màu sắc:** Chọn các màu nude, hồng đào, hoặc cam đất. Tránh các màu quá nổi bật như đỏ tươi hoặc tím.
2.  **Chất son:** Son kem hoặc son thỏi có chất lì, bán lì sẽ giữ màu tốt hơn trong suốt thời gian dài.
3.  **Độ bền màu:** Ưu tiên các dòng son có khả năng chống lem, trôi màu khi ăn uống nhẹ.

Lý do: Vì phim hành động thường kéo dài, bạn không muốn phải liên tục dặm son. Màu sắc tự nhiên giúp bạn trông tươi tắn nhưng không quá cầu kỳ.
"
Tại sao nên dùng kem lót chứa chiết xuất cây bạch dương cho da dầu?,"Kem lót chứa chiết xuất cây bạch dương rất lý tưởng cho da dầu vì một số lý do: Bạch dương giàu chất chống oxy hóa và khoáng chất, giúp cân bằng độ ẩm, kiểm soát dầu thừa hiệu quả. Chiết xuất này còn có khả năng làm dịu da, giảm kích ứng và thu nhỏ lỗ chân lông, tạo bề mặt mịn màng cho lớp nền. Nhờ đó, lớp trang điểm bám lâu hơn, không bị bóng dầu và hạn chế tình trạng bít tắc lỗ chân lông.
"
Làm sao để nhận diện cọ tán phấn mắt dạng small angled dome qua hình ảnh?,"Để nhận diện cọ tán phấn mắt dạng small angled dome qua hình ảnh, bạn hãy chú ý các đặc điểm sau:

1. **Hình dáng:** Đầu cọ tròn, vát chéo một góc.
2. **Kích thước:** Nhỏ gọn, thường dùng cho các chi tiết mắt.
3. **Độ dày:** Lông cọ dày dặn vừa phải, đủ để lấy và tán phấn.

Cọ này lý tưởng để tạo khối, highlight khóe mắt hoặc tán phấn vào hốc mắt sâu, giúp đôi mắt thêm chiều sâu và sắc nét.
"
Cách tạo makeup cho buổi đi ăn tối ở nhà hàng Ý?,"Để có một lớp trang điểm phù hợp cho buổi tối lãng mạn tại nhà hàng Ý, bạn nên tập trung vào sự tự nhiên, tinh tế nhưng vẫn đủ nổi bật.

1.  **Nền:** Sử dụng kem nền mỏng nhẹ, che khuyết điểm vừa đủ.
2.  **Mắt:** Phấn mắt tông màu ấm như nâu, cam đất. Kẻ eyeliner mảnh và chuốt mascara.
3.  **Má:** Phấn má hồng đào hoặc hồng san hô để tạo vẻ tươi tắn.
4.  **Môi:** Son màu đỏ gạch hoặc hồng đất là lựa chọn hoàn hảo, phù hợp với không khí ấm cúng của nhà hàng Ý.
"
Kỹ thuật makeup 'lavender glow' là gì?,"Kỹ thuật ""Lavender Glow"" là xu hướng trang điểm tạo hiệu ứng da khỏe khoắn, rạng rỡ với tông tím lavender làm chủ đạo. 

**Các bước thực hiện:**

1.  **Kem nền:** Chọn kem nền có tông màu ngả tím hoặc trộn chút phấn tím vào kem nền.
2.  **Má hồng:** Sử dụng má hồng tím lavender, đánh nhẹ lên gò má.
3.  **Highlight:** Chọn highlighter có ánh tím hoặc ngọc trai, đánh vào vùng gò má, sống mũi, nhân trung.
4.  **Môi:** Son môi màu hồng tím hoặc tím nhạt.

Kỹ thuật này giúp da trông tươi sáng, trẻ trung và có chiều sâu.
"
Cách chọn màu phấn mắt cho buổi đi xem triển lãm tranh phong cách tối giản?,"Để phù hợp với phong cách tối giản của buổi triển lãm tranh, bạn nên chọn phấn mắt với tông màu trung tính và tự nhiên. 

**Bước 1:** Chọn phấn mắt màu nude, be, hoặc nâu nhạt làm base.
**Bước 2:** Thêm một chút màu nâu sẫm hơn ở đuôi mắt để tạo chiều sâu nhẹ nhàng.
**Bước 3:** Hoàn thiện bằng một chút phấn highlight màu champagne ở khóe mắt để mở rộng và tươi sáng.

Những màu sắc này không quá nổi bật, giúp bạn trông tinh tế và không làm xao nhãng khỏi tác phẩm nghệ thuật.
"
Làm sao để nhận diện chai kem dưỡng chứa chiết xuất cây cúc vạn thọ qua hình ảnh?,"Để nhận diện kem dưỡng chứa chiết xuất cúc vạn thọ qua hình ảnh, bạn hãy chú ý các điểm sau:

1. **Màu sắc:** Sản phẩm thường có màu vàng nhạt hoặc cam, đặc trưng từ màu hoa cúc vạn thọ.
2. **Hình ảnh trên bao bì:** Các nhãn hiệu thường in hình hoa cúc vạn thọ rõ ràng trên bao bì.
3. **Thành phần:** Kiểm tra danh sách thành phần, tìm các từ khóa như ""Marigold extract"", ""Calendula officinalis"" (tên khoa học của cúc vạn thọ) hoặc ""cúc vạn thọ"".
"
Tại sao nên dùng xịt khóa makeup chứa chiết xuất nhân sâm cho da mệt mỏi?,"Chào bạn, với làn da mệt mỏi, xịt khóa makeup chứa chiết xuất nhân sâm là lựa chọn tuyệt vời vì:

1. **Tái tạo năng lượng:** Nhân sâm giúp tăng cường lưu thông máu, cung cấp oxy cho da, giảm thiểu tình trạng xỉn màu do thiếu sức sống.
2. **Cấp ẩm & làm dịu:** Nhân sâm có khả năng giữ ẩm, làm dịu da kích ứng, giúp lớp makeup không bị cakey.
3. **Khóa makeup bền vững:** Xịt khóa giúp lớp trang điểm bám lâu hơn, hạn chế xuống tông, đồng thời bảo vệ da khỏi tác động môi trường.
"
Cách tạo makeup cho buổi đi xem triển lãm nghệ thuật kim hoàn?,"Để trang điểm cho buổi đi xem triển lãm kim hoàn, bạn nên ưu tiên vẻ đẹp tinh tế, thanh lịch.

1.  **Nền:** Chọn kem nền nhẹ nhàng, che phủ vừa phải để giữ vẻ tự nhiên.
2.  **Mắt:** Phấn mắt màu nude hoặc champagne sẽ làm nổi bật đôi mắt mà không lấn át trang sức. Kẻ mắt mảnh, mascara nhẹ nhàng.
3.  **Má:** Sử dụng phấn má hồng đào hoặc hồng san hô để tạo vẻ tươi tắn.
4.  **Môi:** Son môi màu nude, hồng baby hoặc đỏ san hô là lựa chọn hoàn hảo.

Lý do: Trang điểm nhẹ nhàng sẽ giúp bạn hòa mình vào không gian nghệ thuật và làm nổi bật vẻ đẹp của các tác phẩm kim hoàn.
"
Làm sao để nhận diện cọ tán phấn má hồng dạng large dome qua hình ảnh?,"Để nhận diện cọ tán phấn má hồng dạng large dome qua hình ảnh, bạn hãy chú ý các điểm sau:

1. **Hình dáng:** Đầu cọ tròn, phồng lớn như hình vòm (dome).
2. **Kích thước:** Lớn hơn các loại cọ má hồng khác, phù hợp tán phấn trên diện tích rộng.
3. **Lông cọ:** Thường mềm, dày và xốp để tạo hiệu ứng má hồng tự nhiên, không bị vón cục.
4. **Thân cọ:** Thường có độ dài vừa phải để dễ dàng thao tác.

Cọ large dome lý tưởng để tạo khối nhẹ nhàng và tán đều phấn má hồng.
"
Cách chọn son môi cho buổi đi xem triển lãm chim hoang dã?,"Để chọn son môi phù hợp khi đi xem triển lãm chim hoang dã, bạn nên ưu tiên vẻ tự nhiên, tinh tế.

1. **Màu sắc:** Chọn các tông màu nude, hồng đào, cam đất hoặc màu san hô nhẹ nhàng. Những màu này hài hòa với không gian thiên nhiên, không quá nổi bật.
2. **Chất son:** Son dưỡng hoặc son tint lì nhẹ là lựa chọn tốt, giúp môi mềm mại, tự nhiên.
3. **Tránh:** Hạn chế son màu quá sặc sỡ hoặc bóng loáng, có thể gây phân tâm và không phù hợp với bối cảnh.
"
Làm sao để nhận diện hộp phấn mắt dạng satin qua hình ảnh?,"Để nhận diện hộp phấn mắt satin qua hình ảnh, bạn hãy chú ý các điểm sau:

1. **Độ bóng:** Phấn satin có độ bóng nhẹ, không lấp lánh như phấn nhũ, nhưng cũng không hoàn toàn lì.
2. **Kết cấu:** Khi nhìn gần, bạn sẽ thấy các hạt phấn mịn, có sự phản xạ ánh sáng mềm mại.
3. **Màu sắc:** Màu sắc thường rõ ràng, sắc nét, không bị ""bệt"" như phấn lì.
4. **Hình ảnh swatch:** Nếu có ảnh swatch (lên màu da), phấn satin sẽ cho màu mịn, mượt và có hiệu ứng glow nhẹ.
"
Cách tạo makeup cho buổi đi xem triển lãm tranh phong cách hậu ấn tượng?,"Để makeup cho buổi đi xem triển lãm tranh hậu ấn tượng, bạn nên tập trung vào sự tự nhiên, có chút ""nghệ"" để hòa hợp với không khí.

1.  **Nền:** Chọn kem nền nhẹ nhàng, che khuyết điểm vừa đủ.
2.  **Mắt:** Phấn mắt màu đất, cam đất hoặc tím oải hương nhạt, tán đều. Kẻ mắt mảnh, màu nâu hoặc đen.
3.  **Má:** Phấn má hồng đào hoặc cam san hô, đánh nhẹ nhàng.
4.  **Môi:** Son nude, hồng đào hoặc cam cháy.

Lý do: Hậu ấn tượng đề cao cảm xúc, màu sắc tự nhiên. Makeup này giúp bạn nổi bật nhưng không lấn át tác phẩm nghệ thuật."
Kỹ thuật makeup 'sapphire blue' là gì?,"Kỹ thuật makeup ""sapphire blue"" tập trung vào việc tạo điểm nhấn đôi mắt với tông xanh sapphire lấp lánh. Đầu tiên, bạn dùng phấn mắt màu xanh sapphire tán đều lên bầu mắt, tập trung vào hốc mắt. Sau đó, thêm chút nhũ bạc hoặc trắng ở giữa bầu mắt để tăng độ sáng. Kẻ eyeliner xanh navy hoặc đen, và hoàn thiện với mascara đen. Kỹ thuật này giúp đôi mắt trông sâu thẳm, cuốn hút và nổi bật.
"
Cách chọn cọ tán phấn mắt cho mắt có nếp nhăn?,"Để chọn cọ tán phấn mắt cho mắt có nếp nhăn, bạn nên ưu tiên các loại cọ đầu nhỏ, mềm mại và dẹt. Cọ đầu nhỏ giúp kiểm soát lượng phấn tốt hơn, tránh rơi vào nếp nhăn. Chất lông mềm mại sẽ không kéo da, làm trầm trọng thêm nếp nhăn. Cọ dẹt giúp tán phấn đều hơn trên bề mặt da không đều do nếp nhăn gây ra, mang lại đôi mắt trông trẻ trung hơn.
"
Cách chọn son môi cho buổi đi xem triển lãm văn hóa thời kỳ trung cổ?,"Để chọn son môi phù hợp với buổi đi xem triển lãm văn hóa thời kỳ trung cổ, bạn nên ưu tiên các màu son trầm ấm, tự nhiên. Các lựa chọn lý tưởng bao gồm:

1.  **Đỏ đất:** Màu son này gợi nhớ đến các sắc tố tự nhiên được sử dụng thời trung cổ.
2.  **Nâu gạch:** Tạo vẻ cổ điển, thanh lịch.
3.  **Hồng đất:** Nhẹ nhàng, phù hợp với trang phục tối màu thường thấy trong phong cách trung cổ.

Tránh các màu son quá tươi sáng hoặc hiện đại để không phá vỡ không khí trang trọng của buổi triển lãm.
"
Làm sao để nhận diện cọ tán phấn mắt dạng small flat dome qua hình ảnh?,"Để nhận diện cọ tán phấn mắt dạng small flat dome qua hình ảnh, bạn hãy chú ý các đặc điểm sau:

1. **Hình dáng:** Đầu cọ dẹt và tròn như vòm (dome), nhỏ nhắn.
2. **Kích thước:** Thường nhỏ hơn các loại cọ tán phấn mắt khác, phù hợp tán phấn ở vùng mắt nhỏ như bọng mắt.
3. **Lông cọ:** Lông cọ thường mềm, dày dặn để dễ dàng lấy và tán phấn.

Cọ này lý tưởng để tạo chiều sâu cho mắt hoặc highlight vùng bọng mắt.
"
Cách tạo makeup cho buổi đi ăn tối ở nhà hàng Ma-rốc?,"Để trang điểm cho buổi tối tại nhà hàng Ma-rốc, hãy tập trung vào đôi mắt lôi cuốn và làn da rạng rỡ.

1.  **Nền:** Sử dụng kem nền nhẹ nhàng, che khuyết điểm và phấn phủ để có làn da mịn màng.
2.  **Mắt:** Chọn phấn mắt tông màu ấm như đồng, vàng đất hoặc cam. Vẽ eyeliner đen mảnh, có thể thêm chút nhũ. Mascara đậm để mở rộng đôi mắt.
3.  **Má & Môi:** Sử dụng phấn má hồng màu đào hoặc cam san hô. Son môi màu nude, cam cháy hoặc đỏ gạch sẽ hoàn thiện vẻ đẹp quyến rũ.
"
Kỹ thuật makeup 'rose gold glow' là gì?,"Kỹ thuật ""rose gold glow"" là xu hướng trang điểm tạo hiệu ứng làn da tỏa sáng khỏe khoắn với tông màu hồng vàng ấm áp. 

**Các bước thực hiện:**

1.  **Kem nền:** Chọn kem nền có độ che phủ nhẹ đến trung bình để giữ vẻ tự nhiên.
2.  **Highlight:** Sử dụng highlighter màu hồng vàng ở các vị trí bắt sáng như gò má, sống mũi, nhân trung, khóe mắt.
3.  **Má hồng:** Thêm má hồng màu hồng đào hoặc hồng san hô để tăng độ ửng hồng.
4.  **Son môi:** Chọn son màu hồng nude hoặc màu đào để hoàn thiện.

Kỹ thuật này phù hợp với nhiều tông da, đặc biệt là da trung bình và da trắng.
"
Cách chọn màu phấn mắt cho buổi đi xem triển lãm tranh phong cách siêu thực?,"Để chọn phấn mắt cho buổi đi xem triển lãm tranh siêu thực, bạn nên ưu tiên các màu sắc độc đáo, tương phản và có chiều sâu. 

1. **Màu chủ đạo:** Chọn một màu trung tính như nâu nhạt, be hoặc xám khói làm base.
2. **Màu nhấn:** Thêm các màu như xanh dương đậm, tím lavender, hoặc cam đất để tạo điểm nhấn.
3. **Nhũ:** Sử dụng phấn nhũ vàng đồng hoặc bạc để tăng thêm sự huyền ảo, phù hợp với phong cách siêu thực.
4. **Kết hợp:** Pha trộn các màu để tạo hiệu ứng ombre độc đáo.

Lý do: Màu sắc nổi bật sẽ giúp bạn hòa mình vào không gian nghệ thuật và thể hiện cá tính.
"
Làm sao để nhận diện chai kem dưỡng chứa chiết xuất cây hoa nhài qua hình ảnh?,"Để nhận diện kem dưỡng chứa chiết xuất hoa nhài qua hình ảnh, bạn có thể chú ý các điểm sau:

1. **Màu sắc:** Kem thường có màu trắng ngà hoặc vàng nhạt, đôi khi hơi xanh do chứa tinh dầu hoa nhài.
2. **Nhãn mác:** Tìm các từ khóa như ""Jasmine Extract"", ""Chiết xuất hoa nhài"", ""Jasmine Absolute"" trên bao bì.
3. **Hình ảnh:** Một số sản phẩm sẽ in hình hoa nhài trên bao bì để nhấn mạnh thành phần.
4. **Kết cấu:** Kem hoa nhài thường mềm mịn, dễ tán, có thể hơi bóng nhẹ.
"
Tại sao nên dùng xịt khóa makeup chứa chiết xuất cây trà đen cho da dầu?,"Chào bạn, với da dầu, xịt khóa makeup chứa chiết xuất cây trà đen là lựa chọn tuyệt vời vì một số lý do:

1. **Kiểm soát dầu thừa:** Cây trà đen có khả năng điều tiết bã nhờn, giúp lớp makeup không bị bóng dầu suốt cả ngày.
2. **Kháng viêm, giảm mụn:** Chiết xuất này có tính kháng khuẩn, giúp ngăn ngừa và giảm thiểu mụn do bít tắc lỗ chân lông.
3. **Cấp ẩm nhẹ nhàng:** Dù kiểm soát dầu, xịt khóa vẫn cung cấp độ ẩm cần thiết, tránh tình trạng da bị khô căng.
"
Cách tạo makeup cho buổi đi xem triển lãm nghệ thuật thủy tinh?,"Để trang điểm cho buổi đi xem triển lãm nghệ thuật thủy tinh, bạn nên ưu tiên vẻ đẹp tự nhiên, tinh tế để không làm phân tâm khỏi các tác phẩm.

1.  **Nền:** Sử dụng kem nền nhẹ nhàng, che khuyết điểm vừa đủ.
2.  **Mắt:** Phấn mắt màu nude hoặc nâu nhạt, đánh nhẹ nhàng. Có thể thêm chút highlight ở khóe mắt.
3.  **Má:** Hồng đào nhẹ nhàng để khuôn mặt tươi tắn.
4.  **Môi:** Son nude hoặc màu hồng pastel.

Lý do: Màu sắc trung tính giúp bạn hòa mình vào không gian nghệ thuật, đồng thời tôn lên vẻ đẹp thanh lịch.
"
Làm sao để nhận diện cọ tán phấn má hồng dạng small dome qua hình ảnh?,"Để nhận diện cọ tán phấn má hồng dạng small dome qua hình ảnh, bạn hãy chú ý các điểm sau:

1. **Hình dáng:** Đầu cọ tròn, phồng nhẹ như hình vòm (dome) nhưng nhỏ nhắn.
2. **Kích thước:** Nhỏ hơn các loại cọ dome lớn, thường dùng để tán phấn má hồng lên gò má.
3. **Lông cọ:** Lông mềm, dày dặn, thường vát nhẹ để dễ dàng lấy và tán phấn.

Cọ small dome giúp tạo hiệu ứng má hồng tự nhiên, tập trung và có độ chuyển màu mềm mại.
"
Cách chọn son môi cho buổi đi xem triển lãm động vật biển?,"Để chọn son môi phù hợp cho buổi đi xem triển lãm động vật biển, bạn nên ưu tiên những màu sắc tươi tắn, nhẹ nhàng, tạo cảm giác thư thái và hòa hợp với không gian biển cả. 

*   **Màu sắc gợi ý:** Hồng san hô, cam đào, hoặc màu nude có chút ánh hồng.
*   **Chất son:** Nên chọn son có dưỡng ẩm để đôi môi không bị khô trong suốt quá trình tham quan.
*   **Tránh:** Các màu son quá đậm hoặc quá nổi bật, có thể làm mất đi sự tự nhiên."
Tại sao nên dùng tẩy trang dạng dầu hạt jojoba cho da lão hóa?,"Dầu hạt jojoba là lựa chọn tuyệt vời cho da lão hóa vì cấu trúc phân tử tương đồng với sebum tự nhiên của da. Điều này giúp làm sạch sâu lỗ chân lông, loại bỏ bụi bẩn, kem chống nắng và trang điểm hiệu quả mà không gây khô da. 

Đặc biệt, dầu jojoba giàu vitamin E và axit béo, giúp dưỡng ẩm, làm mềm da, hỗ trợ tái tạo tế bào và giảm nếp nhăn. So với các loại dầu tẩy trang khác, jojoba ít gây kích ứng, phù hợp với da nhạy cảm và dễ bị kích ứng thường gặp ở da lão hóa.
"
Làm sao để nhận diện hộp phấn mắt dạng metallic qua hình ảnh?,"Để nhận diện hộp phấn mắt metallic qua hình ảnh, bạn hãy chú ý các điểm sau:

1. **Ánh nhũ:** Phấn metallic có chứa các hạt nhũ li ti, tạo hiệu ứng lấp lánh rõ rệt. Quan sát kỹ bề mặt phấn, bạn sẽ thấy ánh sáng phản chiếu.
2. **Màu sắc:** Màu metallic thường đậm đà, có chiều sâu và có xu hướng ""ướt át"" hơn so với phấn matte.
3. **Kết cấu:** Phấn metallic thường mềm mịn, dễ bám dính và có thể có vẻ hơi ẩm.
4. **Tên sản phẩm:** Các sản phẩm metallic thường có các từ như ""metallic"", ""shimmer"", ""frost"" trong tên.
"
Cách tạo makeup cho buổi đi xem triển lãm tranh phong cách tối giản?,"Để có makeup tối giản cho buổi xem triển lãm tranh, bạn nên tập trung vào làn da khỏe khoắn, tự nhiên.

1.  **Chuẩn bị da:** Dưỡng ẩm kỹ lưỡng.
2.  **Nền:** Dùng kem nền mỏng nhẹ hoặc BB cream, tán đều.
3.  **Mắt:** Kẻ mắt mảnh, màu nâu hoặc đen, và chuốt mascara nhẹ nhàng.
4.  **Má:** Phấn má hồng màu nude hoặc đào nhẹ, đánh nhẹ lên gò má.
5.  **Môi:** Son dưỡng hoặc son màu nude.

Phong cách này giúp bạn trông thanh lịch, không làm xao nhãng khỏi tác phẩm nghệ thuật.
"
Kỹ thuật makeup 'emerald green' là gì?,"Kỹ thuật makeup ""emerald green"" (xanh ngọc lục bảo) tập trung vào việc sử dụng phấn mắt màu xanh ngọc lục bảo làm điểm nhấn chính. 

**Các bước thực hiện:**

1.  **Chuẩn bị:** Phủ mắt với phấn lót để màu lên chuẩn.
2.  **Tạo khối:** Sử dụng phấn màu nâu hoặc xám để tạo chiều sâu cho hốc mắt.
3.  **Điểm nhấn:** Thoa phấn xanh ngọc lục bảo lên bầu mắt, có thể tập trung ở giữa hoặc tán đều.
4.  **Hoàn thiện:** Kẻ eyeliner đen hoặc nâu, chuốt mascara và đánh highlight.

Màu xanh ngọc lục bảo phù hợp với nhiều màu da, đặc biệt là da trung bình đến tối, giúp đôi mắt trông nổi bật và cuốn hút.
"
Cách chọn cọ tán phấn mắt cho mắt nhỏ?,"Để chọn cọ tán phấn mắt cho mắt nhỏ, bạn nên ưu tiên các loại cọ nhỏ, đầu cọ vát hoặc tròn nhưng không quá to. Cọ nhỏ giúp bạn dễ dàng kiểm soát lượng phấn và tán đều trong phạm vi hẹp của mắt. Đầu vát hoặc tròn giúp tạo chiều sâu và làm mắt trông to hơn. Nên chọn cọ lông mềm, mịn để tránh gây kích ứng và giúp phấn lên màu tốt hơn.
"
Làm sao để nhận diện chai xịt dưỡng chứa chiết xuất cây hoa cúc qua hình ảnh?,"Để nhận diện chai xịt dưỡng chứa chiết xuất hoa cúc qua hình ảnh, bạn hãy chú ý các điểm sau:

1. **Màu sắc:** Bao bì thường có tông xanh lam, trắng hoặc vàng nhạt, gợi liên tưởng đến sự dịu nhẹ của hoa cúc.
2. **Hình ảnh:** Chai thường in hình hoa cúc (chamomile) hoặc có chữ ""Chamomile"", ""Calendula"" (cúc vạn thọ - một loại cúc thường dùng trong mỹ phẩm).
3. **Thành phần:** Kiểm tra danh sách thành phần, tìm các từ khóa như ""Chiết xuất hoa cúc"", ""Bisabolol"" (chất làm dịu da có trong cúc).
"
Cách chọn son môi cho buổi đi xem triển lãm văn hóa thời kỳ đồ đồng?,"Để chọn son môi phù hợp với buổi đi xem triển lãm văn hóa thời kỳ đồ đồng, bạn nên ưu tiên các màu son đất, cam gạch hoặc nâu trầm. Những tông màu này gợi nhớ đến màu sắc của đất, gốm và các hiện vật thời kỳ đồ đồng, tạo sự hài hòa với không gian và chủ đề triển lãm. Chất son lì hoặc satin sẽ phù hợp hơn son bóng, giúp tạo vẻ thanh lịch, tinh tế và không quá nổi bật.
"
Làm sao để nhận diện cọ tán phấn mắt dạng medium angled qua hình ảnh?,"Để nhận diện cọ tán phấn mắt dạng medium angled qua hình ảnh, bạn hãy chú ý các điểm sau:

1. **Hình dáng:** Đầu cọ vát chéo, không quá to cũng không quá nhỏ (medium size).
2. **Độ vát:** Góc vát rõ ràng, giúp dễ dàng tạo khối và tán phấn vào hốc mắt.
3. **Lông cọ:** Thường mềm mại, dày dặn vừa phải để lấy và tán phấn hiệu quả.

Cọ này đa năng, dùng để tán phấn mắt vào hốc mắt, làm nổi bật đường chân mày hoặc tạo đường viền mắt dưới.
"
Cách tạo makeup cho buổi đi ăn tối ở nhà hàng Ấn Độ?,"Để có một lớp trang điểm phù hợp cho buổi tối tại nhà hàng Ấn Độ, bạn nên tập trung vào đôi mắt và đôi môi.

1.  **Mắt:** Sử dụng phấn mắt màu đồng, vàng đồng hoặc màu đất để tạo chiều sâu. Kẻ mắt mèo nhẹ nhàng và chuốt mascara.
2.  **Da:** Nền trang điểm nhẹ nhàng, tự nhiên.
3.  **Môi:** Son màu đỏ gạch, cam đất hoặc hồng đất sẽ rất hợp với không khí ấm cúng và các món ăn cay.
4.  **Má:** Thêm một chút má hồng đào để khuôn mặt tươi tắn hơn."
Kỹ thuật makeup 'lavender haze' là gì?,"Kỹ thuật makeup ""Lavender Haze"" lấy cảm hứng từ ca khúc của Taylor Swift, tập trung vào đôi mắt và gò má ửng hồng tím.

**Các bước thực hiện:**

1.  **Mắt:** Sử dụng phấn mắt tím lavender nhạt làm lớp nền, nhấn nhá bằng tím đậm hơn ở đuôi mắt.
2.  **Má:** Chọn phấn má hồng tím lavender, tán đều lên gò má.
3.  **Son:** Sử dụng son nude hoặc hồng baby để hoàn thiện.

Mục đích là tạo hiệu ứng sương khói nhẹ nhàng, mơ màng, nhấn mạnh vẻ đẹp tự nhiên và thanh khiết.
"
Cách chọn màu phấn mắt cho buổi đi xem triển lãm tranh phong cách cổ điển châu Á?,"Để chọn phấn mắt cho buổi đi xem triển lãm tranh cổ điển châu Á, bạn nên ưu tiên các gam màu trung tính, nhẹ nhàng và lấy cảm hứng từ thiên nhiên. 

**Bước 1:** Chọn phấn mắt màu nâu đất, be hoặc vàng nhạt làm base.
**Bước 2:** Thêm chút màu đồng hoặc cam đất ở đuôi mắt để tạo chiều sâu.
**Bước 3:** Có thể dùng một chút phấn màu xanh rêu hoặc tím than nhạt để gợi nhớ đến các bức tranh sơn thủy.

Những màu sắc này sẽ giúp đôi mắt bạn trông tinh tế, không quá nổi bật mà vẫn tôn lên vẻ đẹp cổ điển, trang nhã.
"
Làm sao để nhận diện chai kem dưỡng chứa chiết xuất cây phấn hoa qua hình ảnh?,"Để nhận diện kem dưỡng chứa chiết xuất cây phấn hoa qua hình ảnh, bạn hãy chú ý các điểm sau:

1. **Màu sắc:** Kem thường có màu vàng nhạt hoặc trắng ngà, đôi khi hơi xanh lục do chứa chlorophyll từ phấn hoa.
2. **Kết cấu:** Thường đặc hơn các loại kem khác, có thể thấy lấm tấm các hạt phấn nhỏ li ti.
3. **Nhãn mác:** Tìm các từ khóa như ""Pollen Extract"", ""Royal Jelly"" (sữa ong chúa - thường đi kèm phấn hoa), hoặc hình ảnh bông hoa, tổ ong.
4. **Thương hiệu:** Các thương hiệu chuyên về sản phẩm tự nhiên, hữu cơ thường sử dụng chiết xuất này.
"
Tại sao nên dùng xịt khóa makeup chứa chiết xuất hoa cúc La Mã cho da nhạy cảm?,"Đối với da nhạy cảm, xịt khóa makeup chứa chiết xuất hoa cúc La Mã là lựa chọn lý tưởng vì một số lý do:

1. **Làm dịu da:** Hoa cúc La Mã nổi tiếng với khả năng làm dịu kích ứng, giảm đỏ và viêm, rất phù hợp cho da nhạy cảm dễ bị kích ứng.
2. **Cấp ẩm nhẹ nhàng:** Xịt khóa giúp cấp ẩm, giữ cho lớp makeup không bị khô căng, đồng thời không gây bí da.
3. **Không chứa cồn:** Nhiều xịt khóa có cồn có thể làm khô và kích ứng da. Xịt chứa cúc La Mã thường không cồn hoặc có rất ít, an toàn hơn cho da nhạy cảm.
"
Cách tạo makeup cho buổi đi xem triển lãm nghệ thuật điêu khắc ánh sáng?,"Chào bạn, để makeup cho buổi đi xem triển lãm nghệ thuật điêu khắc ánh sáng, bạn nên ưu tiên vẻ đẹp tự nhiên, tinh tế để không làm phân tâm khi thưởng lãm nghệ thuật.

1.  **Nền:** Dùng kem nền nhẹ nhàng, che khuyết điểm vừa đủ.
2.  **Mắt:** Phấn mắt màu nude hoặc nâu nhạt, đánh nhẹ nhàng. Có thể dùng chút highlighter ở bầu mắt.
3.  **Má:** Hồng đào nhẹ nhàng để có vẻ tươi tắn.
4.  **Môi:** Son nude hoặc màu hồng pastel.

Lý do: Ánh sáng trong triển lãm có thể thay đổi màu sắc makeup, nên chọn tông màu trung tính, tự nhiên nhất.
"
Làm sao để nhận diện cọ tán phấn má hồng dạng fan lớn qua hình ảnh?,"Để nhận diện cọ tán phấn má hồng dạng fan lớn qua hình ảnh, bạn hãy chú ý các điểm sau:

1. **Hình dáng:** Cọ có hình dáng quạt xòe rộng, lông cọ mềm mại và được xếp thành hình cánh quạt.
2. **Kích thước:** Lông cọ dài và dày hơn so với các loại cọ má hồng khác, tạo cảm giác ""bồng bềnh"".
3. **Màu sắc:** Thường có màu trắng, đen hoặc kết hợp, lông cọ có thể là sợi tổng hợp hoặc lông tự nhiên.
4. **Mục đích sử dụng:** Cọ fan lớn phù hợp để tán phấn má hồng nhẹ nhàng, tạo hiệu ứng tự nhiên, không gây vệt.
"
Cách chọn son môi cho buổi đi xem triển lãm thời trang thủ công?,"Để chọn son môi phù hợp khi đi xem triển lãm thời trang thủ công, bạn nên ưu tiên sự tự nhiên, tinh tế.

1. **Màu sắc:** Chọn các tông màu nude, hồng đào, hoặc cam đất. Những màu này tôn da, không quá nổi bật, phù hợp với không khí nghệ thuật và trang phục thủ công.
2. **Chất son:** Son lì hoặc son satin là lựa chọn tốt, giúp son lâu trôi và không gây cảm giác khó chịu khi bạn di chuyển, quan sát.
3. **Tránh:** Hạn chế son quá sặc sỡ hoặc bóng, vì có thể làm phân tâm và không phù hợp với phong cách tinh tế của buổi triển lãm.
"
Tại sao nên dùng tẩy trang dạng dầu hạt mắc ca cho da nhạy cảm?,"Dầu hạt mắc ca là lựa chọn tuyệt vời cho da nhạy cảm vì nhiều lý do. Thành phần dầu tự nhiên này giàu axit béo, giúp làm sạch sâu bụi bẩn, dầu thừa và lớp trang điểm hiệu quả mà không gây kích ứng. Khác với các loại dầu khoáng, dầu hạt mắc ca tương đồng với dầu tự nhiên của da, giúp cân bằng độ ẩm, làm dịu và không làm bít tắc lỗ chân lông. Điều này đặc biệt quan trọng với da nhạy cảm, dễ bị kích ứng và mẩn đỏ.
"
Làm sao để nhận diện hộp phấn mắt dạng liquid qua hình ảnh?,"Để nhận diện hộp phấn mắt dạng liquid qua hình ảnh, bạn hãy chú ý các điểm sau:

1. **Vỏ hộp:** Thường có thiết kế nhỏ gọn, hình chữ nhật hoặc vuông vắn, làm bằng nhựa hoặc thủy tinh.
2. **Dung tích:** Nhìn chung, dung tích sẽ nhỏ hơn so với phấn mắt dạng bột.
3. **Đầu cọ/ applicator:** Đi kèm là một cọ nhỏ hoặc applicator để lấy và tán phấn.
4. **Kết cấu:** Quan sát kỹ, phấn mắt liquid thường có vẻ bóng nhẹ, lỏng hơn so với phấn mắt bột.
"
Cách tạo makeup cho buổi đi xem triển lãm nghệ thuật trừu tượng?,"Để trang điểm cho buổi đi xem triển lãm nghệ thuật trừu tượng, bạn nên tập trung vào sự sáng tạo và phá cách.

1.  **Da:** Chuẩn bị da mịn màng với lớp kem nền nhẹ nhàng, che khuyết điểm vừa đủ.
2.  **Mắt:** Sử dụng bảng màu mắt với các tông màu tương phản, ví dụ: xanh dương và cam đất, hoặc tím và vàng. Vẽ mắt kiểu graphic liner hoặc tán màu loang lổ.
3.  **Má:** Phấn má hồng màu đào hoặc cam san hô để tăng sự tươi trẻ.
4.  **Môi:** Son môi màu nude, hồng đất hoặc cam gạch.

Lý do: Trang điểm này giúp bạn thể hiện cá tính và hòa mình vào không khí nghệ thuật."
Làm thế nào để chọn kem nền phù hợp với undertone da?,"Để chọn kem nền hợp với undertone da, bạn cần xác định undertone của mình trước. Có 3 loại chính:

1.  **Undertone ấm:** Da có xu hướng vàng, đào, hoặc ô liu. Chọn kem nền có tông màu vàng hoặc đào.
2.  **Undertone lạnh:** Da có xu hướng hồng hoặc xanh. Chọn kem nền có tông màu hồng hoặc xanh.
3.  **Undertone trung tính:** Da không thiên hẳn về ấm hay lạnh. Bạn có thể dùng kem nền có tông màu trung tính.

Thử kem nền lên vùng cổ tay hoặc xương hàm để so sánh và chọn màu phù hợp nhất.
"
Tại sao cần dùng kem lót trước khi trang điểm?,"Kem lót là bước chuẩn bị quan trọng trước khi trang điểm, đóng vai trò như một lớp nền hoàn hảo. Nó giúp làm mịn bề mặt da, che mờ lỗ chân lông và các nếp nhăn nhỏ, tạo hiệu ứng da đều màu hơn. Điều này giúp lớp nền (foundation) bám tốt hơn, lâu trôi và lên màu chuẩn xác hơn. Ngoài ra, kem lót còn bảo vệ da khỏi tác động trực tiếp của mỹ phẩm, giảm thiểu nguy cơ gây kích ứng.
"
Cách tạo dáng lông mày tự nhiên cho người mới tập makeup?,"Chào bạn, để tạo dáng lông mày tự nhiên cho người mới bắt đầu, bạn hãy làm theo các bước sau nhé:

1. **Xác định 3 điểm chính:** Điểm bắt đầu (căn giữa cánh mũi), điểm cao nhất (nối cánh mũi với đồng tử mắt), điểm kết thúc (nối cánh mũi với đuôi mắt).
2. **Vẽ khung lông mày:** Dùng bút chì kẻ lông mày, nối 3 điểm đã xác định để tạo khung dáng.
3. **Điền màu:** Tô nhẹ nhàng theo khung, tập trung vào phần thưa, dùng lược chải để màu hòa đều và tự nhiên hơn.
4. **Kiểm tra:** Đảm bảo hai bên lông mày cân đối và hài hòa với khuôn mặt.

Chúc bạn thành công!
"
Son bóng hay son lì phù hợp hơn cho buổi tiệc tối?,"Chào bạn, với một buổi tiệc tối, son lì thường là lựa chọn tốt hơn son bóng. Son lì có độ bám màu cao, giúp bạn không cần dặm lại son thường xuyên trong suốt buổi tiệc, đặc biệt khi bạn ăn uống. Màu son lì cũng thường sắc nét và sang trọng hơn. Tuy nhiên, nếu bạn thích đôi môi căng mọng, có thể chọn son bóng nhưng cần mang theo để dặm lại nhé!
"
Làm sao để chuốt mascara không bị lem và vón cục?,"Để chuốt mascara không bị lem và vón cục, bạn hãy làm theo các bước sau:

1. **Làm sạch mi:** Loại bỏ dầu thừa và bụi bẩn trên mi bằng dầu tẩy trang hoặc nước micellar.
2. **Sử dụng primer:** Lớp lót mascara giúp mi dày và dài hơn, đồng thời ngăn ngừa lem.
3. **Chuốt Zic-zac:** Thay vì chuốt thẳng, hãy chuốt theo hình chữ Z để tách mi và phủ đều mascara.
4. **Không bơm mascara:** Hạn chế bơm không khí vào lọ mascara vì sẽ làm khô sản phẩm nhanh hơn.
5. **Sử dụng mascara chống thấm nước:** Nếu bạn có làn da dầu hoặc dễ đổ mồ hôi, hãy chọn loại mascara chống thấm nước.
"
Cách chọn màu má hồng cho da ngăm?,"Chào bạn! Với làn da ngăm, việc chọn má hồng cần chú trọng để tránh ""dìm"" da và tạo hiệu ứng khỏe khoắn.

**Bước 1:** Ưu tiên các tông màu ấm như cam đào, hồng san hô, hoặc màu đất. Những màu này sẽ làm da sáng hơn và không bị xám.
**Bước 2:** Tránh các màu quá nhạt hoặc quá tươi như hồng baby, vì chúng có thể làm da trông bợt.
**Bước 3:** Chọn chất phấn má hồng mịn, dễ tán để tránh lộ vân da.
"
Tại sao cần dùng xịt khóa makeup sau khi trang điểm xong?,"Chào bạn,

Xịt khóa makeup là bước cuối cùng quan trọng để ""khóa"" lớp trang điểm, giúp giữ cho lớp nền bền vững suốt cả ngày. Nó hoạt động như một lớp màng bảo vệ, giúp giảm thiểu tình trạng trang điểm bị lem, trôi do mồ hôi, dầu thừa hoặc thời tiết. 

Ngoài ra, xịt khóa còn giúp hòa quyện các lớp makeup lại với nhau, tạo hiệu ứng tự nhiên, căng bóng và giúp da trông khỏe khoắn hơn. Một số loại còn có thêm thành phần dưỡng da, giúp cấp ẩm và bảo vệ da.
"
Làm sao để nhận diện lọ kem chống nắng dạng gel qua hình ảnh 2D?,"Để nhận diện kem chống nắng dạng gel qua ảnh 2D, bạn hãy chú ý các điểm sau:

1. **Kết cấu:** Gel thường trong suốt hoặc hơi mờ, không đặc như kem.
2. **Bao bì:** Thường đựng trong tuýp hoặc chai có vòi pump, giúp dễ dàng lấy lượng sản phẩm vừa đủ.
3. **Thành phần:** Các từ khóa như ""water-based"" (dựa nước), ""alcohol-free"" (không cồn) thường xuất hiện trên bao bì.
4. **Độ bóng:** Khi thoa lên da, gel thường tạo hiệu ứng ẩm mịn, bóng nhẹ chứ không khô ráo như kem.
"
Cách tạo hiệu ứng mắt khói nhẹ cho buổi hẹn hò ban ngày?,"Để tạo hiệu ứng mắt khói nhẹ nhàng cho buổi hẹn hò ban ngày, bạn hãy làm theo các bước sau:

1.  **Chuẩn bị:** Thoa kem lót mắt để màu bám tốt hơn.
2.  **Tạo khối:** Dùng cọ tán màu nâu nhạt lên toàn bộ hốc mắt, tập trung vào đuôi mắt.
3.  **Đánh nhũ:** Thêm chút nhũ mắt màu champagne ở khóe mắt để đôi mắt thêm sáng.
4.  **Kẻ mắt:** Kẻ mắt mảnh bằng eyeliner nâu hoặc xám.
5.  **Mascara:** Chuốt mascara nhẹ nhàng để mi cong và dày.

Màu sắc trung tính và kỹ thuật tán đều là chìa khóa để có đôi mắt khói tinh tế, phù hợp với ánh sáng tự nhiên.
"
Kỹ thuật makeup 'glowy bronze' là gì và cách thực hiện?,"Kỹ thuật ""glowy bronze"" tạo hiệu ứng làn da rám nắng khỏe khoắn, căng bóng tự nhiên.

**Cách thực hiện:**

1.  **Chuẩn bị:** Dưỡng ẩm kỹ để da mịn màng.
2.  **Kem nền:** Chọn kem nền có độ che phủ nhẹ, finish ẩm mịn.
3.  **Bronzer:** Dùng bronzer tone ấm, đánh nhẹ nhàng lên vùng gò má, thái dương, sống mũi và đường viền hàm để tạo khối.
4.  **Highlight:** Highlight ở gò má, sống mũi, nhân trung để bắt sáng.
5.  **Blush:** Thêm chút blush tone đào hoặc cam đất để đôi má ửng hồng.
"
Cách chọn cọ để tán kem che khuyết điểm cho vùng quầng thâm mắt?,"Để che quầng thâm mắt hiệu quả, bạn nên chọn cọ tán kem che khuyết điểm đầu nhỏ, dẹt và lông mềm mại. Cọ đầu nhỏ giúp bạn dễ dàng kiểm soát lượng sản phẩm và tán đều vào vùng da mỏng manh quanh mắt. Lông mềm mại tránh gây kích ứng, đảm bảo lớp nền mịn màng, tự nhiên. Chất liệu lông tổng hợp hoặc lông dê đều phù hợp, tùy theo sở thích và ngân sách của bạn.
"
Tại sao nên dùng son dưỡng chứa dầu hạt bơ trước khi tô son bóng?,"Chào bạn,

Son dưỡng chứa dầu hạt bơ là bước chuẩn bị tuyệt vời trước khi dùng son bóng vì một số lý do:

1. **Dưỡng ẩm sâu:** Dầu hạt bơ giàu vitamin E và axit béo, giúp môi mềm mại, giảm khô bong tróc.
2. **Tạo lớp nền mịn:** Son dưỡng giúp son bóng bám đều hơn, tránh tình trạng vón cục hay lem.
3. **Tăng độ bóng tự nhiên:** Dầu hạt bơ bổ sung độ ẩm, làm môi căng mọng, kết hợp với son bóng sẽ tạo hiệu ứng đôi môi đầy đặn, quyến rũ.
"
Làm sao để nhận diện chai tẩy trang dạng nước micellar qua hình ảnh 2D?,"Để nhận diện nước tẩy trang micellar qua ảnh 2D, bạn hãy chú ý các điểm sau:

1. **Bao bì:** Thường là chai nhựa trong suốt hoặc mờ, có dung tích đa dạng (100ml, 200ml, 500ml).
2. **Nhãn mác:** Ghi rõ ""Nước tẩy trang"", ""Micellar Water"" hoặc ""Eau Micellaire"".
3. **Màu sắc:** Chất lỏng bên trong thường trong suốt, không màu hoặc màu xanh nhạt.
4. **Hình ảnh:** Một số sản phẩm có hình ảnh bông tẩy trang hoặc các hạt micelle nhỏ li ti trên bao bì.
"
Cách tạo makeup cho buổi đi ăn tối ở nhà hàng Nhật Bản?,"Để có một lớp trang điểm phù hợp cho buổi tối tại nhà hàng Nhật Bản, hãy tập trung vào sự tinh tế và tự nhiên.

1.  **Nền:** Sử dụng kem nền mỏng nhẹ, che khuyết điểm vừa đủ.
2.  **Mắt:** Phấn mắt màu nâu nhạt hoặc cam đào, tán đều. Kẻ eyeliner mảnh, không quá đậm.
3.  **Má:** Phấn má hồng màu đào hoặc hồng san hô, đánh nhẹ nhàng.
4.  **Môi:** Son môi màu hồng nude, cam san hô hoặc đỏ cam tươi tắn.

Lưu ý: Tránh trang điểm quá cầu kỳ, hãy ưu tiên vẻ đẹp thanh lịch, dịu dàng.
"
Kỹ thuật makeup 'cat eye' là gì và cách thực hiện?,"Kỹ thuật ""cat eye"" (mắt mèo) là kiểu trang điểm nhấn mạnh đường eyeliner kéo dài, tạo hình mắt sắc sảo, quyến rũ như mắt mèo.

**Cách thực hiện:**

1.  **Kẻ viền mắt:** Bắt đầu từ 2/3 đường mi trên, kẻ một đường mỏng, hơi cong.
2.  **Kéo dài:** Tiếp tục kéo dài đường kẻ ra ngoài đuôi mắt, tạo thành một đường cánh nhỏ hướng lên trên.
3.  **Lấp đầy:** Tô đầy khoảng trống giữa đường kẻ và mi mắt.
4.  **Điều chỉnh:** Kiểm tra và điều chỉnh độ sắc sảo, cân đối của đường kẻ.

Sử dụng eyeliner dạng gel hoặc bút nước giúp đường kẻ sắc nét hơn.
"
Cách chọn son môi cho buổi tiệc sinh nhật ngoài trời vào ban ngày?,"Để chọn son môi cho tiệc sinh nhật ngoài trời ban ngày, bạn nên ưu tiên các màu tươi sáng, tự nhiên nhưng vẫn nổi bật. 

**Bước 1:** Chọn màu sắc: Hồng san hô, cam đào, hoặc đỏ cam là những lựa chọn tuyệt vời. Tránh các màu quá tối như đỏ burgundy hoặc tím đậm vì chúng có thể không phù hợp với ánh sáng tự nhiên.

**Bước 2:** Ưu tiên chất son: Son kem lì hoặc son tint có độ bền màu tốt, không dễ lem khi ăn uống và giữ màu lâu hơn trong thời tiết nóng.

**Lý do:** Ánh sáng tự nhiên sẽ làm nổi bật vẻ tươi trẻ, năng động của bạn.
"
Tại sao nên dùng tẩy trang dạng dầu cho makeup chống nước?,"Chào bạn,

Tẩy trang dạng dầu là lựa chọn lý tưởng cho makeup chống nước vì nguyên tắc ""dầu hòa tan dầu"". Makeup chống nước thường chứa các thành phần không thấm nước, và dầu tẩy trang có khả năng phá vỡ các liên kết này, nhẹ nhàng loại bỏ lớp trang điểm mà không gây kích ứng da. Các sản phẩm tẩy trang khác như nước micellar có thể cần chà xát mạnh hơn, gây tổn thương da. Dầu tẩy trang còn giúp làm sạch sâu lỗ chân lông, loại bỏ bụi bẩn và bã nhờn hiệu quả.
"
Làm sao để nhận diện hộp phấn mắt dạng palette kim loại qua hình ảnh?,"Để nhận diện hộp phấn mắt dạng palette kim loại qua hình ảnh, bạn hãy chú ý các điểm sau:

1. **Vỏ ngoài:** Thường có lớp vỏ kim loại sáng bóng, có thể là vàng, bạc, hoặc màu rose gold.
2. **Thiết kế:** Palette kim loại thường mang phong cách sang trọng, tối giản, với logo hoặc họa tiết được in nổi hoặc khắc laser.
3. **Gương:** Hầu hết palette kim loại đều có gương lớn bên trong, giúp trang điểm dễ dàng khi di chuyển.
4. **Khóa đóng:** Khóa đóng thường chắc chắn, có tiếng ""click"" khi đóng mở, đảm bảo phấn không bị rơi.
"
Cách tạo makeup cho buổi đi xem triển lãm nghệ thuật đương đại?,"Để trang điểm đi xem triển lãm nghệ thuật đương đại, bạn nên ưu tiên vẻ ngoài tự nhiên, tinh tế nhưng vẫn có điểm nhấn.

1.  **Nền:** Chọn kem nền nhẹ nhàng, che phủ vừa phải để giữ vẻ tự nhiên.
2.  **Mắt:** Tập trung vào một điểm nhấn, có thể là phấn mắt màu trung tính (nâu, be) hoặc eyeliner mảnh.
3.  **Má:** Sử dụng má hồng màu đào hoặc hồng san hô để tạo vẻ tươi tắn.
4.  **Môi:** Son nude hoặc màu hồng nhạt là lựa chọn hoàn hảo.

Lý do: Trang điểm nhẹ nhàng sẽ giúp bạn hòa mình vào không gian nghệ thuật mà không bị phân tâm.
"
Kỹ thuật makeup 'ombre lips' là gì và cách thực hiện?,"Ombre lips là kỹ thuật tạo hiệu ứng chuyển màu từ đậm ở viền môi sang nhạt dần ở trung tâm, giúp môi trông đầy đặn và có chiều sâu hơn.

**Cách thực hiện:**

1.  **Tô son đậm** viền môi.
2.  **Tô son nhạt hơn** hoặc dùng cọ tán đều vào trung tâm môi.
3.  **Dùng tăm bông hoặc cọ nhỏ** hòa trộn hai màu để tạo hiệu ứng chuyển màu mượt mà.
4.  **Thoa son dưỡng** để môi mềm mịn."
Làm sao để nhận diện lọ serum chứa peptide qua hình ảnh 2D?,"Để nhận diện serum chứa peptide qua hình ảnh 2D, bạn có thể chú ý các điểm sau:

1. **Bao bì:** Thường có ghi rõ ""Peptide"", ""Peptides Complex"" hoặc tên peptide cụ thể (ví dụ: Palmitoyl Pentapeptide-4).
2. **Màu sắc:** Serum peptide thường trong suốt hoặc màu trắng sữa nhẹ, ít khi có màu sắc sặc sỡ.
3. **Kết cấu:** Thường lỏng nhẹ, dễ dàng thẩm thấu, không quá đặc như kem dưỡng.
4. **Thương hiệu:** Các thương hiệu dược mỹ phẩm, chuyên về anti-aging thường tập trung vào peptide.
"
Cách tạo makeup cho buổi đi công viên giải trí vào ban ngày?,"Chào bạn, để có một lớp makeup phù hợp cho buổi đi công viên giải trí ban ngày, bạn nên ưu tiên sự tự nhiên, nhẹ nhàng và bền lâu.

1.  **Chuẩn bị da:** Dưỡng ẩm kỹ lưỡng và dùng kem chống nắng.
2.  **Nền:** Chọn kem nền mỏng nhẹ, có độ che phủ vừa phải, thoa đều.
3.  **Mắt:** Phấn mắt màu nude hoặc hồng đào, chuốt mascara chống thấm nước.
4.  **Má:** Sử dụng phấn má hồng dạng kem để có vẻ tươi tắn tự nhiên.
5.  **Môi:** Son tint hoặc son dưỡng có màu để giữ môi ẩm và tươi tắn.

Lưu ý: Nên dùng các sản phẩm chống nước để makeup bền hơn nhé!
"
Kỹ thuật makeup 'draping' là gì và cách thực hiện?,"""Draping"" là kỹ thuật tạo khối bằng phấn má hồng, không phải bronzer, để định hình khuôn mặt một cách tự nhiên và mềm mại hơn. Thay vì đánh phấn má hồng lên gò má, bạn sẽ đánh theo hình chữ C từ thái dương xuống xương gò má, hòa trộn kỹ. 

**Cách thực hiện:**

1.  Chọn phấn má hồng có tông màu phù hợp với da.
2.  Đánh phấn theo đường chữ C, tập trung vào vùng dưới gò má.
3.  Tán đều để tạo hiệu ứng ửng hồng tự nhiên, giúp khuôn mặt thon gọn và có chiều sâu."
Làm sao để nhận diện chai xịt dưỡng da chứa chiết xuất lô hội qua hình ảnh?,"Để nhận diện chai xịt dưỡng da chứa chiết xuất lô hội qua hình ảnh, bạn hãy chú ý các điểm sau:

1. **Màu sắc:** Dung dịch thường trong suốt hoặc hơi xanh nhạt, màu sắc tự nhiên của lô hội.
2. **Thành phần:** Kiểm tra kỹ bảng thành phần, lô hội thường được ghi là ""Aloe Barbadensis Leaf Juice"" hoặc ""Aloe Vera"".
3. **Bao bì:** Một số sản phẩm sẽ nổi bật chiết xuất lô hội trên bao bì bằng hình ảnh lá lô hội hoặc dòng chữ ""Aloe Vera"".
4. **Kết cấu:** Xịt ra thường lỏng nhẹ, thấm nhanh vào da.
"
Cách chọn son môi cho buổi đi làm vào mùa đông?,"Để chọn son môi cho đi làm mùa đông, ưu tiên các màu sắc tự nhiên, nhẹ nhàng như hồng đào, cam đất, hoặc nude. Những màu này phù hợp với không khí công sở và dễ kết hợp trang phục. Chất son nên chọn ẩm mịn (son kem, son dưỡng có màu) để tránh môi bị khô nứt do thời tiết lạnh. Tránh các màu quá nổi bật hoặc bóng loáng để giữ vẻ chuyên nghiệp.
"
Tại sao nên dùng kem lót chứa chiết xuất hoa cúc cho da nhạy cảm?,"Kem lót chứa chiết xuất hoa cúc rất lý tưởng cho da nhạy cảm vì hoa cúc có đặc tính kháng viêm và làm dịu da tuyệt vời. Nó giúp giảm kích ứng, mẩn đỏ và làm dịu các vùng da bị tổn thương. Đồng thời, kem lót tạo một lớp màng bảo vệ, giúp các sản phẩm trang điểm tiếp theo không gây kích ứng trực tiếp lên da, từ đó bảo vệ và làm khỏe da nhạy cảm.
"
Làm sao để nhận diện cây cọ tán phấn mắt blending lớn qua hình ảnh?,"Để nhận diện cọ tán phấn mắt blending lớn qua hình ảnh, bạn hãy chú ý các điểm sau:

1. **Kích thước:** Cọ lớn hơn các cọ tán phấn mắt khác, thường có chiều dài khoảng 18-21cm.
2. **Hình dáng:** Đầu cọ tròn, xoe và mềm mại, lông cọ dài và rũ tự nhiên.
3. **Màu sắc:** Thường có màu trắng, đen hoặc kết hợp, lông cọ có thể là lông tự nhiên hoặc tổng hợp.
4. **Mục đích sử dụng:** Cọ blending lớn dùng để làm mờ đường viền phấn mắt, tạo chiều sâu cho đôi mắt.
"
Cách tạo makeup cho buổi đi ăn sáng ở quán cà phê ngoài trời?,"Để có một lớp trang điểm nhẹ nhàng cho buổi đi ăn sáng ở quán cà phê ngoài trời, bạn hãy thực hiện các bước sau:

1.  **Dưỡng ẩm:** Dưỡng ẩm kỹ để da căng mọng tự nhiên.
2.  **Kem chống nắng:** Bảo vệ da khỏi tác hại của ánh nắng.
3.  **BB Cream/Kem nền nhẹ:** Che phủ khuyết điểm vừa phải, chọn loại có độ ẩm tốt.
4.  **Má hồng dạng kem:** Tạo vẻ tươi tắn, tự nhiên.
5.  **Son dưỡng/Son tint:** Chọn màu nhẹ nhàng, phù hợp với màu da.

Lưu ý ưu tiên sự tự nhiên, tránh trang điểm quá đậm."
Kỹ thuật makeup 'soft glam' là gì và cách thực hiện?,"""Soft glam"" là kỹ thuật trang điểm tập trung vào vẻ đẹp tự nhiên, nâng tông da và làm nổi bật đường nét khuôn mặt một cách tinh tế.

**Cách thực hiện:**

1.  **Nền:** Sử dụng kem nền mỏng nhẹ, che khuyết điểm ở vùng cần thiết.
2.  **Mắt:** Phủ phấn mắt màu nude hoặc nâu nhạt, nhấn nhá bằng chút shimmer ở hốc mắt. Kẻ eyeliner mảnh và chuốt mascara.
3.  **Má:** Sử dụng phấn má hồng màu đào hoặc hồng san hô.
4.  **Môi:** Tô son nude hoặc màu hồng baby.

Kỹ thuật này phù hợp với mọi dịp, giúp bạn trông tươi tắn, rạng rỡ mà không quá cầu kỳ.
"
Làm thế nào để chọn kem nền phù hợp cho da nhạy cảm?,"Để chọn kem nền cho da nhạy cảm, bạn cần ưu tiên các sản phẩm:

1. **Thành phần:** Chọn kem nền ""non-comedogenic"" (không gây tắc lỗ chân lông), không chứa cồn, hương liệu, paraben và các chất gây kích ứng. Ưu tiên các thành phần làm dịu da như lô hội, trà xanh.
2. **Loại kem:** Kem nền dạng lỏng hoặc kem dưỡng (BB/CC cream) thường nhẹ nhàng hơn kem nền dạng đặc.
3. **Thử nghiệm:** Luôn thử sản phẩm trên một vùng da nhỏ trước khi sử dụng toàn mặt để kiểm tra phản ứng.
"
Tại sao nên dùng kem dưỡng chứa ceramide trước khi trang điểm?,"Chào bạn, một chuyên gia trang điểm luôn khuyên dùng kem dưỡng chứa ceramide trước khi trang điểm vì một số lý do quan trọng:

*   **Củng cố hàng rào bảo vệ da:** Ceramide giúp phục hồi và tăng cường hàng rào lipid tự nhiên của da, giúp da khỏe mạnh hơn.
*   **Duy trì độ ẩm:** Ceramide giữ ẩm, giúp da căng mọng, mịn màng, làm giảm tình trạng khô bong tróc, khiến lớp nền dễ tán và bám dính hơn.
*   **Giảm kích ứng:** Da khỏe mạnh sẽ ít bị kích ứng bởi các thành phần trong mỹ phẩm trang điểm.

Nhờ vậy, lớp trang điểm sẽ bền đẹp, tự nhiên và không làm tổn thương da."
Cách tạo lông mày ombre cho phong cách makeup công sở?,"Để tạo lông mày ombre cho makeup công sở, bạn thực hiện theo các bước sau:

1. **Chuẩn bị:** Dùng chải lông mày để chải theo chiều lông mọc.
2. **Tạo phần đầu lông mày:** Dùng bút chì kẻ lông mày màu sáng hơn màu lông mày tự nhiên, vẽ nhẹ nhàng phần đầu lông mày.
3. **Tạo phần đuôi lông mày:** Dùng phấn hoặc bút chì màu đậm hơn, tô phần đuôi lông mày.
4. **Xoá viền:** Dùng cọ xoá viền để làm mờ đường chuyển giữa hai màu, tạo hiệu ứng ombre tự nhiên.
5. **Chải lại:** Chải lại lông mày để các sợi lông hòa quyện vào nhau.

Lông mày ombre giúp khuôn mặt sắc sảo, chuyên nghiệp hơn.
"
Son tint hay son bóng phù hợp hơn cho buổi đi chơi công viên giải trí?,"Chào bạn, với một buổi đi chơi công viên giải trí năng động, son tint sẽ là lựa chọn phù hợp hơn son bóng. Son tint có độ bám màu tốt, không dễ lem trôi khi vận động, ăn uống, giúp bạn giữ đôi môi tươi tắn suốt cả ngày. Son bóng dễ bị dính, trôi khi tiếp xúc với đồ ăn, thức uống và dễ bị gió thổi bay, gây mất thẩm mỹ. Bạn có thể chọn son tint có chất dưỡng ẩm để môi không bị khô nhé!
"
Làm sao để đánh highlighter tạo hiệu ứng căng bóng tự nhiên?,"Để đánh highlighter căng bóng tự nhiên, bạn nên chọn phấn highlighter dạng kem hoặc lỏng thay vì phấn bột.

**Các bước thực hiện:**

1.  **Chuẩn bị:** Đảm bảo da đã được dưỡng ẩm kỹ lưỡng.
2.  **Đánh highlighter:** Dùng cọ hoặc ngón tay thoa highlighter lên những điểm cao của khuôn mặt như gò má, sống mũi, nhân trung, và khóe mắt.
3.  **Tán đều:** Tán nhẹ nhàng để highlighter hòa quyện với kem nền, tránh đường kẻ sắc nét.

**Lý do:** Highlighter kem/lỏng giúp tạo hiệu ứng ""da từ bên trong"" tự nhiên hơn so với highlighter bột.
"
Tại sao cần dùng phấn tạo khối (contour) trong trang điểm?,"Phấn tạo khối (contour) là bước quan trọng để tạo chiều sâu và đường nét cho khuôn mặt. Bằng cách sử dụng phấn màu tối hơn màu da, chúng ta có thể tạo ảo giác về các vùng bị lõm tự nhiên như xương gò má, hai bên sống mũi, giúp khuôn mặt trông thon gọn, sắc sảo hơn. Đồng thời, contour cũng giúp định hình lại khuôn mặt, che đi những khuyết điểm và làm nổi bật các đường nét yêu thích.
"
Làm sao để nhận diện chai xịt chống nắng qua hình ảnh?,"Để nhận diện chai xịt chống nắng qua hình ảnh, bạn hãy chú ý các điểm sau:

1. **Nhãn mác:** Tìm các từ khóa như ""Sunscreen"", ""Sun spray"", ""SPF"" (ví dụ: SPF 30, SPF 50) và PA+ (PA++, PA+++).
2. **Hình ảnh:** Thường có hình mặt trời, bãi biển hoặc người đang hoạt động ngoài trời.
3. **Dung tích:** Chai xịt thường có dung tích lớn hơn các sản phẩm trang điểm khác, từ 100ml trở lên.
4. **Vòi xịt:** Quan sát vòi xịt đặc trưng, thường có thiết kế để tạo ra sương mù mịn.
"
Cách tạo makeup mắt cho buổi đi ăn sáng tại quán cà phê?,"Để có makeup mắt nhẹ nhàng cho buổi sáng tại quán cà phê, bạn hãy làm theo các bước sau:

1. **Che khuyết điểm:** Dùng che khuyết điểm màu sáng hơn da để làm sáng vùng bọng mắt.
2. **Phấn mắt:** Chọn màu nude hoặc hồng nhạt, tán đều lên bầu mắt.
3. **Kẻ mắt:** Vẽ một đường kẻ mắt mảnh sát đường mi trên bằng bút chì hoặc gel kẻ mắt màu nâu.
4. **Mascara:** Chuốt nhẹ nhàng một lớp mascara để làm cong và dày mi.

Đây là kiểu makeup tự nhiên, giúp đôi mắt trông tươi tắn mà không quá cầu kỳ.
"
Kỹ thuật makeup 'cut crease' là gì và cách thực hiện?,"Kỹ thuật makeup ""cut crease"" tạo hiệu ứng mắt sâu hơn, sắc sảo hơn bằng cách tạo một đường hốc rõ ràng ở nếp gấp mí mắt.

**Cách thực hiện:**

1.  **Đánh phấn mắt sáng** toàn bộ bầu mắt.
2.  **Xác định nếp gấp mí:** Dùng cọ nhỏ, đánh phấn mắt tối màu (màu nâu, xám...) dọc theo nếp gấp mí, tạo đường hốc.
3.  **Tạo đường cắt:** Dùng cọ dẹt, làm mờ đường phấn, tạo hiệu ứng ""cắt"" nhẹ nhàng.
4.  **Hoàn thiện:** Đánh phấn sáng ở bọng mắt và kẻ eyeliner."
Cách chọn cọ để tán phấn mắt blending lớn?,"Để chọn cọ blending phấn mắt lớn, bạn nên ưu tiên các loại cọ đầu vát, lông mềm mại (thường là lông tự nhiên hoặc sợi tổng hợp chất lượng cao). Kích thước cọ nên vừa phải, không quá to để dễ dàng kiểm soát và tạo chiều sâu cho mắt. Cọ tốt sẽ giúp phấn mắt hòa quyện vào nhau một cách tự nhiên, tránh đường nét bị gắt. Nên thử cọ bằng cách swatch lên tay để cảm nhận độ mềm và khả năng tán màu nhé!
"
Tại sao nên dùng son dưỡng chứa dầu dừa trước son lì?,"Chào bạn,

Son dưỡng chứa dầu dừa là bước chuẩn bị tuyệt vời trước khi đánh son lì vì một số lý do:

1. **Dưỡng ẩm:** Dầu dừa giàu chất béo, giúp môi mềm mại, giảm tình trạng khô bong tróc.
2. **Tạo lớp nền:** Son dưỡng tạo một lớp nền mịn màng, giúp son lì lên màu chuẩn hơn và không bị vón cục.
3. **Giảm ma sát:** Dầu dừa giảm ma sát khi thoa son lì, tránh làm môi bị kéo căng, gây khó chịu.

Nhờ vậy, đôi môi sẽ căng mọng, son lì bám màu tốt và bền màu hơn.
"
Làm sao để nhận diện chai toner chứa chiết xuất hoa cúc qua hình ảnh?,"Để nhận diện toner chứa chiết xuất hoa cúc qua hình ảnh, bạn có thể chú ý các điểm sau:

1. **Màu sắc:** Toner hoa cúc thường có màu vàng nhạt hoặc trong suốt, đôi khi hơi đục nhẹ.
2. **Hình ảnh trên bao bì:** Các sản phẩm thường in hình hoa cúc (chamomile) rõ ràng trên thân chai hoặc hộp.
3. **Thành phần:** Kiểm tra danh sách thành phần, tìm các từ khóa như ""Chamomile Extract"", ""Bisabolol"" (một thành phần có trong hoa cúc) hoặc ""Matricaria"".
4. **Nhãn hiệu:** Một số thương hiệu nổi tiếng với toner hoa cúc như Klairs, Dear Klairs, Isntree.
"
Cách tạo makeup cho buổi đi xem triển lãm thời trang?,"Để có makeup phù hợp buổi xem triển lãm thời trang, bạn nên ưu tiên sự tinh tế, hiện đại và không quá cầu kỳ.

1.  **Nền:** Chọn nền nhẹ nhàng, che phủ vừa phải để da trông tự nhiên.
2.  **Mắt:** Tập trung vào mắt với phấn mắt tông màu trung tính (nâu, be, xám) hoặc màu sắc nổi bật theo xu hướng. Kẻ eyeliner mảnh và chuốt mascara.
3.  **Má:** Sử dụng má hồng nhẹ nhàng để tạo vẻ tươi tắn.
4.  **Môi:** Son môi màu nude, hồng đào hoặc đỏ đất sẽ là lựa chọn hoàn hảo.

Lý do: Makeup này giúp bạn nổi bật nhưng không lấn át trang phục và vẫn thể hiện được gu thẩm mỹ tinh tế.
"
Kỹ thuật makeup 'monochromatic' là gì?,"Kỹ thuật makeup ""monochromatic"" (tông xuyệt tông) là sử dụng các sản phẩm trang điểm chỉ trong cùng một tông màu hoặc các sắc thái khác nhau của một màu duy nhất. Ví dụ, bạn có thể dùng phấn má hồng, son môi và phấn mắt đều thuộc gam màu hồng đào. 

Kỹ thuật này tạo nên vẻ ngoài hài hòa, tinh tế và hiện đại. Nó giúp làm nổi bật các đường nét trên khuôn mặt một cách tự nhiên, đồng thời mang lại cảm giác thanh lịch và thời trang.
"
Làm sao nhận diện lọ serum chứa vitamin C qua hình ảnh?,"Để nhận diện serum Vitamin C qua hình ảnh, bạn hãy chú ý các điểm sau:

1. **Màu sắc:** Serum Vitamin C thường có màu vàng nhạt hoặc cam, do đặc tính của Vitamin C. Tuy nhiên, màu sắc có thể thay đổi tùy thuộc vào nồng độ và công thức.
2. **Độ trong:** Serum Vitamin C mới thường trong suốt. Khi tiếp xúc với không khí, nó có thể bị oxy hóa và chuyển sang màu sẫm hơn.
3. **Bao bì:** Hãng thường ghi rõ ""Vitamin C"" hoặc ""Ascorbic Acid"" trên bao bì.
4. **Kết cấu:** Serum thường lỏng nhẹ, dễ dàng thẩm thấu.
"
Cách chọn son môi cho buổi đi ăn tối tại nhà hàng Hàn Quốc?,"Để chọn son môi phù hợp cho buổi đi ăn tối tại nhà hàng Hàn Quốc, bạn nên ưu tiên các màu sắc tự nhiên, nhẹ nhàng. Các tông màu như hồng đào, cam san hô, hoặc màu nude có chút nâu sẽ rất phù hợp với không gian ấm cúng và trang phục thường thấy ở Hàn Quốc. Tránh các màu quá nổi bật như đỏ tươi hoặc tím đậm, vì có thể gây ấn tượng quá mạnh. Chất son nên chọn loại mềm mịn, có dưỡng ẩm để đôi môi luôn căng mọng.
"
Tại sao nên dùng tẩy trang dạng sáp cho makeup đậm?,"Chào bạn,

Tẩy trang dạng sáp là lựa chọn lý tưởng cho makeup đậm vì kết cấu đặc của nó có khả năng hòa tan hiệu quả các sản phẩm chống nước như mascara, eyeliner, và son lì. Sáp giúp ""khóa"" lớp makeup lại, từ đó làm sạch sâu mà không gây ma sát mạnh, bảo vệ da. So với dầu tẩy trang, sáp thường ít gây cảm giác nhờn rít hơn, phù hợp với những ai không thích lớp dầu trên da sau khi tẩy trang.
"
Làm sao nhận diện hộp phấn mắt dạng bột nén?,"Để nhận diện hộp phấn mắt dạng bột nén, bạn hãy chú ý các điểm sau:

1. **Kết cấu:** Khi chạm nhẹ, phấn có cảm giác mịn, mượt mà, không vón cục.
2. **Hình dáng:** Thường là phấn tròn hoặc vuông, được nén chặt trong hộp.
3. **Ánh nhìn:** Bột phấn có độ bám dính tốt, khi nhìn nghiêng sẽ thấy các hạt phấn được kết dính lại với nhau.
4. **Thành phần:** Kiểm tra thành phần, phấn mắt bột nén thường chứa talc, mica, và các chất kết dính.
"
Cách tạo makeup cho buổi đi ăn trưa tại nhà hàng Pháp?,"Để có một lớp trang điểm phù hợp cho buổi ăn trưa tại nhà hàng Pháp, hãy tập trung vào vẻ đẹp tự nhiên, thanh lịch.

1.  **Nền:** Sử dụng kem nền nhẹ nhàng, che khuyết điểm vừa đủ.
2.  **Mắt:** Phấn mắt màu nude hoặc nâu nhạt, kẻ mắt mảnh và mascara.
3.  **Má:** Hồng đào nhẹ nhàng để tạo vẻ tươi tắn.
4.  **Môi:** Son môi màu hồng san hô hoặc đỏ cam đất, tránh màu quá nổi bật.

Lý do: Phong cách trang điểm này tôn lên vẻ đẹp tinh tế, phù hợp với không gian nhà hàng Pháp lãng mạn.
"
Kỹ thuật makeup 'under-eye blush' là gì?,"Kỹ thuật ""under-eye blush"" (đánh má hồng dưới mắt) là xu hướng trang điểm tạo hiệu ứng đôi mắt to tròn, tươi trẻ và tự nhiên. Thay vì đánh má hồng lên gò má, bạn đánh một chút má hồng (thường là màu hồng đào hoặc cam san hô) ngay dưới bọng mắt, hòa trộn nhẹ nhàng. 

**Cách thực hiện:**
1.  Chọn má hồng dạng kem hoặc lỏng.
2.  Thoa nhẹ nhàng dưới bọng mắt, hướng về phía thái dương.
3.  Tán đều để không bị vón cục, tạo hiệu ứng ""ửng hồng"" tự nhiên.

Kỹ thuật này giúp ""ăn gian"" tuổi và tạo điểm nhấn cho đôi mắt.
"
Làm sao nhận diện lọ kem dưỡng chứa retinol?,"Để nhận diện kem dưỡng chứa retinol, bạn hãy chú ý các điểm sau:

1. **Thành phần:** Tìm các dẫn xuất của vitamin A như Retinol, Retinyl Palmitate, Retinaldehyde, hoặc Acid Retinoic (Tretinoin - cần kê đơn).
2. **Bao bì:** Sản phẩm thường được đóng gói trong lọ kín màu tối (cam, nâu) để bảo vệ retinol khỏi ánh sáng và oxy hóa.
3. **Mô tả:** Sản phẩm có thể ghi rõ ""chống lão hóa"", ""giảm nếp nhăn"", hoặc ""tái tạo da"".
4. **Cảm nhận:** Một số retinol có mùi đặc trưng nhẹ.
"
Cách tạo makeup cho buổi đi công viên nước?,"Chào bạn, để có lớp makeup bền đẹp khi đi công viên nước, bạn cần ưu tiên sự tối giản và chống trôi.

1.  **Chuẩn bị da:** Dưỡng ẩm kỹ, dùng kem chống nắng phổ rộng chỉ số SPF 30+.
2.  **Makeup nhẹ nhàng:** Dùng BB cream hoặc cushion thay phấn nền, che khuyết điểm ở vùng cần thiết.
3.  **Chống thấm nước:** Chọn mascara, eyeliner, son lì chống nước.
4.  **Cố định lớp makeup:** Xịt xịt khóa makeup để giữ lớp trang điểm lâu trôi.

Lưu ý: Hạn chế dùng phấn mắt, má hồng dạng bột vì dễ bị lem."
Kỹ thuật makeup 'negative space cut crease' là gì?,"Kỹ thuật ""negative space cut crease"" là xu hướng trang điểm mắt độc đáo, tạo hiệu ứng thị giác ấn tượng. Thay vì đánh phấn mắt đậm toàn bộ hốc mắt, kỹ thuật này tập trung tạo đường cut crease (đường hốc mắt) sắc nét, sau đó để khoảng trống (negative space) ở phần bầu mắt. 

**Cách thực hiện:**
1. Tạo đường cut crease bằng phấn hoặc kem tạo khối.
2. Đánh phấn mắt đậm ở phần trên và dưới đường cut crease.
3. Giữ phần bầu mắt trống, không đánh phấn.

Kỹ thuật này giúp đôi mắt trông sâu hơn, sắc sảo và thu hút.
"
Làm sao nhận diện chai xịt khoáng chứa lô hội?,"Để nhận diện chai xịt khoáng chứa lô hội, bạn hãy kiểm tra kỹ thành phần trên bao bì. Lô hội thường được ghi là ""Aloe Barbadensis Leaf Juice"" hoặc đơn giản là ""Aloe Vera"". Ngoài ra, sản phẩm có thể có màu xanh nhạt tự nhiên do lô hội. Một số sản phẩm còn ghi rõ công dụng làm dịu, cấp ẩm nhờ lô hội. Hãy ưu tiên chọn sản phẩm có lô hội đứng đầu danh sách thành phần để đảm bảo nồng độ cao.
"
Cách chọn son cho buổi tiệc cưới tối?,"Để chọn son cho tiệc cưới tối, bạn nên ưu tiên các màu son có sắc độ trung bình đến đậm như đỏ ruby, hồng đất, hoặc cam đất. Những màu này sẽ giúp bạn nổi bật trong ánh đèn và tạo vẻ ngoài sang trọng, quyến rũ.

**Bước 1:** Xác định tông da của bạn (nóng, lạnh, trung tính).
**Bước 2:** Chọn màu son phù hợp với tông da và màu trang phục.
**Bước 3:** Ưu tiên chất son lì hoặc bán lì để giữ màu lâu và tránh tình trạng son bị lem.
"
Tại sao dùng kem lót chứa chiết xuất cam?,"Kem lót chứa chiết xuất cam mang lại nhiều lợi ích cho làn da và lớp trang điểm. Chiết xuất cam giàu Vitamin C, một chất chống oxy hóa mạnh mẽ, giúp làm sáng da, đều màu da và bảo vệ da khỏi tác hại của gốc tự do. Đồng thời, Vitamin C còn kích thích sản xuất collagen, giúp da săn chắc hơn.

Về mặt trang điểm, kem lót cam giúp làm mịn bề mặt da, che mờ lỗ chân lông, tạo hiệu ứng glow tự nhiên và giúp lớp nền bám tốt hơn, lâu trôi hơn.
"
Làm sao nhận diện cọ tán phấn phủ kabuki?,"Để nhận diện cọ tán phấn phủ Kabuki, bạn hãy chú ý những điểm sau:

1. **Hình dáng:** Cọ có hình dáng tròn, đầu cọ dày và mềm mại như chổi.
2. **Lông cọ:** Thường làm từ lông tự nhiên (như lông dê, lông ngựa) hoặc sợi tổng hợp chất lượng cao, rất mềm và dày.
3. **Kích thước:** Lớn hơn các loại cọ phấn phủ thông thường, giúp tán phấn nhanh chóng trên diện rộng.
4. **Mục đích sử dụng:** Dùng để tán phấn phủ dạng bột, giúp lớp nền mịn màng, tự nhiên, không gây cakey.
"
Cách tạo makeup cho buổi đi ăn sáng nhà hàng Thái?,"Để có makeup phù hợp cho buổi ăn sáng tại nhà hàng Thái, bạn nên ưu tiên vẻ tươi tắn, tự nhiên.

1.  **Chuẩn bị da:** Dưỡng ẩm nhẹ nhàng.
2.  **Nền:** Sử dụng kem nền mỏng, nhẹ hoặc BB cream để che phủ khuyết điểm vừa đủ.
3.  **Mắt:** Phấn mắt màu cam đào hoặc nâu nhạt, tán đều. Kẻ mắt mảnh, dùng mascara nhẹ nhàng.
4.  **Má:** Phấn má hồng màu cam san hô để tạo vẻ khỏe khoắn.
5.  **Môi:** Son dưỡng hoặc son tint màu hồng đào/cam san hô.

Lý do: Phong cách Thái Lan đề cao sự tươi trẻ, nên makeup nhẹ nhàng sẽ phù hợp nhất.
"
Kỹ thuật makeup 'starburst liner' là gì?,"Starburst liner là kỹ thuật trang điểm mắt độc đáo, tạo hiệu ứng ""bừng sáng"" từ đuôi mắt. Đầu tiên, bạn kẻ eyeliner đen thông thường dọc theo đường mi trên. Sau đó, dùng eyeliner trắng hoặc nhũ, kẻ một đường ngắn từ đuôi mắt hướng lên trên và ra ngoài, tạo thành hình tia sao. Kỹ thuật này giúp đôi mắt trông to tròn, long lanh và thu hút hơn, đặc biệt phù hợp với các buổi tiệc.
"
Làm sao nhận diện lọ kem dưỡng chứa peptide?,"Để nhận diện kem dưỡng chứa peptide, bạn hãy xem kỹ thành phần (ingredients) trên bao bì. Các peptide thường được liệt kê dưới các tên như ""Palmitoyl Pentapeptide-4"", ""Copper Tripeptide-1"", ""Matrixyl 3000"" hoặc đơn giản là ""Peptide"". 

Ngoài ra, sản phẩm có chứa peptide thường tập trung vào các công dụng như chống lão hóa, làm săn chắc da, giảm nếp nhăn. Tuy nhiên, hãy nhớ rằng peptide hoạt động tốt nhất khi kết hợp với các thành phần khác như vitamin C, hyaluronic acid.
"
Cách tạo makeup cho buổi đi ăn tối nhà hàng Trung Quốc?,"Để có một lớp trang điểm phù hợp cho buổi tối tại nhà hàng Trung Quốc, bạn nên tập trung vào sự tinh tế và tự nhiên.

1.  **Nền:** Sử dụng kem nền mỏng nhẹ, che khuyết điểm vừa đủ.
2.  **Mắt:** Phấn mắt màu nâu đồng hoặc cam đất sẽ rất hợp, kết hợp chút nhũ mắt nhẹ nhàng. Kẻ eyeliner mảnh và mascara.
3.  **Má:** Phấn má hồng màu đào hoặc hồng san hô tạo vẻ tươi tắn.
4.  **Môi:** Son màu đỏ cam hoặc hồng đất là lựa chọn hoàn hảo.

Lưu ý: Tránh trang điểm quá đậm, ưu tiên sự thanh lịch và thoải mái.
"
Kỹ thuật makeup 'draped blush' là gì?,"Kỹ thuật ""draped blush"" là đánh phấn má hồng vượt qua đường gò má thông thường, kéo dài lên đến thái dương và thậm chí gần mắt. Thay vì tập trung vào điểm cao nhất của gò má, bạn tạo một đường cong mềm mại, nâng khuôn mặt và tạo chiều sâu. Kỹ thuật này phù hợp với nhiều hình dáng khuôn mặt, đặc biệt là những ai muốn tạo hiệu ứng ""lift"" tự nhiên và đôi mắt trông to hơn. Hãy chọn màu phấn má hồng phù hợp với tông da để có kết quả tốt nhất!
"
Làm sao nhận diện chai xịt dưỡng chứa trà xanh?,"Để nhận diện chai xịt dưỡng chứa trà xanh, bạn có thể dựa vào những yếu tố sau:

1. **Thành phần:** Kiểm tra kỹ bảng thành phần, tìm các từ khóa như ""Camellia Sinensis Leaf Extract"" (chiết xuất lá trà xanh), ""Green Tea Extract"" (chiết xuất trà xanh).
2. **Màu sắc:** Dung dịch thường có màu xanh nhạt hoặc trong suốt.
3. **Mùi hương:** Thường có mùi thơm nhẹ nhàng, thanh mát đặc trưng của trà xanh.
4. **Nhãn mác:** Các sản phẩm thường ghi rõ ""trà xanh"" hoặc ""green tea"" trên bao bì.
"
Cách chọn son cho buổi đi xem hòa nhạc cổ điển?,"Để chọn son cho buổi hòa nhạc cổ điển, bạn nên ưu tiên vẻ đẹp thanh lịch, tinh tế.

1. **Màu sắc:** Chọn các tông màu nude, hồng đào, hoặc đỏ cam trầm. Tránh các màu quá nổi bật như đỏ tươi, hồng neon.
2. **Chất son:** Son lì hoặc son satin là lựa chọn tốt, giúp son lâu trôi và không gây chói lóa.
3. **Lý do:** Hòa nhạc cổ điển là môi trường trang trọng, màu son nhẹ nhàng sẽ giúp bạn trông tự nhiên, tôn trọng không gian và nghệ thuật.
"
Tại sao dùng kem lót chứa chiết xuất hoa hồng?,"Kem lót chứa chiết xuất hoa hồng mang lại nhiều lợi ích cho làn da. Đầu tiên, hoa hồng nổi tiếng với khả năng cấp ẩm, giúp da mềm mại và mịn màng hơn. Tiếp theo, chiết xuất này có tính làm dịu da, giảm kích ứng và mẩn đỏ, đặc biệt phù hợp với da nhạy cảm. Cuối cùng, một số loại kem lót còn chứa các thành phần chống oxy hóa từ hoa hồng, bảo vệ da khỏi tác hại của môi trường.
"
Làm sao nhận diện cọ tán kem che khuyết điểm?,"Để nhận diện cọ tán kem che khuyết điểm, bạn chú ý các đặc điểm sau:

1. **Hình dáng:** Đầu cọ thường nhỏ, dẹt hoặc hình giọt nước.
2. **Lông cọ:** Lông cọ dày, mềm mại, thường là sợi tổng hợp để dễ làm sạch và không hút quá nhiều sản phẩm.
3. **Mục đích:** Cọ này dùng để thoa và tán đều kem che khuyết điểm lên các vùng da cần che phủ như quầng thâm mắt, mụn, vết thâm,... giúp lớp nền mịn màng, tự nhiên.
"
Cách tạo makeup cho buổi đi ăn sáng nhà hàng Việt?,"Để có một lớp trang điểm nhẹ nhàng, phù hợp cho buổi ăn sáng tại nhà hàng Việt, bạn hãy thực hiện các bước sau:

1. **Chuẩn bị da:** Dưỡng ẩm nhẹ nhàng.
2. **Nền:** Sử dụng kem nền mỏng, hoặc BB cream để che phủ khuyết điểm vừa phải, tạo lớp nền tự nhiên.
3. **Mắt:** Phấn mắt màu nude hoặc cam đào nhẹ nhàng, chuốt mascara.
4. **Má:** Phấn má hồng màu đào hoặc hồng san hô để khuôn mặt tươi tắn.
5. **Môi:** Son dưỡng hoặc son tint màu hồng nhẹ, cam đất.

Lưu ý: Ưu tiên sự tự nhiên, tránh trang điểm quá đậm.
"
Kỹ thuật makeup 'floating crease' là gì?,"Kỹ thuật ""floating crease"" (tạo nếp gấp mắt nổi) là xu hướng trang điểm mắt độc đáo, tạo chiều sâu và đôi mắt to hơn. Thay vì đánh phấn mắt tập trung vào hốc mắt tự nhiên, bạn đánh một đường màu đậm hơn đường hốc mắt thật, hơi ""lơ lửng"" phía trên. 

**Cách thực hiện:**
1. Đánh phấn mắt sáng toàn bộ bầu mắt.
2. Dùng cọ nhỏ đánh phấn mắt tối màu hơn, tạo đường crease song song với nếp gấp mắt tự nhiên, nhưng cao hơn khoảng 5-7mm.
3. Nhấn nhá và hòa trộn kỹ để đường crease trông tự nhiên, không bị đứt đoạn.
"
Làm sao nhận diện lọ kem dưỡng chứa axit hyaluronic?,"Để nhận diện kem dưỡng chứa axit hyaluronic, bạn hãy xem kỹ thành phần (ingredients) trên bao bì. Axit hyaluronic có thể được ghi dưới nhiều tên như: Hyaluronic Acid, Sodium Hyaluronate, Hydrolyzed Hyaluronic Acid. 

Ngoài ra, sản phẩm thường có các từ khóa như ""hydrating"", ""plumping"", ""anti-aging"" (chống lão hóa) vì axit hyaluronic nổi tiếng với khả năng cấp ẩm, làm đầy nếp nhăn. Kết cấu kem thường nhẹ, dễ thẩm thấu, không gây nhờn dính.
"
Cách tạo makeup cho buổi đi công viên mùa thu?,"Chào bạn, để có một lớp makeup nhẹ nhàng, tươi tắn cho buổi đi công viên mùa thu, bạn có thể làm theo các bước sau:

1.  **Dưỡng ẩm:** Mùa thu dễ khô da, nên cấp ẩm kỹ trước khi makeup.
2.  **Kem nền/BB cream:** Chọn loại mỏng nhẹ, che phủ vừa phải để da tự nhiên.
3.  **Má hồng:** Tone cam đào hoặc hồng san hô sẽ tạo vẻ ấm áp, phù hợp với mùa thu.
4.  **Mắt:** Phấn mắt màu nâu đất hoặc cam gạch, kết hợp chút nhũ nhẹ.
5.  **Son:** Son dưỡng có màu hoặc son tint màu hồng/cam san hô.

Lưu ý ưu tiên sự tự nhiên, tránh makeup quá đậm."
Kỹ thuật makeup 'glossy cut crease' là gì?,"""Glossy cut crease"" là kỹ thuật tạo khối mắt nổi bật với đường cắt mí rõ nét và lớp bóng sáng trên bầu mắt.

**Các bước thực hiện:**

1.  **Tạo khối:** Dùng phấn tối màu tạo đường crease (nếp gấp mí) sâu hơn.
2.  **Highlight:** Thêm phấn nhũ hoặc bóng mắt sáng vào vùng giữa bầu mắt.
3.  **Đánh bóng:** Sử dụng son bóng hoặc gel trong suốt lên trên phần highlight để tạo hiệu ứng ""ướt át"", căng mọng.

Kỹ thuật này giúp đôi mắt trông to tròn, thu hút và tạo điểm nhấn ấn tượng.
"
Làm sao nhận diện chai xịt chống nắng chứa kẽm oxit?,"Để nhận diện chai xịt chống nắng chứa kẽm oxit (Zinc Oxide), bạn có thể dựa vào những điểm sau:

1. **Kiểm tra thành phần:** Tìm từ ""Zinc Oxide"" hoặc ""Kẽm Oxit"" trong danh sách thành phần.
2. **Màu sắc:** Kẽm oxit thường khiến sản phẩm có màu trắng đục, không trong suốt hoàn toàn.
3. **Kết cấu:** Một số sản phẩm chứa kẽm oxit có thể hơi đặc và cần lắc kỹ trước khi dùng để đảm bảo phân tán đều.
4. **Chỉ số SPF:** Kẽm oxit là thành phần phổ rộng, bảo vệ da khỏi cả tia UVA và UVB.
"
Cách chọn son cho buổi đi xem ballet?,"Để chọn son cho buổi đi xem ballet, bạn nên ưu tiên vẻ đẹp thanh lịch, tinh tế. Son màu hồng đào, hồng san hô hoặc nude hồng là những lựa chọn tuyệt vời, giúp khuôn mặt tươi tắn mà không quá nổi bật. Chất son nên là son lì hoặc son satin, tránh son bóng quá mức vì có thể gây xao nhãng trong không gian nghệ thuật. Quan trọng nhất, hãy chọn màu son phù hợp với tông da của bạn để có vẻ ngoài hài hòa nhất.
"
Tại sao dùng kem lót chứa chiết xuất lô hội?,"Kem lót chứa chiết xuất lô hội rất tốt cho da vì lô hội có đặc tính làm dịu và cấp ẩm tuyệt vời. Nó giúp làm giảm kích ứng, mẩn đỏ và viêm da, đặc biệt phù hợp với da nhạy cảm hoặc dễ bị kích ứng. Lô hội còn tạo một lớp màng bảo vệ nhẹ nhàng, giúp lớp nền trang điểm bám dính tốt hơn mà không gây bí bách, đồng thời dưỡng ẩm cho da suốt cả ngày.
"
Làm sao nhận diện cọ tán phấn highlighter quạt?,"Để nhận diện cọ tán phấn highlighter quạt, bạn hãy chú ý đến hình dáng đầu cọ. Cọ này có hình dáng giống như một chiếc quạt xòe, lông cọ mềm mại, thường được làm từ sợi tổng hợp hoặc lông tự nhiên. Kích thước cọ vừa phải, không quá to cũng không quá nhỏ. Cọ quạt giúp lấy một lượng phấn vừa đủ và tán đều, tạo hiệu ứng glow tự nhiên, không bị vón cục.
"
Cách tạo makeup cho buổi đi ăn tối nhà hàng Ý?,"Để có một lớp trang điểm phù hợp cho buổi tối lãng mạn tại nhà hàng Ý, bạn nên tập trung vào sự tinh tế và tự nhiên.

1.  **Nền:** Sử dụng kem nền mỏng nhẹ, che khuyết điểm vừa đủ.
2.  **Mắt:** Phấn mắt màu nâu đồng hoặc cam đất, tán nhẹ nhàng. Kẻ mắt mảnh, thêm chút mascara.
3.  **Má:** Hồng đào nhẹ nhàng để tạo vẻ tươi tắn.
4.  **Môi:** Son màu đỏ gạch hoặc hồng san hô, đánh lòng môi để tự nhiên hơn.

Lưu ý: Giữ cho lớp trang điểm không quá dày, để tôn lên vẻ đẹp tự nhiên của bạn.
"
Kỹ thuật makeup 'double cut crease' là gì?,"Kỹ thuật ""double cut crease"" (tạo nếp gấp mí mắt đôi) là kỹ thuật trang điểm mắt nâng cao, tạo hiệu ứng mí mắt sâu và to hơn.

**Các bước thực hiện:**

1.  **Tạo nếp gấp mí mắt thứ nhất:** Dùng phấn tối màu tạo đường gấp mí mắt tự nhiên.
2.  **Tạo nếp gấp mí mắt thứ hai:** Nâng cao hơn và tạo đường gấp mí mắt thứ hai, song song với đường thứ nhất.
3.  **Tạo khối:** Đánh tối phần hốc mắt để làm nổi bật nếp gấp.
4.  **Hoàn thiện:** Đánh highlight và chuốt mascara.

Kỹ thuật này phù hợp với mắt một mí hoặc mí lót, giúp mắt trông có chiều sâu và cuốn hút hơn.
"
Làm sao nhận diện lọ kem dưỡng chứa vitamin E?,"Để nhận diện kem dưỡng chứa Vitamin E, bạn có thể dựa vào những yếu tố sau:

1. **Thành phần:** Kiểm tra bảng thành phần, tìm các tên như Tocopherol, Tocopheryl Acetate, hoặc D-alpha Tocopherol. Đây đều là các dạng của Vitamin E.
2. **Màu sắc:** Kem Vitamin E thường có màu vàng nhạt hoặc hơi cam do đặc tính của Vitamin E.
3. **Kết cấu:** Thường đặc hơn các loại kem khác, có độ dưỡng ẩm cao.
4. **Công dụng:** Sản phẩm thường ghi rõ tác dụng chống oxy hóa, dưỡng ẩm, làm dịu da.
"
Cách tạo makeup cho buổi đi ăn sáng nhà hàng Trung Quốc?,"Để có một lớp trang điểm nhẹ nhàng, phù hợp cho buổi ăn sáng tại nhà hàng Trung Quốc, bạn hãy thực hiện các bước sau:

1. **Kem nền/BB cream:** Chọn loại có độ che phủ nhẹ để làn da trông tự nhiên.
2. **Phấn má hồng:** Sử dụng màu hồng đào hoặc cam san hô để tạo vẻ tươi tắn.
3. **Mascara:** Chuốt nhẹ nhàng để mở rộng đôi mắt.
4. **Son môi:** Chọn màu son nude, hồng baby hoặc cam đất.

Tránh trang điểm quá đậm để giữ vẻ thanh lịch, tinh tế và phù hợp với không gian buổi sáng.
"
Kỹ thuật makeup 'winged blush' là gì?,"Kỹ thuật ""winged blush"" (má hồng cánh chim) là xu hướng trang điểm má hồng mới, tạo hiệu ứng đôi má ửng hồng kéo dài về phía thái dương, tương tự hình cánh chim. 

**Cách thực hiện:**
1. Thoa má hồng từ gò má, hướng lên về phía thái dương.
2. Tập trung màu đậm nhất ở vùng gò má, sau đó mờ dần khi lên cao.
3. Đảm bảo đường viền má hồng hòa quyện tự nhiên với đường chân tóc.

Kỹ thuật này giúp khuôn mặt trông thon gọn, trẻ trung và có chiều sâu hơn.
"
Làm sao nhận diện chai xịt dưỡng chứa chiết xuất hoa cúc?,"Để nhận diện chai xịt dưỡng chứa chiết xuất hoa cúc, bạn có thể dựa vào những điểm sau:

1. **Thành phần:** Kiểm tra kỹ bảng thành phần, tìm các từ khóa như ""Chamomile"", ""Bisabolol"" (một hợp chất từ hoa cúc), hoặc tên khoa học của hoa cúc (Matricaria chamomilla).
2. **Màu sắc:** Dung dịch thường có màu vàng nhạt hoặc trong suốt.
3. **Mùi hương:** Sản phẩm có mùi thơm dịu nhẹ, đặc trưng của hoa cúc.
4. **Công dụng:** Nhãn sản phẩm thường ghi rõ các công dụng như làm dịu da, giảm kích ứng, phù hợp với da nhạy cảm.
"
Cách chọn son cho buổi đi xem triển lãm tranh?,"Để chọn son cho buổi đi xem triển lãm tranh, bạn nên ưu tiên sự tự nhiên, tinh tế. 

**Bước 1:** Chọn màu son nude, hồng đào, hoặc cam đất - những màu sắc không quá nổi bật, phù hợp với không gian nghệ thuật.
**Bước 2:** Chất son nên là matte hoặc satin để tránh gây bóng dầu, làm xao nhãng khi quan sát tranh.
**Bước 3:** Đảm bảo son dưỡng ẩm để môi không bị khô, nứt nẻ trong suốt buổi tham quan. 

Mục đích là để bạn trông thanh lịch, tôn trọng không gian và không làm phân tâm người khác.
"
Tại sao dùng kem lót chứa chiết xuất hạt chùm ngây?,"Kem lót chứa chiết xuất hạt chùm ngây mang lại nhiều lợi ích cho làn da. Hạt chùm ngây giàu vitamin C và E, giúp chống oxy hóa, bảo vệ da khỏi tác hại của gốc tự do và làm sáng da. Ngoài ra, nó còn có khả năng cấp ẩm, làm dịu da kích ứng và hỗ trợ làm mờ nếp nhăn, tạo lớp nền mịn màng, giúp lớp makeup bám tốt hơn và bền màu hơn.
"
Làm sao nhận diện cọ tán kem nền lớn?,"Để nhận diện cọ tán kem nền lớn, bạn hãy chú ý những điểm sau:

1. **Kích thước:** Cọ có kích thước lớn hơn các loại cọ khác, thường có chiều dài từ 18-20cm và độ rộng đầu cọ khoảng 4-5cm.
2. **Hình dáng:** Đầu cọ thường dẹt hoặc hơi vát, lông cọ mềm mại và dày dặn.
3. **Mục đích sử dụng:** Cọ lớn phù hợp để tán kem nền trên các vùng da rộng như má, trán, cằm, giúp lớp nền nhanh chóng và đều màu.
"
Cách tạo makeup cho buổi đi ăn tối nhà hàng Thái?,"Để có makeup phù hợp cho buổi tối tại nhà hàng Thái, bạn nên tập trung vào sự tươi tắn, rạng rỡ nhưng vẫn tinh tế.

1.  **Nền:** Sử dụng kem nền nhẹ nhàng, che khuyết điểm vừa đủ.
2.  **Mắt:** Phấn mắt màu đồng hoặc cam đất sẽ rất hợp với không khí ấm áp của ẩm thực Thái. Kẻ mắt mảnh và chuốt mascara.
3.  **Má:** Hồng đào hoặc cam san hô tạo vẻ tươi trẻ.
4.  **Môi:** Son màu cam san hô hoặc hồng đất là lựa chọn hoàn hảo.

Lưu ý: Giữ cho lớp makeup mỏng nhẹ, tránh quá cầu kỳ để tôn lên vẻ đẹp tự nhiên.
"
Kỹ thuật makeup 'color block liner' là gì?,"Kỹ thuật ""color block liner"" là xu hướng trang điểm mắt độc đáo, sử dụng nhiều màu mắt nước (liner) khác nhau để tạo thành các khối màu sắc nổi bật trên đường viền mắt. 

**Cách thực hiện:**

1.  Chọn 2-3 màu liner tương phản hoặc hài hòa.
2.  Vẽ từng đường liner màu khác nhau dọc theo đường viền mắt trên/dưới, tạo thành các khối màu riêng biệt.
3.  Có thể kết hợp các hình khối khác nhau (tam giác, hình chữ L...) để tăng tính sáng tạo.

Kỹ thuật này giúp đôi mắt trông ấn tượng, nghệ thuật và thể hiện cá tính.
"
Làm sao nhận diện lọ kem dưỡng chứa axit salicylic?,"Để nhận diện kem dưỡng chứa axit salicylic, bạn hãy xem kỹ thành phần (ingredients) trên bao bì. Axit salicylic có thể được ghi là ""Salicylic Acid"", ""Acidum Salicylicum"" hoặc tên hóa học ""2-Hydroxybenzoic acid"". 

Ngoài ra, sản phẩm thường có các từ khóa như ""trị mụn"", ""thông thoáng lỗ chân lông"", ""dành cho da dầu/mụn"". Nồng độ axit salicylic thường dao động từ 0.5% đến 2%. Lưu ý, nếu da nhạy cảm, nên chọn sản phẩm có nồng độ thấp.
"
Cách tạo makeup cho buổi đi công viên mùa đông?,"Chào bạn, để có một lớp makeup phù hợp đi công viên mùa đông, bạn nên ưu tiên sự tự nhiên, tươi tắn nhưng vẫn đảm bảo giữ ẩm cho da nhé.

1.  **Dưỡng ẩm:** Bước quan trọng nhất, dùng kem dưỡng ẩm phù hợp với da.
2.  **Nền:** Chọn BB cream hoặc cushion mỏng nhẹ, che khuyết điểm vừa đủ.
3.  **Màu:** Phấn má hồng tone đào hoặc cam đất, son dưỡng ẩm có màu nhẹ nhàng.
4.  **Mắt:** Phấn mắt tone nâu ấm, chuốt mascara để đôi mắt trông to hơn.
5.  **Chốt:** Xịt khóa makeup để giữ lớp trang điểm bền lâu hơn."
Kỹ thuật makeup 'glitter liner' là gì?,"Kỹ thuật ""glitter liner"" là tạo đường kẻ mắt bằng phấn nhũ hoặc keo dán nhũ. Đầu tiên, bạn kẻ mắt bằng eyeliner thông thường (đen hoặc màu tối) để làm nền. Sau đó, dùng cọ nhỏ hoặc tăm bông lấy nhũ và nhẹ nhàng ấn lên đường kẻ mắt vừa tạo. Kỹ thuật này giúp đôi mắt thêm lấp lánh, thu hút, đặc biệt phù hợp với các buổi tiệc hoặc sự kiện. Lưu ý chọn nhũ chất lượng để tránh gây kích ứng mắt.
"
Làm sao nhận diện chai xịt chống nắng chứa titanium dioxide?,"Để nhận diện chai xịt chống nắng chứa Titanium Dioxide, bạn có thể dựa vào một số dấu hiệu sau:

1. **Kiểm tra thành phần:** Tìm dòng chữ ""Titanium Dioxide"" (hoặc TiO2) trong danh sách thành phần.
2. **Màu sắc:** Sản phẩm thường có màu trắng đục, không trong suốt như các loại chống nắng hóa học.
3. **Kết cấu:** Khi xịt lên da, có thể để lại một lớp màng trắng nhẹ, cần tán đều.
4. **Nhãn mác:** Một số sản phẩm sẽ ghi rõ ""Physical Sunscreen"" (chống nắng vật lý) vì Titanium Dioxide là hoạt chất vật lý.
"
Cách chọn son cho buổi đi ăn sáng nhà hàng Nhật?,"Để chọn son cho buổi ăn sáng tại nhà hàng Nhật, ưu tiên sự nhẹ nhàng, tự nhiên. Các màu hồng đào, cam san hô hoặc màu nude có chút ấm áp sẽ rất phù hợp. Tránh các màu quá nổi bật như đỏ tươi hoặc tím đậm vì có thể không hợp với không khí tinh tế của nhà hàng Nhật. Chất son nên là son dưỡng, son tint hoặc son kem lì nhẹ để đôi môi trông căng mọng, tự nhiên mà không quá bóng bẩy.
"
Tại sao dùng kem lót chứa chiết xuất trà xanh?,"Kem lót chứa chiết xuất trà xanh là lựa chọn tuyệt vời vì nhiều lý do. Trà xanh giàu chất chống oxy hóa, giúp bảo vệ da khỏi tác hại của gốc tự do từ môi trường, ngăn ngừa lão hóa sớm. Đồng thời, trà xanh có tính kháng viêm, làm dịu da, giảm kích ứng, đặc biệt phù hợp với da nhạy cảm hoặc dễ nổi mụn. Kem lót này giúp làm mịn da, tạo lớp nền hoàn hảo cho trang điểm, giúp lớp makeup bám lâu hơn.
"
Làm sao nhận diện cọ tán phấn mắt nhấn màu?,"Để nhận diện cọ tán phấn mắt nhấn màu, bạn chú ý những điểm sau:

1. **Hình dáng:** Cọ thường nhỏ, đầu cọ tròn hoặc hơi dẹt, lông cọ dày dặn và mềm mại.
2. **Kích thước:** Nhỏ gọn hơn cọ tán phấn mắt thông thường, giúp tập trung màu vào vùng nhấn.
3. **Lông cọ:** Lông cọ tự nhiên hoặc tổng hợp chất lượng tốt, giúp lấy và tán màu đều, không bị vón cục.
4. **Mục đích:** Dùng để đánh màu đậm hơn vào hốc mắt hoặc đuôi mắt, tạo chiều sâu cho đôi mắt.
"
Cách tạo makeup cho buổi đi ăn tối nhà hàng Pháp?,"Để có một lớp trang điểm phù hợp cho buổi tối lãng mạn tại nhà hàng Pháp, hãy tập trung vào sự tinh tế và thanh lịch.

1.  **Nền:** Sử dụng kem nền mỏng nhẹ, che khuyết điểm vừa đủ.
2.  **Mắt:** Phấn mắt tông màu nude hoặc nâu trầm, đánh nhũ mắt nhẹ ở bầu mắt. Kẻ eyeliner mảnh, chuốt mascara.
3.  **Má:** Phấn má hồng màu đào hoặc hồng san hô, đánh nhẹ nhàng.
4.  **Môi:** Son môi màu đỏ rượu hoặc hồng đất, đánh lòng môi để tạo hiệu ứng tự nhiên.

Lưu ý: Giữ cho lớp trang điểm cân bằng, không quá dày để tôn lên vẻ đẹp tự nhiên của bạn.
"
Kỹ thuật makeup 'ombre cut crease' là gì?,"Kỹ thuật ""ombre cut crease"" là một kiểu trang điểm mắt tạo chiều sâu và đôi mắt to hơn bằng cách sử dụng hai hoặc nhiều tông màu phấn mắt. 

**Các bước thực hiện:**

1.  **Tạo đường crease:** Dùng phấn tối màu (màu nâu, xám...) tạo đường hốc mắt (crease) sâu hơn, tập trung ở đuôi mắt.
2.  **Phủ màu sáng:** Phủ màu sáng hơn (nhũ, highlight) lên vùng giữa bầu mắt và hốc mắt để tạo hiệu ứng chuyển màu ombre.
3.  **Tán đều:** Tán kỹ để hai màu hòa quyện, không bị vạch rõ.

Kỹ thuật này phù hợp với nhiều hình dáng mắt và giúp đôi mắt trông sắc sảo, cuốn hút hơn.
"
Làm thế nào để chọn kem nền phù hợp cho da dầu?,"Để chọn kem nền cho da dầu, bạn cần tìm sản phẩm có các đặc điểm sau:

1. **Chất kem:** Ưu tiên kem nền dạng lỏng, gel hoặc mousse, tránh kem quá đặc vì dễ gây bí da.
2. **Thành phần:** Chọn loại có chứa các thành phần kiểm soát dầu như salicylic acid, zinc oxide hoặc silica.
3. **Kết cấu:** Tìm kem nền có kết cấu matte (lì) hoặc oil-free (không dầu) để giúp kiểm soát độ bóng.
4. **Thử nghiệm:** Luôn thử kem nền lên vùng da nhỏ trước khi mua để đảm bảo màu sắc và độ phù hợp.
"
Tại sao nên dùng kem dưỡng mắt trước khi trang điểm?,"Chào bạn, một chuyên gia trang điểm luôn khuyên dùng kem dưỡng mắt trước khi trang điểm vì vùng da quanh mắt rất mỏng và nhạy cảm, dễ bị khô và xuất hiện nếp nhăn. Kem dưỡng mắt giúp cấp ẩm, làm mềm da, giúp lớp kem nền và phấn mắt lên mịn màng hơn, tránh bị mốc hay vón cục. Ngoài ra, dưỡng mắt còn bảo vệ da khỏi tác động của mỹ phẩm, giữ cho vùng da này luôn khỏe mạnh.
"
Cách kẻ eyeliner cho mắt một mí?,"Chào bạn! Kẻ eyeliner cho mắt một mí cần một chút kỹ thuật để tạo hiệu ứng mắt to và rõ hơn.

**Bước 1:** Vẽ một đường mỏng sát chân mi trên, tập trung vào phần đuôi mắt và kéo dài ra ngoài khoảng 1/3 chiều dài mắt.
**Bước 2:** Dần dần tăng độ dày đường kẻ về phía giữa mắt.
**Bước 3:** Đánh nhẹ phần đường kẻ để làm mềm mại, tránh đường kẻ quá sắc.

**Lý do:** Kẻ tập trung vào đuôi mắt giúp mở rộng và tạo chiều sâu cho mắt một mí.
"
Son dưỡng hay son tint phù hợp hơn cho buổi đi học?,"Chào bạn, với buổi đi học, son dưỡng sẽ là lựa chọn phù hợp hơn son tint. Son dưỡng giúp môi mềm mại, tránh khô nứt, đặc biệt khi các bạn phải ngồi điều hòa thường xuyên. Màu sắc của son dưỡng thường nhẹ nhàng, tự nhiên, phù hợp với không khí học đường. Son tint tuy có màu sắc bền đẹp nhưng có thể làm khô môi và cần tẩy trang kỹ, điều này có thể không tiện lợi trong quá trình học.
"
Làm sao để tạo khối (contour) tự nhiên cho mặt tròn?,"Để tạo khối (contour) tự nhiên cho mặt tròn, bạn cần tạo ảo giác về đường nét góc cạnh hơn.

1. **Xác định vị trí:** Hóp má, đánh khối dọc theo đường hóp đó, kéo dài từ tai về giữa má, dừng lại trước khóe miệng.
2. **Đường chân tóc & hàm:** Đánh khối mờ dọc chân tóc và dưới đường hàm để tạo chiều sâu.
3. **Tán đều:** Dùng cọ tán kỹ để không còn đường nét rõ ràng, đảm bảo khối hòa quyện với da.
4. **Highlight:** Đừng quên highlight vùng trán, sống mũi và cằm để làm nổi bật các đường nét.
"
Cách chọn màu phấn mắt cho da trắng sáng?,"Với làn da trắng sáng, bạn rất may mắn vì có thể ""cân"" được nhiều màu phấn mắt! Tuy nhiên, để đôi mắt thêm nổi bật, hãy ưu tiên các tông màu sau:

1. **Tông ấm:** Cam đào, hồng san hô, đồng, vàng đồng giúp da sáng hơn và tạo vẻ ấm áp.
2. **Tông trung tính:** Nâu nhạt, xám tro, be tạo chiều sâu tự nhiên.
3. **Tông lạnh (cẩn thận):** Xanh dương, tím lavender có thể đẹp nhưng cần kết hợp khéo léo để tránh da bị nhợt nhạt.

Tránh các màu quá tối hoặc quá chói nếu không muốn ""dìm"" da.
"
Tại sao nên dùng phấn phủ sau kem nền?,"Chào bạn,

Việc sử dụng phấn phủ sau kem nền là bước quan trọng để hoàn thiện lớp trang điểm. Phấn phủ giúp khóa lớp nền, kiểm soát dầu thừa, làm mờ lỗ chân lông và giúp da mịn màng hơn. Đồng thời, phấn phủ còn giúp lớp trang điểm bám lâu hơn, tránh bị xuống tông hoặc lem trôi trong suốt cả ngày. Bạn nên chọn phấn phủ phù hợp với loại da để đạt hiệu quả tốt nhất nhé!
"
Làm sao để nhận diện chai kem chống nắng dạng xịt qua hình ảnh?,"Để nhận diện kem chống nắng dạng xịt qua hình ảnh, bạn hãy chú ý các điểm sau:

1. **Hình dáng:** Thường có hình trụ dài, thon dần về phía đầu xịt.
2. **Vòi xịt:** Có vòi xịt phun sương, thường có nắp đậy bảo vệ.
3. **Nhãn mác:** Ghi rõ dòng chữ ""Sun Spray"", ""Sun Mist"" hoặc ""Kem chống nắng dạng xịt"".
4. **Dung tích:** Thường có dung tích lớn hơn các loại kem chống nắng thông thường (từ 150ml trở lên).
5. **Cảnh báo:** Có thể có cảnh báo về khả năng dễ cháy do chứa cồn.
"
Cách tạo makeup mắt cho buổi đi chơi công viên nước?,"Chào bạn, để có makeup mắt phù hợp đi công viên nước, bạn nên ưu tiên sự tự nhiên, chống trôi và nhanh khô.

1.  **Kem lót mắt:** Giúp khóa màu và tăng độ bám.
2.  **Phấn mắt:** Chọn tông màu nude, cam đất hoặc hồng đào, tán nhẹ nhàng. Tránh nhũ quá nhiều.
3.  **Kẻ mắt:** Dùng kẻ mắt waterproof, vẽ đường mảnh sát chân mi trên.
4.  **Mascara:** Chọn loại chống thấm nước, chải kỹ mi trên và mi dưới.

Lý do: Công viên nước có nhiều nước, nên ưu tiên các sản phẩm chống trôi để makeup không bị lem."
Kỹ thuật makeup 'halo eye' là gì?,"Kỹ thuật makeup ""halo eye"" (mắt halo) tạo hiệu ứng đôi mắt to tròn, lấp lánh như có ánh sáng tỏa ra. 

**Các bước thực hiện:**
1. **Tạo khối:** Đánh phấn mắt tối ở góc ngoài và hốc mắt.
2. **Highlight:** Đánh phấn nhũ/highlight sáng ở trung tâm bầu mắt, dưới chân mày và đầu mắt.
3. **Phân tán:** Dùng cọ hòa trộn kỹ các vùng màu để tạo hiệu ứng chuyển màu mềm mại, ánh sáng lan tỏa.

Kỹ thuật này phù hợp với nhiều hình dáng mắt, đặc biệt giúp mắt một mí hoặc mắt nhỏ trông rõ ràng hơn.
"
Cách chọn cọ để tán phấn highlighter?,"Để chọn cọ tán highlighter, bạn nên ưu tiên các loại cọ đầu nhỏ, mềm và xốp. Cọ đầu vát hoặc hình quạt sẽ giúp bạn dễ dàng đánh highlighter lên các vùng cao của gò má, sống mũi, nhân trung và khóe mắt. Chất lông cọ mềm mại sẽ giúp highlighter bám đều, không bị vón cục và cho hiệu ứng glow tự nhiên, không gây kích ứng da. Nên chọn cọ tổng hợp để dễ vệ sinh và bảo quản.
"
Tại sao nên dùng son dưỡng chứa dầu jojoba trước son lì?,"Chào bạn,

Son dưỡng chứa dầu jojoba là bước chuẩn bị tuyệt vời trước khi đánh son lì. Dầu jojoba có cấu trúc tương tự sebum tự nhiên của da môi, giúp dưỡng ẩm sâu, làm mềm môi và tạo một lớp màng bảo vệ. Điều này giúp son lì bám dính tốt hơn, không bị vón cục hay lộ vân môi, đồng thời giảm thiểu tình trạng khô môi, bong tróc do son lì gây ra.
"
Làm sao để nhận diện chai toner chứa axit salicylic qua hình ảnh?,"Để nhận diện toner chứa axit salicylic qua hình ảnh, bạn hãy chú ý các điểm sau:

1. **Thành phần:** Tìm dòng chữ ""Salicylic Acid"" (Axit Salicylic) trên bao bì. Nồng độ thường từ 0.5-2%.
2. **Mục đích sử dụng:** Sản phẩm thường ghi rõ ""dành cho da dầu mụn"", ""làm sạch sâu lỗ chân lông"" hoặc ""điều trị mụn"".
3. **Kết cấu:** Toner chứa BHA (axit salicylic) thường lỏng, trong suốt, không gây cảm giác nhờn dính.
4. **Màu sắc:** Thường không màu hoặc có màu vàng nhạt.
"
Kỹ thuật makeup 'sunset eye' là gì?,"""Sunset eye"" là kỹ thuật trang điểm mắt lấy cảm hứng từ màu sắc của hoàng hôn. Bắt đầu bằng cách tán màu cam nhạt ở hốc mắt, sau đó thêm màu hồng hoặc đỏ cam ở đuôi mắt và phần mí dưới. Cuối cùng, dùng màu tím hoặc nâu đậm để làm nổi bật hốc mắt và tạo chiều sâu. Kỹ thuật này tạo hiệu ứng chuyển màu mềm mại, lãng mạn và ấm áp, phù hợp với nhiều tông da.
"
Làm sao để nhận diện lọ kem dưỡng chứa retinol qua hình ảnh?,"Để nhận diện kem dưỡng chứa retinol qua hình ảnh, bạn hãy chú ý các điểm sau:

1. **Bao bì:** Thường có ghi rõ ""Retinol"", ""Vitamin A"", hoặc ""Retinyl Palmitate"".
2. **Màu sắc:** Kem retinol dễ bị oxy hóa nên thường có màu vàng nhạt hoặc cam. Tuy nhiên, không phải lúc nào cũng đúng.
3. **Kết cấu:** Thường đặc hơn các kem dưỡng thông thường.
4. **Lưu ý:** Nên mua ở các thương hiệu uy tín để đảm bảo chất lượng và nồng độ retinol phù hợp.
"
Cách chọn son môi cho buổi phỏng vấn ngành thời trang?,"Chào bạn, để chọn son môi phù hợp cho buổi phỏng vấn ngành thời trang, bạn nên ưu tiên sự tinh tế và chuyên nghiệp.

**Bước 1:** Chọn màu son nude, hồng đào hoặc cam đất. Những màu này thể hiện sự tự tin, thanh lịch mà không quá nổi bật.
**Bước 2:** Chất son nên là matte hoặc satin, tránh bóng quá nhiều.
**Bước 3:** Đảm bảo son không quá đậm hoặc lòe loẹt, vì có thể gây ấn tượng không tốt. 

Lý do: Ngành thời trang đề cao sự sáng tạo nhưng vẫn cần sự chuyên nghiệp trong giao tiếp.
"
Tại sao nên dùng tẩy trang dạng sáp cho da khô?,"Chào bạn, với da khô, tẩy trang dạng sáp là lựa chọn tuyệt vời vì một số lý do:

1. **Dưỡng ẩm:** Sáp chứa các thành phần dầu và dưỡng ẩm, giúp làm sạch da mà không gây khô căng.
2. **Nhẹ nhàng:** Kết cấu sáp mềm mại, massage nhẹ nhàng lấy đi makeup và bụi bẩn, không làm tổn thương da.
3. **Giữ ẩm tự nhiên:** Sáp không chứa các chất hoạt động bề mặt mạnh như tẩy trang nước, giúp bảo vệ lớp màng lipid tự nhiên của da.

Nhờ vậy, da khô được làm sạch hiệu quả, đồng thời được nuôi dưỡng và giữ ẩm, tránh tình trạng bong tróc, khó chịu.
"
Làm sao để nhận diện hộp phấn phủ dạng bột rời?,"Để nhận diện hộp phấn phủ dạng bột rời, bạn hãy chú ý các điểm sau:

1. **Kết cấu:** Phấn bột rời có kết cấu rất mịn, nhẹ và tơi, không vón cục. Khi chạm vào sẽ thấy bột li ti.
2. **Bao bì:** Thường được đựng trong hộp có lỗ nhỏ hoặc lưới để lấy phấn, giúp kiểm soát lượng phấn lấy ra.
3. **Độ che phủ:** Phấn bột rời thường cho lớp phủ mỏng nhẹ, giúp kiềm dầu và làm mịn da, không che phủ hoàn toàn khuyết điểm như phấn nén.
"
Cách tạo makeup cho buổi đi xem phim hài với bạn bè?,"Để có một lớp makeup phù hợp cho buổi xem phim hài với bạn bè, bạn nên ưu tiên sự tự nhiên, thoải mái.

1.  **Chuẩn bị da:** Dưỡng ẩm nhẹ nhàng.
2.  **Nền:** Sử dụng BB cream hoặc cushion mỏng nhẹ, che khuyết điểm ở vùng cần thiết.
3.  **Màu mắt:** Phấn mắt màu nude hoặc hồng nhạt, tán đều.
4.  **Má hồng:** Chọn màu hồng đào hoặc cam san hô, đánh nhẹ lên gò má.
5.  **Son:** Son tint hoặc son bóng màu tươi tắn như hồng san hô, cam cháy.

Lớp makeup này giúp bạn trông tươi tắn, rạng rỡ mà không quá cầu kỳ, phù hợp với không khí vui vẻ của buổi xem phim.
"
Kỹ thuật makeup 'double wing' là gì?,"Kỹ thuật ""double wing"" (cánh đôi) là một kiểu vẽ eyeliner tạo hiệu ứng mắt sâu hơn, sắc sảo hơn. Đầu tiên, bạn vẽ một đường eyeliner wing cơ bản. Sau đó, phía dưới đường wing này, bạn vẽ thêm một đường wing nữa, song song và mỏng hơn. 

Việc tạo lớp wing thứ hai giúp nhấn mạnh hình dáng mắt, tạo cảm giác mắt to tròn và có chiều sâu hơn. Kỹ thuật này phù hợp với nhiều hình dáng mắt, đặc biệt là mắt một mí hoặc mắt hơi sụp mí.
"
Cách tạo makeup cho buổi đi ăn buffet tối?,"Để có một lớp trang điểm phù hợp cho buổi đi ăn buffet tối, bạn nên tập trung vào sự tự nhiên, tươi tắn nhưng vẫn đủ nổi bật.

1.  **Chuẩn bị da:** Dưỡng ẩm kỹ để lớp nền mịn màng.
2.  **Nền:** Chọn foundation mỏng nhẹ, che khuyết điểm vừa đủ.
3.  **Mắt:** Phấn mắt màu nude hoặc nâu nhạt, kẻ eyeliner mảnh và mascara.
4.  **Má:** Sử dụng phấn má hồng đào hoặc cam đất để tạo vẻ tươi tắn.
5.  **Môi:** Son môi màu nude, hồng san hô hoặc đỏ cam nhẹ nhàng.

Lưu ý: Tránh trang điểm quá đậm vì buffet thường có ánh sáng vàng, dễ làm lớp trang điểm bị ""lệch tông"".
"
Kỹ thuật makeup 'negative space liner' là gì?,"""Negative space liner"" là kỹ thuật trang điểm mắt độc đáo, tạo điểm nhấn bằng cách vẽ đường kẻ mắt *không* liền mạch. Thay vì tô kín đường viền mắt, bạn sẽ vẽ các đoạn ngắn cách nhau, tạo ra những khoảng trống (negative space) trên đường kẻ. 

**Cách thực hiện:** Dùng eyeliner (gel, chì, hoặc liquid) vẽ các đường ngắn, mảnh dọc theo đường viền mắt. Chừa khoảng trống giữa các đường. Kỹ thuật này tạo hiệu ứng mắt sáng, mở rộng và mang lại vẻ ngoài hiện đại, nghệ thuật.
"
Làm sao để nhận diện chai xịt khoáng chứa chiết xuất hoa cúc qua hình ảnh?,"Để nhận diện chai xịt khoáng chứa chiết xuất hoa cúc qua hình ảnh, bạn hãy chú ý các điểm sau:

1. **Màu sắc:** Phần lớn các sản phẩm này có màu xanh lam nhạt hoặc trắng, gợi cảm giác tươi mát, liên quan đến nước và hoa cúc.
2. **Hình ảnh:** Chai thường in hình hoa cúc (chamomile) rõ ràng trên bao bì.
3. **Chữ viết:** Tìm các từ khóa như ""chamomile"", ""hoa cúc"", ""calming"" (làm dịu) hoặc ""soothing"" (êm dịu) trên nhãn.
4. **Thành phần:** Nếu có thể nhìn thấy danh sách thành phần, hãy tìm ""Chiết xuất hoa cúc"" (Chamomile extract).
"
Cách chọn màu son cho buổi đi xem hòa nhạc rock?,"Để chọn son cho buổi hòa nhạc rock, bạn nên ưu tiên sự cá tính và nổi bật. Son đỏ đậm, burgundy (đỏ rượu vang) hoặc thậm chí là màu đen cá tính là những lựa chọn tuyệt vời. Chúng tạo điểm nhấn mạnh mẽ, phù hợp với không khí sôi động của rock. Nếu bạn thích nhẹ nhàng hơn, hãy thử màu nude đất hoặc cam gạch. Quan trọng là son phải bền màu để bạn thoải mái tận hưởng buổi nhạc mà không cần dặm lại liên tục.
"
Tại sao nên dùng kem lót chứa chiết xuất trà xanh?,"Kem lót chứa chiết xuất trà xanh là lựa chọn tuyệt vời vì nhiều lý do. Trà xanh giàu chất chống oxy hóa, giúp bảo vệ da khỏi tác hại của gốc tự do từ môi trường, ngăn ngừa lão hóa sớm. Đồng thời, trà xanh có tính kháng viêm, làm dịu da, giảm kích ứng, đặc biệt phù hợp với da nhạy cảm hoặc dễ nổi mụn. Kem lót này còn giúp kiểm soát dầu thừa, tạo lớp nền mịn màng, giúp trang điểm bám lâu hơn.
"
Làm sao để nhận diện cọ tán phấn phủ lớn?,"Để nhận diện cọ tán phấn phủ lớn, bạn hãy chú ý các điểm sau:

1. **Kích thước:** Cọ có kích thước lớn, đường kính đầu cọ khoảng 4-5cm, phù hợp với diện tích da mặt rộng.
2. **Hình dáng:** Đầu cọ thường tròn hoặc hơi dẹt, lông cọ mềm mại, xốp để tán phấn phủ mỏng mịn.
3. **Mật độ lông:** Lông cọ không quá dày cũng không quá thưa, vừa đủ để giữ và phân tán phấn.
4. **Tay cầm:** Tay cầm dài, chắc chắn để dễ dàng thao tác.

Cọ lớn giúp bạn tán phấn phủ nhanh chóng, đều khắp mặt, tạo lớp nền hoàn thiện tự nhiên.
"
Cách tạo makeup cho buổi đi ăn sáng tại quán ăn Việt?,"Chào bạn, để có một lớp makeup nhẹ nhàng, phù hợp cho buổi ăn sáng tại quán ăn Việt, bạn có thể thực hiện các bước sau:

1.  **Dưỡng ẩm:** Dưỡng ẩm da là bước quan trọng để lớp makeup bám tốt và không bị cakey.
2.  **Kem nền/BB cream:** Chọn loại có độ che phủ nhẹ, tán đều để có làn da tự nhiên.
3.  **Má hồng:** Tô một chút má hồng đào hoặc cam đất để khuôn mặt tươi tắn.
4.  **Son môi:** Chọn son màu nude, hồng san hô hoặc cam san hô để tạo vẻ ngoài thanh lịch.

Lưu ý: Ưu tiên sự tự nhiên, tránh makeup quá đậm."
Kỹ thuật makeup 'glossy lid' là gì?,"Kỹ thuật ""glossy lid"" (bờ mi bóng) là xu hướng trang điểm mắt tạo hiệu ứng đôi mắt căng mọng, lôi cuốn.

**Cách thực hiện:**

1.  **Phấn mắt:** Chọn phấn mắt lì hoặc nhũ nhẹ, tán đều lên bầu mắt.
2.  **Son bóng/Gel bóng:** Dùng cọ nhỏ hoặc ngón tay thoa một lớp mỏng son bóng hoặc gel bóng chuyên dụng lên vùng bầu mắt, tập trung ở giữa.
3.  **Hoàn thiện:** Có thể thêm chút nhũ mắt để tăng độ bắt sáng.

Hiệu ứng bóng giúp mắt trông to hơn, sống động và tạo điểm nhấn độc đáo.
"
Làm sao để nhận diện lọ kem dưỡng chứa ceramide qua hình ảnh?,"Để nhận diện kem dưỡng chứa ceramide qua hình ảnh, bạn hãy chú ý các điểm sau:

1. **Thành phần:** Tìm các từ khóa như ""Ceramide"", ""Ceramide NP"", ""Ceramide AP"", ""Ceramide EOP"" trên bao bì.
2. **Mô tả:** Sản phẩm thường nhấn mạnh khả năng ""phục hồi hàng rào bảo vệ da"", ""dưỡng ẩm sâu"", ""làm dịu da"" - những lợi ích chính của ceramide.
3. **Kết cấu:** Kem ceramide thường có kết cấu đặc vừa phải, mịn màng, không quá lỏng hoặc đặc quánh.
"
Cách tạo makeup cho buổi đi ăn trưa tại nhà hàng Trung Quốc?,"Để có một lớp trang điểm nhẹ nhàng, phù hợp cho buổi ăn trưa tại nhà hàng Trung Quốc, bạn hãy thực hiện các bước sau:

1.  **Nền:** Sử dụng kem nền mỏng nhẹ, che khuyết điểm ở vùng cần thiết.
2.  **Mắt:** Phấn mắt màu nude hoặc nâu nhạt, kẻ eyeliner mảnh và chuốt mascara.
3.  **Má:** Sử dụng phấn má hồng đào hoặc cam đất để tạo vẻ tươi tắn.
4.  **Môi:** Son môi màu hồng san hô hoặc đỏ cam sẽ rất phù hợp với không gian nhà hàng Trung Quốc.

Lưu ý: Ưu tiên sự tự nhiên, tránh trang điểm quá đậm."
Kỹ thuật makeup 'puppy eyes' là gì?,"Kỹ thuật makeup ""puppy eyes"" (đôi mắt cún con) tập trung tạo hiệu ứng đôi mắt to tròn, ngây thơ. Các bước thực hiện gồm:

1. **Kẻ eyeliner:** Kẻ đường eyeliner mảnh ở mí trên, hơi kéo dài đuôi mắt.
2. **Highlight:** Thêm highlight ở khóe mắt dưới và đường viền mí dưới để mở rộng mắt.
3. **Mascara:** Chải mascara tập trung vào mi dưới để tạo sự chú trọng.
4. **Tạo bóng:** Dùng phấn mắt tối tạo bóng nhẹ nhàng ở hốc mắt để tăng chiều sâu.

Kỹ thuật này giúp đôi mắt trông long lanh, biểu cảm hơn.
"
Làm sao để nhận diện chai xịt dưỡng chứa chiết xuất hoa hồng?,"Để nhận diện chai xịt dưỡng chứa chiết xuất hoa hồng, bạn có thể dựa vào những yếu tố sau:

1. **Thành phần:** Kiểm tra kỹ bảng thành phần, tìm các từ khóa như ""Rosa Damascena Flower Water"" (nước hoa hồng Damask), ""Rose Extract"" (chiết xuất hoa hồng), hoặc ""Rose Hydrosol"" (dung dịch hoa hồng).
2. **Màu sắc:** Nước xịt hoa hồng thường có màu hồng nhạt tự nhiên.
3. **Mùi hương:** Mùi hương đặc trưng của hoa hồng là dấu hiệu rõ ràng nhất.
4. **Nhãn mác:** Các sản phẩm thường ghi rõ ""Rose"" hoặc ""Hoa Hồng"" trên bao bì.
"
Cách chọn màu son cho buổi đi làm mùa đông?,"Để chọn son cho đi làm mùa đông, ưu tiên các màu tự nhiên, nhẹ nhàng nhưng vẫn đủ sức ""sưởi ấm"" khuôn mặt. Các lựa chọn tốt bao gồm:

1.  **Đỏ đất/Cam đất:** Ấm áp, thanh lịch, phù hợp với nhiều tông da.
2.  **Hồng nude/Màu đào:** Tạo vẻ ngoài tươi tắn, trẻ trung.
3.  **Màu mận chín:** Sang trọng, bí ẩn, hợp với trang phục tối màu.

Tránh các màu quá nổi bật hoặc quá sẫm màu. Nên thử son trên cổ tay để chọn màu phù hợp nhất với màu da của bạn nhé!
"
Tại sao nên dùng kem lót chứa chiết xuất lựu?,"Kem lót chứa chiết xuất lựu là lựa chọn tuyệt vời vì lựu giàu vitamin C và chất chống oxy hóa. Những thành phần này giúp bảo vệ da khỏi tác hại của gốc tự do từ môi trường, làm sáng da và hỗ trợ sản xuất collagen, giúp da săn chắc hơn. Đồng thời, lựu còn có khả năng làm dịu da, giảm kích ứng, tạo lớp nền mịn màng cho lớp trang điểm sau đó.
"
Làm sao để nhận diện cọ tán kem nền dạng kabuki?,"Để nhận diện cọ tán kem nền dạng Kabuki, bạn hãy chú ý những điểm sau:

1. **Hình dáng:** Cọ Kabuki có hình dáng tròn, đầu cọ dày và thường dẹt.
2. **Lông cọ:** Lông cọ thường rất mềm, dày và được bó chặt, thường làm từ lông tổng hợp hoặc lông dê.
3. **Tay cầm:** Tay cầm ngắn, to và thường không thon, giúp dễ dàng kiểm soát lực ấn khi tán kem.

Cọ Kabuki giúp tán kem nền một cách mịn màng, tự nhiên, tạo hiệu ứng ""airbrush"" (như xịt phun) cho lớp nền hoàn hảo.
"
Cách tạo makeup cho buổi đi ăn tối tại nhà hàng Hàn Quốc?,"Để có makeup phù hợp cho buổi đi ăn tối tại nhà hàng Hàn Quốc, bạn nên tập trung vào vẻ tự nhiên, tươi tắn.

1.  **Nền:** Sử dụng kem nền mỏng nhẹ, che khuyết điểm vừa đủ.
2.  **Mắt:** Phấn mắt màu nude hoặc hồng đào, tán nhẹ nhàng. Kẻ eyeliner mảnh, không quá đậm.
3.  **Má:** Phấn má hồng đào hoặc cam san hô, đánh nhẹ nhàng để tạo vẻ ửng hồng tự nhiên.
4.  **Môi:** Son tint hoặc son thỏi màu hồng san hô, cam đất hoặc đỏ san hô.

Lý do: Phong cách trang điểm Hàn Quốc thường ưu tiên sự nhẹ nhàng, thanh lịch."
Kỹ thuật makeup 'smudged liner' là gì?,"Kỹ thuật ""smudged liner"" (kẻ mắt nhòe) tạo hiệu ứng đôi mắt sâu hơn, quyến rũ và tự nhiên hơn so với đường kẻ mắt sắc nét.

**Cách thực hiện:**

1.  Kẻ mắt bằng eyeliner (gel, chì hoặc liquid).
2.  Dùng cọ nhỏ hoặc tăm bông làm mờ đường kẻ ngay sau khi kẻ, trước khi eyeliner khô hoàn toàn.
3.  Có thể dùng thêm phấn mắt tối màu để tăng độ đậm và tán đều hơn.

Kỹ thuật này phù hợp với nhiều hình dáng mắt và phong cách trang điểm, từ nhẹ nhàng hàng ngày đến dự tiệc.
"
Làm thế nào để chọn màu son môi phù hợp với da trắng xanh?,"Với làn da trắng xanh, bạn nên ưu tiên các màu son có undertone ấm để trung hòa sắc tố da và tạo vẻ tươi tắn. Các lựa chọn lý tưởng bao gồm:

1.  **Hồng san hô:** Mang đến vẻ ngọt ngào, trẻ trung.
2.  **Cam đào:** Làm sáng da và tạo hiệu ứng đôi môi căng mọng.
3.  **Đỏ cam:** Rực rỡ, nổi bật nhưng vẫn phù hợp với làn da sáng.
4.  **Nude đào/nude cam:** Nhấn nhá nhẹ nhàng, tự nhiên.

Tránh các màu son quá tối hoặc có undertone lạnh như tím, xanh dương vì có thể làm da trông xám xịt.
"
Cách giữ lớp makeup không bị trôi khi đi dưới trời mưa?,"Để giữ lớp makeup không bị trôi khi đi dưới trời mưa, bạn cần chuẩn bị kỹ càng và sử dụng đúng sản phẩm:

1. **Dưỡng ẩm:** Cấp ẩm đầy đủ cho da trước khi makeup giúp lớp nền bám tốt hơn.
2. **Primer:** Sử dụng primer khóa ẩm, kiềm dầu để tạo lớp nền vững chắc.
3. **Makeup chống nước:** Ưu tiên các sản phẩm foundation, mascara, eyeliner, son môi có khả năng chống nước.
4. **Setting spray:** Xịt setting spray sau khi hoàn thành makeup để khóa lớp trang điểm, tăng độ bền.
5. **Phấn phủ:** Dặm một lớp phấn phủ mỏng để hút dầu thừa, giúp makeup lâu trôi hơn.
"
Tại sao nên dùng kem dưỡng ẩm trước khi đánh kem nền?,"Chào bạn, một chuyên gia trang điểm đây!

Việc dùng kem dưỡng ẩm trước khi đánh kem nền là bước cực kỳ quan trọng. Da ẩm mượt sẽ giúp kem nền bám tốt hơn, không bị cakey hay vón cục. Đồng thời, kem dưỡng ẩm tạo một lớp màng bảo vệ da, giúp giảm thiểu tác động của kem nền lên da, đặc biệt là với những loại kem nền có độ che phủ cao. Da đủ ẩm còn giúp lớp trang điểm trông tự nhiên và căng bóng hơn đó!
"
Làm sao để nhận diện lọ kem dưỡng chứa axit salicylic qua hình ảnh?,"Để nhận diện kem dưỡng chứa axit salicylic qua hình ảnh, bạn hãy chú ý các điểm sau:

1. **Bao bì:** Thường ghi rõ ""Salicylic Acid"", ""BHA"" (Beta Hydroxy Acid) hoặc công dụng ""trị mụn"", ""thông thoáng lỗ chân lông"".
2. **Kết cấu:** Kem có thể màu trắng đục hoặc trong suốt, chất lỏng nhẹ hoặc dạng gel.
3. **Thương hiệu:** Các thương hiệu dược mỹ phẩm, skincare chuyên về trị mụn thường có sản phẩm này.
4. **Nồng độ:** Kiểm tra nồng độ axit salicylic (thường từ 0.5% - 2%).
"
Cách tạo makeup cho buổi đi xem hòa nhạc cổ điển?,"Để trang điểm cho buổi hòa nhạc cổ điển, hãy ưu tiên vẻ đẹp thanh lịch, tinh tế.

1.  **Nền:** Chọn kem nền nhẹ nhàng, che phủ vừa phải để da trông tự nhiên.
2.  **Mắt:** Phấn mắt màu nude hoặc nâu nhạt, tán đều. Kẻ mắt mảnh, màu nâu hoặc đen, không nên quá đậm.
3.  **Má:** Phấn má hồng đào hoặc hồng nhạt, đánh nhẹ nhàng để tạo vẻ ửng hồng tự nhiên.
4.  **Môi:** Son môi màu nude, hồng nhạt hoặc đỏ cam trầm.

Tránh trang điểm quá lòe loẹt, tập trung vào sự hài hòa và thanh lịch."
Kỹ thuật makeup 'dewy glow' là gì?,"Kỹ thuật makeup ""dewy glow"" (làn da căng bóng tự nhiên) tập trung vào việc tạo hiệu ứng da ẩm mượt, khỏe mạnh từ bên trong. 

**Các bước chính:**

1.  **Dưỡng ẩm kỹ:** Sử dụng serum, kem dưỡng ẩm phù hợp.
2.  **Chọn nền ẩm:** Dùng kem nền hoặc cushion có độ ẩm cao, chất lỏng nhẹ.
3.  **Highlight:** Tập trung highlight ở gò má, sống mũi, trán, cằm.
4.  **Xịt khóa:** Xịt khóa makeup dạng phun sương để giữ lớp makeup tươi tắn.

**Lý do:** Kỹ thuật này giúp da trông trẻ trung, rạng rỡ, đặc biệt phù hợp với da khô hoặc thường.
"
Làm sao để chọn cọ tán phấn mắt cho người có mắt nhỏ?,"Để chọn cọ tán phấn mắt cho mắt nhỏ, bạn nên ưu tiên các loại cọ nhỏ, đầu cọ vát hoặc tròn nhưng không quá to. Cọ nhỏ giúp bạn dễ dàng kiểm soát lượng phấn và tán đều trong phạm vi hẹp của mắt. Đầu vát hoặc tròn giúp tạo chiều sâu và làm mắt trông to hơn. Tránh cọ quá lớn vì sẽ làm mắt trông nhỏ hơn và khó tán đều. Nên chọn cọ lông mềm mại để tránh gây kích ứng.
"
Tại sao nên dùng son dưỡng có chứa dầu argan trước son lì?,"Chào bạn,

Son dưỡng có dầu argan là bước chuẩn bị tuyệt vời trước khi đánh son lì. Dầu argan giàu vitamin E và axit béo, giúp môi mềm mịn, làm đầy các rãnh môi và cung cấp độ ẩm cần thiết. Điều này giúp son lì bám đều hơn, không bị vón cục hay lộ vân môi. Hơn nữa, dầu argan tạo một lớp màng bảo vệ, giảm thiểu tác động khô môi từ son lì, giúp môi luôn căng mọng.
"
Làm sao để nhận diện chai xịt cố định makeup có chứa vitamin B3 qua hình ảnh?,"Để nhận diện chai xịt cố định makeup có chứa Vitamin B3 qua hình ảnh, bạn hãy chú ý các điểm sau:

1. **Kiểm tra thành phần:** Tìm các từ khóa như ""Niacinamide"" (tên gọi khác của Vitamin B3), ""Vitamin B3"" trên nhãn sản phẩm.
2. **Màu sắc sản phẩm:** Một số sản phẩm chứa Vitamin B3 có thể có màu vàng nhạt hoặc trong suốt.
3. **Nhận diện thương hiệu:** Các thương hiệu uy tín thường ghi rõ thành phần và công dụng trên bao bì.
"
Cách tạo makeup cho buổi đi chơi công viên giải trí vào mùa thu?,"Để có một lớp makeup phù hợp đi công viên giải trí mùa thu, bạn nên ưu tiên sự tự nhiên, thoải mái và bền màu.

1.  **Chuẩn bị da:** Dưỡng ẩm kỹ để da không bị khô do thời tiết.
2.  **Nền:** Dùng kem nền nhẹ nhàng, có độ che phủ vừa phải, kết hợp kem chống nắng.
3.  **Mắt:** Phấn mắt màu cam đất, nâu vàng sẽ hợp với mùa thu. Kẻ mắt mảnh và chuốt mascara chống thấm nước.
4.  **Má:** Phấn má hồng đào hoặc cam san hô nhẹ nhàng.
5.  **Môi:** Son tint hoặc son thỏi màu nude, cam cháy để giữ màu lâu.

"
Kỹ thuật makeup 'monochrome pink' là gì?,"Kỹ thuật makeup ""monochrome pink"" là xu hướng trang điểm sử dụng duy nhất một tông màu hồng (hoặc các sắc thái hồng khác nhau) cho toàn bộ khuôn mặt. 

**Các bước thực hiện:**

1.  **Phấn mắt:** Chọn phấn mắt màu hồng nhạt hoặc hồng đào, tán đều lên bầu mắt.
2.  **Má hồng:** Sử dụng má hồng hồng đậm hơn để tạo điểm nhấn.
3.  **Son môi:** Chọn son hồng trùng với sắc độ má hồng hoặc đậm hơn một chút.
4.  **Tạo khối (tùy chọn):** Có thể dùng phấn tạo khối màu hồng để định hình khuôn mặt.

Kỹ thuật này tạo vẻ ngoài tươi tắn, nữ tính và trẻ trung.
"
Làm sao để nhận diện lọ kem nền dạng lỏng che phủ cao qua hình ảnh?,"Để nhận diện kem nền lỏng che phủ cao qua hình ảnh, bạn hãy chú ý các điểm sau:

1. **Kết cấu:** Kem nền che phủ cao thường đặc hơn các loại kem nền thông thường, có độ sánh rõ ràng khi nhìn qua lọ.
2. **Màu sắc:** Màu sắc thường đậm đà, sắc nét hơn, không trong suốt như các loại kem nền nhẹ.
3. **Dung tích:** Thường được đóng gói trong lọ có dung tích vừa phải (khoảng 30ml) vì dùng ít đã đủ che phủ.
4. **Nhãn mác:** Các từ khóa như ""Full Coverage"", ""High Coverage"" thường xuất hiện trên bao bì.
"
Cách chọn son môi cho buổi đi xem triển lãm tranh phong cảnh?,"Để chọn son môi phù hợp khi đi xem triển lãm tranh phong cảnh, bạn nên ưu tiên những màu sắc tự nhiên, nhẹ nhàng. Các lựa chọn lý tưởng là hồng nude, cam đào, hoặc màu hồng san hô. Những tông màu này sẽ giúp bạn trông tươi tắn, tinh tế mà không làm phân tâm khỏi các tác phẩm nghệ thuật. Tránh các màu son quá nổi bật như đỏ tươi hoặc tím đậm, vì chúng có thể gây ấn tượng mạnh và không phù hợp với không khí trang trọng của triển lãm.
"
Tại sao nên dùng tẩy trang dạng balm cho da khô?,"Chào bạn, với da khô, tẩy trang dạng balm là lựa chọn tuyệt vời vì một số lý do:

1. **Dưỡng ẩm:** Balm chứa dầu và sáp, giúp làm mềm da, loại bỏ makeup mà không gây khô căng.
2. **Nhẹ nhàng:** Kết cấu balm mềm mại, massage nhẹ nhàng giúp làm sạch sâu mà không làm tổn thương da.
3. **Không chứa chất hoạt tính mạnh:** Hầu hết balm không chứa sulfate, cồn, giúp da không bị mất đi lớp dầu tự nhiên.

Nhờ vậy, da khô được làm sạch hiệu quả, đồng thời được cung cấp độ ẩm cần thiết, giúp da mềm mại và khỏe mạnh.
"
Làm sao để nhận diện cây cọ tán phấn mắt dạng dome qua hình ảnh?,"Để nhận diện cọ tán phấn mắt dạng dome qua hình ảnh, bạn hãy chú ý đến hình dáng đầu cọ. Cọ dome có đầu cọ tròn, đầy đặn như hình vòm (dome). Điểm đặc trưng là lông cọ tập trung và hơi nhô lên ở giữa, tạo hiệu ứng làm nổi bật hốc mắt. Cọ này thường được dùng để tán phấn vào hốc mắt, tạo chiều sâu và blend màu rất tốt.
"
Cách tạo makeup cho buổi đi ăn tối ở nhà hàng Hàn Quốc?,"Để có makeup phù hợp cho buổi đi ăn tối ở nhà hàng Hàn Quốc, bạn nên tập trung vào vẻ tự nhiên, tươi tắn.

1.  **Nền:** Sử dụng kem nền mỏng nhẹ, che khuyết điểm vừa đủ.
2.  **Mắt:** Phấn mắt màu nude hoặc hồng đào, tán nhẹ nhàng. Kẻ eyeliner mảnh, không quá đậm.
3.  **Má:** Phấn má hồng đào hoặc cam san hô, đánh nhẹ nhàng để tạo vẻ ửng hồng tự nhiên.
4.  **Môi:** Son tint hoặc son thỏi màu hồng san hô, cam đất hoặc đỏ san hô.

Lý do: Phong cách trang điểm Hàn Quốc thường ưu tiên sự nhẹ nhàng, thanh lịch."
Kỹ thuật makeup 'matte bronze' là gì?,"Kỹ thuật makeup ""matte bronze"" là xu hướng trang điểm tạo hiệu ứng làn da rám nắng khỏe khoắn nhưng vẫn giữ vẻ tự nhiên, không bóng dầu. 

**Các bước thực hiện:**

1.  **Chuẩn bị da:** Dưỡng ẩm kỹ lưỡng.
2.  **Kem nền:** Chọn kem nền matte (lì) tông màu phù hợp.
3.  **Bronzer:** Dùng bronzer matte tán đều lên các vị trí bắt sáng như gò má, trán, sống mũi.
4.  **Phấn mắt:** Sử dụng phấn mắt tông nâu đồng ấm áp.
5.  **Son môi:** Chọn son nude hoặc màu đất.

Kỹ thuật này phù hợp với mọi màu da và tạo vẻ ngoài quyến rũ, năng động.
"
Làm sao để chọn cọ tán kem nền cho da hỗn hợp?,"Để chọn cọ tán kem nền cho da hỗn hợp, bạn nên ưu tiên các loại cọ đầu bằng, lông tổng hợp mềm mại. Cọ đầu bằng giúp bạn dễ dàng kiểm soát lượng kem nền, tán đều trên vùng da dầu và không gây cakey ở vùng da khô. Lông tổng hợp không hút kem quá nhiều, tiết kiệm sản phẩm và dễ vệ sinh. Bạn có thể cân nhắc cọ kabuki hoặc cọ flat top để có hiệu quả tốt nhất.
"
Tại sao nên dùng xịt khoáng có chứa chiết xuất trà xanh trước makeup?,"Xịt khoáng trà xanh trước makeup là bước chuẩn bị lý tưởng vì nhiều lý do. Trà xanh giàu chất chống oxy hóa, giúp bảo vệ da khỏi tác hại của môi trường và làm dịu da nhạy cảm. Xịt khoáng cung cấp độ ẩm tức thì, giúp lớp nền mịn màng, bám dính tốt hơn và tránh tình trạng cakey. Hơn nữa, trà xanh còn giúp kiểm soát dầu thừa, giữ cho lớp makeup tươi tắn lâu dài.
"
Cách tạo makeup cho buổi đi xem triển lãm gốm sứ?,"Chào bạn, để có một lớp trang điểm phù hợp khi đi xem triển lãm gốm sứ, bạn nên ưu tiên sự tự nhiên, tinh tế.

1.  **Chuẩn bị da:** Dưỡng ẩm kỹ để lớp nền mịn màng.
2.  **Nền:** Dùng kem nền mỏng nhẹ, che khuyết điểm vừa đủ.
3.  **Mắt:** Phấn mắt màu nude hoặc nâu nhạt, kẻ eyeliner mảnh và chuốt mascara.
4.  **Má:** Phấn má hồng đào hoặc cam đất nhẹ nhàng.
5.  **Môi:** Son nude hoặc màu hồng san hô.

Lớp trang điểm này giúp bạn trông tươi tắn, thanh lịch mà không quá nổi bật, phù hợp với không gian nghệ thuật tĩnh lặng của triển lãm."
Kỹ thuật makeup 'natural glow' là gì?,"Kỹ thuật makeup ""natural glow"" (tỏa sáng tự nhiên) tập trung vào việc tạo lớp nền mịn màng, khỏe khoắn như da thật, thay vì che phủ hoàn toàn. 

**Các bước chính:**

1.  **Dưỡng ẩm:** Bước quan trọng nhất để da căng bóng.
2.  **Kem nền mỏng nhẹ:** Chọn loại có độ che phủ thấp hoặc BB/CC cream.
3.  **Highlight:** Tập trung ở gò má, sống mũi, trán và cằm để bắt sáng.
4.  **Má hồng:** Sử dụng màu sắc tự nhiên như hồng đào hoặc cam san hô.
5.  **Son dưỡng:** Hoặc son màu nude/hồng nhạt để đôi môi căng mọng.

Mục đích là để làn da trông rạng rỡ từ bên trong, không quá cầu kỳ.
"
Làm sao để nhận diện chai tẩy trang dạng dầu kép qua hình ảnh?,"Để nhận diện chai tẩy trang dạng dầu kép qua hình ảnh, bạn hãy chú ý các điểm sau:

1. **Hai lớp màu:** Chai thường có hai lớp chất lỏng tách biệt rõ ràng, một lớp dầu trong suốt và một lớp màu (thường là hồng, xanh hoặc tím).
2. **Nhãn mác:** Nhãn ghi rõ ""Biphase"" (hai pha) hoặc ""Oil-based"" (dựa trên dầu) và hướng dẫn lắc đều trước khi dùng.
3. **Kết cấu:** Khi lắc, hai lớp hòa quyện tạm thời, tạo dung dịch đục nhẹ.
"
Cách chọn son môi cho buổi đi làm vào mùa hè?,"Để chọn son môi phù hợp đi làm mùa hè, bạn nên ưu tiên các màu sắc tự nhiên, nhẹ nhàng như hồng đào, cam san hô, hoặc nude. Những màu này giúp bạn trông tươi tắn, chuyên nghiệp mà không quá nổi bật. Chất son nên chọn loại có dưỡng ẩm, finish lì hoặc satin để giữ màu lâu mà không gây cảm giác khó chịu trong thời tiết nóng bức. Tránh các màu quá đậm hoặc bóng, dễ gây nặng nề và không phù hợp với môi trường công sở.
"
Tại sao nên dùng kem lót có chứa chiết xuất lô hội cho da nhạy cảm?,"Kem lót chứa chiết xuất lô hội rất lý tưởng cho da nhạy cảm vì lô hội có đặc tính làm dịu và chống viêm mạnh mẽ. Nó giúp giảm kích ứng, mẩn đỏ và tạo một hàng rào bảo vệ nhẹ nhàng cho da. Đồng thời, lô hội cung cấp độ ẩm, giúp da mềm mại và mịn màng hơn, tạo nền hoàn hảo cho lớp trang điểm mà không gây khô căng hay khó chịu.
"
Làm sao để nhận diện cây cọ tán phấn má hồng dạng tròn qua hình ảnh?,"Để nhận diện cọ tán phấn má hồng dạng tròn qua hình ảnh, bạn hãy chú ý các điểm sau:

1. **Hình dáng:** Đầu cọ có hình tròn hoặc bầu dục, lông cọ được bó tròn.
2. **Kích thước:** Thường nhỏ gọn hơn các loại cọ khác, phù hợp với vùng má.
3. **Lông cọ:** Lông mềm mại, thường là lông tự nhiên hoặc sợi tổng hợp chất lượng cao để tán phấn mịn.
4. **Màu sắc:** Thường có màu hồng, trắng hoặc các màu pastel khác.
"
Kỹ thuật makeup 'smokey plum' là gì?,"Kỹ thuật ""Smokey Plum"" là kiểu trang điểm mắt tập trung vào sắc tím mận quyền lực, tạo chiều sâu và vẻ bí ẩn. 

**Các bước thực hiện:**

1.  **Phủ phấn mắt tím nhạt** toàn bộ bầu mắt làm base.
2.  **Tạo khối** với tím đậm hơn ở đuôi mắt, blend đều.
3.  **Thêm sắc nâu** vào giữa bầu mắt để chuyển màu mượt mà.
4.  **Kẻ eyeliner** đen hoặc tím đậm, có thể smudge nhẹ.
5.  **Mascara** đen dày dặn và **son môi** màu nude hoặc tím mận để hoàn thiện.

Sắc tím mận phù hợp với nhiều tông da, đặc biệt là da trung bình và da ngăm.
"
Làm sao để nhận diện lọ kem dưỡng chứa vitamin E qua hình ảnh?,"Để nhận diện kem dưỡng chứa Vitamin E qua hình ảnh, bạn có thể chú ý các điểm sau:

1. **Bao bì:** Sản phẩm thường ghi rõ ""Vitamin E"", ""Tocopherol"" hoặc ""D-alpha Tocopherol"" trên bao bì.
2. **Màu sắc:** Kem Vitamin E thường có màu vàng nhạt hoặc trong suốt, đôi khi hơi đục do đặc tính của dầu Vitamin E.
3. **Kết cấu:** Thường đặc hơn các loại kem khác do chứa dầu, nhưng vẫn dễ tán.
4. **Thành phần:** Kiểm tra danh sách thành phần, Vitamin E luôn có mặt.
"
Cách chọn cọ để tán phấn mắt cho mắt mí sụp?,"Để tán phấn mắt cho mắt mí sụp, bạn nên chọn cọ có những đặc điểm sau:

1.  **Cọ đầu bằng, nhỏ:** Giúp dễ dàng kiểm soát và tạo hình phấn ở vùng mí mắt hẹp.
2.  **Lông cọ mềm, dày:** Đảm bảo tán phấn mượt mà, không gây kích ứng và giúp phấn bám tốt hơn.
3.  **Độ nghiêng vừa phải:** Hỗ trợ nâng mí mắt khi tán phấn, tạo cảm giác mắt mở hơn.

Tránh dùng cọ đầu quá to hoặc lông quá cứng vì sẽ làm khó khăn trong việc tạo hình và có thể làm mí mắt bị nặng hơn.
"
Tại sao nên dùng son dưỡng có chứa dầu hạt mắc ca trước son bóng?,"Chào bạn,

Dùng son dưỡng có dầu hạt mắc ca trước son bóng là một bước chuẩn bị lý tưởng. Dầu hạt mắc ca giàu axit béo và vitamin E, giúp làm mềm môi, cung cấp độ ẩm sâu và tạo một lớp nền mịn màng. Điều này giúp son bóng bám dính tốt hơn, lên màu chuẩn hơn và không bị lem. Đồng thời, dầu hạt mắc ca còn bảo vệ môi khỏi tác động gây khô của son bóng, giữ cho đôi môi luôn căng mọng.
"
Làm sao để nhận diện hộp phấn phủ dạng nén qua hình ảnh?,"Để nhận diện hộp phấn phủ dạng nén qua hình ảnh, bạn hãy chú ý các điểm sau:

1. **Hình dáng:** Thường là hộp tròn, vuông hoặc chữ nhật, có nắp đậy.
2. **Bề mặt:** Bề mặt phấn thường có hoa văn hoặc logo của thương hiệu.
3. **Màu sắc:** Màu sắc hộp đa dạng, nhưng phấn bên trong thường có màu trắng, be hoặc tông màu da.
4. **Đi kèm:** Thường đi kèm bông phấn hoặc cọ nhỏ để lấy phấn.
5. **Kết cấu:** Quan sát kỹ, bạn sẽ thấy phấn có dạng nén chặt, không phải bột rời.
"
Cách tạo makeup cho buổi đi dạo công viên vào mùa xuân?,"Chào bạn, để có một lớp trang điểm tươi tắn cho buổi dạo công viên mùa xuân, hãy bắt đầu với lớp nền nhẹ nhàng như BB cream hoặc cushion. Thêm chút má hồng đào hoặc cam san hô để khuôn mặt ửng hồng tự nhiên. Dùng son dưỡng có màu hoặc son tint nhẹ nhàng. Đừng quên mascara để đôi mắt trông to và long lanh hơn. Cuối cùng, xịt một lớp xịt khoáng để giữ lớp trang điểm bền lâu và giúp da đủ ẩm nhé!
"
Kỹ thuật makeup 'coral shimmer' là gì?,"""Coral shimmer"" là kỹ thuật trang điểm tập trung tạo hiệu ứng rạng rỡ, khỏe khoắn với tông màu san hô ấm áp. 

**Các bước thực hiện:**

1.  **Phấn má hồng:** Chọn phấn má hồng màu san hô, đánh lên gò má theo hình chữ C, tập trung vào vùng cao nhất.
2.  **Highlight:** Sử dụng highlighter màu champagne hoặc ngọc trai, đánh nhẹ lên gò má, sống mũi, nhân trung và khóe mắt.
3.  **Son môi:** Chọn son màu san hô hoặc hồng đào để hoàn thiện.

Kỹ thuật này phù hợp với nhiều tông da, đặc biệt là da trung bình và da ngăm, giúp khuôn mặt tươi tắn và tràn đầy sức sống.
"
Làm sao để nhận diện chai xịt dưỡng chứa chiết xuất hoa cúc qua hình ảnh?,"Để nhận diện chai xịt dưỡng chứa chiết xuất hoa cúc qua hình ảnh, bạn có thể chú ý các điểm sau:

1. **Màu sắc:** Bao bì thường có tông xanh lam, trắng hoặc vàng nhạt, gợi liên tưởng đến sự dịu nhẹ của hoa cúc.
2. **Hình ảnh:** Chai thường in hình hoa cúc (chamomile) hoặc có các họa tiết liên quan đến thiên nhiên, thảo dược.
3. **Từ khóa:** Tìm các từ như ""chamomile"", ""hoa cúc"", ""soothing"" (dịu nhẹ), ""calming"" (làm dịu) trên nhãn.
4. **Thương hiệu:** Một số thương hiệu nổi tiếng với sản phẩm hoa cúc như Kiehl's, Aveeno thường có thiết kế đặc trưng.
"
Cách chọn son môi cho buổi đi tiệc tối trên du thuyền?,"Để chọn son môi cho buổi tiệc tối trên du thuyền, bạn nên ưu tiên các màu son đậm và có chút ánh nhũ để nổi bật dưới ánh đèn. Đỏ ruby, hồng đất, hoặc cam đất là những lựa chọn an toàn và sang trọng.

**Các bước chọn son:**

1.  **Xác định tông da:** Da sáng hợp đỏ tươi, da trung bình hợp hồng đất, da ngăm hợp cam đất.
2.  **Chọn chất son:** Son kem lì hoặc son satin giúp son lâu trôi, phù hợp với việc ăn uống trên du thuyền.
3.  **Thử son:** Luôn thử son trước khi mua để đảm bảo màu sắc hài hòa với trang điểm và trang phục.
"
Tại sao nên dùng tẩy trang dạng gel nhẹ cho da dầu?,"Chào bạn, với da dầu, tẩy trang dạng gel nhẹ là lựa chọn lý tưởng vì một số lý do sau:

1. **Loại bỏ dầu thừa hiệu quả:** Gel có khả năng hòa tan và cuốn trôi dầu thừa, bã nhờn sâu trong lỗ chân lông mà không gây bí da.
2. **Kết cấu nhẹ nhàng:** So với dầu tẩy trang, gel không gây cảm giác nhờn rít, giúp da thông thoáng.
3. **Ít gây kích ứng:** Công thức thường chứa ít dầu và cồn, phù hợp với da nhạy cảm dễ nổi mụn.
4. **Dễ dàng rửa sạch:** Gel dễ dàng được loại bỏ hoàn toàn bằng nước, tránh để lại cặn trên da.
"
Làm sao để nhận diện cây cọ tán phấn mắt dạng nhỏ qua hình ảnh?,"Để nhận diện cọ tán phấn mắt dạng nhỏ qua hình ảnh, bạn hãy chú ý các điểm sau:

1. **Kích thước:** Cọ thường nhỏ gọn, lông cọ ngắn và đầu cọ tròn hoặc hơi dẹt.
2. **Hình dáng:** So với cọ khác, cọ tán phấn mắt nhỏ có phần cán ngắn hơn, dễ cầm nắm và điều khiển.
3. **Lông cọ:** Lông cọ mềm mại, thường làm từ sợi tổng hợp hoặc lông tự nhiên, giúp tán phấn mịn và đều.
4. **Màu sắc:** Thường thấy màu đen, trắng, hoặc các màu pastel.
"
Kỹ thuật makeup 'soft lavender' là gì?,"Kỹ thuật makeup ""soft lavender"" (tím lavender dịu nhẹ) tập trung vào việc tạo lớp trang điểm trong trẻo, tươi tắn với tông tím lavender làm chủ đạo. 

**Các bước thực hiện:**

1.  **Phấn mắt:** Sử dụng phấn mắt tím lavender nhạt tán đều bầu mắt, nhấn nhá bằng nâu nhạt ở đuôi mắt.
2.  **Má hồng:** Chọn má hồng tím lavender hoặc hồng đào để tạo độ ửng hồng tự nhiên.
3.  **Son môi:** Son nude hồng hoặc tím lavender nhạt là lựa chọn hoàn hảo.
4.  **Highlight:** Highlight nhẹ ở gò má, sống mũi để tăng độ glow.

Kỹ thuật này phù hợp với những cô nàng yêu thích vẻ đẹp nhẹ nhàng, nữ tính.
"
Làm sao để nhận diện lọ kem nền dạng lỏng có SPF qua hình ảnh?,"Để nhận diện kem nền lỏng có SPF qua hình ảnh, bạn hãy chú ý các điểm sau:

1. **Nhãn mác:** Tìm các ký hiệu như ""SPF"", ""PA+"" hoặc ""Broad Spectrum"" trên bao bì.
2. **Mô tả sản phẩm:** Các từ khóa như ""kem nền chống nắng"", ""foundation with SPF"" thường xuất hiện.
3. **Kết cấu:** Kem nền có SPF thường lỏng nhẹ hơn, dễ tán đều để đảm bảo lớp chống nắng mỏng mịn.
4. **Màu sắc:** Một số kem nền có SPF có thể hơi ngả vàng do chứa các thành phần chống nắng vật lý.
"
Cách chọn cọ để tán phấn mắt nhũ cho mắt lồi?,"Với mắt lồi, nên chọn cọ tán phấn mắt có đầu nhỏ, hình dáng tròn hoặc hơi dẹt, lông cọ mềm mại và không quá dày. Cọ nhỏ giúp kiểm soát lượng phấn tốt hơn, tránh làm mắt trông to hơn. Lông mềm mại giúp tán phấn nhẹ nhàng, không gây kích ứng. Tránh cọ đầu lớn, lông cứng vì sẽ làm phấn lan rộng, khiến mắt trông lồi hơn. Nên dùng cọ để ""nhấn"" nhẹ phấn lên mí mắt thay vì chà xát.
"
Tại sao nên dùng son dưỡng có chứa bơ hạt mỡ trước son kem?,"Chào bạn,

Son dưỡng có bơ hạt mỡ là bước chuẩn bị tuyệt vời trước khi dùng son kem vì một số lý do:

1. **Dưỡng ẩm:** Bơ hạt mỡ giàu vitamin và axit béo, giúp môi mềm mại, tránh tình trạng khô bong tróc.
2. **Tạo lớp nền:** Bơ hạt mỡ tạo một lớp nền mịn màng, giúp son kem bám dính tốt hơn và lên màu chuẩn hơn.
3. **Bảo vệ môi:** Bơ hạt mỡ giúp bảo vệ môi khỏi tác động gây hại từ son kem, đặc biệt là các thành phần có thể gây khô môi.

Việc này giúp son kem không bị ""kẹt"" vào các rãnh môi, cho đôi môi căng mọng và sắc nét hơn.
"
Làm sao để nhận diện hộp phấn mắt dạng bột nén qua hình ảnh?,"Để nhận diện hộp phấn mắt dạng bột nén qua hình ảnh, bạn hãy chú ý các điểm sau:

1. **Hình dáng:** Thường là hộp vuông hoặc tròn, có nắp đậy kín.
2. **Bề mặt:** Bột phấn được nén chặt, có thể thấy rõ các màu sắc riêng biệt hoặc hòa trộn. Bề mặt không lỏng lẻo như phấn rôm.
3. **Kết cấu:** Khi nhìn gần, bạn sẽ thấy phấn có dạng bột mịn, nhưng vẫn giữ được hình dạng khi chạm nhẹ.
4. **Thành phần:** Thường có kèm gương và cọ nhỏ bên trong hộp.
"
Cách tạo makeup cho buổi đi xem triển lãm thời trang hiện đại?,"Để có makeup phù hợp buổi xem triển lãm thời trang hiện đại, bạn nên tập trung vào sự tinh tế và cá tính.

1.  **Nền:** Chọn nền nhẹ nhàng, tự nhiên, che khuyết điểm vừa đủ.
2.  **Mắt:** Sử dụng phấn mắt màu trung tính (xám, nâu) hoặc một chút màu nổi bật như xanh navy, cam đất. Kẻ eyeliner mảnh, có thể thêm chút nhũ.
3.  **Má:** Phấn má hồng đào hoặc cam san hô tạo vẻ tươi tắn.
4.  **Môi:** Son nude, hồng đất hoặc đỏ gạch là lựa chọn an toàn, tôn vẻ thanh lịch.

Lý do: Makeup này giúp bạn nổi bật nhưng không lấn át trang phục, đồng thời thể hiện sự am hiểu về thời trang.
"
Kỹ thuật makeup 'glitter coral' là gì?,"Kỹ thuật makeup ""glitter coral"" là xu hướng trang điểm tập trung vào sắc cam san hô tươi tắn kết hợp với ánh nhũ lấp lánh. 

**Các bước thực hiện:**

1.  **Phấn mắt:** Sử dụng phấn mắt màu cam san hô làm chủ đạo, có thể ombre với chút màu nâu đào.
2.  **Nhũ:** Thêm nhũ lấp lánh (dạng bột hoặc gel) lên bầu mắt, tập trung ở giữa mí mắt hoặc hốc mắt.
3.  **Má hồng:** Chọn má hồng màu cam san hô tương đồng.
4.  **Son:** Sử dụng son cam san hô hoặc son bóng có nhũ nhẹ.

Kỹ thuật này tạo vẻ ngoài rạng rỡ, trẻ trung và phù hợp với mùa hè.
"
Làm sao để nhận diện chai tẩy trang dạng nước micellar qua hình ảnh?,"Để nhận diện nước tẩy trang micellar qua hình ảnh, bạn hãy chú ý các điểm sau:

1. **Dạng chai:** Thường là chai nhựa trong suốt hoặc mờ, có dung tích từ 100ml - 500ml.
2. **Nhãn mác:** Ghi rõ ""Micellar Water"" hoặc ""Nước Micellar"", kèm hình ảnh các ""micelle"" (những hạt nhỏ li ti).
3. **Màu sắc:** Chất lỏng bên trong thường trong suốt, không màu hoặc màu xanh nhạt.
4. **Thành phần:** Thường có các thành phần dịu nhẹ, cấp ẩm như glycerin, hyaluronic acid.
"
Cách chọn son môi cho buổi đi làm vào mùa thu?,"Để chọn son môi phù hợp đi làm mùa thu, bạn nên ưu tiên các màu sắc tự nhiên, nhẹ nhàng. Các tông màu như hồng đào, cam đất, nude hoặc màu nâu nhạt sẽ là lựa chọn lý tưởng. Chúng tạo vẻ thanh lịch, chuyên nghiệp mà vẫn tôn được nét dịu dàng của mùa thu. Chất son nên chọn loại có dưỡng ẩm để môi không bị khô, nứt nẻ do thời tiết se lạnh. Tránh các màu quá nổi bật hoặc bóng bẩy.
"
Tại sao nên dùng kem lót có chứa chiết xuất cây phỉ cho da nhạy cảm?,"Kem lót chứa chiết xuất cây phỉ rất lý tưởng cho da nhạy cảm vì một số lý do. Cây phỉ có đặc tính làm dịu và kháng viêm tự nhiên, giúp giảm kích ứng và mẩn đỏ. Nó cũng giúp se khít lỗ chân lông, kiểm soát dầu thừa nhẹ nhàng mà không gây khô da. Điều này tạo một lớp nền mịn màng, giúp kem nền bám tốt hơn và bảo vệ da khỏi các tác nhân gây hại từ môi trường.
"
Làm sao để nhận diện cây cọ tán phấn highlighter dạng tròn qua hình ảnh?,"Để nhận diện cọ tán phấn highlighter dạng tròn qua hình ảnh, bạn hãy chú ý các điểm sau:

1. **Hình dáng:** Đầu cọ có hình tròn, đầy đặn, lông cọ mềm mại và thường ngắn.
2. **Kích thước:** Cọ highlighter tròn thường nhỏ gọn hơn các loại cọ khác, vừa vặn để tán highlight lên các điểm cao trên khuôn mặt.
3. **Lông cọ:** Lông cọ thường trắng hoặc màu ngà, có thể là sợi tự nhiên hoặc tổng hợp, nhưng luôn mềm để không gây kích ứng da.
"
Cách tạo makeup cho buổi đi ăn trưa ở nhà hàng Ý?,"Để có một lớp trang điểm phù hợp cho buổi ăn trưa tại nhà hàng Ý, bạn nên ưu tiên vẻ đẹp tự nhiên, tươi tắn.

1.  **Nền:** Sử dụng kem nền nhẹ nhàng hoặc BB cream để che phủ khuyết điểm, tạo lớp nền mịn màng.
2.  **Mắt:** Phấn mắt màu nude hoặc nâu nhạt, kết hợp mascara để mở rộng đôi mắt.
3.  **Má:** Sử dụng phấn má hồng màu đào hoặc hồng san hô để tạo vẻ ửng hồng tự nhiên.
4.  **Môi:** Son môi màu hồng nude, cam đất hoặc đỏ san hô sẽ rất phù hợp với không gian ấm cúng của nhà hàng Ý."
Kỹ thuật makeup 'soft champagne' là gì?,"Kỹ thuật makeup ""soft champagne"" tập trung vào việc tạo lớp nền và highlight glowy, tự nhiên như ánh champagne. 

**Các bước chính:**

1.  **Nền:** Chọn kem nền ẩm mịn, độ che phủ nhẹ đến trung bình.
2.  **Highlight:** Sử dụng highlighter màu champagne (vàng ánh hồng) ở gò má, sống mũi, nhân trung, và khóe mắt.
3.  **Màu mắt:** Chọn các tông màu nude, nâu nhạt, hoặc champagne để tạo chiều sâu.
4.  **Son:** Son nude hoặc hồng đào nhẹ nhàng hoàn thiện vẻ ngoài tươi tắn.

Kỹ thuật này phù hợp với mọi màu da, giúp da trông rạng rỡ và khỏe mạnh.
"
Làm sao để nhận diện lọ kem dưỡng ban ngày có chứa vitamin B5 qua hình ảnh?,"Để nhận diện kem dưỡng ban ngày chứa Vitamin B5 qua hình ảnh, bạn hãy chú ý các điểm sau:

1. **Thành phần:** Tìm dòng chữ ""Vitamin B5"", ""Panthenol"" hoặc ""Pro-Vitamin B5"" trên bao bì.
2. **Mô tả:** Sản phẩm thường được quảng cáo có khả năng cấp ẩm, phục hồi da, dịu da, hoặc hỗ trợ hàng rào bảo vệ da.
3. **Kết cấu:** Kem B5 thường có kết cấu mỏng nhẹ, dễ thẩm thấu, không gây nhờn dính.
4. **Màu sắc:** Màu kem có thể trong suốt hoặc trắng đục nhẹ.
"
Cách chọn cọ để tán kem che khuyết điểm cho vùng mũi?,"Để tán kem che khuyết điểm vùng mũi hiệu quả, bạn nên chọn cọ nhỏ, đầu bằng và lông mềm mại. Cọ đầu bằng giúp kem che khuyết điểm được phân bố đều, che phủ các khuyết điểm như mụn đầu đen, vết đỏ. Lông mềm mại tránh gây kích ứng da mũi nhạy cảm. Bạn có thể dùng cọ hình tam giác nhỏ hoặc cọ đánh phấn mắt nhỏ để tán kem che khuyết điểm cho vùng mũi một cách chính xác.
"
Tại sao nên dùng tẩy trang dạng bọt cho makeup nhẹ?,"Chào bạn,

Với makeup nhẹ nhàng hàng ngày, tẩy trang dạng bọt là lựa chọn lý tưởng vì một số lý do:

1. **Nhẹ nhàng:** Bọt tẩy trang có kết cấu mềm mại, dễ dàng len lỏi vào lỗ chân lông, loại bỏ bụi bẩn, dầu thừa và lớp makeup mỏng mà không gây kích ứng.
2. **Sạch sâu:** Bọt giúp làm sạch sâu, ngăn ngừa tình trạng bí tắc lỗ chân lông, giảm nguy cơ mụn.
3. **Cấp ẩm:** Nhiều sản phẩm bọt tẩy trang có thêm thành phần dưỡng ẩm, giúp da không bị khô căng sau khi làm sạch.

Đây là lựa chọn phù hợp cho da thường, da dầu và da hỗn hợp.
"
Làm sao để nhận diện hộp phấn má hồng dạng lỏng qua hình ảnh?,"Để nhận diện phấn má hồng dạng lỏng qua hình ảnh, bạn hãy chú ý các điểm sau:

1. **Kết cấu:** Phấn má hồng lỏng thường có vẻ bóng nhẹ, không phải dạng bột mịn như phấn khô.
2. **Bao bì:** Thường được đựng trong chai thủy tinh hoặc tuýp nhựa nhỏ, có vòi pump hoặc applicator để lấy sản phẩm.
3. **Màu sắc:** Màu sắc thường đậm đà hơn phấn khô cùng tông màu, vì cần pha loãng khi sử dụng.
4. **Độ trong suốt:** Một số loại có thể hơi trong suốt, không hoàn toàn đục như phấn nén.
"
Cách tạo makeup cho buổi đi xem triển lãm kiến trúc cổ?,"Chào bạn, để makeup cho buổi đi xem triển lãm kiến trúc cổ, mình gợi ý một phong cách trang điểm tự nhiên, tinh tế nhưng vẫn đủ nổi bật.

1.  **Nền:** Dùng kem nền nhẹ nhàng, che khuyết điểm vừa đủ để có làn da mịn màng, tự nhiên.
2.  **Mắt:** Phấn mắt màu nâu đất hoặc cam đất, tán nhẹ nhàng để tạo chiều sâu. Kẻ eyeliner mảnh, không quá đậm.
3.  **Má:** Phấn má hồng màu đào hoặc hồng san hô, đánh nhẹ nhàng để có đôi má ửng hồng tự nhiên.
4.  **Môi:** Son nude hoặc son màu hồng đất, giúp khuôn mặt trông thanh lịch.

Phong cách này tôn trọng vẻ đẹp tự nhiên, đồng thời không làm phân tâm khi bạn chiêm ngưỡng kiến trúc cổ."
Kỹ thuật makeup 'smokey lavender' là gì?,"Kỹ thuật ""Smokey Lavender"" là xu hướng trang điểm mắt tập trung vào sắc tím lavender (oải hương) chủ đạo, tạo hiệu ứng mắt khói mềm mại, lãng mạn. 

**Các bước thực hiện:**

1.  **Chuẩn bị:** Phủ phấn mắt màu nude lên toàn bộ bầu mắt.
2.  **Tạo khối:** Dùng cọ tán phấn màu tím lavender đậm hơn ở đuôi mắt, sau đó tán đều lên bầu mắt.
3.  **Đánh nhũ:** Thêm chút phấn nhũ tím sáng ở giữa bầu mắt để tăng chiều sâu.
4.  **Kẻ mắt & Mascara:** Kẻ mắt liner màu nâu hoặc tím, chải mascara để hoàn thiện.

Sắc tím lavender phù hợp với nhiều tông da, đặc biệt là da trung bình và da sáng.
"
Làm sao để nhận diện chai xịt dưỡng có chứa niacinamide qua hình ảnh?,"Để nhận diện chai xịt dưỡng chứa niacinamide qua hình ảnh, bạn hãy chú ý các điểm sau:

1. **Kiểm tra bảng thành phần:** Niacinamide thường được ghi rõ ràng trên bao bì, có thể dưới tên ""Niacinamide"", ""Vitamin B3"" hoặc ""Nicotinamide"".
2. **Màu sắc sản phẩm:** Dung dịch niacinamide thường trong suốt, có thể hơi vàng nhạt.
3. **Nhãn hiệu & mô tả:** Các sản phẩm chứa niacinamide thường có các từ khóa như ""sáng da"", ""mờ thâm"", ""kiểm soát dầu"" trên bao bì.
"
Cách chọn son môi cho buổi đi công viên vào mùa thu?,"Để chọn son môi phù hợp cho buổi đi công viên mùa thu, bạn nên ưu tiên các màu sắc tự nhiên, nhẹ nhàng. Các tông màu như cam đất, hồng đào, hoặc màu nude có chút nâu sẽ rất lý tưởng. 

**Lý do:** Màu sắc này hài hòa với không khí trong lành, lá vàng rơi của mùa thu, đồng thời không quá nổi bật mà vẫn tôn lên vẻ đẹp tự nhiên của bạn. Chất son nên chọn loại có dưỡng ẩm để môi không bị khô do thời tiết se lạnh.
"
Tại sao nên dùng kem lót có chứa chiết xuất trà đen cho da nhạy cảm?,"Kem lót chứa chiết xuất trà đen rất lý tưởng cho da nhạy cảm vì một số lý do. Trà đen giàu polyphenol, là chất chống oxy hóa mạnh mẽ, giúp bảo vệ da khỏi tác hại của gốc tự do và giảm kích ứng. Đồng thời, trà đen có tính kháng viêm, làm dịu da ửng đỏ và giảm các dấu hiệu nhạy cảm. Kem lót này tạo lớp nền mịn màng, giúp lớp trang điểm bám tốt hơn mà không gây khó chịu cho da.
"
Làm sao để nhận diện cây cọ tán phấn highlighter dạng quạt lớn qua hình ảnh?,"Để nhận diện cọ tán phấn highlighter dạng quạt lớn qua hình ảnh, bạn hãy chú ý các điểm sau:

1. **Hình dáng:** Cọ có hình dáng quạt lớn, các sợi lông xòe rộng như cánh quạt.
2. **Kích thước:** Lông cọ dài và dày, kích thước tổng thể cọ lớn hơn các loại cọ khác.
3. **Mật độ lông:** Lông cọ mềm mại, mật độ vừa phải, không quá dày cũng không quá thưa.
4. **Màu sắc:** Thường có màu trắng, đen hoặc kết hợp, phù hợp với các loại phấn highlighter.

Cọ này dùng để tán highlighter lên các vùng gồ ghề trên khuôn mặt như gò má, sống mũi, trán, giúp tạo hiệu ứng bắt sáng.
"
Cách tạo makeup cho buổi đi ăn tối ở nhà hàng Pháp?,"Để có một lớp trang điểm phù hợp cho buổi tối lãng mạn tại nhà hàng Pháp, hãy tập trung vào sự tinh tế và thanh lịch.

1.  **Nền:** Sử dụng kem nền mỏng nhẹ, che khuyết điểm vừa đủ.
2.  **Mắt:** Phấn mắt tông màu nude hoặc nâu ấm, đánh nhũ mắt nhẹ nhàng ở bầu mắt. Kẻ mắt mảnh, không quá đậm.
3.  **Má:** Phấn má hồng đào hoặc hồng san hô, đánh nhẹ nhàng để tạo vẻ ửng hồng tự nhiên.
4.  **Môi:** Son môi màu đỏ rượu hoặc hồng đất, đánh lòng môi để tạo hiệu ứng mềm mại.

Lưu ý: Giữ cho lớp trang điểm cân bằng, không quá cầu kỳ để tôn lên vẻ đẹp tự nhiên của bạn.
"
Kỹ thuật makeup 'glitter pink' là gì?,"Kỹ thuật makeup ""glitter pink"" tập trung vào việc tạo hiệu ứng lấp lánh màu hồng ngọt ngào, trẻ trung. 

**Các bước thực hiện:**

1.  **Chuẩn bị:** Trang điểm mắt cơ bản với phấn mắt hồng nhạt làm nền.
2.  **Glitter:** Dùng cọ nhỏ hoặc ngón tay thoa glitter hồng lên bầu mắt, tập trung ở giữa hoặc hốc mắt.
3.  **Hoàn thiện:** Kẻ eyeliner mảnh, chuốt mascara và tô son hồng để đồng bộ.

**Lý do:** Glitter giúp đôi mắt nổi bật, còn màu hồng tạo cảm giác nữ tính, tươi sáng.
"
Làm sao để nhận diện lọ kem nền dạng stick có SPF qua hình ảnh?,"Để nhận diện kem nền dạng stick có SPF qua hình ảnh, bạn hãy chú ý các điểm sau:

1. **Nhãn sản phẩm:** Tìm các ký hiệu như ""SPF"", ""PA+"" hoặc ""Broad Spectrum"" trên bao bì.
2. **Mô tả sản phẩm:** Các từ khóa như ""kem nền chống nắng"", ""foundation with SPF"" thường xuất hiện.
3. **Hình ảnh:** Một số sản phẩm sẽ nổi bật thông tin SPF trên thân stick hoặc hộp.
4. **Thương hiệu:** Các thương hiệu mỹ phẩm uy tín thường ghi rõ chỉ số SPF.
"
Cách chọn cọ để tán phấn mắt cho mắt sâu?,"Với mắt sâu, việc chọn cọ tán phấn mắt rất quan trọng để tạo chiều sâu và tránh bị ""lõm"". Bạn nên ưu tiên các loại cọ:

1. **Cọ đầu vát (angled brush):** Giúp xác định đường viền mắt và tán phấn vào hốc mắt một cách chính xác.
2. **Cọ blending (cọ tán):** Cọ mềm, đầu tròn hoặc xù để làm mờ các đường chuyển màu, tạo hiệu ứng mắt sâu tự nhiên.
3. **Cọ nhỏ, đầu dẹt:** Dùng để đánh phấn highlight ở khóe mắt và dưới chân mày, giúp mắt trông bừng sáng hơn.

Lý do: Mắt sâu cần sự tương phản và kỹ thuật tán màu tỉ mỉ để tránh bị ""mất"" chiều sâu.
"
Tại sao nên dùng son dưỡng có chứa dầu hạt jojoba trước son tint?,"Chào bạn,

Dầu hạt jojoba trong son dưỡng là một bước chuẩn bị tuyệt vời trước khi dùng son tint. Dầu jojoba có cấu trúc tương tự sebum tự nhiên của da môi, giúp làm mềm môi, cung cấp độ ẩm và tạo một lớp màng bảo vệ. Điều này giúp son tint bám màu tốt hơn, không bị khô bong tróc và lên màu chuẩn hơn. Đồng thời, dầu jojoba còn giúp làm dịu môi, giảm tình trạng kích ứng do son tint gây ra.
"
Làm sao để nhận diện hộp phấn mắt dạng gel qua hình ảnh?,"Để nhận diện hộp phấn mắt dạng gel qua hình ảnh, bạn hãy chú ý các điểm sau:

1. **Kết cấu:** Phấn mắt gel thường có vẻ ẩm ướt, bóng nhẹ, không khô ráo như phấn bột.
2. **Hộp đựng:** Thường được đựng trong lọ thủy tinh nhỏ hoặc hộp nhựa tròn, có nắp đậy kín để giữ độ ẩm.
3. **Màu sắc:** Màu sắc thường đậm đà, sắc nét hơn so với phấn bột.
4. **Dạng sản phẩm:** Nhìn kỹ, bạn sẽ thấy kết cấu gel đặc hơn, không phải dạng bột rời.
"
Cách tạo makeup cho buổi đi xem triển lãm thời trang bền vững?,"Để có makeup phù hợp buổi xem triển lãm thời trang bền vững, hãy ưu tiên vẻ đẹp tự nhiên, tinh tế.

1.  **Chuẩn bị da:** Dưỡng ẩm kỹ để lớp nền mịn màng, sử dụng kem chống nắng.
2.  **Nền:** Chọn BB cream hoặc cushion mỏng nhẹ, che khuyết điểm vừa đủ.
3.  **Mắt:** Phấn mắt màu nude hoặc nâu đất, kẻ mắt mảnh, mascara nhẹ nhàng.
4.  **Má:** Phấn má hồng đào hoặc cam đất, tạo gò má tự nhiên.
5.  **Môi:** Son dưỡng hoặc son màu nude/ hồng nhạt.

Lưu ý: Ưu tiên các sản phẩm hữu cơ, thân thiện với môi trường để phù hợp với chủ đề bền vững.
"
Kỹ thuật makeup 'smokey pink' là gì?,"Kỹ thuật makeup ""Smokey Pink"" là biến tấu của smokey eyes cổ điển, nhưng sử dụng các tông màu hồng, tím nhạt thay vì đen xám. 

**Các bước thực hiện:**

1.  **Tạo lớp nền:** Phủ phấn mắt màu hồng nhạt trên toàn bầu mắt.
2.  **Tạo chiều sâu:** Dùng màu hồng đậm hơn (như hồng đào, hồng mận) tập trung ở đuôi mắt và hốc mắt, tán đều.
3.  **Nhấn nhá:** Thêm chút màu tím nhạt ở giữa bầu mắt để tạo hiệu ứng chuyển màu.
4.  **Hoàn thiện:** Kẻ eyeliner màu nâu hoặc tím, chuốt mascara và đánh son hồng nude.

Smokey Pink mang đến vẻ đẹp dịu dàng, nữ tính hơn so với smokey eyes truyền thống.
"
Làm sao để nhận diện chai tẩy trang dạng gel qua hình ảnh?,"Để nhận diện chai tẩy trang dạng gel qua hình ảnh, bạn hãy chú ý các điểm sau:

1. **Kết cấu:** Gel thường trong suốt hoặc hơi đục, sánh mịn, không lỏng như dầu hay nước.
2. **Bao bì:** Thường đựng trong tuýp hoặc chai có pump, giúp kiểm soát lượng sản phẩm dễ dàng.
3. **Nhãn mác:** Các từ khóa như ""gel cleanser"", ""gel makeup remover"" hoặc ""dành cho mọi loại da"" thường xuất hiện.
4. **Màu sắc:** Màu sắc chai thường tươi mát, liên quan đến sự tươi mát và dịu nhẹ của gel.
"
Tại sao nên dùng kem lót có chứa chiết xuất hoa hồng cho da nhạy cảm?,"Kem lót chứa chiết xuất hoa hồng rất lý tưởng cho da nhạy cảm vì nhiều lý do. Hoa hồng nổi tiếng với đặc tính làm dịu và chống viêm, giúp giảm kích ứng và mẩn đỏ. Chiết xuất này cung cấp độ ẩm nhẹ nhàng, không gây bí da, đồng thời tạo một lớp bảo vệ mỏng manh giúp da bớt tiếp xúc trực tiếp với các thành phần trang điểm có thể gây kích ứng. Nhờ vậy, kem lót hoa hồng giúp lớp nền mịn màng hơn và bảo vệ da nhạy cảm.
"
Làm sao để nhận diện cây cọ tán phấn mắt dạng blending qua hình ảnh?,"Để nhận diện cọ tán phấn mắt dạng blending qua hình ảnh, bạn hãy chú ý các điểm sau:

1. **Hình dáng:** Đầu cọ thường tròn, xoe hoặc hình giọt nước, lông cọ mềm mại và xốp.
2. **Lông cọ:** Lông cọ không quá dày, không quá thưa, có độ phồng tự nhiên để dễ dàng hòa trộn phấn.
3. **Kích thước:** Thường có kích thước vừa phải, không quá lớn cũng không quá nhỏ, phù hợp để tán phấn trong hốc mắt.

Cọ blending giúp tạo hiệu ứng chuyển màu mượt mà, tự nhiên, không gây vệt rõ ràng.
"
Cách tạo makeup cho buổi đi ăn sáng ở quán cà phê?,"Để có một lớp trang điểm nhẹ nhàng cho buổi sáng tại quán cà phê, bạn hãy thực hiện các bước sau:

1. **Dưỡng ẩm:** Dưỡng ẩm da là bước quan trọng để lớp makeup mịn màng.
2. **Kem nền/BB cream:** Chọn loại có độ che phủ nhẹ để da trông tự nhiên.
3. **Má hồng:** Thêm một chút má hồng đào hoặc hồng san hô để khuôn mặt tươi tắn.
4. **Son dưỡng/son tint:** Chọn màu son nhẹ nhàng như hồng baby hoặc cam đất.
5. **Chân mày:** Chải nhẹ nhàng theo dáng tự nhiên.

Lớp trang điểm này giúp bạn trông tươi tắn, rạng rỡ mà vẫn thoải mái, phù hợp với không gian quán cà phê.
"
Kỹ thuật makeup 'soft rose' là gì?,"Kỹ thuật makeup ""soft rose"" tập trung vào vẻ đẹp tự nhiên, tươi tắn như những cánh hồng. Các bước chính bao gồm:

1. **Nền:** Sử dụng kem nền nhẹ nhàng, độ che phủ vừa phải để giữ vẻ tự nhiên.
2. **Mắt:** Phủ phấn mắt màu hồng đào, cam đào nhẹ nhàng, tập trung vào vùng giữa mí mắt.
3. **Má:** Tô phấn má hồng đào, tán đều để tạo gò má ửng hồng.
4. **Môi:** Sử dụng son dưỡng hoặc son tint màu hồng san hô.

Kỹ thuật này tạo cảm giác trẻ trung, nữ tính và phù hợp với nhiều tông da.
"
Làm sao để nhận diện lọ kem dưỡng ẩm có chứa hyaluronic acid qua hình ảnh?,"Để nhận diện kem dưỡng ẩm chứa hyaluronic acid qua hình ảnh, bạn hãy chú ý các điểm sau:

1. **Thành phần:** Tìm dòng chữ ""Hyaluronic Acid"", ""Sodium Hyaluronate"" hoặc ""HA"" trên bao bì.
2. **Mô tả:** Sản phẩm thường có các từ khóa như ""dưỡng ẩm sâu"", ""cấp nước"", ""làm đầy nếp nhăn"".
3. **Kết cấu:** Kem thường có texture gel-cream, mỏng nhẹ, trong suốt hoặc hơi đục.
4. **Hình ảnh:** Bao bì có thể hiển thị hình ảnh phân tử hyaluronic acid (hình giọt nước liên kết).
"
Cách chọn cọ để tán phấn mắt nhũ cho mắt to?,"Để tán phấn mắt nhũ cho mắt to, bạn nên chọn cọ đầu nhỏ, dẹt và lông cọ mềm mại. Cọ đầu nhỏ giúp kiểm soát lượng phấn tốt hơn, tránh tình trạng phấn rơi xuống dưới mắt. Lông cọ mềm mại giúp tán phấn mịn màng, bám dính tốt và không gây kích ứng. Nên ưu tiên cọ có hình dáng ""fluffy blending brush"" để tạo hiệu ứng chuyển màu mềm mại, tự nhiên.
"
Tại sao nên dùng tẩy trang dạng micellar cho da hỗn hợp?,"Chào bạn, với da hỗn hợp, tẩy trang micellar là lựa chọn lý tưởng vì khả năng làm sạch sâu nhưng vẫn dịu nhẹ. Các phân tử micelle trong sản phẩm hoạt động như nam châm, hút sạch bụi bẩn, dầu thừa ở vùng chữ T (thường dầu) mà không gây khô căng vùng da còn lại. Đồng thời, công thức này không chứa cồn, hương liệu, giúp cân bằng độ ẩm, hạn chế kích ứng cho da hỗn hợp nhạy cảm.
"
Làm sao để nhận diện hộp phấn má hồng dạng bột nén qua hình ảnh?,"Để nhận diện phấn má hồng dạng bột nén qua hình ảnh, bạn hãy chú ý các điểm sau:

1. **Hình dáng hộp:** Thường là hình tròn, vuông hoặc chữ nhật nhỏ gọn, dễ mang theo.
2. **Bề mặt:** Bột phấn được nén chặt, có thể nhìn thấy hoa văn hoặc màu sắc nhẹ trên bề mặt.
3. **Phần nhìn thấy:** Thường có gương bên trong và một ngăn nhỏ chứa cọ hoặc bông phấn.
4. **Kết cấu:** Phấn có vẻ mịn, không lỏng lẻo như phấn rôm.
"
Kỹ thuật makeup 'glitter peach' là gì?,"Kỹ thuật makeup ""Glitter Peach"" (Đào lấp lánh) tập trung tạo hiệu ứng da căng bóng, khỏe khoắn như trái đào mọng nước, kết hợp với chút lấp lánh tinh tế. 

**Các bước chính:**

1.  **Dưỡng ẩm:** Cấp ẩm kỹ lưỡng để da mịn màng.
2.  **Highlight:** Tập trung highlight ở gò má, sống mũi, trán, cằm - những vị trí bắt sáng tự nhiên.
3.  **Phấn má hồng:** Sử dụng phấn má hồng màu đào nhẹ nhàng.
4.  **Glitter:** Rắc nhẹ glitter mịn lên vùng highlight để tạo hiệu ứng lấp lánh.

Kỹ thuật này giúp khuôn mặt trông tươi tắn, trẻ trung và tràn đầy sức sống.
"
Làm sao để nhận diện chai xịt dưỡng da có chứa peptide qua hình ảnh?,"Để nhận diện chai xịt dưỡng da chứa peptide qua hình ảnh, bạn hãy chú ý các yếu tố sau:

1. **Thành phần:** Tìm các từ khóa như ""peptide"", ""acetyl hexapeptide-8"", ""copper peptide"" trên nhãn.
2. **Mô tả:** Sản phẩm thường nhấn mạnh khả năng ""chống lão hóa"", ""cải thiện nếp nhăn"", ""tăng độ đàn hồi"" do tác dụng của peptide.
3. **Bao bì:** Các sản phẩm peptide thường có thiết kế hiện đại, tối giản, hướng đến sự chuyên nghiệp và khoa học.
"
Cách chọn son môi cho buổi đi chơi công viên vào mùa xuân?,"Để chọn son môi cho buổi đi chơi công viên mùa xuân, bạn nên ưu tiên những màu sắc tươi tắn, nhẹ nhàng, tự nhiên. Các lựa chọn lý tưởng bao gồm:

1.  **Son hồng đào:** Mang đến vẻ ngọt ngào, nữ tính, phù hợp với không khí xuân.
2.  **Son cam san hô:** Tươi trẻ, năng động, giúp khuôn mặt trông rạng rỡ hơn.
3.  **Son nude:** Nhấn nhá nhẹ nhàng, phù hợp với makeup tối giản.

Nên chọn chất son mềm mịn, có dưỡng ẩm để đôi môi không bị khô trong tiết trời xuân. Tránh các màu son quá đậm hoặc quá tối.
"
Tại sao nên dùng kem lót có chứa chiết xuất trà trắng cho da dầu?,"Kem lót chứa chiết xuất trà trắng rất lý tưởng cho da dầu vì nhiều lý do. Trà trắng giàu chất chống oxy hóa, giúp bảo vệ da khỏi tác hại của môi trường, đồng thời kiểm soát bã nhờn hiệu quả. Chiết xuất này còn có khả năng làm dịu da, giảm kích ứng và se khít lỗ chân lông, tạo bề mặt mịn màng cho lớp nền. Nhờ đó, kem lót giúp lớp trang điểm bền lâu, hạn chế tình trạng bóng dầu và bít tắc lỗ chân lông.
"
Làm sao để nhận diện cây cọ tán phấn highlighter dạng quạt nhỏ qua hình ảnh?,"Để nhận diện cọ tán phấn highlighter dạng quạt nhỏ qua hình ảnh, bạn hãy chú ý các điểm sau:

1. **Hình dáng:** Cọ có hình dáng quạt xòe rộng, lông cọ mềm mại và thường ngắn.
2. **Kích thước:** Nhỏ gọn, vừa vặn trong lòng bàn tay, dễ dàng thao tác trên các vùng gò má, sống mũi.
3. **Lông cọ:** Thường làm từ sợi tổng hợp hoặc lông tự nhiên mềm, giúp tán highlighter mịn màng, không gây kích ứng.
4. **Màu sắc:** Thường có màu trắng, đen hoặc các màu pastel nhẹ nhàng.
"
Kỹ thuật makeup 'glitter rose' là gì?,"Kỹ thuật makeup ""Glitter Rose"" là xu hướng trang điểm lấy cảm hứng từ vẻ đẹp lãng mạn, nữ tính của loài hoa hồng kết hợp với sự lấp lánh của glitter. 

**Các bước chính:**

1.  **Phấn mắt:** Sử dụng các tông hồng đào, hồng san hô làm chủ đạo, nhấn nhá bằng glitter ở bầu mắt hoặc hốc mắt.
2.  **Má hồng:** Chọn má hồng màu hồng baby hoặc hồng đào, đánh theo hình dáng cánh hoa hồng.
3.  **Son môi:** Son hồng nude, hồng baby hoặc son bóng có nhũ nhẹ.
4.  **Điểm nhấn:** Thêm chút glitter nhỏ lên gò má hoặc môi để tăng hiệu ứng lấp lánh."
Làm sao để nhận diện lọ kem nền dạng lỏng nhẹ qua hình ảnh?,"Để nhận diện kem nền dạng lỏng nhẹ qua hình ảnh, bạn hãy chú ý các điểm sau:

1. **Kết cấu:** Kem nền lỏng nhẹ thường có vẻ ""nước"", không đặc sánh như kem.
2. **Độ che phủ:** Nhìn qua bao bì, các sản phẩm này thường ghi ""light coverage"" (che phủ nhẹ) hoặc ""sheer"" (mỏng nhẹ).
3. **Bao bì:** Thường được đựng trong chai thủy tinh hoặc nhựa có pump (bơm) để dễ dàng lấy lượng sản phẩm vừa đủ.
4. **Màu sắc:** Màu sắc thường trong trẻo, không quá đục.
"
Cách chọn cọ để tán phấn mắt cho mắt lồi?,"Chào bạn, với đôi mắt lồi, việc chọn cọ tán phấn mắt rất quan trọng để tạo chiều sâu và tránh làm mắt trông to hơn. Bạn nên ưu tiên các loại cọ:

1.  **Cọ đầu bằng, nhỏ:** Giúp tán phấn vào hốc mắt, tạo chiều sâu.
2.  **Cọ blending (hòa trộn) mềm, xù:** Làm mờ đường viền, giúp phấn mắt hòa quyện tự nhiên.
3.  **Tránh cọ đầu vát:** Vì sẽ làm mắt trông sắc và lồi hơn.

Lý do: Cọ nhỏ, đầu bằng tập trung màu vào hốc mắt, còn cọ blending giúp giảm độ tương phản, tạo hiệu ứng mắt sâu hơn."
Tại sao nên dùng son dưỡng có chứa dầu hạt nho trước son kem?,"Chào bạn,

Son dưỡng có dầu hạt nho là bước chuẩn bị tuyệt vời trước son kem vì một số lý do:

1. **Dưỡng ẩm:** Dầu hạt nho giàu vitamin E và axit béo, giúp môi mềm mịn, giảm tình trạng khô bong tróc.
2. **Tạo lớp nền:** Dầu hạt nho tạo một lớp nền mỏng nhẹ, giúp son kem bám dính tốt hơn, lên màu chuẩn và không bị vón cục.
3. **Chống oxy hóa:** Vitamin E trong dầu hạt nho bảo vệ môi khỏi tác hại của môi trường.

Việc này giúp son kem lên màu đẹp, bền màu và bảo vệ đôi môi của bạn.
"
Làm sao để nhận diện hộp phấn mắt dạng nhũ bột qua hình ảnh?,"Để nhận diện hộp phấn mắt dạng nhũ bột qua hình ảnh, bạn hãy chú ý các điểm sau:

1. **Bề mặt:** Phấn nhũ bột thường có bề mặt lấp lánh, nhiều hạt phấn nhỏ li ti.
2. **Độ mịn:** So với phấn mắt thông thường, phấn nhũ bột có vẻ mịn hơn, dễ bay phấn hơn.
3. **Ánh nhũ:** Khi nghiêng hộp phấn dưới ánh sáng, bạn sẽ thấy rõ các hạt nhũ bắt sáng, tạo hiệu ứng lấp lánh.
4. **Màu sắc:** Màu sắc có thể đậm hoặc nhạt, nhưng luôn có ánh nhũ nổi bật.
"
Cách tạo makeup cho buổi đi xem triển lãm thời trang vintage?,"Để có makeup phù hợp buổi xem triển lãm thời trang vintage, bạn nên tập trung vào vẻ đẹp cổ điển, tinh tế.

1.  **Da:** Dưỡng ẩm kỹ, dùng kem nền mỏng nhẹ, che khuyết điểm vừa đủ.
2.  **Mắt:** Phấn mắt tông màu trầm ấm như nâu, cam đất. Vẽ eyeliner mảnh, hơi cong nhẹ.
3.  **Má:** Phấn má hồng đào hoặc hồng san hô, đánh nhẹ nhàng để tạo vẻ ửng hồng tự nhiên.
4.  **Môi:** Son đỏ gạch hoặc cam cháy, đánh lòng môi để tạo hiệu ứng vintage.

Lý do: Phong cách vintage đề cao sự thanh lịch, không quá cầu kỳ.
"
Kỹ thuật makeup 'smokey coral' là gì?,"Kỹ thuật makeup ""Smokey Coral"" là sự kết hợp giữa hiệu ứng mắt smoky huyền bí và tông màu san hô tươi tắn.

**Các bước thực hiện:**

1.  **Màu mắt:** Bắt đầu với phấn mắt màu san hô nhạt làm lớp nền, sau đó tăng dần độ đậm với các tông san hô đậm hơn ở đuôi mắt.
2.  **Nhũ:** Thêm chút nhũ vàng hoặc đồng ở giữa bầu mắt để tăng chiều sâu.
3.  **Kẻ mắt & Mascara:** Kẻ mắt đen hoặc nâu, chuốt mascara dày dặn.
4.  **Môi & Má:** Sử dụng son và má hồng màu san hô để hoàn thiện.

Smokey Coral phù hợp với nhiều màu da, tạo vẻ đẹp vừa quyến rũ, vừa trẻ trung.
"
Làm sao để nhận diện chai tẩy trang dạng gel nhẹ qua hình ảnh?,"Để nhận diện chai tẩy trang dạng gel nhẹ qua hình ảnh, bạn hãy chú ý các điểm sau:

1. **Kết cấu:** Gel thường trong suốt hoặc hơi đục, không sánh đặc như kem mà lỏng nhẹ, có thể thấy rõ thành phần bên trong.
2. **Bao bì:** Thường là chai pump hoặc tuýp, thiết kế tối giản, ghi rõ dòng chữ ""gel cleanser"", ""gel makeup remover"" hoặc ""dành cho mọi loại da"".
3. **Màu sắc:** Phần lớn gel tẩy trang có màu xanh lam, xanh lá cây hoặc không màu.
"
Cách chọn son môi cho buổi đi làm vào mùa xuân?,"Để chọn son môi phù hợp đi làm vào mùa xuân, bạn nên ưu tiên các màu sắc tươi tắn nhưng vẫn tự nhiên. Các lựa chọn lý tưởng bao gồm:

1.  **Hồng đào:** Mang đến vẻ trẻ trung, nữ tính.
2.  **Cam san hô:** Rạng rỡ, năng động, phù hợp với thời tiết ấm áp.
3.  **Đỏ cam đất:** Tinh tế, thanh lịch, dễ phối đồ.
4.  **Nude:** Nhấn nhá nhẹ nhàng, phù hợp với phong cách trang điểm tối giản.

Nên chọn chất son mềm mịn, có dưỡng ẩm để đôi môi không bị khô trong thời tiết giao mùa.
"
Tại sao nên dùng kem lót có chứa chiết xuất hoa cúc cho da nhạy cảm?,"Kem lót chứa chiết xuất hoa cúc rất lý tưởng cho da nhạy cảm vì hoa cúc có đặc tính kháng viêm và làm dịu da tuyệt vời. Nó giúp giảm kích ứng, mẩn đỏ và làm dịu các vùng da bị tổn thương. Đồng thời, kem lót tạo một lớp màng bảo vệ, giúp các sản phẩm trang điểm tiếp theo không gây kích ứng trực tiếp lên da, tăng cường độ bám và giữ cho lớp trang điểm bền lâu hơn.
"
Làm sao để nhận diện cây cọ tán phấn mắt dạng lớn qua hình ảnh?,"Để nhận diện cọ tán phấn mắt dạng lớn qua hình ảnh, bạn hãy chú ý các điểm sau:

1. **Kích thước:** Cọ lớn hơn đáng kể so với cọ tán phấn mắt thông thường, thường dài từ 15-20cm.
2. **Hình dáng:** Đầu cọ thường tròn, xù và mềm mại, không quá dày đặc lông.
3. **Màu sắc & Chất liệu:** Thường có màu trắng, đen hoặc kết hợp, lông cọ có thể là sợi tự nhiên hoặc tổng hợp.
4. **Mục đích sử dụng:** Cọ này dùng để tán phấn mắt trên toàn bộ bầu mắt, tạo hiệu ứng chuyển màu nhẹ nhàng.
"
Cách tạo makeup cho buổi đi ăn trưa ở quán cà phê ngoài trời?,"Để có một lớp trang điểm nhẹ nhàng cho buổi đi ăn trưa ở quán cà phê ngoài trời, bạn hãy thực hiện các bước sau:

1.  **Kem dưỡng ẩm & Kem chống nắng:** Dưỡng ẩm và bảo vệ da là bước quan trọng nhất.
2.  **BB Cream/Kem nền mỏng:** Che phủ nhẹ nhàng các khuyết điểm.
3.  **Má hồng dạng kem:** Tạo vẻ tươi tắn, tự nhiên.
4.  **Mascara:** Làm dài và cong mi, mở rộng đôi mắt.
5.  **Son dưỡng/Son tint:** Chọn màu sắc nhẹ nhàng, phù hợp với trang phục.

Lớp trang điểm này giúp bạn trông tươi tắn, rạng rỡ mà vẫn thoải mái, không bị quá cầu kỳ.
"
Kỹ thuật makeup 'soft shimmer' là gì?,"Kỹ thuật makeup ""soft shimmer"" (lấp lánh nhẹ nhàng) tập trung vào việc tạo hiệu ứng da căng bóng, khỏe khoắn tự nhiên, không quá cầu kỳ. 

**Các bước thực hiện:**

1.  **Dưỡng ẩm:** Bước quan trọng để da mịn màng.
2.  **Highlight:** Chọn highlighter dạng kem hoặc lỏng, đánh nhẹ lên gò má, sống mũi, khóe mắt, nhân trung.
3.  **Phấn bắt sáng:** Dùng cọ mềm tán nhẹ phấn bắt sáng để cố định highlighter.
4.  **Son dưỡng:** Son dưỡng có nhũ nhẹ giúp môi căng mọng.

Mục đích là tạo lớp glow tự nhiên, không phải lấp lánh rực rỡ."
Làm sao để nhận diện lọ kem dưỡng da ban ngày có chứa niacinamide qua hình ảnh?,"Để nhận diện kem dưỡng da ban ngày chứa niacinamide qua hình ảnh, bạn hãy chú ý các điểm sau:

1. **Thành phần:** Tìm dòng chữ ""Niacinamide"" hoặc ""Vitamin B3"" trên bao bì.
2. **Mục đích sử dụng:** Sản phẩm thường ghi rõ công dụng như ""dưỡng sáng da"", ""giảm thâm nám"", ""se khít lỗ chân lông"" - đây là những lợi ích của niacinamide.
3. **Kết cấu:** Kem chứa niacinamide thường có kết cấu nhẹ, dễ thẩm thấu, không gây nhờn dính.
"
Cách chọn cọ để tán phấn mắt nhũ cho mắt một mí?,"Để tán phấn mắt nhũ cho mắt một mí, bạn nên chọn cọ đầu nhỏ, dẹt và lông cọ mềm mại. Cọ dẹt giúp dễ dàng kiểm soát lượng phấn và tán đều trên diện tích mắt hẹp. Lông mềm mại tránh gây kích ứng và giúp phấn bám dính tốt hơn. Nên chọn cọ có thể blend phấn mờ nhẹ ở đuôi mắt để tạo chiều sâu, tránh làm mắt trông bị nặng nề.
"
Tại sao nên dùng tẩy trang dạng micellar cho makeup nhẹ?,"Tẩy trang micellar rất lý tưởng cho makeup nhẹ nhàng vì cơ chế làm sạch độc đáo của nó. Các phân tử micelle (hạt dầu siêu nhỏ) hoạt động như nam châm, hút sạch bụi bẩn, dầu thừa và makeup trên da mà không cần chà xát mạnh. Điều này giúp tránh kích ứng, đặc biệt với da nhạy cảm. So với các loại tẩy trang khác, micellar water dịu nhẹ hơn, không làm khô da và giữ lại độ ẩm tự nhiên.
"
Kỹ thuật makeup 'soft coral' là gì?,"Kỹ thuật makeup ""soft coral"" tập trung vào việc tạo vẻ đẹp tự nhiên, tươi tắn với tông màu san hô nhẹ nhàng. 

**Các bước thực hiện:**

1.  **Phấn nền:** Chọn phấn nền nhẹ, ẩm mịn để lớp nền tự nhiên.
2.  **Màu mắt:** Sử dụng phấn mắt màu san hô nhạt tán đều trên bầu mắt, nhấn nhá bằng nâu đất.
3.  **Má hồng:** Thoa má hồng san hô kem hoặc phấn lên gò má, tạo độ ửng hồng.
4.  **Son môi:** Chọn son màu san hô hoặc hồng đào, đánh lòng môi để tạo hiệu ứng mọng tự nhiên.

Kỹ thuật này phù hợp với mọi tông da, đặc biệt là da trung bình và da ngăm.
"
Làm sao để nhận diện chai xịt dưỡng da có chứa hyaluronic acid qua hình ảnh?,"Để nhận diện chai xịt dưỡng da chứa hyaluronic acid qua hình ảnh, bạn hãy chú ý các điểm sau:

1. **Kiểm tra thành phần:** Tìm các từ khóa như ""Hyaluronic Acid"", ""Sodium Hyaluronate"" trên nhãn.
2. **Mô tả sản phẩm:** Các sản phẩm chứa hyaluronic acid thường có ghi ""dưỡng ẩm"", ""cấp nước"", ""giữ ẩm"" hoặc ""plumping"".
3. **Kết cấu:** Xịt dưỡng chứa hyaluronic acid thường có dạng lỏng, trong suốt, nhẹ nhàng.
4. **Bao bì:** Một số nhãn hàng sẽ nổi bật thành phần hyaluronic acid trên bao bì để thu hút khách hàng.
"
Cách chọn son môi cho buổi đi chơi công viên vào mùa đông?,"Để chọn son môi cho buổi đi chơi công viên mùa đông, bạn nên ưu tiên các màu sắc tự nhiên, tươi tắn nhưng vẫn giữ được nét ấm áp. Các lựa chọn lý tưởng bao gồm:

1.  **Son hồng đào:** Mang đến vẻ trẻ trung, nữ tính, phù hợp với không khí vui vẻ.
2.  **Son cam đất:** Màu sắc ấm áp, dễ phối đồ và không làm da bạn bị tái trong thời tiết lạnh.
3.  **Son đỏ gạch:** Thể hiện sự năng động, cá tính nhưng vẫn đủ ấm áp cho mùa đông.

Nên chọn chất son dưỡng ẩm để môi không bị khô nứt do thời tiết lạnh.
"
Tại sao nên dùng kem lót có chứa chiết xuất trà trắng cho da nhạy cảm?,"Kem lót chứa chiết xuất trà trắng rất lý tưởng cho da nhạy cảm vì một số lý do: Trà trắng giàu chất chống oxy hóa, giúp bảo vệ da khỏi tác hại của môi trường và giảm kích ứng. Nó còn có đặc tính chống viêm, làm dịu da ửng đỏ và giảm mẩn ngứa. Kết cấu kem lót thường nhẹ, không gây bí bách, giúp lớp nền mịn màng mà không làm nặng mặt, phù hợp với làn da mỏng manh.
"
Tại sao nên dùng son dưỡng có chứa dầu hạt nho trước son bóng?,"Chào bạn,

Dầu hạt nho trong son dưỡng là một lựa chọn tuyệt vời trước khi dùng son bóng vì một số lý do:

1. **Dưỡng ẩm:** Dầu hạt nho giàu vitamin E và axit béo, giúp môi mềm mại, giảm khô bong tróc.
2. **Tạo lớp nền:** Nó tạo một lớp nền mịn màng, giúp son bóng lên màu chuẩn và bám lâu hơn.
3. **Chống oxy hóa:** Vitamin E giúp bảo vệ môi khỏi tác hại của môi trường.
4. **Nhẹ nhàng:** Dầu hạt nho dễ thấm, không gây cảm giác dính khó chịu như một số loại son dưỡng khác.
"
Kỹ thuật makeup 'dewy glow' là gì và công dụng của nó?,"Kỹ thuật makeup ""dewy glow"" (làn da căng bóng tự nhiên) tập trung vào việc tạo hiệu ứng da ẩm mượt, khỏe mạnh từ bên trong, thay vì lớp nền lì hoàn toàn. 

**Cách thực hiện:**

1.  **Dưỡng ẩm kỹ:** Bước quan trọng nhất!
2.  **Sử dụng kem nền/BB cream mỏng nhẹ:** Ưu tiên các sản phẩm có chứa thành phần dưỡng ẩm.
3.  **Highlight:** Tập trung ở gò má, sống mũi, trán, nhân trung.
4.  **Xịt khóa:** Giúp lớp makeup bền hơn và tăng độ bóng.

**Công dụng:** Làn da trông trẻ trung, khỏe khoắn, rạng rỡ và tự nhiên hơn. Phù hợp với mọi loại da, đặc biệt là da khô và thường.
"
Kỹ thuật makeup 'monochrome pink' là gì và công dụng của nó?,"Kỹ thuật makeup ""monochrome pink"" (hồng đơn sắc) là sử dụng các sản phẩm trang điểm với tông màu hồng chủ đạo trên toàn bộ khuôn mặt. 

**Cách thực hiện:**

1.  **Nền:** Chọn kem nền/BB cream có tông hồng nhẹ.
2.  **Màu mắt:** Phấn mắt hồng nhạt hoặc hồng đào.
3.  **Má hồng:** Hồng đậm hơn màu mắt một chút.
4.  **Son môi:** Hồng trùng với màu má hoặc đậm hơn.

**Công dụng:** Tạo vẻ ngoài tươi trẻ, ngọt ngào, nữ tính và hài hòa. Kỹ thuật này đặc biệt phù hợp với những cô nàng có làn da trắng sáng hoặc muốn làm nổi bật vẻ đẹp dịu dàng.
"
Kỹ thuật makeup 'matte bronze' là gì và công dụng của nó?,"Kỹ thuật makeup ""matte bronze"" là xu hướng trang điểm tạo hiệu ứng làn da rám nắng khỏe khoắn, nhưng hoàn toàn không bóng dầu. 

**Cách thực hiện:**

1.  **Chuẩn bị da:** Dưỡng ẩm kỹ lưỡng.
2.  **Kem nền:** Chọn kem nền matte hoặc bán matte.
3.  **Bronzer:** Sử dụng bronzer matte, tán đều lên các vị trí bắt sáng như gò má, trán, sống mũi.
4.  **Phấn phủ:** Cố định lớp bronzer bằng phấn phủ matte.

**Công dụng:** Tạo vẻ ngoài khỏe mạnh, năng động, che khuyết điểm và giúp khuôn mặt có đường nét hơn. Phù hợp với mọi tông da, đặc biệt là da dầu.
"
Kỹ thuật makeup 'natural glow' là gì và công dụng của nó?,"Kỹ thuật makeup ""natural glow"" (tỏa sáng tự nhiên) tập trung vào việc tạo lớp nền mịn màng, căng bóng khỏe khoắn, thay vì che phủ hoàn toàn. 

**Các bước chính:**

1.  **Dưỡng ẩm kỹ:** Đây là bước quan trọng nhất để da căng mọng.
2.  **Sử dụng kem nền/BB cream mỏng nhẹ:** Ưu tiên các sản phẩm có độ che phủ thấp, chứa thành phần dưỡng ẩm.
3.  **Highlight ở các vị trí bắt sáng:** Gò má, sống mũi, nhân trung để tạo hiệu ứng tỏa sáng.
4.  **Phấn má hồng tone màu tự nhiên:** Tạo độ ửng hồng khỏe khoắn.

**Công dụng:** Làm da trông khỏe mạnh, tươi tắn, trẻ trung và rạng rỡ hơn.
"
Kỹ thuật makeup 'smokey plum' là gì và công dụng của nó?,"Kỹ thuật ""Smokey Plum"" là kiểu trang điểm mắt tập trung vào sắc tím mận quyền lực, tạo chiều sâu và vẻ bí ẩn.

**Cách thực hiện:**

1.  **Tạo lớp nền:** Phủ phấn mắt màu nude nhạt.
2.  **Đánh màu:** Bắt đầu với tím mận nhạt ở hốc mắt, tăng dần độ đậm về phía đuôi mắt.
3.  **Pha trộn:** Dùng cọ hòa trộn kỹ các màu để tạo hiệu ứng chuyển màu mượt mà.
4.  **Hoàn thiện:** Kẻ mắt và mascara để tăng độ sắc sảo.

**Công dụng:** Phù hợp với mọi màu da, đặc biệt tôn lên đôi mắt xanh lá cây và nâu. Mang đến vẻ đẹp quyến rũ, sang trọng và cá tính.
"
Kỹ thuật makeup 'coral shimmer' là gì và công dụng của nó?,"""Coral shimmer"" là kỹ thuật trang điểm tập trung sử dụng phấn má hồng và highlight màu san hô (coral) để tạo hiệu ứng làn da căng bóng, khỏe khoắn và tràn đầy sức sống. 

**Cách thực hiện:**
1. Thoa phấn má hồng coral lên gò má, tập trung vào vùng cười.
2. Sử dụng highlight coral (dạng kem hoặc phấn) lên xương gò má, sống mũi, nhân trung và khóe mắt.

**Công dụng:**
*   Tạo vẻ tươi tắn, rạng rỡ.
*   Làm nổi bật các đường nét trên khuôn mặt.
*   Phù hợp với nhiều tông da, đặc biệt là da trung bình và da ngăm."
Kỹ thuật makeup 'soft lavender' là gì và công dụng của nó?,"Kỹ thuật makeup ""soft lavender"" (tím lavender dịu nhẹ) tập trung vào việc tạo lớp trang điểm trong trẻo, tươi tắn với tông tím lavender làm chủ đạo. 

**Các bước thực hiện:**

1.  **Phấn mắt:** Sử dụng phấn mắt tím lavender nhạt tán đều bầu mắt, nhấn nhá bằng nâu nhạt.
2.  **Má hồng:** Chọn má hồng tím lavender hoặc hồng đào để tạo gò má ửng hồng tự nhiên.
3.  **Son môi:** Son nude hồng hoặc tím lavender nhạt giúp hoàn thiện vẻ ngoài dịu dàng.

**Công dụng:** ""Soft lavender"" giúp làm sáng da, che khuyết điểm nhẹ nhàng và tạo cảm giác trẻ trung, nữ tính.
"
Kỹ thuật makeup 'glitter coral' là gì và công dụng của nó?,"Kỹ thuật makeup ""glitter coral"" là sự kết hợp giữa tông màu san hô ấm áp và ánh nhũ lấp lánh, tạo nên vẻ ngoài tươi trẻ, rạng rỡ và tràn đầy năng lượng. 

**Cách thực hiện:**

1.  **Phấn mắt:** Sử dụng phấn mắt màu san hô làm chủ đạo, nhấn nhá thêm chút nhũ vàng hoặc đồng.
2.  **Má hồng:** Chọn má hồng san hô cùng tông màu với mắt.
3.  **Son môi:** Son san hô hoặc cam san hô sẽ hoàn thiện vẻ ngoài.
4.  **Nhũ:** Thêm nhũ lấp lánh ở bầu mắt, gò má hoặc môi để tăng hiệu ứng.

**Công dụng:** Làm nổi bật đường nét khuôn mặt, tạo điểm nhấn và mang đến vẻ đẹp tươi tắn, phù hợp với mùa hè hoặc các buổi tiệc.
"
Kỹ thuật makeup 'soft champagne' là gì và công dụng của nó?,"Kỹ thuật makeup ""soft champagne"" (tông champagne dịu nhẹ) tập trung vào việc tạo hiệu ứng làn da căng bóng, rạng rỡ tự nhiên như ánh champagne. 

**Cách thực hiện:**

1.  **Base:** Sử dụng kem nền ẩm mịn, độ che phủ nhẹ đến trung bình.
2.  **Highlight:** Chọn phấn highlight tông champagne (vàng ánh hồng) đánh nhẹ lên gò má, sống mũi, nhân trung, khóe mắt.
3.  **Màu mắt:** Sử dụng các màu mắt tông nude, nâu nhạt, champagne.
4.  **Son:** Son nude, hồng đào hoặc cam san hô.

**Công dụng:** Làm sáng da, che khuyết điểm nhẹ nhàng, tạo vẻ ngoài tươi trẻ, thanh lịch và phù hợp với nhiều dịp.
"
Kỹ thuật makeup 'smokey lavender' là gì và công dụng của nó?,"Kỹ thuật ""Smokey Lavender"" là kiểu trang điểm mắt tập trung vào sắc tím lavender (oải hương) chủ đạo, tạo hiệu ứng mắt sâu hút và lôi cuốn.

**Cách thực hiện:**

1.  **Phủ** phấn mắt tím lavender nhạt toàn bộ bầu mắt.
2.  **Tạo** khối bằng màu tím đậm hơn ở đuôi mắt và hốc mắt.
3.  **Pha** trộn kỹ để chuyển màu mượt mà.
4.  **Kẻ** eyeliner đen hoặc tím, và **chuốt** mascara.

**Công dụng:** Phù hợp với mọi màu da, đặc biệt tôn lên đôi mắt xanh lá cây hoặc nâu. Mang đến vẻ đẹp dịu dàng, nữ tính nhưng vẫn sắc sảo.
"
Cách chọn son môi trường cho buổi đi công viên vào mùa thu,"Để chọn son môi phù hợp đi công viên mùa thu, bạn nên ưu tiên các màu sắc tự nhiên, nhẹ nhàng. Các tông màu như hồng đào, cam đất, hoặc màu nude có chút nâu sẽ rất phù hợp với không khí trong lành của mùa thu. 

Chất son nên chọn loại có dưỡng ẩm để môi không bị khô do thời tiết se lạnh. Son tint hoặc son kem lì nhẹ là lựa chọn tốt, tránh các màu quá nổi bật hoặc bóng loáng để phù hợp với không gian mở của công viên.
"
Làm sao để nhận diện cây cọ tán phấn mắt dạng blending qua hình?,"Để nhận diện cọ tán phấn mắt dạng blending qua hình, bạn hãy chú ý các điểm sau:

1. **Hình dáng:** Đầu cọ thường tròn, xoe hoặc hình oval mềm mại, lông cọ thưa và dài.
2. **Lông cọ:** Lông cọ mềm, xốp, không quá dày để dễ dàng hòa trộn phấn.
3. **Kích thước:** Thường có kích thước vừa phải, không quá to cũng không quá nhỏ.

Cọ blending giúp tạo hiệu ứng chuyển màu mượt mà, tự nhiên, không gây đường nét sắc sảo.
"
Cách tạo makeup cho buổi ăn sáng ở quán cà phê?,"Để có một lớp trang điểm nhẹ nhàng cho buổi ăn sáng tại quán cà phê, bạn hãy thực hiện các bước sau:

1. **Kem dưỡng ẩm:** Dưỡng ẩm giúp da căng mọng, làm lớp nền mịn màng.
2. **Kem chống nắng:** Bảo vệ da khỏi tác hại của tia UV.
3. **BB Cream/Kem nền nhẹ:** Che phủ khuyết điểm vừa đủ, tạo lớp nền tự nhiên.
4. **Má hồng dạng kem:** Thêm chút ửng hồng cho đôi má.
5. **Son dưỡng/Son tint:** Chọn màu sắc tươi tắn, phù hợp với trang phục.

Lưu ý: Ưu tiên các sản phẩm có kết cấu mỏng nhẹ để tránh gây cảm giác bí bách.
"
Cách chọn son môi cho buổi đi công viên vào mùa xuân?,"Để chọn son môi phù hợp cho buổi đi công viên mùa xuân, bạn nên ưu tiên những màu sắc tươi tắn, nhẹ nhàng, tự nhiên. Các lựa chọn lý tưởng bao gồm:

1.  **Son hồng đào:** Mang đến vẻ trẻ trung, nữ tính, phù hợp với không khí xuân.
2.  **Son cam san hô:** Tươi sáng, năng động, giúp khuôn mặt trông rạng rỡ hơn.
3.  **Son nude:** Nhấn nhá nhẹ nhàng, phù hợp với phong cách trang điểm tự nhiên.

Nên chọn chất son ẩm mịn, có dưỡng để đôi môi không bị khô trong thời tiết mát mẻ. Tránh các màu son quá đậm hoặc quá tối.
"
Làm sao để nhận diện cây cọ tán phấn highlighter quay nhỏ qua hình ảnh?,"Để nhận diện cọ tán phấn highlighter đầu vát nhỏ qua hình ảnh, bạn hãy chú ý các điểm sau:

1. **Hình dáng:** Đầu cọ có hình dáng vát chéo, nhỏ và mảnh.
2. **Kích thước:** Lông cọ ngắn, thường không quá 2-3cm.
3. **Lông cọ:** Lông mềm, tơi và thường có màu trắng hoặc vàng nhạt.
4. **Mục đích sử dụng:** Cọ này dùng để đánh highlight ở những vùng nhỏ như sống mũi, gò má, khóe mắt, giúp tạo điểm nhấn cho khuôn mặt.
"
Tại sao cần kem lót có chiết xuất hoa cúc cho da nhạy cảm?,"Kem lót có chiết xuất hoa cúc rất lý tưởng cho da nhạy cảm vì hoa cúc có đặc tính kháng viêm và làm dịu da tuyệt vời. Nó giúp giảm kích ứng, mẩn đỏ và làm dịu các vùng da bị tổn thương. Kem lót chứa hoa cúc tạo một lớp màng bảo vệ nhẹ nhàng, giúp khóa ẩm và chuẩn bị cho lớp nền, đồng thời giảm thiểu nguy cơ kích ứng từ các sản phẩm trang điểm khác.
"
Làm sao để nhận diện cây cọ tán phấn mắt dạng lớn qua hình?,"Để nhận diện cọ tán phấn mắt dạng lớn qua hình, bạn hãy chú ý các điểm sau:

1. **Kích thước:** Cọ lớn hơn đáng kể so với cọ tán phấn mắt thông thường, thường có chiều dài từ 15-18cm.
2. **Hình dáng:** Đầu cọ thường tròn, xoe hoặc hình bầu dục, lông cọ mềm mại và dày dặn.
3. **Mục đích sử dụng:** Cọ này dùng để tán phấn mắt trên toàn bộ bầu mắt, tạo hiệu ứng chuyển màu nhẹ nhàng, hoặc dùng để đánh phấn bắt sáng ở vùng xương gò má.
"
Cách tạo makeup cho buổi ăn trưa ở quán cà phê ngoài trời?,"Để có một lớp trang điểm nhẹ nhàng cho buổi ăn trưa cà phê ngoài trời, bạn hãy thực hiện các bước sau:

1.  **Kem dưỡng ẩm có SPF:** Dưỡng ẩm và bảo vệ da khỏi nắng.
2.  **BB Cream/Kem nền mỏng:** Che phủ nhẹ nhàng, tạo lớp nền đều màu.
3.  **Má hồng dạng kem:** Tạo vẻ tươi tắn, tự nhiên.
4.  **Mascara:** Làm dài và cong mi, mở rộng đôi mắt.
5.  **Son dưỡng/Son tint:** Giữ môi ẩm và có màu sắc nhẹ nhàng.

Lưu ý: Ưu tiên các sản phẩm chống nước để giữ lớp trang điểm bền lâu dưới thời tiết ngoài trời.
"
Làm sao để nhận diện lọ kem dưỡng có chứa niacinamide qua hình ảnh?,"Để nhận diện kem dưỡng chứa niacinamide qua hình ảnh, bạn hãy chú ý các điểm sau:

1. **Kiểm tra bảng thành phần:** Niacinamide thường được ghi rõ ràng trên bao bì, hoặc có thể ghi là Vitamin B3.
2. **Màu sắc sản phẩm:** Kem chứa niacinamide thường có màu trắng đục hoặc hơi vàng nhạt, do đặc tính của thành phần này.
3. **Kết cấu:** Niacinamide giúp kem có kết cấu nhẹ, dễ thẩm thấu, không quá đặc hay bóng nhờn.
4. **Thông tin trên bao bì:** Các sản phẩm có niacinamide thường nhấn mạnh công dụng như ""cải thiện lỗ chân lông"", ""sáng da"", ""chống lão hóa"".
"
Tại sao nên dùng tẩy trang micellar cho makeup nhẹ?,"Chào bạn,

Với makeup nhẹ nhàng hàng ngày, tẩy trang micellar là lựa chọn lý tưởng vì nhiều lý do. Micellar water chứa các hạt micelle nhỏ li ti, có khả năng ""hút"" bụi bẩn, dầu thừa và cặn makeup trên da mà không cần chà xát mạnh. Điều này giúp làm sạch da dịu nhẹ, không gây kích ứng, đặc biệt phù hợp với da nhạy cảm. Hơn nữa, nó giúp duy trì độ ẩm tự nhiên của da, tránh tình trạng khô căng sau khi tẩy trang.
"
Làm sao để nhận diện hộp phấn má hồng bột nén qua hình?,"Để nhận diện hộp phấn má hồng bột nén qua hình, bạn hãy chú ý các điểm sau:

1. **Hình dáng hộp:** Thường hình tròn, vuông hoặc chữ nhật, nhỏ gọn, dễ mang theo.
2. **Màu sắc hộp:** Đa dạng, thường trùng với màu phấn bên trong hoặc có thiết kế trang trí.
3. **Bề mặt phấn:** Nhìn thấy rõ các hạt phấn mịn, có thể có họa tiết hoặc không.
4. **Dụng cụ đi kèm:** Thường có cọ nhỏ hoặc miếng mút để đánh phấn.
5. **Nhãn mác:** Ghi rõ tên sản phẩm, thương hiệu và số lượng phấn (ví dụ: 8g, 10g).
"
Cách tạo makeup cho triển lãm nghệ thuật đương đại?,"Để trang điểm cho triển lãm nghệ thuật đương đại, hãy tập trung vào sự độc đáo và thể hiện cá tính.

1.  **Da:** Ưu tiên lớp nền mịn màng, tự nhiên, không quá dày.
2.  **Mắt:** Sử dụng màu mắt táo bạo, khác biệt (xanh dương, tím, cam) hoặc kết hợp nhiều màu. Có thể vẽ hình khối, đường nét trừu tượng thay vì kiểu mắt thông thường.
3.  **Môi:** Son môi màu nổi bật hoặc độc đáo (đen, trắng, xanh lá) để tạo điểm nhấn.
4.  **Điểm nhấn:** Thêm chi tiết như đá lấp lánh, sticker nhỏ hoặc vẽ hình lên mặt để tăng tính nghệ thuật.

Quan trọng là thể hiện phong cách riêng và phù hợp với tác phẩm nghệ thuật bạn muốn chiêm ngưỡng.
"
Làm sao để nhận diện chai xịt dưỡng có hyaluronic acid?,"Để nhận diện chai xịt dưỡng chứa hyaluronic acid, bạn hãy chú ý các điểm sau:

1. **Thành phần:** Tìm từ khóa ""Hyaluronic Acid"", ""Sodium Hyaluronate"" hoặc ""HA"" trong danh sách thành phần. Đây là các dạng phổ biến của hyaluronic acid.
2. **Mô tả sản phẩm:** Sản phẩm thường ghi rõ công dụng cấp ẩm, dưỡng da căng mọng, làm dịu da nhờ hyaluronic acid.
3. **Kết cấu:** Xịt dưỡng HA thường có kết cấu lỏng, nhẹ, dễ thẩm thấu và không gây nhờn dính.
"
Cách chọn son môi trường cho công viên mùa đông?,"Để chọn son môi phù hợp cho công viên mùa đông, bạn nên ưu tiên các màu sắc tự nhiên, ấm áp như hồng đào, cam đất, hoặc đỏ gạch. Những màu này sẽ giúp bạn trông tươi tắn hơn giữa không khí lạnh giá. Chất son nên là son dưỡng hoặc son có độ ẩm cao để tránh môi bị khô nứt do thời tiết. Tránh các màu son quá sặc sỡ hoặc chất son lì hoàn toàn nhé!
"
Tại sao dùng kem lót có trà trắng cho da nhạy cảm?,"Kem lót chứa trà trắng rất lý tưởng cho da nhạy cảm vì một số lý do: Trà trắng giàu chất chống oxy hóa, giúp bảo vệ da khỏi tác hại của môi trường và giảm kích ứng. Nó còn có đặc tính chống viêm, làm dịu da ửng đỏ và mẩn ngứa. Kem lót trà trắng tạo một lớp màng bảo vệ nhẹ nhàng, giúp lớp trang điểm bám tốt hơn mà không gây bí bách, đồng thời làm giảm nguy cơ kích ứng từ các sản phẩm trang điểm khác.
"
Làm sao để nhận diện cọ highlighter quạt nhỏ qua hình?,"Để nhận diện cọ highlighter quạt nhỏ qua hình, bạn hãy chú ý các điểm sau:

1. **Hình dáng:** Cọ có hình dáng quạt, lông cọ xòe rộng như hình quạt nhỏ.
2. **Kích thước:** Thường nhỏ gọn, vừa vặn để thao tác trên các vùng gò má, sống mũi, nhân trung.
3. **Lông cọ:** Lông mềm, mảnh và thưa để tán highlighter nhẹ nhàng, tạo hiệu ứng glow tự nhiên.
4. **Màu sắc:** Thường có màu trắng, bạc hoặc hồng nhạt.
"
Cách tạo makeup cho buổi ăn tối nhà hàng Ý?,"Để có một lớp trang điểm phù hợp cho buổi tối lãng mạn tại nhà hàng Ý, hãy tập trung vào sự tinh tế và tự nhiên.

1.  **Nền:** Sử dụng kem nền nhẹ nhàng, che khuyết điểm vừa đủ.
2.  **Mắt:** Phấn mắt màu nâu đồng hoặc cam đất, tán nhẹ nhàng. Kẻ mắt mảnh, thêm chút mascara.
3.  **Má:** Hồng đào nhẹ nhàng để tạo vẻ tươi tắn.
4.  **Môi:** Son màu đỏ gạch hoặc hồng san hô, đánh lòng môi để tạo hiệu ứng tự nhiên.

Lưu ý: Giữ cho lớp trang điểm không quá dày, để tôn lên vẻ đẹp tự nhiên của bạn.
"
Làm sao để nhận diện kem nền lỏng nhẹ qua hình?,"Để nhận diện kem nền lỏng nhẹ qua hình, bạn hãy chú ý các điểm sau:

1. **Kết cấu:** Hình ảnh thường cho thấy kem nền lỏng nhẹ có texture mỏng, chảy nhẹ, không đặc quánh như kem nền thông thường.
2. **Bao bì:** Thường được đựng trong chai thủy tinh hoặc nhựa có pump, thiết kế tối giản, hiện đại.
3. **Độ che phủ:** Hình ảnh swatch (thử màu) sẽ cho thấy lớp kem nền mỏng, nhẹ, không che phủ hoàn toàn lỗ chân lông.
4. **Thành phần:** Nếu có thông tin, hãy tìm các từ khóa như ""water-based"" (dựa trên nước), ""serum-infused"" (chứa serum).
"
Cách chọn cọ tán phấn mắt cho mắt lồi?,"Chào bạn, với đôi mắt lồi, việc chọn cọ tán phấn mắt cần sự khéo léo để tạo chiều sâu và tránh làm mắt trông lồi hơn.

**Bước 1:** Ưu tiên cọ đầu bằng, dẹt và mềm mại. Loại cọ này giúp tán phấn đều hơn trên bề mặt cong của mắt lồi.
**Bước 2:** Tránh cọ đầu tròn hoặc quá nhỏ vì chúng có thể làm nổi bật độ lồi của mắt.
**Bước 3:** Chọn cọ có kích thước vừa phải để dễ dàng kiểm soát lượng phấn và tán đều trên bầu mắt.
"
Tại sao dùng son dưỡng có dầu hạt nho trước son bóng?,"Chào bạn,

Sử dụng son dưỡng có dầu hạt nho trước son bóng là một mẹo nhỏ giúp đôi môi căng mọng và son bóng bám màu tốt hơn. Dầu hạt nho giàu vitamin E và chất chống oxy hóa, giúp dưỡng ẩm, làm mềm môi và giảm tình trạng bong tróc. Lớp dầu này tạo một bề mặt mịn màng, giúp son bóng dễ dàng lướt trên môi, hạn chế vón cục và tăng độ bóng, đồng thời khóa ẩm cho môi không bị khô.
"
Làm sao để nhận diện phấn mắt nhũ bột qua hình?,"Để nhận diện phấn mắt nhũ bột qua hình, bạn hãy chú ý các điểm sau:

1. **Kết cấu:** Phấn mắt nhũ bột thường có bề mặt lấp lánh, rõ ràng các hạt nhũ li ti.
2. **Độ bóng:** Nhũ bột có độ bóng cao hơn hẳn phấn mắt thông thường.
3. **Màu sắc:** Màu sắc có thể đậm hoặc nhạt, nhưng luôn có ánh nhũ phản quang.
4. **Hình dáng hạt:** Quan sát kỹ, bạn sẽ thấy các hạt nhũ tròn hoặc đa giác nhỏ.

Nếu hình ảnh cho thấy những đặc điểm này, khả năng cao đó là phấn mắt nhũ bột.
"
Cách tạo makeup cho triển lãm thời trang vintage?,"Để tạo makeup cho triển lãm thời trang vintage, bạn nên tập trung vào vẻ đẹp cổ điển, thanh lịch.

1.  **Da:** Chuẩn bị da kỹ lưỡng với lớp nền mịn, che khuyết điểm hoàn hảo.
2.  **Mắt:** Sử dụng phấn mắt tông màu trầm ấm như nâu, cam đất, hoặc tím plum. Vẽ mắt mèo sắc sảo.
3.  **Má:** Tạo khối nhẹ nhàng để tôn đường nét khuôn mặt, sử dụng phấn má hồng đào hoặc hồng san hô.
4.  **Môi:** Son đỏ gạch hoặc đỏ rượu là lựa chọn hoàn hảo, đánh lòng môi để tạo hiệu ứng vintage.
"
Làm sao để nhận diện tẩy trang gel nhẹ qua hình?,"Để nhận diện tẩy trang gel nhẹ qua hình, bạn hãy chú ý các điểm sau:

1. **Kết cấu:** Gel thường trong suốt hoặc hơi đục, có độ sánh mịn, không đặc như kem.
2. **Bao bì:** Thường đóng trong tuýp hoặc hũ, có thiết kế tối giản, hướng đến sự dịu nhẹ.
3. **Thành phần:** Hình ảnh có thể hiển thị các từ khóa như ""gel"", ""dịu nhẹ"", ""cho da nhạy cảm"", hoặc các thành phần như lô hội, glycerin.
4. **Màu sắc:** Màu sắc sản phẩm thường trong trẻo, không quá sặc sỡ.
"
Cách chọn son môi trường đi làm mùa xuân?,"Để chọn son môi phù hợp đi làm mùa xuân, bạn nên ưu tiên các màu sắc tươi tắn nhưng vẫn tự nhiên, thanh lịch. Các lựa chọn lý tưởng bao gồm:

1.  **Hồng đào:** Mang đến vẻ trẻ trung, nữ tính.
2.  **Cam san hô:** Rạng rỡ, năng động, phù hợp với thời tiết ấm áp.
3.  **Đỏ cam đất:** Tinh tế, dễ phối đồ, không quá nổi bật.
4.  **Nude:** Lựa chọn an toàn, phù hợp với mọi phong cách trang điểm.

Nên chọn chất son mềm mịn, có dưỡng ẩm để đôi môi không bị khô trong thời tiết giao mùa.
"
Tại sao dùng kem lót có hoa cúc cho da nhạy cảm?,"Kem lót có hoa cúc rất lý tưởng cho da nhạy cảm vì hoa cúc có đặc tính làm dịu và chống viêm tự nhiên. Nó giúp giảm kích ứng, mẩn đỏ và làm dịu da đang bị tổn thương. Kem lót này tạo một lớp bảo vệ nhẹ nhàng, giúp các sản phẩm trang điểm khác không tiếp xúc trực tiếp với da, giảm nguy cơ gây kích ứng. Đồng thời, hoa cúc còn giúp cấp ẩm nhẹ, cho làn da mịn màng hơn.
"
Làm sao để nhận diện cọ tán phấn mắt lớn qua hình?,"Để nhận diện cọ tán phấn mắt lớn qua hình, bạn hãy chú ý các điểm sau:

1. **Kích thước:** Cọ lớn hơn đáng kể so với các cọ tán phấn mắt khác, thường có chiều dài từ 18-21cm.
2. **Hình dáng:** Đầu cọ thường tròn, xù và mềm mại, có thể hơi vát nhẹ.
3. **Lông cọ:** Lông cọ dày, mềm và dài, giúp tán phấn đều trên diện tích rộng.
4. **Mục đích sử dụng:** Cọ này thường dùng để tán phấn mắt trên toàn bộ bầu mắt hoặc để đánh phấn highlight ở vùng xương gò má.
"
Cách tạo makeup cho ăn trưa quán cà phê ngoài trời?,"Để có một lớp trang điểm nhẹ nhàng, tươi tắn cho buổi trưa cà phê ngoài trời, bạn hãy thực hiện các bước sau:

1.  **Kem chống nắng:** Bảo vệ da khỏi tác hại của ánh nắng mặt trời.
2.  **Kem nền/BB cream:** Chọn loại mỏng nhẹ, che phủ vừa phải.
3.  **Má hồng:** Tô nhẹ nhàng để có đôi má ửng hồng tự nhiên.
4.  **Son dưỡng/son tint:** Ưu tiên màu sắc tươi tắn, phù hợp với trang phục.
5.  **Chân mày:** Chải chuốt nhẹ nhàng để khuôn mặt trông thanh thoát hơn.

Lớp trang điểm này giúp bạn trông tươi tắn, rạng rỡ mà vẫn tự nhiên, thoải mái tận hưởng buổi trưa.
"
Làm sao để nhận diện khuôn dưỡng có niacinamide qua hình?,"Để nhận diện kem dưỡng có niacinamide qua hình ảnh, bạn hãy chú ý các điểm sau:

1. **Bao bì:** Các sản phẩm chứa niacinamide thường ghi rõ thành phần này trên bao bì, thường ở vị trí nổi bật.
2. **Màu sắc:** Kem dưỡng niacinamide thường có màu trắng đục hoặc trong suốt, ít khi có màu sắc quá sặc sỡ.
3. **Kết cấu:** Kết cấu thường mỏng nhẹ, dễ thẩm thấu, không gây cảm giác nhờn dính.
4. **Nhãn hiệu:** Các thương hiệu dược mỹ phẩm hoặc chuyên về chăm sóc da thường có các sản phẩm chứa niacinamide.
"
Cách chọn cọ tán phấn mắt nhũ cho mắt một mí?,"Với mắt một mí, việc chọn cọ tán phấn mắt nhũ cần chú ý để tránh bị lem và tạo hiệu ứng đôi mắt to hơn. Nên ưu tiên cọ đầu nhỏ, dẹt và lông cọ mềm, hơi xéo. Cọ nhỏ giúp dễ dàng kiểm soát lượng phấn, tập trung vào hốc mắt. Đầu dẹt giúp tán đều phấn nhũ, tạo chiều sâu. Lông mềm tránh gây kích ứng và giúp phấn bám tốt hơn. Nên chọn cọ có thể blend màu tốt để tạo hiệu ứng chuyển màu mờ ảo, giúp mắt trông sâu hơn.
"
Tại sao dùng tẩy trang micellar cho makeup nhẹ?,"Chào bạn,

Tẩy trang micellar rất lý tưởng cho makeup nhẹ nhàng vì cơ chế hoạt động độc đáo của nó. Các phân tử micelle trong sản phẩm này hoạt động như những nam châm, hút sạch bụi bẩn, dầu thừa và cặn makeup trên da mà không cần chà xát mạnh. Điều này giúp làm sạch da dịu nhẹ, không gây kích ứng, đặc biệt phù hợp với những ngày bạn chỉ dùng kem chống nắng hoặc makeup rất nhẹ nhàng.
"
Làm sao để nhận diện phấn má hồng bột nén qua hình?,"Để nhận diện phấn má hồng bột nén qua hình, bạn hãy chú ý các điểm sau:

1. **Hình dáng:** Thường là hình tròn hoặc vuông, nhỏ gọn, dễ mang theo.
2. **Bề mặt:** Bột nén mịn, có thể thấy rõ màu sắc (hồng, cam, đào...). Một số loại có họa tiết trang trí.
3. **Phụ kiện:** Đi kèm bông phấn hoặc cọ nhỏ để tán.
4. **Vỏ hộp:** Thường làm bằng nhựa hoặc kim loại, có thể trong suốt để nhìn thấy màu phấn bên trong.
"
Kỹ thuật makeup 'tương san hô' là gì?,"Kỹ thuật makeup ""tương san hô"" (Coral Makeup) là xu hướng trang điểm tập trung vào các tông màu ấm áp, tươi sáng lấy cảm hứng từ màu sắc của san hô. 

**Các bước thực hiện:**

1.  **Phấn má hồng:** Chọn phấn má hồng màu san hô, đánh lên gò má để tạo vẻ ửng hồng tự nhiên.
2.  **Màu mắt:** Sử dụng phấn mắt màu san hô hoặc cam đào, tán đều lên bầu mắt.
3.  **Son môi:** Chọn son môi màu san hô hoặc cam san hô để hoàn thiện.

Kỹ thuật này phù hợp với nhiều tông da, đặc biệt là da trung bình và da ngăm, giúp khuôn mặt trông rạng rỡ và tràn đầy sức sống.
"
Làm sao để nhận diện xịt dưỡng có hyaluronic acid qua hình?,"Để nhận diện xịt dưỡng chứa hyaluronic acid qua hình ảnh, bạn hãy chú ý các điểm sau:

1. **Bao bì:** Thường có các từ khóa như ""Hyaluronic Acid"", ""HA"", ""Hydrating"", ""Moisturizing"" nổi bật.
2. **Mô tả:** Hình ảnh có thể minh họa các giọt nước, biểu tượng phân tử HA hoặc nhấn mạnh khả năng cấp ẩm sâu.
3. **Kết cấu:** Một số sản phẩm có thể hiển thị dung dịch trong suốt, lỏng nhẹ, gợi ý về khả năng thẩm thấu nhanh.
4. **Thành phần:** Nếu có hình ảnh thành phần, hãy tìm ""Sodium Hyaluronate"" (dạng muối của HA).
"
.,"Vui lòng cung cấp câu hỏi để tôi có thể trả lời với vai trò chuyên gia trang điểm nhé! Tôi đã sẵn sàng để đưa ra câu trả lời chi tiết, dễ hiểu và phù hợp với yêu cầu của bạn.
"
Công dụng của kem lót chứa chiết xuất hoa cúc La Mã là gì?,"Kem lót chứa chiết xuất hoa cúc La Mã có nhiều công dụng tuyệt vời cho da. Đầu tiên, hoa cúc La Mã nổi tiếng với khả năng làm dịu da, giảm kích ứng và mẩn đỏ, rất phù hợp cho da nhạy cảm. Thứ hai, nó giúp cấp ẩm nhẹ nhàng, tạo một lớp nền mịn màng cho lớp trang điểm tiếp theo. Cuối cùng, chiết xuất này còn có tác dụng chống oxy hóa, bảo vệ da khỏi các tác nhân gây hại từ môi trường.
"
Công dụng của xịt khóa makeup chứa chiết xuất nhân sâm là gì?,"Xịt khóa makeup chứa chiết xuất nhân sâm có nhiều công dụng tuyệt vời. Đầu tiên, nó giúp lớp trang điểm bền vững hơn, hạn chế xuống tông và giữ cho da không bị cakey suốt cả ngày. Nhân sâm còn là một thành phần dưỡng da, giúp cấp ẩm, làm dịu da và chống oxy hóa, bảo vệ da khỏi tác động của môi trường. Một số loại xịt còn có khả năng kiểm soát dầu, giúp da thông thoáng và giảm bóng nhờn.
"
Công dụng của son dưỡng chứa dầu hạt lanh là gì?,"Son dưỡng chứa dầu hạt lanh có nhiều công dụng tuyệt vời cho đôi môi. Dầu hạt lanh giàu axit béo omega-3, omega-6 và omega-9 giúp dưỡng ẩm sâu, làm mềm môi khô ráp và nứt nẻ. Nó còn có khả năng phục hồi hàng rào bảo vệ tự nhiên của môi, chống oxy hóa và giảm thâm môi. Sử dụng thường xuyên giúp môi căng mọng, khỏe mạnh và tươi tắn hơn.
"
Công dụng của tẩy trang dạng dầu hạt hướng dương là gì?,"Tẩy trang dạng dầu hạt hướng dương có công dụng tuyệt vời trong việc hòa tan và loại bỏ hiệu quả các sản phẩm trang điểm gốc dầu như kem nền, son môi lì, mascara chống thấm nước. Dầu hạt hướng dương giàu vitamin E và axit béo, giúp làm mềm da, dưỡng ẩm và không gây khô căng. Đặc biệt, nó dịu nhẹ, phù hợp với cả da nhạy cảm và không gây kích ứng. Đây là lựa chọn lý tưởng để có làn da sạch mịn, khỏe mạnh.
"
Công dụng của mặt nạ rong biển trước khi trang điểm là gì?,"Mặt nạ rong biển trước khi trang điểm mang lại rất nhiều lợi ích cho lớp nền hoàn hảo. Rong biển giàu khoáng chất và vitamin giúp cấp ẩm sâu, làm dịu da và se khít lỗ chân lông. Nhờ đó, bề mặt da trở nên mịn màng hơn, giúp kem nền bám tốt hơn, tránh tình trạng cakey và tăng độ bền cho lớp trang điểm. Đồng thời, mặt nạ còn giúp làm sáng da, tạo hiệu ứng glow tự nhiên.
"
Công dụng của kem che khuyết điểm dạng lỏng cho da lão hóa là gì?,"Kem che khuyết điểm dạng lỏng là lựa chọn tuyệt vời cho da lão hóa vì kết cấu mỏng nhẹ, không gây nặng mặt hay làm nổi rõ nếp nhăn. Công dụng chính là che đi quầng thâm mắt, đốm nâu và các vết chân chim nhỏ. 

Chọn loại có thành phần dưỡng ẩm, vitamin E hoặc hyaluronic acid để vừa che phủ vừa chăm sóc da. Nên dùng cọ hoặc đầu ngón tay tán nhẹ nhàng, tránh kéo da để đạt hiệu quả tốt nhất.
"
Công dụng của xịt khóa makeup chứa chiết xuất cám gạo là gì?,"Xịt khóa makeup chứa chiết xuất cám gạo có nhiều công dụng tuyệt vời. Đầu tiên, nó giúp lớp trang điểm bền vững hơn, hạn chế tình trạng cakey hay xuống tông. Chiết xuất cám gạo giàu vitamin E và các chất chống oxy hóa, giúp dưỡng ẩm, làm dịu da và bảo vệ da khỏi tác động của môi trường. Đồng thời, cám gạo còn có khả năng kiểm soát dầu thừa, giúp da thông thoáng và giảm bóng nhờn, đặc biệt phù hợp với da dầu hoặc hỗn hợp.
"
Công dụng của kem lót chứa chiết xuất cây bạch dương là gì?,"Kem lót chứa chiết xuất cây bạch dương có nhiều công dụng tuyệt vời cho da. Bạch dương giàu chất chống oxy hóa, giúp bảo vệ da khỏi tác hại của môi trường và làm dịu da bị kích ứng. Nó còn giúp cấp ẩm, làm mềm da và hỗ trợ làm sáng da nhẹ nhàng. Nhờ đó, kem lót này giúp lớp nền mịn mượt hơn, bám dính tốt hơn và có hiệu quả dưỡng da đồng thời.
"
Công dụng của son dưỡng chứa dầu hạt jojoba là gì?,"Chào bạn, với vai trò là chuyên gia trang điểm, tôi sẽ giải thích về công dụng của son dưỡng chứa dầu hạt jojoba nhé.

Dầu hạt jojoba có cấu trúc tương tự sebum (dầu tự nhiên của da), giúp son dưỡng dễ dàng thấm sâu, làm mềm môi hiệu quả. Nó cấp ẩm vượt trội, ngăn ngừa tình trạng môi khô bong tróc, nứt nẻ. Đặc biệt, dầu jojoba còn có khả năng làm dịu môi nhạy cảm và hỗ trợ phục hồi môi bị tổn thương. Vì vậy, son dưỡng có thành phần này rất lý tưởng cho mọi loại môi.
"
Công dụng của tẩy trang dạng dầu hạt mắc ca là gì?,"Tẩy trang dạng dầu hạt mắc ca có công dụng tuyệt vời trong việc làm sạch sâu lớp trang điểm, kể cả mascara chống thấm nước, mà không gây khô da. Dầu hạt mắc ca giàu axit béo, giúp hòa tan bụi bẩn, bã nhờn và tế bào chết, đồng thời cung cấp độ ẩm và dưỡng da mềm mại. Đặc biệt, nó phù hợp với mọi loại da, kể cả da nhạy cảm, nhờ khả năng làm dịu và phục hồi hàng rào bảo vệ da.
"
Công dụng của phấn highlighter dạng nén là gì?,"Phấn highlighter dạng nén có công dụng chính là tạo hiệu ứng bắt sáng, giúp các vùng da cao như gò má, sống mũi, trán, nhân trung trở nên nổi bật và có chiều sâu hơn. Nhờ đó, gương mặt trông tươi tắn, rạng rỡ và có đường nét rõ ràng hơn. Dạng nén dễ dàng kiểm soát lượng phấn, phù hợp cho mọi loại da và dễ dàng mang theo. Bạn nên dùng cọ nhỏ để đánh highlighter tập trung vào những điểm muốn làm nổi bật.
"
Công dụng của kem dưỡng chứa chiết xuất hoa nhài là gì?,"Kem dưỡng chứa chiết xuất hoa nhài mang lại nhiều lợi ích cho da. Đầu tiên, hoa nhài giàu chất chống oxy hóa, giúp bảo vệ da khỏi tác hại của gốc tự do, làm chậm quá trình lão hóa. Thứ hai, chiết xuất này có khả năng làm sáng da, giảm thâm nám, mang lại vẻ rạng rỡ. Cuối cùng, hương thơm dịu nhẹ của hoa nhài còn giúp thư giãn, giảm căng thẳng cho người sử dụng.
"
Công dụng của xịt dưỡng chứa chiết xuất cây chanh là gì?,"Xịt dưỡng chứa chiết xuất cây chanh có nhiều công dụng tuyệt vời cho da. Đầu tiên, axit citric trong chanh giúp làm sáng da, mờ thâm nám và tàn nhang nhờ khả năng tẩy tế bào chết nhẹ nhàng. Thứ hai, chanh có tính kháng khuẩn, giúp kiểm soát dầu thừa và ngăn ngừa mụn. Cuối cùng, xịt dưỡng chanh giúp cân bằng độ pH cho da, se khít lỗ chân lông và mang lại cảm giác tươi mát. Tuy nhiên, cần lưu ý sử dụng sản phẩm có nồng độ phù hợp để tránh kích ứng.
"
Công dụng của phấn mắt dạng duo chrome là gì?,"Phấn mắt duo chrome là loại phấn có chứa các hạt ngọc trai siêu nhỏ, tạo hiệu ứng chuyển màu độc đáo, thường thấy là sự kết hợp giữa hai tông màu đối lập. Công dụng chính của phấn mắt này là tạo chiều sâu và sự lấp lánh cho đôi mắt, giúp đôi mắt trông sống động và thu hút hơn. Khi đánh, màu sắc sẽ thay đổi tùy theo góc nhìn và ánh sáng, mang đến vẻ ngoài ấn tượng và khác biệt.
"
Công dụng của son tint màu hồng phấn là gì?,"Son tint màu hồng phấn mang đến vẻ đẹp tự nhiên, tươi trẻ và nữ tính. Màu son này phù hợp với nhiều tông da, đặc biệt là da trắng và trung bình, giúp da sáng hơn. 

Công dụng chính:

1.  **Tạo đôi môi căng mọng:** Chất tint nhẹ nhàng, bám dính tốt, giúp môi trông đầy đặn hơn.
2.  **Hiệu ứng tự nhiên:** Màu sắc trong trẻo, không quá đậm, phù hợp trang điểm hàng ngày.
3.  **Độ bền màu tốt:** Tint bám lâu trên môi, giữ màu sắc tươi tắn trong nhiều giờ.
"
Công dụng của kem lót chứa chiết xuất cây hoa sen là gì?,"Kem lót chứa chiết xuất hoa sen có nhiều công dụng tuyệt vời cho làn da. Đầu tiên, hoa sen giàu chất chống oxy hóa, giúp bảo vệ da khỏi tác hại của gốc tự do và làm chậm quá trình lão hóa. Thứ hai, chiết xuất này có tính làm dịu, giảm kích ứng và mẩn đỏ, phù hợp với da nhạy cảm. Cuối cùng, kem lót này giúp làm mịn da, tạo lớp nền hoàn hảo cho trang điểm, giúp lớp nền bám tốt hơn và bền lâu hơn.
"
Công dụng của tẩy trang dạng dầu hạt chia là gì?,"Tẩy trang dạng dầu hạt chia là lựa chọn tuyệt vời cho da, đặc biệt là da khô và nhạy cảm. Dầu hạt chia giàu axit béo omega-3 và vitamin, giúp làm sạch sâu bụi bẩn, dầu thừa và lớp trang điểm hiệu quả mà không gây khô da. Đồng thời, nó còn nuôi dưỡng, làm dịu da, giảm kích ứng và hỗ trợ phục hồi hàng rào bảo vệ da. Dầu hạt chia cũng có khả năng chống oxy hóa, giúp da tươi trẻ hơn.
"
Công dụng của phấn má hồng dạng nén là gì?,"Phấn má hồng dạng nén có công dụng chính là tạo đôi má ửng hồng tự nhiên, giúp khuôn mặt trông tươi tắn, khỏe khoắn và có sức sống hơn. Ngoài ra, phấn má hồng còn giúp tạo khối nhẹ nhàng, làm nổi bật cấu trúc xương gò má, giúp khuôn mặt thon gọn và có chiều sâu hơn. Dạng nén tiện lợi mang theo, dễ dàng kiểm soát lượng phấn và phù hợp với nhiều loại da.
"
Công dụng của xịt khóa makeup chứa chiết xuất trà xanh là gì?,"Xịt khóa makeup chứa chiết xuất trà xanh có nhiều công dụng tuyệt vời. Đầu tiên, nó giúp lớp trang điểm bền vững hơn, hạn chế tình trạng cakey hay xuống tông. Chiết xuất trà xanh còn có khả năng kiểm soát dầu thừa, giúp da thông thoáng, giảm bóng nhờn suốt cả ngày. Bên cạnh đó, trà xanh là một thành phần kháng viêm, làm dịu da, đặc biệt hữu ích cho những làn da nhạy cảm hoặc dễ kích ứng.
"
Công dụng của son dưỡng chứa dầu hạt argan là gì?,"Son dưỡng chứa dầu hạt argan có rất nhiều công dụng tuyệt vời cho đôi môi. Dầu argan giàu vitamin E, axit béo và chất chống oxy hóa, giúp dưỡng ẩm sâu, làm mềm môi khô ráp và bong tróc. Nó còn hỗ trợ tái tạo tế bào, làm mờ thâm môi, và bảo vệ môi khỏi tác hại của môi trường như nắng gió. Sử dụng thường xuyên giúp môi căng mọng, khỏe mạnh và có màu sắc tự nhiên hơn.
"
Công dụng của kem dưỡng chứa chiết xuất cây cúc vạn thọ là gì?,"Kem dưỡng chứa chiết xuất cúc vạn thọ nổi tiếng với khả năng làm dịu da, giảm kích ứng và mẩn đỏ nhờ đặc tính chống viêm mạnh mẽ. Cúc vạn thọ còn là một chất chống oxy hóa tuyệt vời, giúp bảo vệ da khỏi tác hại của gốc tự do, làm chậm quá trình lão hóa. Bên cạnh đó, nó hỗ trợ phục hồi hàng rào bảo vệ da, giúp da khỏe mạnh và căng bóng hơn. Thích hợp cho da nhạy cảm, dễ kích ứng.
"
Công dụng của phấn mắt dạng metallic là gì?,"Phấn mắt metallic mang đến hiệu ứng lấp lánh, ánh kim, giúp đôi mắt trông nổi bật và có chiều sâu hơn. Chúng thường chứa các hạt ngọc trai hoặc nhũ li ti phản xạ ánh sáng. Phấn mắt metallic phù hợp với các buổi tiệc, sự kiện hoặc khi bạn muốn tạo điểm nhấn cho đôi mắt. Khi sử dụng, nên kết hợp với lớp lót mắt để tăng độ bám dính và hạn chế tình trạng rơi rụng nhũ.
"
Công dụng của tẩy trang dạng dầu hạt nho là gì?,"Tẩy trang dạng dầu hạt nho là lựa chọn tuyệt vời cho da, đặc biệt là da nhạy cảm. Dầu hạt nho giàu vitamin E và axit béo, giúp làm sạch sâu bụi bẩn, dầu thừa và lớp trang điểm hiệu quả mà không gây khô da. Nó còn có khả năng dưỡng ẩm, làm mềm da và hỗ trợ làm dịu các vết viêm, mẩn đỏ. Dầu hạt nho cũng rất nhẹ, ít gây tắc nghẽn lỗ chân lông, phù hợp với nhiều loại da.
"
Công dụng của xịt dưỡng chứa chiết xuất hoa hồng là gì?,"Xịt dưỡng chứa chiết xuất hoa hồng có rất nhiều công dụng tuyệt vời cho da. Đầu tiên, nó giúp cân bằng độ pH, làm dịu da kích ứng, đặc biệt sau khi tẩy trang hoặc tiếp xúc với ánh nắng. Chiết xuất hoa hồng giàu vitamin C và chất chống oxy hóa, giúp làm sáng da, giảm thâm nám và bảo vệ da khỏi tác nhân môi trường. Ngoài ra, xịt dưỡng còn giúp khóa ẩm, làm mềm da và tạo lớp nền mịn màng cho các bước trang điểm tiếp theo.
"
Công dụng của son tint màu cam san hô là gì?,"Son tint màu cam san hô là lựa chọn tuyệt vời cho những cô nàng muốn có đôi môi tươi trẻ, tràn đầy năng lượng. Màu son này giúp làm sáng da mặt, đặc biệt phù hợp với những bạn có tông da trung bình đến tối. Chất tint lỏng nhẹ, bám tốt, mang lại đôi môi căng mọng tự nhiên, không gây cảm giác nặng nề. Đây là màu son đa năng, dễ dàng phối hợp với nhiều phong cách trang điểm khác nhau, từ nhẹ nhàng hàng ngày đến cá tính hơn.
"
Công dụng của kem lót chứa chiết xuất trà đen là gì?,"Kem lót chứa chiết xuất trà đen có nhiều công dụng tuyệt vời cho da. Đầu tiên, trà đen giàu chất chống oxy hóa giúp bảo vệ da khỏi tác hại của gốc tự do, làm chậm quá trình lão hóa. Thứ hai, nó giúp làm dịu da, giảm kích ứng và mẩn đỏ, đặc biệt phù hợp với da nhạy cảm. Cuối cùng, kem lót này còn giúp kiểm soát dầu thừa, cho lớp nền mịn màng, lâu trôi và se khít lỗ chân lông.
"
Công dụng của phấn highlighter dạng kem là gì?,"Phấn highlighter dạng kem có công dụng chính là tạo hiệu ứng glow (tỏa sáng) tự nhiên cho da. Khác với highlighter bột, dạng kem dễ dàng tán đều, bám da tốt hơn và cho lớp finish ẩm mịn, căng bóng. Bạn có thể dùng highlighter kem để làm nổi bật các điểm trên khuôn mặt như gò má, sống mũi, nhân trung, hoặc bầu mắt. Đặc biệt phù hợp với da khô hoặc da thường vì khả năng dưỡng ẩm.
"
Công dụng của son dưỡng chứa dầu hạt mắc ca là gì?,"Son dưỡng chứa dầu hạt mắc ca mang lại nhiều lợi ích cho đôi môi. Dầu hạt mắc ca giàu axit béo, vitamin và chất chống oxy hóa, giúp dưỡng ẩm sâu, làm mềm môi và giảm tình trạng khô bong tróc. Đặc biệt, nó còn hỗ trợ tái tạo tế bào da môi, giúp môi căng mọng, tươi tắn và bảo vệ môi khỏi tác động của môi trường. Dầu hạt mắc ca cũng có khả năng làm dịu môi nhạy cảm.
"
Công dụng của tẩy trang dạng dầu hạt mơ là gì?,"Tẩy trang dạng dầu hạt mơ là lựa chọn tuyệt vời cho da khô và nhạy cảm. Dầu hạt mơ giàu vitamin E và axit béo, giúp làm sạch sâu bụi bẩn, dầu thừa và lớp trang điểm hiệu quả mà không gây khô da. Đồng thời, nó còn dưỡng ẩm, làm mềm da và hỗ trợ làm dịu các kích ứng. So với các loại tẩy trang khác, dầu hạt mơ dịu nhẹ hơn, ít gây kích ứng và giúp duy trì hàng rào bảo vệ da tự nhiên.
"
Công dụng của mặt nạ lô hội trước khi trang điểm là gì?,"Chào bạn, với vai trò là chuyên gia trang điểm, tôi xin chia sẻ về công dụng của mặt nạ lô hội trước khi trang điểm:

Mặt nạ lô hội giúp cấp ẩm sâu, làm dịu da kích ứng và giảm đỏ, tạo một lớp nền mịn màng. Lô hội còn giúp se khít lỗ chân lông tạm thời, giúp lớp trang điểm bám tốt hơn và bền màu hơn. Đặc biệt, nếu da bạn dễ bị khô hoặc nhạy cảm, lô hội là lựa chọn tuyệt vời để chuẩn bị cho một lớp trang điểm hoàn hảo.
"
Công dụng của phấn mắt dạng satin là gì?,"Phấn mắt satin có kết cấu mềm mịn, chứa lượng nhũ vừa phải, tạo hiệu ứng đôi mắt có chiều sâu, căng mọng và bắt sáng nhẹ nhàng. Không lấp lánh như phấn nhũ, cũng không lì hoàn toàn như phấn matte, satin phù hợp với nhiều phong cách trang điểm, từ nhẹ nhàng hàng ngày đến dự tiệc. Màu sắc lên chuẩn, dễ tán và bền màu, giúp đôi mắt trông sống động hơn.
"
Công dụng của kem dưỡng chứa chiết xuất cây phấn hoa là gì?,"Kem dưỡng chứa chiết xuất cây phấn hoa có nhiều công dụng tuyệt vời cho da. Phấn hoa giàu vitamin, khoáng chất và axit amin, giúp nuôi dưỡng sâu, tăng cường độ đàn hồi và làm chậm quá trình lão hóa. Đặc biệt, phấn hoa còn có khả năng làm dịu da nhạy cảm, giảm viêm, hỗ trợ phục hồi da tổn thương và cải thiện tông màu da, mang lại làn da khỏe mạnh, rạng rỡ.
"
Công dụng của xịt khóa makeup chứa chiết xuất hoa anh đào là gì?,"Xịt khóa makeup chứa chiết xuất hoa anh đào có nhiều công dụng tuyệt vời. Đầu tiên, nó giúp cố định lớp trang điểm, giữ cho lớp nền không bị xuống tông, lem hay trôi trong suốt nhiều giờ. Chiết xuất hoa anh đào còn có khả năng cấp ẩm, làm dịu da, giúp da căng mọng và giảm kích ứng. Ngoài ra, một số loại xịt còn có tác dụng kiểm soát dầu thừa, mang lại làn da mịn màng, tự nhiên.
"
Công dụng của son tint màu đỏ anh đào là gì?,"Son tint màu đỏ anh đào mang đến vẻ đẹp tươi trẻ, năng động và quyến rũ. Màu son này phù hợp với nhiều tông da, đặc biệt là da sáng và trung bình, giúp da trông rạng rỡ hơn. 

Công dụng chính:

1.  **Tạo màu sắc tự nhiên:** Tint bám tốt, giữ màu lâu trên môi.
2.  **Hiệu ứng căng mọng:** Nhiều loại tint có chứa dưỡng chất giúp môi mềm mại, căng mọng.
3.  **Đa năng:** Có thể dùng làm màu má hồng nhẹ nhàng.
"
Công dụng của kem lót chứa chiết xuất cây liễu trắng là gì?,"Kem lót chứa chiết xuất cây liễu trắng có công dụng chính là làm mịn da và se khít lỗ chân lông nhờ chứa Salicylic Acid (BHA) tự nhiên. BHA giúp loại bỏ tế bào chết, dầu thừa và bụi bẩn sâu trong lỗ chân lông, từ đó giúp bề mặt da trở nên mịn màng hơn. Đồng thời, chiết xuất này còn có khả năng làm dịu da, giảm kích ứng và chuẩn bị bề mặt da hoàn hảo cho lớp nền makeup bám dính tốt hơn.
"
Công dụng của tẩy trang dạng dầu hạt lanh là gì?,"Dầu hạt lanh là một lựa chọn tẩy trang tuyệt vời, đặc biệt cho da khô và nhạy cảm. Công dụng chính của nó là hòa tan các sản phẩm trang điểm gốc dầu như kem nền, son môi, mascara một cách hiệu quả, đồng thời làm sạch sâu lỗ chân lông. Dầu hạt lanh giàu axit béo omega-3, giúp dưỡng ẩm, làm dịu da và giảm viêm. Tuy nhiên, cần rửa sạch lại với sữa rửa mặt để loại bỏ hoàn toàn dầu thừa.
"
Công dụng của phấn má hồng dạng kem là gì?,"Phấn má hồng dạng kem mang lại vẻ đẹp tự nhiên, khỏe khoắn cho khuôn mặt. Khác với phấn bột, chất kem dễ dàng hòa quyện vào da, tạo hiệu ứng ""trong trẻo"" như từ bên trong. 

**Công dụng chính:**

1.  **Tạo màu sắc:** Thêm sắc hồng, đào cho đôi má ửng hồng.
2.  **Định hình khuôn mặt:** Có thể dùng để highlight hoặc contour nhẹ nhàng.
3.  **Dưỡng ẩm:** Nhiều loại chứa thành phần dưỡng ẩm, giúp da căng mọng.

Phấn kem phù hợp với da khô, thường và cả da hỗn hợp, đặc biệt là khi bạn muốn có lớp trang điểm mỏng nhẹ.
"
Công dụng của xịt dưỡng chứa chiết xuất cây cúc La Mã là gì?,"Xịt dưỡng chứa chiết xuất cúc La Mã có nhiều công dụng tuyệt vời cho da. Đầu tiên, cúc La Mã nổi tiếng với khả năng làm dịu da kích ứng, giảm đỏ và viêm, rất lý tưởng cho da nhạy cảm hoặc sau các liệu trình mạnh. Thứ hai, nó giúp cân bằng độ pH, làm mềm da và tăng cường hàng rào bảo vệ da. Cuối cùng, xịt dưỡng này còn có thể làm tươi mát làn da, giúp lớp trang điểm bền hơn.
"
Công dụng của son dưỡng chứa dầu hạt nho là gì?,"Son dưỡng chứa dầu hạt nho mang lại nhiều lợi ích cho đôi môi. Dầu hạt nho giàu vitamin E và chất chống oxy hóa, giúp dưỡng ẩm sâu, làm mềm môi và ngăn ngừa tình trạng khô nứt. Đặc biệt, dầu hạt nho còn có khả năng làm sáng màu môi, giảm thâm nám và bảo vệ môi khỏi tác hại của môi trường. Nhờ khả năng thẩm thấu nhanh, son không gây cảm giác bết dính, mang lại đôi môi căng mọng tự nhiên.
"
Công dụng của kem dưỡng chứa chiết xuất cây trà xanh là gì?,"Kem dưỡng chứa chiết xuất trà xanh có rất nhiều công dụng tuyệt vời cho da. Đầu tiên, trà xanh giàu chất chống oxy hóa như EGCG, giúp bảo vệ da khỏi tác hại của gốc tự do, làm chậm quá trình lão hóa. Thứ hai, nó có khả năng kháng viêm, giảm kích ứng, đặc biệt hữu ích cho da nhạy cảm hoặc dễ nổi mụn. Cuối cùng, trà xanh còn giúp kiểm soát dầu thừa, se khít lỗ chân lông, mang lại làn da mịn màng và tươi sáng.
"
Công dụng của phấn mắt dạng liquid là gì?,"Phấn mắt dạng liquid (nước) có nhiều công dụng tuyệt vời! Đầu tiên, chúng dễ dàng tán đều, cho lớp màu mịn mướt, bám dính tốt và ít bị vón cục hơn phấn mắt bột. Thứ hai, màu sắc thường sống động, bền màu, phù hợp với nhiều phong cách trang điểm từ nhẹ nhàng hàng ngày đến nổi bật dự tiệc. Cuối cùng, một số loại còn có chức năng dưỡng ẩm, giúp vùng da mắt không bị khô.
"
Công dụng của tẩy trang dạng dầu hạt argan là gì?,"Tẩy trang dạng dầu hạt argan có công dụng tuyệt vời trong việc làm sạch sâu lớp trang điểm, kể cả mascara chống thấm nước, mà không gây khô da. Dầu argan giàu vitamin E và axit béo, giúp dưỡng ẩm, làm dịu da và hỗ trợ phục hồi hàng rào bảo vệ da. Nhờ khả năng hòa tan dầu với dầu, sản phẩm này loại bỏ bụi bẩn, bã nhờn hiệu quả, mang lại làn da mềm mại, mịn màng sau khi sử dụng.
"
Công dụng của xịt khóa makeup chứa chiết xuất lô hội là gì?,"Xịt khóa makeup chứa chiết xuất lô hội có nhiều công dụng tuyệt vời. Đầu tiên, nó giúp lớp trang điểm bền vững hơn, hạn chế tình trạng cakey hay xuống tông. Lô hội có khả năng cấp ẩm, làm dịu da, giảm kích ứng do makeup gây ra, đặc biệt với da nhạy cảm. Xịt khóa này còn tạo lớp finish tự nhiên, căng bóng khỏe mạnh, thay vì lớp makeup khô ráp. Nhờ vậy, da vừa được bảo vệ vừa có vẻ ngoài tươi tắn suốt cả ngày.
"
Công dụng của son tint màu cam cháy là gì?,"Son tint màu cam cháy là lựa chọn tuyệt vời cho những cô nàng muốn có đôi môi nổi bật, trẻ trung nhưng vẫn giữ được nét cá tính. Màu son này giúp làm sáng da mặt, đặc biệt phù hợp với những bạn da trắng hoặc trung bình. Chất tint thường mỏng nhẹ, bám màu tốt, giúp đôi môi trông căng mọng tự nhiên suốt nhiều giờ liền. Đây là màu son đa năng, dễ dàng phối hợp với nhiều phong cách trang điểm khác nhau.
"
Công dụng của kem lót chứa chiết xuất cây phấn hoa là gì?,"Kem lót chứa chiết xuất cây phấn hoa có nhiều công dụng tuyệt vời cho làn da. Đầu tiên, phấn hoa giàu vitamin và khoáng chất giúp nuôi dưỡng, làm dịu da và tăng cường sức khỏe da từ bên trong. Thứ hai, nó tạo một lớp màng bảo vệ, giúp khóa ẩm và làm mềm da, tạo điều kiện lý tưởng cho lớp nền bám dính tốt hơn. Cuối cùng, phấn hoa còn có khả năng làm sáng da và giảm kích ứng, giúp da trông rạng rỡ và khỏe mạnh hơn.
"
Công dụng của phấn highlighter dạng bột là gì?,"Phấn highlighter dạng bột có công dụng chính là tạo hiệu ứng bắt sáng, giúp những vùng da được đánh highlight trông nổi bật và có chiều sâu hơn. Thông thường, người ta đánh highlighter lên gò má, sống mũi, nhân trung, khóe mắt và dưới chân mày. 

Sử dụng highlighter bột giúp khuôn mặt trông tươi tắn, rạng rỡ và có điểm nhấn hơn. Chất bột mịn dễ dàng tán đều, phù hợp với nhiều loại da, đặc biệt là da thường và da khô.
"
Công dụng của son dưỡng chứa dầu hạt mơ là gì?,"Son dưỡng chứa dầu hạt mơ có rất nhiều công dụng tuyệt vời cho đôi môi của bạn. Dầu hạt mơ giàu vitamin E và axit béo, giúp dưỡng ẩm sâu, làm mềm môi và giảm tình trạng khô bong tróc. Nó còn có khả năng làm dịu môi nhạy cảm, hỗ trợ tái tạo tế bào và bảo vệ môi khỏi tác động của môi trường. Nhờ vậy, son dưỡng này giúp môi luôn căng mọng, khỏe mạnh và chuẩn bị tốt cho việc tô son màu.
"
Công dụng của tẩy trang dạng dầu hạt dừa là gì?,"Tẩy trang dạng dầu hạt dừa có công dụng tuyệt vời trong việc hòa tan và loại bỏ hiệu quả các loại makeup, đặc biệt là makeup chống thấm nước như mascara, eyeliner và kem nền lâu trôi. Dầu dừa giàu axit béo giúp làm mềm da, dưỡng ẩm và không gây khô căng sau khi tẩy trang. Ngoài ra, nó còn có khả năng làm dịu da, phù hợp với cả da nhạy cảm. Tuy nhiên, cần rửa sạch lại với sữa rửa mặt để loại bỏ hoàn toàn dầu thừa.
"
Công dụng của mặt nạ trà xanh trước khi trang điểm là gì?,"Chào bạn, với vai trò là chuyên gia trang điểm, tôi xin chia sẻ về công dụng của mặt nạ trà xanh trước khi trang điểm nhé.

Mặt nạ trà xanh giúp làm dịu da, giảm kích ứng và kiểm soát dầu thừa – những yếu tố quan trọng để lớp nền mịn màng, bám dính tốt hơn. Ngoài ra, trà xanh còn có khả năng se khít lỗ chân lông, giúp bề mặt da láng mịn, làm nổi bật lớp trang điểm. Bạn nên dùng mặt nạ khoảng 15-20 phút trước khi bắt đầu trang điểm.
"
Công dụng của phấn mắt dạng nhũ bạc là gì?,"Phấn mắt nhũ bạc có công dụng chính là tạo điểm nhấn lấp lánh, thu hút ánh nhìn cho đôi mắt. Nhũ bạc đặc biệt phù hợp với các dịp lễ hội, tiệc tùng hoặc khi bạn muốn có một diện mạo nổi bật. 

Khi sử dụng, bạn nên đánh nhũ bạc ở vùng bầu mắt hoặc hốc mắt để tạo chiều sâu. Lưu ý dùng lượng vừa phải để tránh bị quá lòe loẹt, và kết hợp với các màu mắt khác để tăng thêm sự hài hòa cho tổng thể trang điểm.
"
Công dụng của kem dưỡng chứa chiết xuất cây chanh là gì?,"Kem dưỡng chứa chiết xuất cây chanh (lemon extract) mang lại nhiều lợi ích cho da nhờ đặc tính của vitamin C và axit citric. Đầu tiên, nó giúp làm sáng da, mờ thâm nám và đều màu da. Axit citric còn có tác dụng tẩy tế bào chết nhẹ nhàng, giúp da mịn màng hơn. Bên cạnh đó, chiết xuất chanh giúp kiểm soát dầu thừa, se khít lỗ chân lông và làm dịu da bị kích ứng. Tuy nhiên, cần lưu ý sử dụng kem chống nắng sau khi dùng sản phẩm chứa chiết xuất chanh vì nó có thể tăng độ nhạy cảm của da với ánh nắng mặt trời.
"
Công dụng của xịt khóa makeup chứa chiết xuất cây bạch dương là gì?,"Xịt khóa makeup chứa chiết xuất cây bạch dương có nhiều công dụng tuyệt vời. Bạch dương giàu chất chống oxy hóa, giúp bảo vệ da khỏi tác động của môi trường và duy trì độ tươi trẻ cho lớp trang điểm. Xịt khóa này giúp lớp makeup bền vững hơn, hạn chế xuống tông và giữ ẩm cho da, tránh tình trạng khô căng. Ngoài ra, một số sản phẩm còn có khả năng làm dịu da, giảm kích ứng nhờ đặc tính của bạch dương.
"
Công dụng của son tint màu hồng đất là gì?,"Son tint màu hồng đất là lựa chọn tuyệt vời cho những cô nàng yêu thích vẻ đẹp tự nhiên, nhẹ nhàng. Màu son này có khả năng ""hack"" tuổi, giúp khuôn mặt trông tươi tắn và trẻ trung hơn. 

Đặc biệt, hồng đất là màu son dễ phối hợp với nhiều phong cách trang điểm khác nhau, từ hàng ngày đến dự tiệc. Chất tint giúp son bám lâu, không lem, giữ màu môi căng mọng suốt nhiều giờ. Đây là màu son ""must-have"" trong túi đồ của mọi cô gái!
"
Công dụng của kem lót chứa chiết xuất cây cúc vạn thọ là gì?,"Kem lót chứa chiết xuất cúc vạn thọ có nhiều công dụng tuyệt vời cho làn da. Đầu tiên, cúc vạn thọ nổi tiếng với khả năng làm dịu da, giảm kích ứng và mẩn đỏ, rất phù hợp cho da nhạy cảm. Thứ hai, nó giúp cấp ẩm nhẹ, tạo một lớp nền mịn màng, giúp kem nền bám tốt hơn. Cuối cùng, một số sản phẩm còn có thêm khả năng chống oxy hóa, bảo vệ da khỏi tác nhân môi trường.
"
Công dụng của tẩy trang dạng dầu hạt óc chó là gì?,"Tẩy trang dạng dầu hạt óc chó có công dụng tuyệt vời trong việc làm sạch sâu lớp trang điểm, kể cả mascara chống thấm nước, mà không gây khô da. Dầu hạt óc chó giàu axit béo và vitamin E, giúp dưỡng ẩm, làm mềm da và hỗ trợ làm dịu các kích ứng. Nhờ khả năng hòa tan dầu với dầu, sản phẩm này nhẹ nhàng loại bỏ bụi bẩn, bã nhờn từ sâu trong lỗ chân lông, mang lại làn da sạch thoáng và khỏe mạnh.
"
Công dụng của phấn má hồng dạng bột là gì?,"Phấn má hồng dạng bột có công dụng chính là tạo đôi má ửng hồng tự nhiên, giúp khuôn mặt trông tươi tắn, khỏe khoắn và có sức sống hơn. Ngoài ra, phấn má hồng còn giúp tạo khối nhẹ nhàng, làm nổi bật cấu trúc xương gò má, giúp khuôn mặt thon gọn và có chiều sâu hơn. Chất bột mịn giúp dễ dàng tán đều và kiểm soát lượng phấn, phù hợp với nhiều loại da.
"
Công dụng của xịt dưỡng chứa chiết xuất cây lô hội là gì?,"Xịt dưỡng chứa chiết xuất lô hội có rất nhiều công dụng tuyệt vời cho da. Lô hội nổi tiếng với khả năng làm dịu da cháy nắng, giảm kích ứng và mẩn đỏ. Xịt dưỡng này giúp cấp ẩm tức thì, làm mềm da và cân bằng độ pH. Ngoài ra, lô hội còn chứa các chất chống oxy hóa, giúp bảo vệ da khỏi tác hại của môi trường. Bạn có thể dùng sau khi trang điểm để khóa lớp makeup, hoặc dùng như một bước dưỡng da hàng ngày.
"
Công dụng của son dưỡng chứa dầu hạt chia là gì?,"Son dưỡng chứa dầu hạt chia có nhiều công dụng tuyệt vời cho đôi môi. Dầu hạt chia giàu omega-3, omega-6 và chất chống oxy hóa, giúp dưỡng ẩm sâu, làm mềm môi khô ráp và ngăn ngừa nứt nẻ. Đồng thời, nó còn bảo vệ môi khỏi tác hại của môi trường như nắng gió, giúp môi luôn căng mọng và tươi tắn. Dầu hạt chia cũng hỗ trợ tái tạo tế bào, làm mờ thâm môi và cải thiện sắc tố môi.
"
Công dụng của kem dưỡng chứa chiết xuất hoa anh đào là gì?,"Kem dưỡng chứa chiết xuất hoa anh đào có nhiều công dụng tuyệt vời cho da. Đầu tiên, hoa anh đào giàu chất chống oxy hóa giúp bảo vệ da khỏi gốc tự do, làm chậm quá trình lão hóa. Bên cạnh đó, nó còn chứa axit hyaluronic giúp cấp ẩm sâu, mang lại làn da căng mọng, mịn màng. Chiết xuất này cũng có khả năng làm sáng da, giảm thâm nám và làm dịu da nhạy cảm, giúp da khỏe mạnh từ bên trong.
"
Công dụng của phấn mắt nhũ xanh ngọc là gì?,"Phấn mắt nhũ xanh ngọc là một lựa chọn tuyệt vời để tạo điểm nhấn cho đôi mắt, đặc biệt phù hợp với các cô nàng có mắt nâu hoặc xanh lá. Màu xanh ngọc giúp làm sáng và nổi bật màu mắt tự nhiên. Nhũ ánh ngọc trai còn giúp đôi mắt trông to tròn, long lanh và thu hút hơn. Bạn có thể sử dụng phấn mắt này làm điểm nhấn ở khóe mắt hoặc toàn bộ bầu mắt để tạo hiệu ứng trang điểm ấn tượng.
"
Công dụng của tẩy trang dạng dầu hạt bơ là gì?,"Tẩy trang dạng dầu hạt bơ có công dụng tuyệt vời trong việc làm sạch sâu lớp trang điểm, kể cả mascara chống thấm nước, mà không gây khô da. Dầu hạt bơ giàu vitamin E và axit béo, giúp dưỡng ẩm, làm mềm da và hỗ trợ làm dịu các kích ứng. Kết cấu dầu nhẹ nhàng hòa tan các sản phẩm makeup, đồng thời nuôi dưỡng da, mang lại cảm giác mềm mại, mịn màng sau khi sử dụng. Đây là lựa chọn lý tưởng cho da khô và nhạy cảm.
"
Công dụng của xịt khóa makeup chứa chiết xuất cây hoa sen là gì?,"Xịt khóa makeup chứa chiết xuất hoa sen có nhiều công dụng tuyệt vời. Đầu tiên, nó giúp lớp trang điểm bền vững hơn, chống trôi và lem trong suốt nhiều giờ. Chiết xuất hoa sen giàu chất chống oxy hóa, giúp làm dịu da, giảm kích ứng và bảo vệ da khỏi tác động của môi trường. Ngoài ra, xịt khóa này còn giúp cấp ẩm nhẹ nhàng, mang lại làn da căng bóng, tự nhiên và khỏe mạnh.
"
Công dụng của son tint màu tím nhạt là gì?,"Son tint màu tím nhạt mang đến vẻ đẹp nhẹ nhàng, nữ tính và hiện đại. Màu son này giúp làm sáng da, đặc biệt phù hợp với những bạn có tông da lạnh. Khi thoa, son tint tím nhạt tạo hiệu ứng đôi môi căng mọng, tự nhiên như vừa ăn trái cây. Độ bền màu tốt, giúp bạn giữ được đôi môi xinh xắn suốt cả ngày mà không cần dặm lại thường xuyên. Đây là lựa chọn tuyệt vời cho phong cách trang điểm hàng ngày hoặc các buổi dạo phố.
"
Công dụng của kem lót chứa chiết xuất cây trà chanh là gì?,"Kem lót chứa chiết xuất cây trà xanh (trà xanh) và chanh (citrus) mang lại nhiều lợi ích cho làn da. Trà xanh nổi tiếng với khả năng chống oxy hóa, giúp bảo vệ da khỏi tác hại của gốc tự do và làm dịu da bị kích ứng. Chanh có khả năng làm sáng da, giúp đều màu da và kiểm soát dầu thừa. 

Kết hợp hai thành phần này trong kem lót giúp:
*   **Làm dịu và bảo vệ da:** Giảm đỏ, kích ứng.
*   **Kiểm soát dầu:** Giữ lớp nền bền vững.
*   **Làm sáng da:** Mang lại vẻ tươi tắn.
"
Công dụng của phấn highlighter dạng lỏng là gì?,"Phấn highlighter dạng lỏng mang lại hiệu ứng glow tự nhiên, căng bóng cho da hơn so với highlighter dạng bột. Công dụng chính là làm nổi bật các điểm trên khuôn mặt như gò má, sống mũi, nhân trung, giúp khuôn mặt trông tươi sáng và có chiều sâu. Dạng lỏng dễ dàng tán đều, phù hợp với nhiều loại da, đặc biệt là da khô hoặc da thường. Bạn có thể mix cùng kem nền hoặc dùng trực tiếp sau khi đánh kem nền để đạt hiệu quả tốt nhất.
"
Công dụng của son dưỡng chứa dầu hạt óc chó là gì?,"Son dưỡng chứa dầu hạt óc chó mang lại nhiều lợi ích tuyệt vời cho đôi môi. Dầu hạt óc chó giàu vitamin E, chất béo không bão hòa và chất chống oxy hóa, giúp dưỡng ẩm sâu, làm mềm môi khô ráp và ngăn ngừa nứt nẻ. Đặc biệt, nó còn hỗ trợ làm sáng màu môi, giảm thâm nám và bảo vệ môi khỏi tác hại của môi trường, cho đôi môi luôn căng mọng và khỏe mạnh.
"
Công dụng của mặt nạ hoa hồng trước khi trang điểm là gì?,"Chào bạn, với vai trò là chuyên gia trang điểm, tôi xin chia sẻ về công dụng của mặt nạ hoa hồng trước khi trang điểm nhé.

Mặt nạ hoa hồng giúp cân bằng độ pH, làm dịu da và cung cấp độ ẩm, giúp da mềm mại hơn. Điều này tạo lớp nền mịn màng, giúp kem nền bám tốt hơn, tránh tình trạng mốc da hoặc lộ vân texture. Ngoài ra, hương thơm hoa hồng còn giúp bạn thư giãn trước khi trang điểm nữa đấy!
"
Công dụng của phấn mắt nhũ tím oải hương là gì?,"Phấn mắt nhũ tím oải hương mang đến vẻ đẹp mơ màng, nữ tính và lãng mạn. Màu tím oải hương phù hợp với nhiều tông da, đặc biệt là da trung bình và da ngăm, giúp đôi mắt trông to tròn và có chiều sâu hơn. Nhũ ánh ngọc trai còn giúp bắt sáng, tạo điểm nhấn cho đôi mắt thêm long lanh, thu hút. Bạn có thể dùng phấn này để trang điểm mắt hàng ngày hoặc cho các dịp đặc biệt.
"
Công dụng của kem dưỡng chứa chiết xuất cây liễu trắng là gì?,"Kem dưỡng chứa chiết xuất cây liễu trắng có công dụng chính là làm sáng da và giảm thâm nám nhờ chứa Salicin - một dạng tự nhiên của Acid Salicylic. Salicin giúp tẩy tế bào chết nhẹ nhàng, thúc đẩy tái tạo da, làm mờ các đốm nâu và cải thiện tông màu da. Đồng thời, nó còn có khả năng làm dịu da, giảm viêm và se khít lỗ chân lông, phù hợp với da dầu mụn.
"
Công dụng của xịt khóa makeup chứa chiết xuất cây phấn hoa là gì?,"Xịt khóa makeup chứa chiết xuất cây phấn hoa có nhiều công dụng tuyệt vời. Đầu tiên, nó giúp cố định lớp trang điểm, tăng độ bền, giúp makeup không bị lem, trôi trong suốt nhiều giờ. Chiết xuất phấn hoa còn có khả năng cấp ẩm, làm dịu da, giảm kích ứng, đặc biệt phù hợp với da nhạy cảm. Ngoài ra, một số loại xịt còn chứa các thành phần chống oxy hóa, bảo vệ da khỏi tác động của môi trường.
"
Công dụng của son tint màu đỏ gạch là gì?,"Son tint màu đỏ gạch là lựa chọn tuyệt vời cho những cô nàng muốn có đôi môi nổi bật, tự nhiên. Màu son này mang đến vẻ đẹp ấm áp, trẻ trung và rất dễ phối đồ. 

Công dụng chính:

1.  **Tạo màu môi tự nhiên:** Tint bám tốt, giữ màu lâu, không gây cảm giác nặng môi.
2.  **Nâng tông da:** Đỏ gạch phù hợp nhiều tông da, đặc biệt là da trung bình và da ngăm.
3.  **Xu hướng:** Màu son này luôn được yêu thích bởi tính ứng dụng cao và vẻ đẹp hiện đại.
"
Công dụng của kem lót chứa chiết xuất cây hoa cúc là gì?,"Kem lót chứa chiết xuất hoa cúc có nhiều công dụng tuyệt vời cho da. Đầu tiên, hoa cúc nổi tiếng với khả năng làm dịu da, giảm kích ứng và mẩn đỏ, rất phù hợp cho da nhạy cảm hoặc dễ bị viêm. Thứ hai, nó giúp cấp ẩm nhẹ, tạo một lớp nền mịn màng, giúp kem nền bám tốt hơn. Cuối cùng, một số loại kem lót còn chứa các thành phần chống oxy hóa từ hoa cúc, bảo vệ da khỏi tác hại của môi trường.
"
Công dụng của tẩy trang dạng dầu hạt bưởi là gì?,"Tẩy trang dạng dầu hạt bưởi có công dụng tuyệt vời trong việc làm sạch sâu lớp trang điểm, kể cả mascara chống thấm nước, mà không gây khô da. Dầu hạt bưởi giàu vitamin C và chất chống oxy hóa, giúp làm sáng da, giảm thâm nám và hỗ trợ se khít lỗ chân lông. Đồng thời, nó còn giúp cân bằng lượng dầu tự nhiên trên da, phù hợp với mọi loại da, kể cả da nhạy cảm.
"
Công dụng của phấn má hồng nhũ nhẹ là gì?,"Phấn má hồng nhũ nhẹ có công dụng chính là tạo hiệu ứng ửng hồng tự nhiên, khỏe khoắn cho đôi má. Các hạt nhũ li ti giúp phản xạ ánh sáng, làm da trông căng bóng, tươi tắn và có chiều sâu hơn. Đặc biệt, phấn má hồng nhũ nhẹ phù hợp với các kiểu trang điểm tự nhiên, hàng ngày hoặc các buổi tiệc nhẹ, giúp khuôn mặt bừng sáng mà không bị quá lòe loẹt.
"
Công dụng của xịt dưỡng chứa chiết xuất cây trà xanh là gì?,"Xịt dưỡng chứa chiết xuất trà xanh có rất nhiều công dụng tuyệt vời cho da. Đầu tiên, trà xanh giàu chất chống oxy hóa, giúp bảo vệ da khỏi tác hại của gốc tự do và làm chậm quá trình lão hóa. Thứ hai, nó có tính kháng viêm, làm dịu da kích ứng, giảm mẩn đỏ do mụn hoặc cháy nắng. Cuối cùng, xịt dưỡng giúp cân bằng độ pH, cấp ẩm nhẹ nhàng và làm se khít lỗ chân lông, mang lại làn da tươi mát.
"
Công dụng của son dưỡng chứa dầu hạt bơ là gì?,"Son dưỡng chứa dầu hạt bơ mang lại nhiều lợi ích tuyệt vời cho đôi môi. Dầu hạt bơ giàu vitamin E và axit béo, giúp dưỡng ẩm sâu, làm mềm môi khô ráp và ngăn ngừa nứt nẻ. Nó còn có khả năng bảo vệ môi khỏi tác hại của môi trường như nắng gió và ô nhiễm. Thêm vào đó, dầu hạt bơ còn giúp làm dịu môi bị kích ứng, cho đôi môi luôn căng mọng và khỏe mạnh.
"
Công dụng của kem dưỡng chứa chiết xuất cây hoa sen là gì?,"Kem dưỡng chứa chiết xuất hoa sen có nhiều công dụng tuyệt vời cho da. Hoa sen giàu chất chống oxy hóa, giúp bảo vệ da khỏi gốc tự do, làm chậm quá trình lão hóa. Chiết xuất này còn có khả năng làm dịu da, giảm kích ứng, đặc biệt phù hợp với da nhạy cảm hoặc dễ bị mẩn đỏ. Ngoài ra, hoa sen giúp cấp ẩm, làm sáng da và cải thiện tông màu da, mang lại làn da tươi tắn, rạng rỡ.
"
Công dụng của phấn mắt nhũ vàng đồng là gì?,"Phấn mắt nhũ vàng đồng là lựa chọn tuyệt vời để tạo chiều sâu và sự ấm áp cho đôi mắt. Màu sắc này phù hợp với nhiều tông da, đặc biệt là da trung bình và da ngăm. 

Công dụng chính:

1.  **Tạo điểm nhấn:** Nhũ vàng đồng bắt sáng, làm mắt trông to và có sức sống hơn.
2.  **Phù hợp nhiều phong cách:** Có thể dùng cho cả trang điểm hàng ngày lẫn dự tiệc.
3.  **Kết hợp dễ dàng:** Hòa hợp với nhiều màu mắt khác như nâu, đen, hoặc thậm chí là các màu pastel."
Công dụng của tẩy trang dạng dầu hạt hạnh nhân là gì?,"Tẩy trang dạng dầu hạt hạnh nhân là lựa chọn tuyệt vời cho da khô và nhạy cảm. Dầu hạnh nhân giàu vitamin E và axit béo, giúp làm sạch sâu bụi bẩn, dầu thừa và lớp trang điểm hiệu quả mà không gây khô da. Đồng thời, nó còn dưỡng ẩm, làm mềm da và hỗ trợ làm dịu các kích ứng. So với tẩy trang hóa học, dầu hạnh nhân dịu nhẹ hơn, ít gây kích ứng và giúp duy trì hàng rào bảo vệ da tự nhiên.
"
Công dụng của xịt khóa makeup chứa chiết xuất cây liễu trắng là gì?,"Xịt khóa makeup chứa chiết xuất cây liễu trắng có nhiều công dụng tuyệt vời. Đầu tiên, nó giúp cố định lớp trang điểm, giữ cho lớp nền không bị xuống tông, lem hay trôi trong suốt nhiều giờ. Chiết xuất liễu trắng còn có khả năng làm dịu da, giảm kích ứng và kiểm soát dầu thừa, giúp da thông thoáng. Ngoài ra, một số sản phẩm còn chứa các thành phần dưỡng ẩm, giúp da căng mọng và mịn màng hơn.
"
Công dụng của son tint màu nude be là gì?,"Son tint màu nude be là lựa chọn tuyệt vời cho những cô nàng yêu thích vẻ đẹp tự nhiên, thanh lịch. Màu son này giúp đôi môi trông đầy đặn, tươi tắn mà không quá nổi bật. Đặc biệt, nude be rất dễ phối hợp với nhiều phong cách trang điểm khác nhau, từ nhẹ nhàng hàng ngày đến trang điểm cá tính. Son tint còn có ưu điểm bền màu, giúp bạn tự tin suốt cả ngày.
"
Công dụng của kem lót chứa chiết xuất cây trà đen là gì?,"Kem lót chứa chiết xuất cây trà đen có nhiều công dụng tuyệt vời cho da. Đầu tiên, nó giúp làm dịu và giảm kích ứng, đặc biệt phù hợp với da nhạy cảm hoặc dễ nổi mẩn đỏ nhờ đặc tính kháng viêm của trà đen. Thứ hai, nó kiểm soát dầu thừa, giúp lớp nền bền vững hơn. Cuối cùng, chiết xuất trà đen còn là một chất chống oxy hóa, bảo vệ da khỏi tác hại của môi trường.
"
Công dụng của phấn má hồng dạng lỏng là gì?,"Phấn má hồng dạng lỏng mang lại hiệu ứng ửng hồng tự nhiên, căng bóng hơn so với phấn má hồng bột. Ưu điểm lớn nhất là khả năng bám da tốt, lâu trôi và dễ dàng tán đều, đặc biệt phù hợp với da khô hoặc da thường. Chất lỏng giúp hòa quyện với lớp nền, tạo cảm giác da khỏe mạnh từ bên trong, thay vì chỉ là lớp màu đắp lên trên. Bạn nên dùng cọ hoặc mút để tán đều sản phẩm.
"
Công dụng của xịt dưỡng chứa chiết xuất hoa nhài là gì?,"Xịt dưỡng chứa chiết xuất hoa nhài mang lại nhiều lợi ích cho da. Đầu tiên, hoa nhài giàu chất chống oxy hóa, giúp bảo vệ da khỏi tác hại của gốc tự do và làm chậm quá trình lão hóa. Thứ hai, nó có khả năng làm dịu da kích ứng, giảm đỏ và cân bằng độ pH. Cuối cùng, hương thơm nhẹ nhàng của hoa nhài còn giúp thư giãn tinh thần, mang lại cảm giác thoải mái khi sử dụng.
"
Công dụng của son dưỡng chứa dầu hạt hướng dương là gì?,"Son dưỡng chứa dầu hạt hướng dương mang lại nhiều lợi ích cho đôi môi. Dầu hướng dương giàu vitamin E, một chất chống oxy hóa mạnh mẽ, giúp bảo vệ môi khỏi tác hại của môi trường và làm chậm quá trình lão hóa. Nó còn có khả năng giữ ẩm tuyệt vời, giúp môi mềm mại, mịn màng và giảm tình trạng khô nứt. Đặc biệt, dầu hướng dương dễ dàng hấp thụ vào da, không gây cảm giác nhờn dính khó chịu.
"
Công dụng của kem dưỡng chứa chiết xuất cây bạch dương là gì?,"Kem dưỡng chứa chiết xuất cây bạch dương nổi tiếng với khả năng cấp ẩm sâu và cân bằng độ pH cho da. Bạch dương giàu Betulin, một hợp chất giúp tăng cường hàng rào bảo vệ da, làm dịu da kích ứng và giảm đỏ. Ngoài ra, nó còn chứa các vitamin và khoáng chất giúp da sáng mịn, đều màu và hỗ trợ quá trình tái tạo da, phù hợp với mọi loại da, đặc biệt là da nhạy cảm và dễ bị kích ứng.
"
Công dụng của phấn mắt nhũ xanh lam là gì?,"Phấn mắt nhũ xanh lam mang đến vẻ ngoài tươi trẻ, năng động và có phần nổi bật. Nhũ ánh giúp mở rộng và làm sáng bừng đôi mắt, đặc biệt hiệu quả với mắt một mí hoặc mắt nhỏ. Màu xanh lam hợp với nhiều tông da, nhưng đặc biệt tôn da trung bình và da ngăm. Bạn có thể dùng làm điểm nhấn cho góc mắt hoặc tô điểm toàn bộ bầu mắt để tạo phong cách ấn tượng.
"
Công dụng của tẩy trang dạng dầu hạt cam là gì?,"Tẩy trang dạng dầu hạt cam có công dụng tuyệt vời trong việc làm sạch sâu lớp trang điểm, kể cả mascara chống thấm nước, mà không gây khô da. Dầu hạt cam giàu vitamin C và chất chống oxy hóa, giúp làm sáng da, mờ thâm nám và hỗ trợ quá trình tái tạo da. Đồng thời, khả năng hòa tan dầu giúp loại bỏ bã nhờn, bụi bẩn, mang lại làn da thông thoáng, mềm mại và không gây kích ứng.
"
Công dụng của xịt khóa makeup chứa chiết xuất cây chanh là gì?,"Xịt khóa makeup chứa chiết xuất cây chanh có nhiều công dụng tuyệt vời. Đầu tiên, nó giúp cố định lớp trang điểm, giữ cho lớp nền không bị xuống tông, lem hay trôi trong suốt nhiều giờ. Chiết xuất chanh có tính axit nhẹ, giúp cân bằng độ pH cho da, làm sáng da và kiểm soát dầu thừa, hạn chế tình trạng bít tắc lỗ chân lông. Ngoài ra, xịt khóa này còn tạo hiệu ứng căng bóng tự nhiên, giúp da trông khỏe khoắn hơn.
"
Công dụng của son tint màu đỏ rượu vang là gì?,"Son tint màu đỏ rượu vang mang đến vẻ đẹp quyến rũ, trưởng thành và sang trọng. Màu son này giúp nâng tông da, tạo cảm giác đôi môi căng mọng và tràn đầy sức sống. Đặc biệt, chất tint lỏng nhẹ, bám tốt, giữ màu lâu, phù hợp với nhiều phong cách trang điểm từ nhẹ nhàng hàng ngày đến dự tiệc. Đây là lựa chọn tuyệt vời cho những cô nàng yêu thích vẻ đẹp cổ điển và tinh tế.
"
Công dụng của kem lót chứa chiết xuất cây lô hội là gì?,"Kem lót chứa chiết xuất lô hội có nhiều công dụng tuyệt vời cho da. Lô hội nổi tiếng với khả năng làm dịu da, giảm kích ứng và cấp ẩm. Do đó, kem lót này giúp làm dịu các làn da nhạy cảm, giảm đỏng và tạo một lớp nền mịn màng, giúp trang điểm bám lâu hơn. Ngoài ra, lô hội còn có tính kháng viêm, hỗ trợ làm giảm mụn và bảo vệ da khỏi các tác nhân gây hại từ môi trường.
"
Công dụng của phấn má hồng dạng gel là gì?,"Phấn má hồng dạng gel mang lại vẻ đẹp tự nhiên, khỏe khoắn cho khuôn mặt. Ưu điểm lớn nhất là khả năng bám tốt, lâu phai hơn phấn bột, đặc biệt phù hợp với da dầu hoặc hỗn hợp. Gel dễ dàng tán đều, tạo hiệu ứng ""trong veo"" nhờ kết cấu mỏng nhẹ, không gây bí da. Bạn có thể dùng tay hoặc cọ để thoa, điều chỉnh lượng sản phẩm dễ dàng để có độ ửng hồng mong muốn.
"
Công dụng của xịt dưỡng chứa chiết xuất cây phấn hoa là gì?,"Xịt dưỡng chứa chiết xuất cây phấn hoa có nhiều công dụng tuyệt vời cho da. Đầu tiên, phấn hoa giàu vitamin và khoáng chất giúp cấp ẩm sâu, làm dịu da kích ứng và giảm đỏ. Bên cạnh đó, nó còn chứa các chất chống oxy hóa mạnh mẽ, bảo vệ da khỏi tác hại của gốc tự do, làm chậm quá trình lão hóa. Xịt dưỡng này phù hợp với mọi loại da, đặc biệt là da nhạy cảm và dễ bị kích ứng.
"
Công dụng của son dưỡng chứa dầu hạt cam là gì?,"Son dưỡng chứa dầu hạt cam mang lại nhiều lợi ích tuyệt vời cho đôi môi. Dầu hạt cam giàu vitamin C, giúp làm sáng màu môi, giảm thâm nám và bảo vệ môi khỏi tác hại của gốc tự do. Đồng thời, nó cung cấp độ ẩm sâu, làm mềm môi, ngăn ngừa tình trạng khô nứt. Hương cam nhẹ nhàng cũng mang lại cảm giác thư giãn, dễ chịu khi sử dụng.
"
Công dụng của kem dưỡng chứa chiết xuất cây trà chanh là gì?,"Kem dưỡng chứa chiết xuất cây trà xanh (trà xanh) và chanh (citrus) mang lại nhiều lợi ích cho da. Trà xanh giàu chất chống oxy hóa, giúp bảo vệ da khỏi tác hại của gốc tự do, làm chậm lão hóa và giảm viêm. Chanh chứa vitamin C, làm sáng da, mờ thâm nám và hỗ trợ sản xuất collagen. Sự kết hợp này giúp da khỏe mạnh, tươi sáng và đều màu hơn. Tuy nhiên, da nhạy cảm nên thử trước trên vùng nhỏ.
"
Công dụng của phấn mắt nhũ hồng phấn là gì?,"Phấn mắt nhũ hồng phấn có công dụng chính là tạo điểm nhấn lấp lánh, trẻ trung cho đôi mắt. Màu hồng phấn dịu nhẹ phù hợp với nhiều tông da, đặc biệt là da sáng và trung bình, giúp mắt trông to tròn và bừng sáng hơn. Nhũ ánh ngọc trai hoặc nhũ mịn sẽ bắt sáng tốt, tạo chiều sâu cho đôi mắt và phù hợp với các kiểu trang điểm nhẹ nhàng, tự nhiên hoặc dự tiệc.
"
Công dụng của xịt khóa makeup chứa chiết xuất hoa cúc là gì?,"Xịt khóa makeup chứa chiết xuất hoa cúc có nhiều công dụng tuyệt vời. Đầu tiên, nó giúp giữ lớp trang điểm bền lâu, hạn chế xuống tông và lem trôi. Chiết xuất hoa cúc còn có tác dụng làm dịu da, giảm kích ứng, đặc biệt phù hợp với da nhạy cảm hoặc dễ bị mẩn đỏ. Ngoài ra, xịt khóa makeup này còn giúp cấp ẩm nhẹ, cho da căng bóng tự nhiên và giảm tình trạng khô mốc.
"
Công dụng của son tint màu cam đào là gì?,"Son tint màu cam đào là lựa chọn tuyệt vời cho những cô nàng muốn có đôi môi tươi trẻ, năng động. Màu son này giúp làm sáng da mặt, tạo cảm giác khỏe khoắn và tràn đầy sức sống. 

Đặc biệt, son tint có kết cấu nhẹ, bám tốt, giúp màu son giữ lâu trên môi mà không gây cảm giác nặng nề hay khô môi. Cam đào phù hợp với nhiều phong cách trang điểm, từ tự nhiên hàng ngày đến cá tính hơn.
"
Công dụng của kem lót chứa chiết xuất cây chanh là gì?,"Kem lót chứa chiết xuất cây chanh có nhiều công dụng tuyệt vời cho làn da. Đầu tiên, axit citric trong chanh giúp làm sáng da, mờ thâm nám và tàn nhang. Thứ hai, nó kiểm soát dầu thừa, thu nhỏ lỗ chân lông, giúp lớp nền mịn màng hơn. Cuối cùng, chiết xuất chanh còn có tính kháng khuẩn, giúp ngăn ngừa mụn và làm dịu da. Tuy nhiên, cần lưu ý sử dụng kem lót có nồng độ phù hợp để tránh kích ứng.
"
Công dụng của phấn má hồng nhũ cam san hô là gì?,"Phấn má hồng nhũ cam san hô mang đến vẻ đẹp tươi trẻ, rạng rỡ cho khuôn mặt. Màu cam san hô ấm áp phù hợp với nhiều tông da, đặc biệt là da trung bình và da ngăm. Nhũ nhẹ giúp da có hiệu ứng glowy, căng bóng khỏe mạnh. Khi đánh lên má, phấn má hồng này tạo cảm giác đôi má ửng hồng tự nhiên, giúp khuôn mặt trông bừng sáng và tràn đầy sức sống. Bạn có thể dùng để đánh highlight nhẹ nhàng ở gò má cao nữa đấy!
"
Công dụng của xịt dưỡng chứa chiết xuất cây liễu trắng là gì?,"Xịt dưỡng chứa chiết xuất cây liễu trắng có công dụng chính là làm dịu da, giảm kích ứng và hỗ trợ kiểm soát dầu nhờn. Salicylic acid tự nhiên trong liễu trắng giúp làm sạch sâu lỗ chân lông, ngăn ngừa mụn ẩn và mụn đầu đen. Đồng thời, nó còn có khả năng làm sáng da, mờ thâm nám nhẹ và se khít lỗ chân lông, mang lại làn da mịn màng, thông thoáng. Đây là lựa chọn lý tưởng cho da dầu, hỗn hợp thiên dầu và dễ bị mụn.
"
Công dụng của son dưỡng chứa dầu hạt bưởi là gì?,"Son dưỡng chứa dầu hạt bưởi mang lại nhiều lợi ích cho đôi môi. Dầu hạt bưởi giàu vitamin C và chất chống oxy hóa, giúp làm sáng màu môi, giảm thâm nám và bảo vệ môi khỏi tác hại của môi trường. Đồng thời, nó cung cấp độ ẩm sâu, làm mềm môi, ngăn ngừa nứt nẻ và hỗ trợ tái tạo tế bào, giúp môi luôn căng mọng, khỏe mạnh. Đây là lựa chọn tuyệt vời cho những đôi môi khô ráp, thiếu sức sống.
"
Công dụng của phấn mắt nhũ trắng ngọc trai là gì?,"Phấn mắt nhũ trắng ngọc trai có rất nhiều công dụng tuyệt vời! Đầu tiên, nó giúp mở rộng và làm sáng bừng đôi mắt, đặc biệt hiệu quả khi đánh ở khóe mắt và dưới chân mày. Nhũ ngọc trai còn tạo hiệu ứng 3D, giúp đôi mắt trông sâu hơn và có chiều hơn. Màu trắng ngọc trai rất linh hoạt, có thể dùng làm lớp nền cho các màu mắt khác, giúp chúng lên màu chuẩn và đẹp hơn, hoặc dùng đơn lẻ cho phong cách trang điểm tự nhiên, thanh lịch.
"
Công dụng của xịt khóa makeup chứa chiết xuất cây trà chanh là gì?,"Xịt khóa makeup chứa chiết xuất cây trà chanh có nhiều công dụng tuyệt vời. Đầu tiên, nó giúp cố định lớp trang điểm, giữ cho lớp nền không bị xuống tông, lem hay trôi trong suốt nhiều giờ. Chiết xuất trà chanh giàu vitamin C và chất chống oxy hóa, giúp làm sáng da, bảo vệ da khỏi tác động của môi trường. Đồng thời, nó còn giúp kiểm soát dầu thừa, làm dịu da và giảm thiểu tình trạng kích ứng, đặc biệt phù hợp với da dầu mụn.
"
Công dụng của son tint màu hồng fuchsia là gì?,"Son tint màu hồng fuchsia là lựa chọn tuyệt vời để tạo vẻ ngoài tươi trẻ, năng động và tràn đầy sức sống. Màu sắc này phù hợp với nhiều tông da, đặc biệt là da sáng và trung bình, giúp da trông rạng rỡ hơn. 

Son tint fuchsia có khả năng bám màu tốt, giữ cho đôi môi luôn tươi tắn trong nhiều giờ. Đồng thời, chất tint nhẹ nhàng mang lại cảm giác thoải mái, không gây nặng môi. Đây là màu son lý tưởng cho các buổi đi chơi, dạo phố hoặc các sự kiện cần sự trẻ trung.
"
Công dụng của kem lót chứa chiết xuất hoa anh đào là gì?,"Kem lót chứa chiết xuất hoa anh đào có nhiều công dụng tuyệt vời cho làn da. Đầu tiên, nó giúp làm dịu da, giảm kích ứng và mẩn đỏ nhờ đặc tính chống viêm của hoa anh đào. Thứ hai, kem lót này cung cấp độ ẩm, giúp da căng mọng và mịn màng hơn. Cuối cùng, nó tạo một lớp nền hoàn hảo cho trang điểm, giúp lớp nền bám tốt hơn và bền màu hơn.
"
Công dụng của phấn má hồng nhũ hồng phấn là gì?,"Phấn má hồng nhũ hồng phấn có công dụng chính là tạo hiệu ứng ửng hồng tự nhiên, tươi tắn cho đôi má. Các hạt nhũ lấp lánh còn giúp bắt sáng, làm da trông căng mọng và có chiều sâu hơn. Đặc biệt, phấn má hồng nhũ phù hợp với các kiểu trang điểm nhẹ nhàng, tự nhiên hoặc các buổi tiệc tối, giúp khuôn mặt bừng sáng và thu hút hơn. Nên dùng cọ mềm để tán đều, tránh tập trung quá nhiều phấn ở một vùng.
"
Công dụng của xịt dưỡng chứa chiết xuất cây trà đen là gì?,"Xịt dưỡng chứa chiết xuất cây trà đen mang lại nhiều lợi ích cho da. Đầu tiên, nó giúp cân bằng độ pH, làm dịu da kích ứng và giảm đỏ nhờ đặc tính chống viêm của trà đen. Tiếp theo, chất chống oxy hóa mạnh mẽ trong trà đen bảo vệ da khỏi tác hại của gốc tự do, ngăn ngừa lão hóa sớm. Cuối cùng, xịt dưỡng giúp cấp ẩm nhẹ nhàng, làm tươi mát làn da và hỗ trợ các bước dưỡng da tiếp theo hấp thụ tốt hơn.
"
Công dụng của son dưỡng chứa dầu hạt hạnh nhân là gì?,"Son dưỡng chứa dầu hạt hạnh nhân có rất nhiều công dụng tuyệt vời cho đôi môi. Dầu hạnh nhân giàu vitamin E và axit béo, giúp dưỡng ẩm sâu, làm mềm môi khô ráp và bong tróc. Nó còn có khả năng làm dịu môi bị nứt nẻ, giảm thâm môi và bảo vệ môi khỏi tác động của thời tiết khắc nghiệt. Sử dụng thường xuyên giúp môi căng mọng, khỏe mạnh và có màu sắc tự nhiên hơn.
"
Công dụng của kem dưỡng chứa chiết xuất lô hội là gì?,"Kem dưỡng chứa chiết xuất lô hội có rất nhiều công dụng tuyệt vời cho da. Lô hội nổi tiếng với khả năng làm dịu da cháy nắng, giảm kích ứng và viêm nhiễm. Bên cạnh đó, lô hội còn cấp ẩm sâu, giúp da mềm mại và mịn màng. Chất gel trong lô hội cũng hỗ trợ làm lành vết thương nhỏ, giảm thâm nám và làm chậm quá trình lão hóa da nhờ chứa nhiều vitamin và khoáng chất.
"
Công dụng của phấn mắt nhũ cam đào là gì?,"Phấn mắt nhũ cam đào mang đến vẻ đẹp tươi trẻ, rạng rỡ và ấm áp cho đôi mắt. Màu cam đào phù hợp với nhiều tông da, đặc biệt là da trung bình và da ngăm. Nhũ ánh ngọc trai giúp đôi mắt trông to tròn, có chiều sâu và bắt sáng tốt hơn. Bạn có thể dùng phấn này để tạo điểm nhấn cho bầu mắt, hoặc làm màu chủ đạo cho phong cách trang điểm hàng ngày, dự tiệc đều rất hợp.
"
Công dụng của xịt khóa makeup chứa chiết xuất cây cúc vạn thọ là gì?,"Xịt khóa makeup chứa chiết xuất cúc vạn thọ có nhiều công dụng tuyệt vời. Đầu tiên, nó giúp lớp trang điểm bền vững hơn, hạn chế tình trạng cakey hay xuống tông. Chiết xuất cúc vạn thọ còn có khả năng làm dịu da, giảm kích ứng, đặc biệt phù hợp với da nhạy cảm. Ngoài ra, một số loại xịt còn có thêm thành phần dưỡng ẩm, giúp da căng mọng và tươi tắn suốt cả ngày.
"
Công dụng của son tint màu đỏ cam là gì?,"Son tint màu đỏ cam là lựa chọn tuyệt vời để tạo vẻ ngoài tươi trẻ, năng động. Màu sắc này phù hợp với nhiều tông da, đặc biệt là da trung bình và da ngăm, giúp da sáng hơn. 

Son tint có kết cấu lỏng nhẹ, dễ tán, mang lại hiệu ứng lì tự nhiên, bền màu và không gây cảm giác nặng môi. Đỏ cam cũng là màu son dễ phối đồ, phù hợp với nhiều phong cách trang điểm khác nhau, từ hàng ngày đến dự tiệc.
"
Công dụng của kem lót chứa chiết xuất cây trà xanh là gì?,"Kem lót chứa chiết xuất trà xanh có nhiều công dụng tuyệt vời cho da. Đầu tiên, trà xanh giàu chất chống oxy hóa giúp bảo vệ da khỏi tác hại của gốc tự do, làm chậm quá trình lão hóa. Thứ hai, nó có khả năng làm dịu da, giảm kích ứng và mẩn đỏ, đặc biệt phù hợp với da nhạy cảm hoặc dễ nổi mụn. Cuối cùng, kem lót này giúp kiểm soát dầu thừa, cho lớp nền mịn màng, lâu trôi.
"
Công dụng của phấn má hồng nhũ tím nhạt là gì?Phấn má hồng nhũ tím nhạt mang lại vẻ mơ màng,"Phấn má hồng nhũ tím nhạt tạo hiệu ứng ""ánh sáng bên trong"", giúp da trông căng mọng, khỏe khoắn và có chiều sâu hơn. Màu tím nhạt phù hợp với nhiều tông da, đặc biệt là da trung bình đến trắng, mang lại vẻ ngoài ngọt ngào, mơ màng và trẻ trung. Nhũ tím còn giúp làm nổi bật các đường nét trên khuôn mặt, tạo điểm nhấn tinh tế. Bạn nên dùng cọ mềm để tán đều, tránh tập trung quá nhiều phấn ở một vùng.
"
Công dụng của xịt dưỡng chứa chiết xuất hoa cúc La Mã là gì?Xịt dưỡng chứa chiết xuất hoa cúc La Mã làm dịu da,"Xịt dưỡng chứa chiết xuất hoa cúc La Mã có công dụng chính là làm dịu và giảm kích ứng cho da. Chiết xuất này giàu bisabolol, một hợp chất chống viêm mạnh mẽ, giúp xoa dịu làn da nhạy cảm, mẩn đỏ hoặc bị kích ứng bởi các yếu tố môi trường. Bên cạnh đó, nó còn cân bằng độ pH, cấp ẩm nhẹ nhàng và giúp da mềm mại hơn. Thích hợp cho mọi loại da, đặc biệt là da nhạy cảm và dễ bị kích ứng.
"
Công dụng của phấn mắt nhũ đỏ nhạt là gì?,"Phấn mắt nhũ đỏ nhạt có công dụng tuyệt vời trong việc tạo chiều sâu và sự ấm áp cho đôi mắt. Nhũ nhẹ nhàng giúp mắt trông to và có sức sống hơn. Màu đỏ nhạt phù hợp với nhiều tông da, đặc biệt là da trung bình và da ngăm, giúp làm nổi bật màu mắt. Bạn có thể dùng làm điểm nhấn ở khóe mắt hoặc tán đều trên bầu mắt để có đôi mắt lấp lánh, quyến rũ.
"
Công dụng của xịt khóa makeup chứa chiết xuất cây lô hội là gì?,"Xịt khóa makeup chứa chiết xuất lô hội có nhiều công dụng tuyệt vời. Đầu tiên, nó giúp lớp trang điểm bền lâu hơn, hạn chế tình trạng cakey hay xuống tông. Lô hội có tính cấp ẩm, làm dịu da, giảm kích ứng do makeup gây ra, đặc biệt với da nhạy cảm. Xịt khóa còn tạo hiệu ứng căng bóng tự nhiên, giúp da trông khỏe khoắn hơn. Nên chọn loại xịt không chứa cồn để tránh làm khô da.
"
Công dụng của son tint màu nude hồng là gì?,"Son tint màu nude hồng là lựa chọn tuyệt vời cho những cô nàng yêu thích vẻ đẹp tự nhiên, thanh lịch. Màu son này giúp đôi môi trông đầy đặn, tươi tắn mà không quá sặc sỡ. 

Công dụng chính:

1.  **Tạo hiệu ứng đôi môi căng mọng:** Màu nude hồng nhẹ nhàng giúp môi trông đầy đặn hơn.
2.  **Phù hợp mọi phong cách:** Dễ dàng kết hợp với nhiều loại trang điểm khác nhau, từ nhẹ nhàng hàng ngày đến trang điểm dự tiệc.
3.  **Che khuyết điểm:** Giúp che đi những vết thâm nhẹ, làm đều màu da môi.
"
Công dụng của phấn má hồng nhũ vàng nhạt là gì?,"Phấn má hồng nhũ vàng nhạt có công dụng chính là tạo hiệu ứng glow (tỏa sáng) nhẹ nhàng, tự nhiên cho làn da. Các hạt nhũ vàng siêu mịn phản xạ ánh sáng, giúp da trông bừng sáng, khỏe khoắn và có chiều sâu hơn. Màu hồng nhạt phù hợp với nhiều tông da, đặc biệt là da trắng sáng và trung bình, giúp khuôn mặt trông tươi tắn, trẻ trung. Bạn nên dùng cọ mềm để tán đều, tránh tập trung quá nhiều phấn ở một vùng.
"
Công dụng của xịt dưỡng chứa chiết xuất cây cúc vạn thọ là gì?,"Xịt dưỡng chứa chiết xuất cúc vạn thọ có rất nhiều công dụng tuyệt vời cho da. Đầu tiên, cúc vạn thọ nổi tiếng với khả năng làm dịu da, giảm kích ứng và mẩn đỏ, rất phù hợp cho da nhạy cảm hoặc sau các liệu trình mạnh. Bên cạnh đó, nó còn giúp cân bằng độ pH, làm mềm da và tăng cường hàng rào bảo vệ da, giúp da khỏe mạnh hơn. Một số loại còn có tác dụng cấp ẩm nhẹ, giúp lớp trang điểm bền lâu hơn.
"
Công dụng của kem dưỡng chứa chiết xuất cây trà đen là gì?,"Kem dưỡng chứa chiết xuất cây trà đen nổi tiếng với khả năng chống oxy hóa mạnh mẽ nhờ chứa nhiều polyphenol. Điều này giúp bảo vệ da khỏi tác hại của gốc tự do, làm chậm quá trình lão hóa, giảm nếp nhăn và cải thiện độ đàn hồi. Bên cạnh đó, chiết xuất trà đen còn có tính kháng viêm, giúp làm dịu da, giảm mẩn đỏ và hỗ trợ điều trị các vấn đề về da như mụn trứng cá.
"
Công dụng của phấn mắt nhũ hồng đất là gì?,"Phấn mắt nhũ hồng đất là lựa chọn tuyệt vời để tạo đôi mắt bồng bềnh, cuốn hút. Màu hồng đất dịu nhẹ phù hợp nhiều tông da, giúp đôi mắt trông ấm áp và có chiều sâu. Nhũ ánh ngọc trai tăng thêm vẻ lấp lánh, giúp đôi mắt trông to tròn và rạng rỡ hơn. Bạn có thể dùng làm điểm nhấn ở bầu mắt hoặc tán đều để có lớp trang điểm tự nhiên, hàng ngày.
"
Công dụng của xịt khóa makeup chứa chiết xuất cây hoa nhài là gì?,"Xịt khóa makeup chứa chiết xuất hoa nhài có nhiều công dụng tuyệt vời. Đầu tiên, nó giúp lớp trang điểm bền vững hơn, hạn chế tình trạng lem, trôi do mồ hôi hay dầu thừa. Chiết xuất hoa nhài còn có tác dụng làm dịu da, giảm kích ứng và cung cấp độ ẩm nhẹ nhàng. Hương thơm hoa nhài tinh tế cũng mang lại cảm giác thư giãn, dễ chịu khi sử dụng. Đây là lựa chọn lý tưởng cho những cô nàng có làn da nhạy cảm hoặc yêu thích hương thơm tự nhiên.
"
Công dụng của son tint màu tím oải hương là gì?,"Son tint màu tím oải hương mang đến vẻ đẹp nhẹ nhàng, nữ tính và hiện đại. Màu son này phù hợp với những cô nàng theo đuổi phong cách ""tím trong veo"", giúp da trông sáng hơn, đặc biệt là với những bạn da trắng hoặc trung bình. 

Son tint tím oải hương thường có kết cấu nhẹ, bám tốt, giúp đôi môi căng mọng tự nhiên và bền màu trong nhiều giờ. Đây là lựa chọn tuyệt vời cho những buổi đi chơi, dạo phố hoặc trang điểm hàng ngày.
"
Công dụng của phấn má hồng nhũ cam cháy là gì?,"Phấn má hồng nhũ cam cháy là lựa chọn tuyệt vời để tạo hiệu ứng đôi má ửng hồng khỏe khoắn, tràn đầy sức sống. Tông cam cháy ấm áp phù hợp với nhiều tông da, đặc biệt là da trung bình và da ngăm. Nhũ nhẹ giúp da có vẻ căng bóng, bắt sáng hơn, tạo điểm nhấn cho gương mặt. Bạn có thể dùng để đánh highlight nhẹ nhàng ở gò má hoặc tán đều để có đôi má ửng hồng tự nhiên.
"
Công dụng của phấn mắt nhũ bạc tím là gì?Phấn mắt nhũ bạc tím mang lại vẻ huyền bí,"Phấn mắt nhũ bạc tím là lựa chọn tuyệt vời để tạo điểm nhấn cho đôi mắt, mang đến vẻ đẹp lôi cuốn, huyền bí và có phần nổi bật. Màu tím tạo chiều sâu, còn ánh nhũ bạc giúp đôi mắt trông long lanh, thu hút ánh nhìn. Phấn mắt này đặc biệt phù hợp với các buổi tiệc tối hoặc trang điểm theo phong cách cá tính, giúp bạn tỏa sáng và thể hiện sự khác biệt.
"
Công dụng của tẩy trang dạng dầu hạt hướng dương là gì?Tẩy trang dạng dầu hạt hướng dương làm sạch sâu,"Tẩy trang dạng dầu hạt hướng dương có công dụng làm sạch sâu, hiệu quả với các loại makeup chống nước và kem chống nắng nhờ khả năng hòa tan dầu với dầu. Dầu hướng dương giàu vitamin E và axit béo, giúp dưỡng ẩm da, làm mềm da và không gây khô căng sau khi tẩy trang. Đặc biệt, dầu hướng dương dịu nhẹ, phù hợp với nhiều loại da, kể cả da nhạy cảm.
"
Công dụng của xịt khóa makeup chứa chiết xuất cây trà xanh là gì?,"Xịt khóa makeup chứa chiết xuất trà xanh có nhiều công dụng tuyệt vời. Đầu tiên, nó giúp lớp trang điểm bền vững hơn, hạn chế xuống tông và giữ cho da luôn tươi tắn suốt cả ngày. Chiết xuất trà xanh còn có khả năng kháng viêm, kiểm soát dầu thừa, giảm thiểu bã nhờn và ngăn ngừa mụn, đặc biệt hữu ích cho da dầu mụn. Ngoài ra, nó còn giúp làm dịu da, giảm kích ứng và cung cấp độ ẩm nhẹ nhàng.
"
Công dụng của son tint màu hồng đất đỏ là gì?,"Son tint màu hồng đất đỏ là lựa chọn tuyệt vời cho những cô nàng muốn có đôi môi tự nhiên, trẻ trung nhưng vẫn có chút ""nổi bật"". Màu son này có khả năng ""hack"" tuổi, phù hợp với nhiều phong cách trang điểm khác nhau, từ nhẹ nhàng hàng ngày đến cá tính hơn. 

Đặc biệt, chất tint giúp son bám lâu, không dễ lem, cho bạn đôi môi căng mọng, tươi tắn suốt cả ngày. Màu son này cũng rất dễ phối với các kiểu trang điểm mắt khác nhau.
"
Phấn highlighter dạng nén có công dụng gì?,"Phấn highlighter dạng nén có công dụng chính là tạo hiệu ứng bắt sáng, giúp các vùng da cao như gò má, sống mũi, trán, cằm trở nên nổi bật và có chiều sâu hơn. Nhờ đó, gương mặt trông tươi tắn, rạng rỡ và có đường nét rõ ràng hơn. 

Phấn nén dễ dàng sử dụng và kiểm soát lượng sản phẩm, phù hợp với nhiều loại da, đặc biệt là da dầu hoặc hỗn hợp vì ít gây bóng nhờn hơn so với highlighter kem.
"
Son dưỡng chứa dầu hạt jojoba có công dụng gì?,"Chào bạn, với vai trò là chuyên gia trang điểm, tôi sẽ giải thích về công dụng của son dưỡng chứa dầu hạt jojoba nhé.

Dầu hạt jojoba có cấu trúc tương tự lipid tự nhiên của da môi, giúp son dưỡng dễ dàng thấm sâu, cung cấp độ ẩm vượt trội và lâu dài. Nó còn có khả năng làm mềm môi, giảm tình trạng bong tróc, nứt nẻ. Đặc biệt, dầu jojoba không gây bít tắc lỗ chân lông, phù hợp với mọi loại môi, kể cả môi nhạy cảm.
"
Tẩy trang dạng dầu hạt mắc ca có công dụng gì?,"Dầu tẩy trang hạt mắc ca là lựa chọn tuyệt vời cho da khô và nhạy cảm. Dầu này giàu axit béo, giúp hòa tan hiệu quả các sản phẩm trang điểm, kể cả mascara chống thấm nước, mà không gây khô da. 

Công dụng chính:
1. **Tẩy trang sâu:** Loại bỏ hoàn toàn makeup, bụi bẩn.
2. **Dưỡng ẩm:** Axit béo giúp da mềm mại, không bị căng khô sau khi tẩy trang.
3. **Làm dịu da:** Giảm kích ứng, phù hợp với da nhạy cảm.
4. **Cung cấp dưỡng chất:** Hỗ trợ phục hồi hàng rào bảo vệ da.
"
Mặt nạ rong biển có công dụng gì trước khi trang điểm?,"Mặt nạ rong biển là bước chuẩn bị tuyệt vời trước khi trang điểm, đặc biệt cho da dầu hoặc hỗn hợp thiên dầu. Rong biển giàu khoáng chất và chất chống oxy hóa giúp cấp ẩm, cân bằng độ pH và kiềm soát dầu thừa trên da. Nhờ đó, lớp nền trang điểm sẽ bám tốt hơn, mịn màng hơn và hạn chế tình trạng cakey (mốc da). Bạn nên dùng mặt nạ rong biển khoảng 15-20 phút trước khi bắt đầu trang điểm.
"
Kem che khuyết điểm dạng lỏng có công dụng gì cho da lão hóa?,"Kem che khuyết điểm dạng lỏng là lựa chọn tuyệt vời cho da lão hóa vì kết cấu mỏng nhẹ, không gây nặng mặt hay làm nổi rõ nếp nhăn. Sản phẩm giúp che đi quầng thâm, đốm nâu và các vết chân chim nhỏ mà không làm mất đi vẻ tự nhiên của da. Nên chọn loại có thành phần dưỡng ẩm, chống oxy hóa để vừa che phủ vừa chăm sóc da, giúp da căng bóng và tươi trẻ hơn.
"
Xịt khóa makeup chứa chiết xuất cám nhân sâm có công dụng gì?,"Xịt khóa makeup chứa chiết xuất cám nhân sâm có nhiều công dụng tuyệt vời. Nhân sâm giúp cấp ẩm sâu, làm dịu da và tăng cường khả năng chống oxy hóa, bảo vệ da khỏi tác động của môi trường. Đồng thời, nó còn giúp lớp trang điểm bám lâu hơn, mịn màng hơn và có hiệu ứng glow tự nhiên, giúp da căng bóng khỏe mạnh suốt cả ngày. Đây là lựa chọn lý tưởng cho những cô nàng có làn da khô hoặc muốn trang điểm bền vững.
"
Kem lót chứa chiết xuất cây bạch dương có công dụng gì?,"Kem lót chứa chiết xuất cây bạch dương có nhiều công dụng tuyệt vời cho da. Bạch dương giàu chất dinh dưỡng và khoáng chất giúp cấp ẩm sâu, làm dịu da kích ứng và giảm đỏ. Đặc biệt, nó còn có khả năng làm sáng da, cải thiện tông màu da và hỗ trợ se khít lỗ chân lông. Nhờ vậy, kem lót này giúp lớp nền mịn màng, bám dính tốt hơn và bảo vệ da khỏi tác động từ môi trường.
"
Son dưỡng chứa dầu hạt lanh có công dụng gì?,"Chào bạn, với vai trò là chuyên gia trang điểm, tôi sẽ giải thích về công dụng của son dưỡng chứa dầu hạt lanh nhé.

Dầu hạt lanh rất giàu axit béo omega-3, omega-6 và vitamin E. Khi có trong son dưỡng, nó giúp:

1.  **Dưỡng ẩm sâu:** Khóa ẩm, làm mềm môi, giảm tình trạng khô bong tróc.
2.  **Phục hồi da môi:** Hỗ trợ tái tạo tế bào, làm lành vết nứt.
3.  **Chống oxy hóa:** Bảo vệ môi khỏi tác hại của môi trường.
4.  **Giảm viêm:** Làm dịu môi nhạy cảm, kích ứng.

Đây là một thành phần tuyệt vời để có đôi môi khỏe mạnh và căng mọng!
"
Phấn mắt dạng duo chrome có công dụng gì? là gì,"Phấn mắt duo chrome là loại phấn mắt có hai sắc thái màu sắc khác nhau, thường là sự kết hợp giữa màu trung tính và một tông màu ánh kim (như vàng, đồng, bạc). Công dụng chính của phấn mắt này là tạo chiều sâu và hiệu ứng lấp lánh cho đôi mắt, giúp đôi mắt trông sống động và thu hút hơn. Khi tán phấn, màu sắc sẽ thay đổi tùy theo góc nhìn và ánh sáng, tạo nên vẻ đẹp độc đáo và ấn tượng.
"
Xịt dưỡng chứa chiết xuất cây chanh có công dụng gì?,"Xịt dưỡng chứa chiết xuất cây chanh (lemon extract) mang lại nhiều lợi ích cho da. Đầu tiên, axit citric trong chanh giúp làm sáng da, mờ thâm nám và tàn nhang nhờ khả năng tẩy tế bào chết nhẹ nhàng. Đồng thời, vitamin C tăng cường sản xuất collagen, giúp da săn chắc và giảm nếp nhăn. Xịt dưỡng còn cân bằng độ pH, se khít lỗ chân lông và kiểm soát dầu thừa, phù hợp với da dầu mụn. Tuy nhiên, cần lưu ý sử dụng kem chống nắng sau khi dùng vì chanh có thể tăng độ nhạy cảm với ánh nắng.
"
Kem dưỡng chứa chiết xuất hoa nhài có công dụng gì?,"Chào bạn, với vai trò là chuyên gia trang điểm, tôi xin giải đáp về công dụng của kem dưỡng chứa chiết xuất hoa nhài:

Hoa nhài nổi tiếng với khả năng làm dịu da, giảm kích ứng và kháng viêm, rất phù hợp với da nhạy cảm. Chiết xuất hoa nhài còn giúp cấp ẩm, làm mềm da và cải thiện độ đàn hồi nhờ chứa các chất chống oxy hóa. Bên cạnh đó, hương thơm tự nhiên của hoa nhài còn mang lại cảm giác thư giãn khi sử dụng.
"
Phấn má hồng dạng nén có công dụng gì?,"Phấn má hồng dạng nén có công dụng chính là tạo màu sắc tươi tắn, khỏe khoắn cho đôi má, giúp khuôn mặt trông bừng sáng và có sức sống hơn. Ngoài ra, phấn má hồng còn giúp tạo khối nhẹ nhàng, làm nổi bật cấu trúc xương gò má, giúp khuôn mặt thon gọn và có chiều sâu hơn. Dạng nén tiện lợi mang theo, dễ dàng kiểm soát lượng phấn và phù hợp với nhiều loại da.
"
Xịt khóa makeup chứa chiết xuất trà xanh có công dụng gì?,"Xịt khóa makeup chứa chiết xuất trà xanh có nhiều công dụng tuyệt vời. Đầu tiên, nó giúp cố định lớp trang điểm, tăng độ bền, giúp makeup không bị xuống tông hay trôi trong thời gian dài. Bên cạnh đó, trà xanh giàu chất chống oxy hóa, giúp bảo vệ da khỏi tác động của môi trường và làm dịu da, giảm kích ứng. Một số loại còn có khả năng kiểm soát dầu, giúp da thông thoáng và mịn màng hơn.
"
Son tint màu hồng phấn có công dụng gì?,"Son tint màu hồng phấn là lựa chọn tuyệt vời để tạo vẻ đẹp tự nhiên, tươi trẻ. Màu son này giúp đôi môi trông đầy đặn hơn, đồng thời làm sáng da mặt. Chất tint lỏng nhẹ, bám tốt, giữ màu lâu, phù hợp với trang điểm hàng ngày hoặc phong cách ""makeup không makeup"". Đặc biệt, hồng phấn là màu son dễ phối hợp với nhiều loại trang phục và phong cách khác nhau.
"
Kem lót chứa chiết xuất cây hoa sen có công dụng gì?,"Kem lót chứa chiết xuất hoa sen có nhiều công dụng tuyệt vời cho làn da. Hoa sen giàu chất chống oxy hóa, giúp bảo vệ da khỏi tác hại của gốc tự do và làm chậm quá trình lão hóa. Chiết xuất này còn có khả năng làm dịu da, giảm kích ứng và cấp ẩm nhẹ, giúp da mềm mại và mịn màng hơn. Nhờ vậy, kem lót hoa sen giúp lớp nền trang điểm bám tốt hơn, che phủ lỗ chân lông và tạo hiệu ứng glow tự nhiên.
"
Tẩy trang dạng dầu hạt chia có công dụng gì?,"Tẩy trang dạng dầu hạt chia là lựa chọn tuyệt vời cho da khô, nhạy cảm. Dầu hạt chia giàu axit béo omega-3 và vitamin, giúp làm sạch sâu bụi bẩn, dầu thừa và lớp trang điểm hiệu quả mà không gây khô da. Đồng thời, nó còn nuôi dưỡng, làm dịu da, giảm kích ứng và hỗ trợ phục hồi hàng rào bảo vệ da. Dầu hạt chia cũng có khả năng chống oxy hóa, giúp da tươi trẻ.
"
Làm thế nào để giữ lớp makeup không bị lem khi trời mưa?,"Để giữ lớp makeup không bị lem khi trời mưa, bạn cần chuẩn bị kỹ càng và sử dụng đúng sản phẩm:

1. **Dưỡng ẩm:** Cấp ẩm đầy đủ cho da, nhưng tránh dùng kem quá dầu.
2. **Primer:** Lớp lót giúp khóa makeup, tạo hàng rào bảo vệ.
3. **Sản phẩm chống nước:** Chọn phấn nền, kem che khuyết điểm, mascara, eyeliner và son có khả năng chống nước.
4. **Setting spray:** Xịt khóa lớp makeup sau khi hoàn thành, giúp tăng độ bám dính.
5. **Bặm phấn phủ:** Tập trung ở vùng chữ T để kiểm soát dầu thừa.
"
Kỹ thuật makeup 'peachy glow' là gì?,"Kỹ thuật ""peachy glow"" là xu hướng trang điểm tạo vẻ ngoài khỏe khoắn, tươi tắn với tông màu đào ấm áp. 

**Các bước thực hiện:**

1.  **Kem nền:** Chọn kem nền có độ che phủ nhẹ đến trung bình.
2.  **Má hồng:** Sử dụng má hồng màu đào (peach) tán đều lên gò má, kéo nhẹ về thái dương.
3.  **Highlight:** Chọn highlighter màu champagne hoặc vàng đào, đánh nhẹ lên gò má, sống mũi, và khóe mắt.
4.  **Son môi:** Sử dụng son màu đào hoặc cam san hô.

Màu đào giúp da trông rạng rỡ, ấm áp và tràn đầy sức sống.
"
Cách chọn cọ tán phấn mắt cho mắt có quầng thâm?,"Để che quầng thâm mắt bằng phấn mắt, bạn nên chọn cọ tán phấn mắt nhỏ, đầu bằng và lông mềm mại. Cọ đầu bằng giúp bạn kiểm soát lượng phấn tốt hơn, tránh rơi phấn xuống vùng da khác. Lông mềm mại sẽ không gây kích ứng cho vùng da nhạy cảm quanh mắt. Nên dùng cọ cỡ medium để dễ dàng tán đều phấn lên vùng quầng thâm, tạo hiệu ứng che phủ tự nhiên.
"
Làm sao để nhận diện chai xịt dưỡng chứa chiết xuất cây tầm xuân qua hình ảnh?,"Để nhận diện chai xịt dưỡng chứa chiết xuất cây tầm xuân qua hình ảnh, bạn hãy chú ý các điểm sau:

1. **Màu sắc:** Sản phẩm thường có màu vàng nhạt hoặc cam, gợi liên tưởng đến quả tầm xuân.
2. **Hình ảnh trên bao bì:** Các nhà sản xuất thường in hình quả tầm xuân hoặc mô tả ""Rosehip Oil"" (dầu tầm xuân) trên bao bì.
3. **Thành phần:** Kiểm tra danh sách thành phần, tìm ""Rosa Canina Fruit Extract"" (chiết xuất quả tầm xuân) hoặc ""Rosehip Oil"".
4. **Nhãn hiệu:** Một số thương hiệu nổi tiếng với sản phẩm tầm xuân như Pai Skincare, The Ordinary.
"
Cách chọn son môi cho buổi đi xem triển lãm văn hóa dân gian Việt Nam?,"Để chọn son môi phù hợp khi đi xem triển lãm văn hóa dân gian Việt Nam, bạn nên ưu tiên sự tự nhiên, tinh tế.

1.  **Màu sắc:** Chọn các màu son như hồng đào, cam đất, hoặc đỏ cam. Những màu này tôn da, nhẹ nhàng và phù hợp với không khí trang trọng, mang đậm nét truyền thống.
2.  **Chất son:** Son lì hoặc son satin sẽ giữ màu tốt, không gây cảm giác khó chịu khi vận động nhiều.
3.  **Tránh:** Hạn chế các màu son quá nổi bật như hồng neon, tím, hoặc các màu quá tối."
Tại sao nên dùng kem lót chứa chiết xuất cây trà xanh cho da dầu?,"Kem lót chứa chiết xuất trà xanh rất lý tưởng cho da dầu vì một số lý do. Trà xanh giàu chất chống oxy hóa, giúp bảo vệ da khỏi tác hại của môi trường. Quan trọng hơn, trà xanh có khả năng kiểm soát dầu thừa, se khít lỗ chân lông và giảm viêm, giúp lớp nền trang điểm bám tốt hơn, mịn màng hơn và hạn chế tình trạng bóng dầu suốt cả ngày. Đây là lựa chọn tuyệt vời để có một làn da cân bằng và khỏe mạnh.
"
Làm sao để nhận diện cọ tán phấn mắt dạng small blending chéo qua hình ảnh?,"Để nhận diện cọ tán phấn mắt small blending chéo qua hình ảnh, bạn hãy chú ý các điểm sau:

1. **Hình dáng:** Đầu cọ nhỏ, tròn hoặc hơi dẹt, lông cọ được cắt vát **chéo** chứ không thẳng.
2. **Kích thước:** Nhỏ hơn các loại cọ blending khác, thường dùng để tán phấn trong hốc mắt hoặc những vùng nhỏ cần độ chính xác cao.
3. **Lông cọ:** Lông mềm, tơi để tạo hiệu ứng chuyển màu mượt mà, không gây kích ứng.
"
Kỹ thuật makeup 'rose quartz' là gì?,"Kỹ thuật makeup ""Rose Quartz"" lấy cảm hứng từ vẻ đẹp tự nhiên, trong trẻo của đá thạch anh hồng. Bước đầu, bạn cần dưỡng ẩm kỹ lưỡng để da căng bóng. Tiếp theo, sử dụng kem nền mỏng nhẹ, tập trung vào vùng trung tâm khuôn mặt.

Điểm nhấn là phấn má hồng tone hồng đào, tán đều lên gò má và nhẹ nhàng xuống sống mũi, tạo hiệu ứng ửng hồng tự nhiên. Mắt sử dụng phấn màu hồng nhạt, champagne, và hàng mi cong nhẹ. Son môi tone hồng san hô hoặc hồng baby hoàn thiện vẻ ngoài tươi tắn, thanh khiết.
"
Cách chọn màu phấn mắt cho buổi đi xem triển lãm tranh phong cách Phục Hưng?,"Để phù hợp với không khí trang trọng và cổ điển của triển lãm tranh Phục Hưng, bạn nên chọn phấn mắt với tông màu ấm áp, tự nhiên. Các màu như nâu đất, đồng, vàng đồng, hoặc màu mận chín sẽ rất lý tưởng. Bạn có thể kết hợp 2-3 màu để tạo chiều sâu cho đôi mắt. Tránh các màu quá sặc sỡ hoặc nổi bật, vì chúng có thể làm xao nhãng khỏi tác phẩm nghệ thuật.
"
Làm sao để nhận diện chai kem dưỡng chứa chiết xuất hoa hồng qua hình ảnh?,"Để nhận diện kem dưỡng chứa chiết xuất hoa hồng qua hình ảnh, bạn có thể chú ý các điểm sau:

1. **Màu sắc:** Bao bì thường có tông hồng, đỏ hoặc tím nhạt, gợi liên tưởng đến hoa hồng.
2. **Hình ảnh:** Chai thường in hình hoa hồng hoặc các họa tiết liên quan.
3. **Chữ viết:** Các từ khóa như ""Rose"", ""Rose Extract"", ""Hoa Hồng"" thường xuất hiện trên nhãn.
4. **Kết cấu:** Nếu nhìn thấy kem có màu hồng nhạt hoặc chứa cánh hoa hồng li ti, khả năng cao đó là kem dưỡng hoa hồng.
"
Tại sao nên dùng xịt khóa makeup chứa chiết xuất hoa anh đào cho da khô?,"Đối với da khô, xịt khóa makeup chứa chiết xuất hoa anh đào là lựa chọn tuyệt vời vì nhiều lý do. Hoa anh đào giàu vitamin và chất chống oxy hóa, giúp cấp ẩm, làm dịu da và giảm kích ứng. Xịt khóa makeup này tạo một lớp màng mỏng, khóa ẩm và giúp lớp trang điểm bền lâu hơn mà không gây khô căng. Đồng thời, hương thơm nhẹ nhàng của hoa anh đào mang lại cảm giác thư giãn, dễ chịu.
"
Cách tạo makeup cho buổi đi xem triển lãm thời trang tương lai?,"Để có makeup phù hợp buổi xem triển lãm thời trang tương lai, bạn nên tập trung vào sự độc đáo và nổi bật.

1.  **Da:** Chuẩn bị da mịn màng, dùng kem nền lì, che khuyết điểm kỹ.
2.  **Mắt:** Chọn phấn mắt ánh kim, xanh dương hoặc tím, vẽ mắt mèo sắc sảo, có thể thêm đá lấp lánh.
3.  **Má:** Sử dụng highlighter để tạo hiệu ứng glow, má hồng tone tím nhạt.
4.  **Môi:** Son bóng hoặc son metallic màu nude, hồng hoặc tím.

Lý do: Phong cách tương lai thường gắn liền với ánh kim, màu sắc nổi bật và hiệu ứng glow.
"
Làm sao để nhận diện cọ tán phấn má hồng dạng tròn lớn qua hình ảnh?,"Để nhận diện cọ tán phấn má hồng dạng tròn lớn qua hình ảnh, bạn hãy chú ý các điểm sau:

1. **Hình dáng:** Đầu cọ có hình tròn đầy đặn, đường kính lớn (thường từ 3-5cm).
2. **Kích thước:** So với các loại cọ khác, cọ má hồng tròn lớn có kích thước tổng thể khá to.
3. **Lông cọ:** Lông cọ mềm mại, thường không quá dày để dễ dàng tán phấn nhẹ nhàng.
4. **Màu sắc:** Thường có màu hồng, trắng hoặc các màu pastel khác.

Cọ này lý tưởng để tạo khối nhẹ nhàng và tán đều phấn má hồng trên gò má.
"
Cách chọn son môi cho buổi đi xem triển lãm nghệ thuật đường phố?,"Để chọn son môi phù hợp khi đi xem triển lãm nghệ thuật đường phố, bạn nên ưu tiên sự tự nhiên, thoải mái và có chút cá tính. 

**Bước 1:** Chọn màu son nude, hồng đào hoặc cam đất. Những màu này dễ phối đồ và không quá nổi bật, giúp bạn hòa mình vào không gian nghệ thuật.
**Bước 2:** Ưu tiên chất son mềm mịn, dưỡng ẩm để đôi môi không bị khô trong suốt quá trình di chuyển và tham quan.
**Bước 3:** Tránh các màu son quá sặc sỡ hoặc bóng loáng, vì có thể gây mất tập trung khi chiêm ngưỡng các tác phẩm.
"
Tại sao nên dùng tẩy trang dạng dầu hạt nho cho da lão hóa?,"Dầu hạt nho là lựa chọn tuyệt vời cho da lão hóa vì nhiều lý do. Thành phần chính là các axit béo thiết yếu, giúp dưỡng ẩm sâu, cải thiện độ đàn hồi và làm giảm nếp nhăn. Khả năng làm sạch hiệu quả, loại bỏ cặn trang điểm, bụi bẩn mà không gây khô da, giữ lại lớp dầu tự nhiên cần thiết. Dầu hạt nho còn chứa resveratrol, một chất chống oxy hóa mạnh mẽ, bảo vệ da khỏi gốc tự do – nguyên nhân chính gây lão hóa.
"
Cách tạo makeup cho buổi đi xem triển lãm tranh phong cách siêu thực?,"Để makeup cho buổi đi xem triển lãm tranh siêu thực, bạn nên tập trung vào sự độc đáo và phá cách.

1.  **Da:** Nền mịn lì, làm nổi bật xương gò má bằng highlight.
2.  **Mắt:** Sử dụng bảng màu pastel hoặc neon, vẽ mắt mèo cách điệu hoặc tán màu khói ombre. Có thể thêm đá lấp lánh nhỏ.
3.  **Môi:** Son màu nổi bật như đỏ cam, hồng fuchsia hoặc tím.
4.  **Điểm nhấn:** Vẽ thêm hình khối, đường nét hoặc biểu tượng siêu thực nhỏ trên mặt để tăng tính nghệ thuật."
Kỹ thuật makeup 'coral sunset' là gì?,"Kỹ thuật makeup ""coral sunset"" lấy cảm hứng từ vẻ đẹp của hoàng hôn biển, tập trung vào tông cam san hô ấm áp.

**Các bước thực hiện:**

1.  **Mắt:** Phủ phấn mắt cam nhạt khắp bầu mắt, tăng dần độ đậm về phía đuôi mắt với tông cam san hô đậm hơn.
2.  **Má:** Sử dụng phấn má hồng cam san hô, đánh cao lên xương gò má.
3.  **Môi:** Chọn son môi màu cam san hô hoặc hồng đào để hoàn thiện.

Kỹ thuật này giúp tạo vẻ ngoài tươi tắn, rạng rỡ và tràn đầy năng lượng.
"
"Cách chọn cọ tán phấn mắt cho mắt nhỏ, một mí?","Chào bạn! Với mắt nhỏ, một mí, việc chọn cọ tán phấn mắt rất quan trọng để tạo hiệu ứng mắt to hơn. Bạn nên ưu tiên các loại cọ:

1.  **Cọ đầu nhỏ, dẹt:** Giúp dễ dàng tán phấn vào hốc mắt mà không bị lem ra ngoài.
2.  **Cọ blending nhỏ, đầu vát:** Tạo chiều sâu cho mắt, giúp mắt trông to và có hồn hơn.
3.  **Tránh cọ quá to:** Sẽ làm mắt trông nhỏ hơn và khó kiểm soát.

Nên chọn cọ lông mềm, mịn để tránh gây kích ứng da mắt.
"
Làm sao để nhận diện chai xịt dưỡng chứa chiết xuất cây cúc vạn thọ qua hình ảnh?,"Để nhận diện chai xịt dưỡng chứa chiết xuất cây cúc vạn thọ qua hình ảnh, bạn có thể chú ý các điểm sau:

1. **Màu sắc:** Sản phẩm thường có màu vàng nhạt hoặc cam, gợi liên tưởng đến màu hoa cúc vạn thọ.
2. **Hình ảnh:** Bao bì thường in hình hoa cúc vạn thọ hoặc có các họa tiết liên quan đến thiên nhiên, thảo dược.
3. **Thành phần:** Kiểm tra danh sách thành phần, tìm các từ khóa như ""Calendula officinalis"" (tên khoa học của cúc vạn thọ) hoặc ""chiết xuất cúc vạn thọ"".
4. **Nhãn hiệu:** Một số nhãn hiệu nổi tiếng chuyên về sản phẩm từ cúc vạn thọ như Weleda, Burt's Bees.
"
Cách chọn son môi cho buổi đi xem triển lãm văn hóa thời kỳ đồ đá?,"Để chọn son môi phù hợp cho buổi đi xem triển lãm văn hóa thời kỳ đồ đá, bạn nên ưu tiên các màu sắc tự nhiên, trầm ấm, gợi nhớ đến màu đất và khoáng chất. Các lựa chọn lý tưởng bao gồm:

1.  **Màu đất (Terracotta):** Phản ánh màu đất đá thời kỳ đồ đá.
2.  **Màu nude đào/màu be:** Nhấn mạnh vẻ đẹp tự nhiên, tinh tế.
3.  **Màu hồng đất:** Mang đến sự dịu dàng, phù hợp với không khí trang trọng của triển lãm.

Tránh các màu son quá sặc sỡ hoặc bóng bẩy, vì chúng có thể không phù hợp với chủ đề lịch sử.
"
Tại sao nên dùng kem lót chứa chiết xuất nghệ tây cho da xỉn màu?,"Kem lót chứa chiết xuất nghệ tây là lựa chọn tuyệt vời cho da xỉn màu vì nghệ tây giàu vitamin C và chất chống oxy hóa. Những thành phần này giúp làm sáng da, đều màu da và giảm các đốm đục màu. Đồng thời, nghệ tây còn kích thích sản xuất collagen, cải thiện độ đàn hồi và mang lại vẻ rạng rỡ tự nhiên cho làn da. Kem lót nghệ tây cũng giúp làm dịu da và chuẩn bị bề mặt hoàn hảo cho lớp nền.
"
Làm sao để nhận diện cọ tán phấn mắt dạng large flat qua hình ảnh?,"Để nhận diện cọ tán phấn mắt dạng large flat qua hình ảnh, bạn hãy chú ý các điểm sau:

1. **Hình dáng:** Cọ có hình dạng dẹt, bản rộng (large) và lông cọ được cắt thẳng (flat).
2. **Kích thước:** So với các loại cọ mắt khác, cọ large flat có kích thước lớn hơn, thường dài từ 15-18cm.
3. **Mục đích sử dụng:** Cọ này thường dùng để tán phấn mắt trên toàn bộ bầu mắt hoặc đánh phấn highlight ở vùng xương gò má.
"
Cách tạo makeup cho buổi đi ăn tối ở nhà hàng Brazil?,"Để có một lớp trang điểm phù hợp cho buổi tối tại nhà hàng Brazil, bạn nên tập trung vào sự tươi tắn và chút lấp lánh.

1.  **Nền:** Sử dụng kem nền nhẹ nhàng, che khuyết điểm vừa đủ.
2.  **Mắt:** Phấn mắt màu đồng hoặc vàng đồng sẽ rất hợp với không khí ấm áp của Brazil. Đừng quên kẻ eyeliner mảnh và mascara.
3.  **Má:** Sử dụng phấn má hồng màu cam đào để tạo vẻ khỏe khoắn.
4.  **Môi:** Son màu đỏ cam hoặc hồng san hô sẽ là lựa chọn hoàn hảo.

Lý do: Màu sắc ấm áp và tươi sáng phù hợp với không gian và văn hóa Brazil."
Kỹ thuật makeup 'blue sapphire eyes' là gì?,"Kỹ thuật ""Blue Sapphire Eyes"" tập trung tạo đôi mắt màu xanh sapphire lấp lánh, thường dùng cho mắt nâu hoặc xám.

**Các bước:**

1.  **Phủ phấn mắt màu xanh navy** lên toàn bộ bầu mắt.
2.  **Tạo khối** với màu xanh đậm hơn ở hốc mắt.
3.  **Highlight** bằng phấn nhũ trắng/bạc ở khóe mắt và dưới chân mày.
4.  **Kẻ eyeliner** xanh navy hoặc đen, có thể thêm chút nhũ.
5.  **Chuốt mascara** đen để tăng độ sâu.

Màu xanh navy kết hợp nhũ giúp mắt trông sâu thẳm và lôi cuốn như sapphire.
"
Cách chọn màu phấn mắt cho buổi đi xem triển lãm tranh phong cách cổ điển châu Âu?,"Để chọn phấn mắt cho buổi xem triển lãm tranh cổ điển châu Âu, hãy ưu tiên các tông màu trung tính, ấm áp và lấy cảm hứng từ bảng màu tranh.

1.  **Tông màu cơ bản:** Nâu đất, be, vàng đồng sẽ tạo vẻ thanh lịch, tinh tế.
2.  **Điểm nhấn:** Thêm chút màu burgundy (đỏ tía) hoặc xanh rêu đậm để gợi nhớ các sắc màu thường thấy trong tranh cổ điển.
3.  **Tránh:** Màu neon, quá sặc sỡ sẽ làm mất đi sự trang trọng của buổi đi xem triển lãm.
"
Làm sao để nhận diện chai kem dưỡng chứa chiết xuất cây lô hội qua hình ảnh?,"Để nhận diện kem dưỡng chứa chiết xuất lô hội qua hình ảnh, bạn hãy chú ý các điểm sau:

1. **Màu sắc:** Kem lô hội thường có màu xanh nhạt hoặc trong suốt, đôi khi hơi vàng.
2. **Thành phần:** Kiểm tra danh sách thành phần, tìm các từ khóa như ""Aloe Barbadensis Leaf Juice"" (nước ép lá lô hội), ""Aloe Vera Extract"" (chiết xuất lô hội).
3. **Bao bì:** Một số sản phẩm sẽ ghi rõ ""Aloe Vera"" hoặc hình ảnh cây lô hội trên bao bì để thu hút khách hàng.
"
Tại sao nên dùng xịt khóa makeup chứa chiết xuất cây phấn hoa cho da nhạy cảm?,"Đối với da nhạy cảm, xịt khóa makeup chứa chiết xuất cây phấn hoa là lựa chọn lý tưởng vì một số lý do:

1. **Làm dịu da:** Phấn hoa chứa các hợp chất kháng viêm, giúp giảm kích ứng và mẩn đỏ.
2. **Cấp ẩm:** Cung cấp độ ẩm nhẹ nhàng, tránh làm da bị khô căng sau khi trang điểm.
3. **Bảo vệ da:** Tạo lớp màng bảo vệ da khỏi tác động từ môi trường.
4. **Thành phần tự nhiên:** Giảm thiểu nguy cơ gây dị ứng so với các thành phần hóa học mạnh.
"
Cách tạo makeup cho buổi đi xem triển lãm nghệ thuật gốm sứ?,"Để trang điểm cho buổi đi xem triển lãm gốm sứ, bạn nên ưu tiên vẻ đẹp tự nhiên, tinh tế.

1.  **Nền:** Sử dụng kem nền nhẹ nhàng, che khuyết điểm vừa đủ.
2.  **Mắt:** Phấn mắt màu nude hoặc nâu nhạt, tán đều. Kẻ mắt mảnh, màu nâu hoặc đen.
3.  **Má:** Phấn má hồng đào hoặc cam đất, đánh nhẹ nhàng để có vẻ ửng hồng tự nhiên.
4.  **Môi:** Son nude, hồng nhạt hoặc cam san hô.

Lý do: Triển lãm nghệ thuật đòi hỏi sự trang trọng vừa phải, không quá cầu kỳ để không làm phân tâm khỏi tác phẩm.
"
Làm sao để nhận diện cọ tán phấn má hồng dạng medium fan qua hình ảnh?,"Để nhận diện cọ tán phấn má hồng dạng medium fan qua hình ảnh, bạn hãy chú ý các điểm sau:

1. **Hình dáng:** Đầu cọ có hình quạt vừa phải (medium), không quá to cũng không quá nhỏ. Các sợi lông được xòe rộng tạo thành hình bán nguyệt.
2. **Kích thước:** So với các loại cọ má hồng khác, medium fan brush có kích thước trung bình, phù hợp với nhiều hình dáng khuôn mặt.
3. **Độ dày:** Lông cọ không quá dày cũng không quá thưa, vừa đủ để lấy và tán đều phấn.

Loại cọ này lý tưởng để tạo khối nhẹ nhàng và tán phấn má hồng một cách tự nhiên.
"
Cách chọn son môi cho buổi đi xem triển lãm hoa lan?,"Để chọn son môi phù hợp khi đi xem triển lãm hoa lan, bạn nên ưu tiên những màu sắc tự nhiên, nhẹ nhàng để tôn lên vẻ đẹp tinh tế của không gian và trang phục. 

*   **Màu sắc gợi ý:** Hồng đào, cam san hô, hoặc nude.
*   **Chất son:** Ưu tiên son dưỡng hoặc son có chất ẩm để đôi môi căng mọng, tự nhiên.
*   **Lý do:** Màu sắc tươi sáng nhưng không quá nổi bật sẽ giúp bạn hòa mình vào không gian hoa lan mà không làm phân tâm."
Tại sao nên dùng tẩy trang dạng dầu hạt argan cho da khô?,"Dầu tẩy trang hạt argan là lựa chọn tuyệt vời cho da khô vì nhiều lý do. Đầu tiên, dầu argan giàu vitamin E và axit béo, giúp cấp ẩm sâu và làm mềm da trong quá trình tẩy trang. Thay vì làm khô da như các sản phẩm tẩy trang khác, dầu argan nhẹ nhàng hòa tan bụi bẩn, dầu thừa và lớp trang điểm mà không gây kích ứng. Hơn nữa, nó còn giúp phục hồi hàng rào bảo vệ da, giảm tình trạng đỏng đậy và khô căng sau khi làm sạch.
"
Làm sao để nhận diện hộp phấn mắt dạng cream qua hình ảnh?,"Để nhận diện hộp phấn mắt dạng cream qua hình ảnh, bạn hãy chú ý các điểm sau:

1. **Kết cấu:** Phấn cream thường có vẻ mềm mịn, ẩm ướt, không khô ráo như phấn bột.
2. **Bao bì:** Thường được đựng trong hũ nhỏ, nắp kín để giữ độ ẩm.
3. **Màu sắc:** Màu sắc thường đậm đà, bóng bẩy hơn so với phấn bột.
4. **Độ phản sáng:** Phấn cream có độ phản sáng nhẹ, tạo hiệu ứng căng mọng cho mắt.
"
Cách tạo makeup cho buổi đi xem triển lãm tranh phong cách hiện đại?,"Để trang điểm cho buổi đi xem triển lãm tranh phong cách hiện đại, bạn nên ưu tiên vẻ ngoài tự nhiên, tinh tế nhưng vẫn có điểm nhấn.

1.  **Nền:** Sử dụng kem nền nhẹ nhàng, che khuyết điểm vừa đủ.
2.  **Mắt:** Chọn phấn mắt màu trung tính (nâu, be) tán nhẹ nhàng. Có thể thêm chút nhũ mắt để tạo điểm nhấn.
3.  **Má:** Sử dụng má hồng màu đào hoặc hồng san hô để khuôn mặt tươi tắn.
4.  **Môi:** Son nude hoặc son màu hồng pastel là lựa chọn hoàn hảo.

Phong cách này giúp bạn nổi bật nhưng không làm phân tâm khỏi các tác phẩm nghệ thuật.
"
Kỹ thuật makeup 'golden hour glow' là gì?,"""Golden hour glow"" là kỹ thuật trang điểm tạo hiệu ứng làn da căng bóng, rạng rỡ như được chiếu sáng bởi ánh nắng vàng buổi chiều. 

**Các bước thực hiện:**

1.  **Dưỡng ẩm:** Bước quan trọng để da mịn màng.
2.  **Highlight:** Tập trung highlight dạng kem/lỏng ở gò má, sống mũi, trán, cằm.
3.  **Blush:** Sử dụng phấn má hồng tone ấm (cam đào, hồng san hô) để tạo ửng hồng tự nhiên.
4.  **Hoàn thiện:** Xịt khóa nền để các lớp makeup hòa quyện, tăng độ glow.

Kỹ thuật này nhấn mạnh vào việc bắt sáng và sử dụng các tone màu ấm áp để tạo hiệu ứng da khỏe khoắn, tươi tắn.
"
Cách chọn cọ tán phấn mắt cho mắt xếch?,"Với mắt xếch, nên ưu tiên cọ tán phấn mắt có đầu vát xéo hoặc hình lưỡi liềm. Cọ vát xéo giúp tạo khối và nâng đuôi mắt, làm mắt trông to tròn hơn. Cọ hình lưỡi liềm phù hợp để tán phấn vào hốc mắt, tạo chiều sâu. Nên chọn cọ mềm mại, kích thước vừa phải để dễ dàng kiểm soát và tránh lem phấn. Tránh cọ đầu tròn quá to vì có thể làm mắt trông nhỏ hơn.
"
Làm sao để nhận diện chai xịt dưỡng chứa chiết xuất cây oải hương qua hình ảnh?,"Để nhận diện chai xịt dưỡng chứa chiết xuất cây oải hương qua hình ảnh, bạn có thể chú ý các điểm sau:

1. **Màu sắc:** Sản phẩm thường có màu tím nhạt hoặc xanh tím, gợi liên tưởng đến hoa oải hương.
2. **Hình ảnh:** Chai thường in hình hoa oải hương hoặc có các họa tiết liên quan đến vùng Provence (Pháp) - nơi nổi tiếng với oải hương.
3. **Chữ in:** Tìm các từ khóa như ""Lavender"", ""Oải hương"", ""Calming"" (làm dịu) trên nhãn.
4. **Thành phần:** Kiểm tra danh sách thành phần, đảm bảo có ""Lavandula Angustifolia"" (tên khoa học của oải hương).
"
Cách chọn son môi cho buổi đi xem phim tài liệu về thiên nhiên?,"Để chọn son môi phù hợp khi xem phim tài liệu về thiên nhiên, hãy ưu tiên vẻ đẹp tự nhiên, tinh tế. 

1. **Chọn màu sắc trung tính:** Các tông màu nude, hồng đào, cam đất hoặc màu berry nhẹ nhàng sẽ là lựa chọn lý tưởng. Chúng không quá nổi bật, hài hòa với không khí nhẹ nhàng của buổi xem phim.
2. **Chất son:** Son dưỡng hoặc son có chất ẩm mịn sẽ giúp đôi môi trông tự nhiên, khỏe mạnh.
3. **Tránh:** Son quá sặc sỡ hoặc bóng loáng, vì có thể gây phân tâm và không phù hợp với chủ đề thiên nhiên.
"
Tại sao nên dùng kem lót chứa chiết xuất cây liễu trắng cho da dầu?,"Kem lót chứa chiết xuất cây liễu trắng rất lý tưởng cho da dầu nhờ chứa Salicylic Acid (BHA) tự nhiên. BHA này giúp làm sạch sâu lỗ chân lông, loại bỏ bã nhờn và tế bào chết tích tụ – nguyên nhân chính gây ra mụn và bóng dầu. Đồng thời, liễu trắng còn có tính kháng viêm, giúp giảm sưng đỏ do mụn. Nhờ vậy, kem lót này vừa kiểm soát dầu, vừa giúp da thông thoáng, chuẩn bị bề mặt hoàn hảo cho lớp nền.
"
Làm sao để nhận diện cọ tán phấn mắt dạng small flat qua hình ảnh?,"Để nhận diện cọ tán phấn mắt dạng small flat qua hình ảnh, bạn hãy chú ý các điểm sau:

1. **Hình dáng:** Đầu cọ dẹt và nhỏ, không quá dày.
2. **Kích thước:** Thường ngắn hơn các loại cọ tán phấn khác, khoảng 1-1.5cm.
3. **Lông cọ:** Lông cọ thường dày dặn, mềm mại để dễ dàng lấy và tán phấn.
4. **Mục đích sử dụng:** Cọ này lý tưởng để tán phấn mắt lên bầu mắt, nhấn màu ở hốc mắt hoặc tạo điểm nhấn cho đường eyeliner.
"
Cách tạo makeup cho buổi đi ăn tối ở nhà hàng Thái Lan?,"Để có một lớp trang điểm phù hợp cho buổi tối tại nhà hàng Thái, bạn nên tập trung vào sự tươi tắn và rạng rỡ.

1.  **Nền:** Sử dụng kem nền nhẹ nhàng, che khuyết điểm vừa đủ.
2.  **Mắt:** Phấn mắt màu đồng hoặc cam đất sẽ rất hợp với không khí ấm cúng. Kẻ mắt mảnh và chuốt mascara.
3.  **Má:** Hồng đào hoặc cam san hô tạo vẻ tươi tắn.
4.  **Môi:** Son màu cam san hô hoặc hồng đất là lựa chọn hoàn hảo.

Lưu ý: Vì đồ ăn Thái thường cay, nên tránh dùng son quá bóng để tránh bị lem.
"
Kỹ thuật makeup 'amethyst eyes' là gì?,"""Amethyst eyes"" là kỹ thuật trang điểm mắt lấy cảm hứng từ sắc tím amethyst (thạch anh tím). Đầu tiên, bạn tán phấn mắt tím nhạt làm lớp nền. Sau đó, tập trung phấn tím đậm hơn ở đuôi mắt và hốc mắt, tạo chiều sâu. Đừng quên blend kỹ để chuyển màu mượt mà. Cuối cùng, thêm chút nhũ tím hoặc highlight ở khóe mắt để đôi mắt thêm lấp lánh và thu hút. Kỹ thuật này phù hợp với nhiều tông da, đặc biệt là da trung bình và da ngăm.
"
Cách chọn màu phấn mắt cho buổi đi xem triển lãm tranh phong cách Baroque?,"Để phù hợp với phong cách Baroque đầy màu sắc và kịch tính, bạn nên chọn phấn mắt với tông màu ấm áp và đậm. Các lựa chọn tuyệt vời bao gồm:

1.  **Nâu đồng/Vàng đồng:** Tạo chiều sâu và sự sang trọng.
2.  **Đỏ burgundy/Nâu gạch:** Phản ánh sự giàu có và đam mê.
3.  **Xanh ngọc lục bảo/Xanh lam đậm:** Tương phản đẹp mắt với các tác phẩm nghệ thuật.

Bạn có thể kết hợp các màu này để tạo hiệu ứng ombre mắt ấn tượng. Đừng quên sử dụng nhũ để tăng thêm vẻ lộng lẫy!
"
Làm sao để nhận diện chai kem dưỡng chứa chiết xuất cây trà xanh qua hình ảnh?,"Để nhận diện kem dưỡng chứa chiết xuất trà xanh qua hình ảnh, bạn hãy chú ý các điểm sau:

1. **Màu sắc:** Bao bì thường có màu xanh lá cây, hoặc các tông màu liên quan đến thiên nhiên.
2. **Hình ảnh:** Thường in hình lá trà xanh, búp trà, hoặc các họa tiết gợi liên tưởng đến trà đạo.
3. **Từ khóa:** Tìm các từ như ""Green Tea"", ""Matcha"", ""Trà xanh"" trên nhãn sản phẩm.
4. **Thành phần:** Kiểm tra danh sách thành phần, tìm ""Camellia Sinensis Leaf Extract"" (chiết xuất lá trà xanh).
"
Tại sao nên dùng xịt khóa makeup chứa chiết xuất hoa hồng cho da khô?,"Đối với da khô, xịt khóa makeup chứa chiết xuất hoa hồng là lựa chọn tuyệt vời vì nhiều lý do. Hoa hồng giàu vitamin C, giúp cấp ẩm và làm dịu da, giảm tình trạng bong tróc. Xịt khóa giúp lớp makeup bền lâu hơn, hạn chế tình trạng cakey do da khô hút ẩm từ lớp trang điểm. Đồng thời, hương thơm hoa hồng còn mang lại cảm giác thư giãn, dễ chịu. Hãy chọn sản phẩm không chứa cồn để tránh làm khô da hơn nhé!
"
Cách tạo makeup cho buổi đi xem triển lãm nghệ thuật ánh sáng tương tác?,"Chào bạn, để makeup cho buổi đi xem triển lãm nghệ thuật ánh sáng tương tác, mình gợi ý một phong cách trang điểm nhẹ nhàng, tập trung vào sự bắt sáng để nổi bật trong không gian ánh sáng.

1.  **Nền:** Dùng kem nền mỏng nhẹ, che khuyết điểm vừa đủ.
2.  **Mắt:** Phấn mắt màu champagne hoặc hồng nhạt, đánh nhũ mắt lấp lánh ở bầu mắt.
3.  **Má:** Má hồng đào nhẹ nhàng.
4.  **Môi:** Son bóng hoặc son tint màu nude/ hồng san hô.

Lý do: Ánh sáng tương tác sẽ làm nổi bật những điểm bắt sáng trên khuôn mặt, giúp bạn trông tươi tắn và thu hút hơn."
Làm sao để nhận diện cọ tán phấn má hồng dạng small angled qua hình ảnh?,"Để nhận diện cọ tán phấn má hồng dạng small angled qua hình ảnh, bạn hãy chú ý các điểm sau:

1. **Hình dáng:** Đầu cọ vát chéo, nhỏ và thuôn. Góc vát rõ ràng, không quá rộng.
2. **Kích thước:** Nhìn chung nhỏ gọn hơn các loại cọ má hồng khác.
3. **Lông cọ:** Thường mềm mại, đủ dày để lấy và tán phấn nhưng không quá xù.

Cọ này lý tưởng để tạo khối, highlight hoặc tán phấn má hồng một cách chính xác ở những vùng nhỏ trên khuôn mặt.
"
Cách chọn son môi cho buổi đi xem triển lãm văn hóa dân gian Nhật Bản?,"Để chọn son môi phù hợp khi đi xem triển lãm văn hóa dân gian Nhật Bản, bạn nên ưu tiên những màu sắc tự nhiên, nhẹ nhàng. Các tông màu hồng đào, cam san hô hoặc màu nude sẽ là lựa chọn tuyệt vời, tạo vẻ thanh lịch, tinh tế. Tránh các màu son quá nổi bật hoặc quá tối, vì có thể làm mất đi sự trang trọng của buổi triển lãm và không phù hợp với không khí văn hóa. Chất son nên là matte hoặc satin để giữ được vẻ tự nhiên.
"
Tại sao nên dùng tẩy trang dạng dầu hạt bơ cho da lão hóa?,"Tẩy trang dạng dầu hạt bơ rất lý tưởng cho da lão hóa vì một số lý do:

1. **Dưỡng ẩm sâu:** Dầu hạt bơ giàu axit béo và vitamin E, giúp cấp ẩm, làm mềm da và giảm khô ráp - vấn đề thường gặp ở da lão hóa.
2. **Nhẹ nhàng làm sạch:** Dầu hòa tan bụi bẩn, makeup hiệu quả mà không gây ma sát, bảo vệ collagen và elastin.
3. **Chống oxy hóa:** Vitamin E là chất chống oxy hóa mạnh, giúp bảo vệ da khỏi gốc tự do gây lão hóa.
4. **Phục hồi hàng rào bảo vệ da:** Dầu hạt bơ giúp củng cố hàng rào lipid, giúp da khỏe mạnh hơn.
"
Làm sao để nhận diện hộp phấn mắt dạng stick qua hình ảnh?,"Để nhận diện hộp phấn mắt dạng stick qua hình ảnh, bạn hãy chú ý các điểm sau:

1. **Hình dáng:** Khác với hộp phấn mắt vuông vắn, phấn mắt stick có hình trụ tròn hoặc hình bút chì.
2. **Đầu sản phẩm:** Đầu stick thường vát hoặc tròn, dùng để trực tiếp thoa lên mắt.
3. **Vỏ:** Vỏ thường có thể xoay để đẩy phấn lên hoặc hạ xuống.
4. **Kích thước:** Nhỏ gọn, dễ dàng mang theo hơn so với các loại phấn mắt khác.
"
Cách tạo makeup cho buổi đi xem triển lãm tranh màu nước?,"Chào bạn, để makeup cho buổi đi xem triển lãm tranh màu nước, mình gợi ý một phong cách nhẹ nhàng, tự nhiên để không làm phân tâm khi ngắm tranh nhé.

1.  **Chuẩn bị da:** Dưỡng ẩm kỹ để lớp nền mịn màng.
2.  **Nền:** Dùng BB cream hoặc cushion mỏng nhẹ, che khuyết điểm nếu cần.
3.  **Mắt:** Phấn mắt màu hồng đào hoặc cam đất nhạt, tán đều. Kẻ eyeliner mảnh và chuốt mascara.
4.  **Má:** Phấn má hồng tone đào nhẹ nhàng.
5.  **Môi:** Son dưỡng hoặc son tint màu hồng san hô tự nhiên.

Lưu ý: Ưu tiên sự hài hòa, tránh màu sắc quá nổi bật."
Kỹ thuật makeup 'sunset glow' là gì?,"Kỹ thuật makeup ""sunset glow"" (ánh hoàng hôn) tập trung tạo hiệu ứng làn da ửng hồng, ấm áp như màu trời lúc hoàng hôn. 

**Các bước thực hiện:**

1.  **Tạo khối:** Sử dụng phấn má hồng màu cam đào hoặc hồng san hô, đánh lên gò má, kéo về thái dương.
2.  **Highlight:** Chọn highlighter tông vàng hoặc ngọc trai, đánh nhẹ lên gò má, sống mũi, nhân trung.
3.  **Môi:** Sử dụng son bóng hoặc son kem màu cam san hô, hồng đào.

Kỹ thuật này giúp khuôn mặt trông tươi tắn, khỏe khoắn và tràn đầy sức sống.
"
Cách chọn cọ tán phấn mắt cho mắt to?,"Để chọn cọ tán phấn mắt cho mắt to, bạn nên ưu tiên các loại cọ có kích thước vừa phải, lông mềm mại và hình dáng đầu cọ hơi vát hoặc tròn. 

*   **Kích thước:** Cọ quá lớn sẽ khó kiểm soát trên mắt to, còn quá nhỏ sẽ làm màu phấn không đều.
*   **Lông cọ:** Lông mềm giúp tán phấn nhẹ nhàng, tránh gây kích ứng.
*   **Hình dáng:** Đầu vát/tròn giúp dễ dàng tán màu vào hốc mắt và tạo chiều sâu.

Bạn có thể dùng cọ blending để làm mờ đường viền và cọ flat shader để đánh phấn lên bầu mắt."
Làm sao để nhận diện chai xịt dưỡng chứa chiết xuất cây hương thảo qua hình ảnh?,"Để nhận diện chai xịt dưỡng chứa chiết xuất cây hương thảo qua hình ảnh, bạn có thể chú ý các điểm sau:

1. **Màu sắc:** Bao bì thường có tông xanh lá cây hoặc tím oải hương, gợi liên tưởng đến thiên nhiên và hương thảo.
2. **Hình ảnh:** Chai có thể in hình lá hương thảo hoặc cành hương thảo.
3. **Chữ in:** Tìm các từ khóa như ""Rosemary"", ""Hương thảo"", ""Rosemary Extract"" trên nhãn.
4. **Mô tả:** Đọc kỹ mô tả sản phẩm để xác nhận thành phần chính là chiết xuất hương thảo.
"
Cách chọn son môi cho buổi đi xem triển lãm văn hóa thời kỳ Phù Đổng?,"Để chọn son môi phù hợp cho buổi đi xem triển lãm văn hóa thời kỳ Phù Đổng, bạn nên ưu tiên các màu son trầm ấm, gợi nhớ về lịch sử và sự cổ kính. Các lựa chọn lý tưởng bao gồm:

1.  **Đỏ đất:** Màu son này tượng trưng cho sự mạnh mẽ, quyền lực của thời đại vua Hùng.
2.  **Cam gạch:** Màu sắc này mang đến vẻ đẹp thanh lịch, gần gũi với trang phục truyền thống.
3.  **Nâu tây:** Màu son này tạo cảm giác cổ điển, trang nhã và phù hợp với không gian văn hóa.

Nên chọn chất son lì hoặc bán lì để giữ màu lâu và tránh làm xao nhãng khi xem triển lãm.
"
Tại sao nên dùng kem lót chứa chiết xuất hoa cúc La Mã cho da nhạy cảm?,"Kem lót chứa chiết xuất hoa cúc La Mã rất lý tưởng cho da nhạy cảm vì một số lý do. Hoa cúc La Mã nổi tiếng với đặc tính chống viêm và làm dịu da, giúp giảm kích ứng và mẩn đỏ. Nó cũng có khả năng làm mềm da, tạo một lớp nền mịn màng cho trang điểm. Việc sử dụng kem lót này giúp bảo vệ da khỏi các tác nhân gây hại từ môi trường và giảm thiểu nguy cơ kích ứng do mỹ phẩm.
"
Làm sao để nhận diện cọ tán phấn mắt dạng large blending qua hình ảnh?,"Để nhận diện cọ tán phấn mắt dạng large blending qua hình ảnh, bạn hãy chú ý các điểm sau:

1. **Kích thước:** Lớn hơn các cọ tán phấn mắt khác, đầu cọ tròn và đầy đặn.
2. **Hình dáng:** Lông cọ mềm mại, xù xì, không quá dày đặc.
3. **Màu sắc:** Thường có màu trắng, đen hoặc kết hợp.
4. **Công dụng:** Dùng để tán đều phấn mắt trên toàn bộ bầu mắt, tạo hiệu ứng chuyển màu mờ ảo.
"
Cách tạo makeup cho buổi đi ăn tối ở nhà hàng Mexico?,"Để có một lớp trang điểm phù hợp cho buổi tối tại nhà hàng Mexico, bạn nên tập trung vào đôi mắt và đôi môi.

1.  **Mắt:** Sử dụng phấn mắt màu đồng, cam đất hoặc nâu ấm để tạo chiều sâu. Kẻ eyeliner mảnh và chuốt mascara.
2.  **Má:** Đánh má hồng màu đào hoặc cam san hô để tăng vẻ tươi tắn.
3.  **Môi:** Chọn son màu đỏ gạch, cam cháy hoặc hồng đất.
4.  **Da:** Giữ lớp nền nhẹ nhàng, tự nhiên với kem nền mỏng và phấn phủ.

Phong cách này vừa tôn da, vừa phù hợp với không khí náo nhiệt, đầy màu sắc của ẩm thực Mexico."
Kỹ thuật makeup 'moonlit glow' là gì?,"Kỹ thuật makeup ""moonlit glow"" (tỏa sáng dưới ánh trăng) tập trung vào việc tạo hiệu ứng da căng bóng, khỏe mạnh và có ánh sáng tự nhiên, như được chiếu sáng bởi ánh trăng. 

**Các bước chính:**

1.  **Dưỡng ẩm kỹ:** Đây là bước quan trọng nhất.
2.  **Sử dụng kem nền mỏng nhẹ:** Ưu tiên các loại có độ che phủ thấp hoặc trung bình.
3.  **Highlight ở các vị trí bắt sáng:** Gò má, sống mũi, nhân trung, khóe mắt.
4.  **Phấn má hồng tông màu đào hoặc hồng ngọc trai:** Tạo vẻ ửng hồng tự nhiên.
5.  **Son dưỡng hoặc son bóng:** Hoàn thiện đôi môi căng mọng.

Kỹ thuật này phù hợp với những ai muốn có vẻ ngoài tươi trẻ, tự nhiên.
"
Cách chọn màu phấn mắt cho buổi đi xem triển lãm tranh phong cách cổ điển Nhật Bản?,"Để chọn phấn mắt cho buổi đi xem triển lãm tranh cổ điển Nhật Bản, hãy ưu tiên các gam màu trung tính, nhẹ nhàng lấy cảm hứng từ thiên nhiên và văn hóa Nhật. 

1.  **Màu nền:** Chọn phấn mắt màu be nhạt, nâu nhạt hoặc màu đào để làm nền.
2.  **Màu nhấn:** Sử dụng màu nâu gạch, cam đất hoặc màu xanh rêu nhạt để tạo chiều sâu.
3.  **Màu highlight:** Thêm chút phấn ánh nhũ vàng hoặc đồng ở khóe mắt để tăng sự tinh tế.

Những màu sắc này sẽ giúp bạn có một vẻ ngoài thanh lịch, không quá nổi bật mà vẫn tôn trọng không gian nghệ thuật."
Làm sao để nhận diện chai kem dưỡng chứa chiết xuất cây tầm xuân qua hình ảnh?,"Để nhận diện kem dưỡng chứa chiết xuất tầm xuân qua hình ảnh, bạn hãy chú ý các điểm sau:

1. **Màu sắc:** Chiết xuất tầm xuân thường tạo màu cam đỏ nhạt cho sản phẩm.
2. **Thành phần:** Kiểm tra danh sách thành phần, tìm các tên như ""Rosa Canina Seed Oil"", ""Rosehip Oil"", hoặc ""Chiết xuất hạt tầm xuân"".
3. **Bao bì:** Một số nhãn hàng sẽ ghi rõ ""Rosehip"" hoặc hình ảnh quả tầm xuân trên bao bì để thu hút khách hàng.
"
Tại sao nên dùng xịt khóa makeup chứa chiết xuất cây oải hương cho da nhạy cảm?,"Đối với da nhạy cảm, xịt khóa makeup chứa oải hương là lựa chọn lý tưởng vì nhiều lý do. Oải hương nổi tiếng với khả năng làm dịu da, giảm kích ứng và mẩn đỏ – những vấn đề thường gặp ở da nhạy cảm. Bên cạnh đó, oải hương còn có đặc tính kháng viêm, giúp da khỏe mạnh hơn. Xịt khóa makeup có oải hương vừa giúp lớp trang điểm bền lâu, vừa cung cấp thêm dưỡng chất và bảo vệ da, tránh tình trạng khô căng, khó chịu.
"
Cách tạo makeup cho buổi đi xem triển lãm nghệ thuật vải dệt?,"Chào bạn, để makeup cho buổi đi xem triển lãm nghệ thuật vải dệt, mình gợi ý một phong cách tự nhiên, tinh tế để không làm phân tâm khỏi các tác phẩm nghệ thuật.

1.  **Chuẩn bị da:** Dưỡng ẩm kỹ để lớp nền mịn màng.
2.  **Nền:** Dùng kem nền mỏng nhẹ, che khuyết điểm vừa đủ.
3.  **Mắt:** Phấn mắt màu nude hoặc nâu nhạt, đánh nhẹ nhàng. Kẻ eyeliner mảnh, mascara tự nhiên.
4.  **Má:** Phấn má hồng đào hoặc cam đất, tạo gò má nhẹ nhàng.
5.  **Môi:** Son dưỡng hoặc son màu nude/ hồng pastel.

Lưu ý: Ưu tiên sự hài hòa, tránh màu sắc quá nổi bật."
Làm sao để nhận diện cọ tán phấn má hồng dạng large angled qua hình ảnh?,"Để nhận diện cọ tán phấn má hồng dạng large angled qua hình ảnh, bạn hãy chú ý các điểm sau:

1. **Hình dáng lông cọ:** Lông cọ vát chéo, tạo thành một góc lớn (khoảng 45-60 độ).
2. **Kích thước:** Cọ có kích thước lớn hơn các loại cọ má hồng thông thường, phù hợp để tán phấn trên diện tích rộng.
3. **Độ dày lông:** Lông cọ thường dày dặn, mềm mại để giúp phấn bám đều và không gây kích ứng da.
"
Cách chọn son môi cho buổi đi xem triển lãm hoa tulip?,"Để chọn son môi phù hợp khi đi xem triển lãm hoa tulip, bạn nên ưu tiên các màu sắc tươi tắn, nhẹ nhàng, hòa hợp với không khí mùa xuân và sắc hoa rực rỡ. 

*   **Màu hồng đào:** Tự nhiên, nữ tính, tôn da.
*   **Màu cam san hô:** Năng động, tươi trẻ, nổi bật nhưng không quá chói.
*   **Màu nude hồng:** Thanh lịch, tinh tế, phù hợp với trang điểm nhẹ nhàng.

Tránh các màu son quá đậm hoặc quá tối, vì có thể làm lu mờ vẻ đẹp của khung cảnh hoa tulip xung quanh. Chất son nên chọn ẩm mịn để đôi môi căng mọng, tươi tắn."
Tại sao nên dùng tẩy trang dạng dầu hạt hạnh nhân cho da khô?,"Chào bạn,

Dầu hạt hạnh nhân là lựa chọn tuyệt vời cho da khô vì nhiều lý do. Đầu tiên, dầu có khả năng hòa tan và loại bỏ hiệu quả các sản phẩm trang điểm gốc dầu như kem nền, son lì mà không gây ma sát mạnh, bảo vệ hàng rào bảo vệ da. 

Thứ hai, dầu hạt hạnh nhân giàu vitamin E và axit béo, giúp cấp ẩm sâu, làm dịu và nuôi dưỡng da, ngăn ngừa tình trạng khô căng sau khi tẩy trang. Cuối cùng, dầu có kết cấu nhẹ, dễ dàng thẩm thấu, không gây bí bách lỗ chân lông.
"
Cách tạo makeup cho buổi đi xem triển lãm nghệ thuật ánh sáng neon?,"Để makeup cho buổi đi xem triển lãm nghệ thuật ánh sáng neon, bạn nên tập trung vào sự nổi bật và tương phản với ánh sáng.

1.  **Nền:** Chọn nền có độ che phủ vừa phải, hơi bóng để bắt sáng.
2.  **Mắt:** Sử dụng phấn mắt màu neon như hồng, cam, xanh dương. Có thể vẽ eyeliner trắng hoặc bạc để mở rộng mắt.
3.  **Má:** Highlight màu champagne hoặc hồng ngọc để tạo điểm nhấn.
4.  **Môi:** Son bóng màu nude hoặc hồng nhạt để cân bằng.

Lý do: Ánh sáng neon sẽ làm mờ các chi tiết, nên cần makeup đậm và sử dụng màu sắc tương phản để nổi bật.
"
Kỹ thuật makeup 'bronze goddess' là gì?,"Kỹ thuật ""bronze goddess"" (nữ thần đồng) tập trung vào việc tạo vẻ ngoài khỏe khoắn, rạng rỡ như vừa tắm nắng. 

**Các bước thực hiện:**

1.  **Chuẩn bị da:** Dưỡng ẩm kỹ lưỡng.
2.  **Đánh phấn bronzer:** Tập trung vào vùng gò má, thái dương, đường chân tóc và xương hàm để tạo khối.
3.  **Highlight:** Sử dụng highlighter ở gò má, sống mũi, nhân trung và cupid's bow.
4.  **Màu mắt:** Chọn tông màu đồng, vàng hoặc nâu ấm.
5.  **Son môi:** Sử dụng son nude, cam đào hoặc màu berry.

Mục đích là tạo hiệu ứng da sáng bóng, khỏe mạnh và màu sắc ấm áp.
"
Cách chọn cọ tán phấn mắt cho mắt sâu?,"Với mắt sâu, việc chọn cọ tán phấn mắt rất quan trọng để tạo chiều sâu và tránh bị ""mắt lõm"". Bạn nên ưu tiên các loại cọ:

1. **Cọ đầu vát (angled brush):** Giúp tạo khối và nhấn vào hốc mắt, làm nổi bật đường nét.
2. **Cọ blending (cọ hòa trộn):** Cọ tròn, lông mềm, giúp tán đều màu, làm mờ ranh giới và tạo hiệu ứng chuyển màu tự nhiên.
3. **Cọ nhỏ, đầu bằng:** Dùng để đánh phấn highlight ở khóe mắt và dưới chân mày, giúp mở rộng và sáng mắt.

Lý do: Mắt sâu cần sự tương phản và kỹ thuật blending tốt để tránh bị tối.
"
Làm sao để nhận diện chai xịt dưỡng chứa chiết xuất cây bạc hà qua hình ảnh?,"Để nhận diện chai xịt dưỡng chứa chiết xuất cây bạc hà qua hình ảnh, bạn có thể chú ý các điểm sau:

1. **Màu sắc:** Bao bì thường có tông xanh lá hoặc xanh dương, gợi liên tưởng đến sự tươi mát của bạc hà.
2. **Hình ảnh:** Thường có hình ảnh lá bạc hà hoặc dòng chữ ""peppermint"", ""mint"" trên nhãn.
3. **Mô tả:** Đọc kỹ thành phần, tìm các từ khóa như ""peppermint extract"", ""mentha piperita"" (tên khoa học của bạc hà).
4. **Nhãn hiệu:** Một số nhãn hiệu nổi tiếng với xịt dưỡng bạc hà như Mario Badescu, Son & Park.
"
Cách chọn son môi cho buổi đi xem triển lãm văn hóa thời kỳ Hùng Vương?,"Để chọn son môi phù hợp khi đi xem triển lãm văn hóa thời kỳ Hùng Vương, bạn nên ưu tiên các màu son gợi nhớ đến đất mẹ và sự trang nghiêm. 

**Bước 1:** Chọn màu son trầm ấm như đỏ đất, cam đất, hoặc hồng đất. Những màu này tượng trưng cho màu của đất, thể hiện sự gắn kết với nguồn cội.
**Bước 2:** Ưu tiên chất son lì hoặc bán lì để giữ màu lâu và tạo cảm giác trang trọng.
**Bước 3:** Tránh các màu son quá nổi bật hoặc quá sáng để không làm mất đi sự trang nhã của buổi triển lãm.
"
Tại sao nên dùng kem lót chứa chiết xuất cây hương thảo cho da dầu?,"Kem lót chứa chiết xuất cây hương thảo rất lý tưởng cho da dầu vì hương thảo có đặc tính làm se khít lỗ chân lông và kiểm soát bã nhờn hiệu quả. Điều này giúp bề mặt da mịn màng hơn, làm giảm bóng dầu và ngăn ngừa tình trạng bít tắc lỗ chân lông gây mụn. Đồng thời, hương thảo còn có khả năng kháng viêm, giúp làm dịu da và giảm kích ứng, tạo lớp nền hoàn hảo cho lớp trang điểm tiếp theo.
"
Làm sao để nhận diện cọ tán phấn mắt dạng small tapered qua hình ảnh?,"Để nhận diện cọ tán phấn mắt dạng small tapered qua hình ảnh, bạn hãy chú ý các điểm sau:

1. **Hình dáng:** Đầu cọ nhỏ, thon dần (tapered) như đầu bút chì.
2. **Kích thước:** Lông cọ ngắn và dày, không quá to.
3. **Mục đích sử dụng:** Cọ này thường dùng để tán phấn mắt ở vùng hốc mắt, đuôi mắt hoặc tạo điểm nhấn nhỏ.
4. **So sánh:** Nếu thấy cọ có đầu tròn hoặc xòe rộng, đó không phải là small tapered.
"
Kỹ thuật makeup 'opal shimmer' là gì?,"Kỹ thuật makeup ""opal shimmer"" (lấp lánh ngọc trai) tập trung vào việc tạo hiệu ứng da căng bóng, khỏe khoắn như ngọc trai. 

**Các bước thực hiện:**

1.  **Dưỡng ẩm:** Dưỡng ẩm kỹ lưỡng là bước quan trọng nhất.
2.  **Highlight:** Sử dụng highlight dạng lỏng hoặc kem với tông màu ngọc trai (hồng, tím, xanh) ở gò má, sống mũi, trán, cằm và nhân trung.
3.  **Phấn phủ:** Dùng phấn phủ trong suốt để khóa lớp highlight, tránh bóng dầu.

Hiệu ứng này giúp da bắt sáng tốt hơn, tạo vẻ ngoài tươi tắn và trẻ trung.
"
Cách chọn màu phấn mắt cho buổi đi xem triển lãm tranh phong cách Gothic?,"Để chọn phấn mắt cho buổi đi xem triển lãm tranh Gothic, bạn nên ưu tiên các tông màu đậm và bí ẩn. Bắt đầu với lớp nền màu xám khói hoặc nâu sẫm. Sau đó, nhấn nhá bằng màu tím đậm, burgundy (đỏ tía) hoặc xanh navy ở phần đuôi mắt để tạo chiều sâu. Bạn có thể thêm chút nhũ đen hoặc bạc để tăng vẻ huyền ảo, phù hợp với không khí Gothic. Tránh các màu quá tươi sáng nhé!
"
Tại sao nên dùng xịt khóa makeup chứa chiết xuất cây bạc hà cho da dầu?,"Xịt khóa makeup chứa chiết xuất bạc hà rất lý tưởng cho da dầu vì bạc hà có tính chất làm mát và kiểm soát dầu thừa hiệu quả. Khi xịt lên da, nó giúp cân bằng độ pH, làm dịu da và giảm bóng nhờn suốt cả ngày. Đồng thời, bạc hà còn có khả năng se khít lỗ chân lông, giúp lớp makeup bám lâu hơn và hạn chế tình trạng lem trôi do dầu.
"
Cách tạo makeup cho buổi đi xem triển lãm nghệ thuật gốm sứ truyền thống?,"Để trang điểm cho buổi đi xem triển lãm gốm sứ truyền thống, bạn nên ưu tiên vẻ đẹp tự nhiên, tinh tế.

1.  **Nền:** Sử dụng kem nền nhẹ nhàng, che khuyết điểm vừa đủ.
2.  **Mắt:** Phấn mắt màu nude hoặc nâu nhạt, tán đều. Kẻ mắt mảnh, màu nâu hoặc đen.
3.  **Má:** Phấn má hồng đào hoặc cam đất, đánh nhẹ nhàng để có vẻ ửng hồng tự nhiên.
4.  **Môi:** Son môi màu nude, hồng nhạt hoặc cam san hô.

Lý do: Trang điểm nhẹ nhàng sẽ giúp bạn hòa mình vào không gian nghệ thuật mà không gây phân tâm.
"
Làm sao để nhận diện cọ tán phấn má hồng dạng medium dome qua hình ảnh?,"Để nhận diện cọ tán phấn má hồng dạng medium dome qua hình ảnh, bạn hãy chú ý các điểm sau:

1. **Hình dáng:** Đầu cọ tròn, đầy đặn như hình vòm (dome) vừa phải, không quá to cũng không quá nhỏ.
2. **Kích thước:** So với các loại cọ má hồng khác, medium dome có kích thước trung bình.
3. **Lông cọ:** Lông thường mềm, dày dặn và có độ đàn hồi tốt để dễ dàng tán phấn đều trên gò má.
4. **Màu sắc:** Thường thấy màu hồng, đen hoặc bạc.
"
Cách chọn son môi cho buổi đi xem triển lãm hoa cẩm chướng?,"Để chọn son môi phù hợp khi đi xem triển lãm hoa cẩm chướng, bạn nên ưu tiên các màu sắc nhẹ nhàng, tự nhiên để hài hòa với không gian lãng mạn của hoa. 

*   **Màu hồng đào:** Tôn da, nữ tính, phù hợp với đa số màu hoa cẩm chướng.
*   **Màu cam san hô:** Mang đến vẻ tươi trẻ, năng động, hợp với các tông màu cẩm chướng sáng.
*   **Màu nude:** Lựa chọn tinh tế, thanh lịch, không làm phân tán sự chú ý vào hoa.

Tránh các màu son quá đậm hoặc lòe loẹt để giữ vẻ tinh tế cho buổi đi chơi.
"
Tại sao nên dùng tẩy trang dạng dầu hạt lanh cho da nhạy cảm?,"Dầu hạt lanh là lựa chọn tuyệt vời cho da nhạy cảm vì nhiều lý do. Thành phần chính là axit béo omega-3, omega-6 giúp làm dịu, giảm viêm và phục hồi hàng rào bảo vệ da. Khả năng hòa tan dầu giúp tẩy trang hiệu quả, loại bỏ cặn makeup, bụi bẩn mà không gây ma sát, tránh kích ứng. Dầu hạt lanh cũng giàu chất chống oxy hóa, giúp da khỏe mạnh hơn. Quan trọng là chọn sản phẩm không chứa hương liệu, cồn để đảm bảo an toàn cho da nhạy cảm.
"
Làm sao để nhận diện hộp phấn mắt dạng mousse qua hình ảnh?,"Để nhận diện hộp phấn mắt dạng mousse qua hình ảnh, bạn hãy chú ý các điểm sau:

1. **Kết cấu:** Mousse có vẻ ngoài mềm mịn, hơi ẩm ướt, không khô ráo như phấn bột.
2. **Bao bì:** Thường được đựng trong hộp tròn hoặc hũ nhỏ, có nắp đậy kín để giữ độ ẩm.
3. **Màu sắc:** Màu sắc thường đậm đà, bóng mượt hơn so với phấn mắt thông thường.
4. **Hình dáng:** Khi nhìn kỹ, bạn sẽ thấy mousse có cấu trúc xốp nhẹ, không phải dạng nén chặt.
"
Cách tạo makeup cho buổi đi xem triển lãm nghệ thuật tranh thêu?,"Chào bạn, để makeup cho buổi đi xem triển lãm tranh thêu, mình gợi ý một phong cách tự nhiên, tinh tế để không làm phân tâm khi thưởng lãm nghệ thuật nhé.

1.  **Nền:** Dùng kem nền nhẹ nhàng, che khuyết điểm vừa đủ.
2.  **Mắt:** Phấn mắt màu nude hoặc hồng đào nhạt, tán đều. Kẻ eyeliner mảnh, không quá đậm.
3.  **Má:** Phấn má hồng đào nhẹ nhàng, tạo vẻ tươi tắn.
4.  **Môi:** Son nude hoặc hồng baby.

Lý do: Phong cách này tôn trọng không gian nghệ thuật, giúp bạn nổi bật nét thanh lịch, dịu dàng."
Kỹ thuật makeup 'smoky amethyst' là gì?,"Kỹ thuật makeup ""Smoky Amethyst"" là xu hướng trang điểm mắt lấy cảm hứng từ sắc tím amethyst (thạch anh tím) kết hợp với hiệu ứng smoky (khói).

**Các bước thực hiện:**

1.  **Tạo lớp nền:** Sử dụng phấn mắt màu tím nhạt làm lớp nền.
2.  **Đánh đậm:** Thêm các sắc tím đậm hơn (tím than, tím burgundy) vào hốc mắt và đuôi mắt, blend kỹ để tạo hiệu ứng chuyển màu.
3.  **Nhấn nhá:** Sử dụng phấn nhũ tím hoặc bạc ở giữa bầu mắt để tăng chiều sâu.
4.  **Hoàn thiện:** Kẻ eyeliner đen và mascara để làm nổi bật đôi mắt.

Kỹ thuật này phù hợp với các dịp đặc biệt, giúp đôi mắt trở nên quyến rũ và thu hút.
"
Cách chọn cọ tán phấn mắt cho mắt tròn?,"Chào bạn! Với đôi mắt tròn, việc chọn cọ tán phấn mắt phù hợp rất quan trọng để tạo chiều sâu và tránh làm mắt trông to hơn.

**Bước 1:** Ưu tiên cọ đầu bằng, dẹt hoặc hơi vát nhẹ. Cọ tròn sẽ làm mắt trông to tròn hơn.
**Bước 2:** Chọn cọ cỡ vừa, không quá to cũng không quá nhỏ.
**Bước 3:** Cọ chất liệu lông mềm, tự nhiên sẽ giúp tán phấn mịn và đều màu hơn.

Lý do: Cọ dẹt giúp tạo đường viền mắt rõ nét, còn cọ vát nhẹ giúp tán phấn vào hốc mắt dễ dàng hơn, tạo chiều sâu cho đôi mắt.
"
Làm sao để nhận diện chai xịt dưỡng chứa chiết xuất cây hoa hồng qua hình ảnh?,"Để nhận diện chai xịt dưỡng chứa chiết xuất hoa hồng qua hình ảnh, bạn có thể chú ý các điểm sau:

1. **Màu sắc:** Bao bì thường có tông hồng, đỏ hoặc tím nhạt, gợi liên tưởng đến hoa hồng.
2. **Hình ảnh:** Chai thường in hình hoa hồng hoặc các họa tiết liên quan.
3. **Chữ viết:** Tìm các từ khóa như ""Rose"", ""Rose Water"", ""Chiết xuất hoa hồng"", ""Rosa Damascena"" trên nhãn.
4. **Kết cấu:** Xịt dưỡng hoa hồng thường trong suốt, lỏng nhẹ.
"
Cách chọn son môi cho buổi đi xem triển lãm văn hóa thời kỳ đồ sắt?,"Để chọn son môi phù hợp cho buổi xem triển lãm văn hóa thời kỳ đồ sắt, bạn nên ưu tiên các màu son tự nhiên, trầm ấm. Các gam màu như đất, cam gạch, hồng đất hoặc nâu nhạt sẽ hài hòa với không khí cổ kính và trang phục có thể mang hơi hướng vintage. Tránh các màu son quá nổi bật hoặc hiện đại để không phá vỡ tổng thể. Chất son lì hoặc bán lì sẽ giữ màu tốt hơn trong suốt buổi tham quan.
"
Tại sao nên dùng kem lót chứa chiết xuất cây phấn hoa cho da khô?,"Kem lót chứa chiết xuất cây phấn hoa rất lý tưởng cho da khô vì phấn hoa giàu protein, vitamin và khoáng chất. Những thành phần này giúp tăng cường hàng rào bảo vệ da, giữ ẩm sâu và làm dịu da bị kích ứng. Đồng thời, phấn hoa còn có khả năng làm mềm da, giúp lớp nền trang điểm bám dính tốt hơn, tránh tình trạng bong tróc, mốc do da khô.
"
Làm sao để nhận diện cọ tán phấn mắt dạng medium flat dome qua hình ảnh?,"Để nhận diện cọ tán phấn mắt medium flat dome qua hình ảnh, bạn hãy chú ý các đặc điểm sau:

1. **Hình dáng:** Đầu cọ dẹt và tròn (dome), không quá to cũng không quá nhỏ (medium).
2. **Lông cọ:** Lông cọ thường dày, mềm mại và được bó chặt.
3. **Công dụng:** Cọ này đa năng, dùng để tán phấn mắt lên bầu mắt, hốc mắt hoặc làm nổi bật đường chân mày.
4. **So sánh:** So với cọ flat (dẹt) thông thường, cọ dome có đầu tròn hơn, giúp tán phấn mềm mại và đều màu hơn.
"
Cách tạo makeup cho buổi đi ăn tối ở nhà hàng Tây Ban Nha?,"Để có một lớp trang điểm phù hợp cho buổi tối tại nhà hàng Tây Ban Nha, bạn nên tập trung vào vẻ đẹp tự nhiên, quyến rũ nhưng không quá cầu kỳ.

1.  **Nền:** Sử dụng kem nền nhẹ nhàng, che khuyết điểm vừa đủ.
2.  **Mắt:** Phấn mắt màu nâu đồng hoặc cam đất, tán nhẹ nhàng. Kẻ mắt mèo mảnh, chuốt mascara.
3.  **Má:** Phấn má hồng màu đào hoặc hồng san hô để tạo vẻ tươi tắn.
4.  **Môi:** Son màu đỏ cam hoặc hồng đất, đánh lòng môi để tạo hiệu ứng tự nhiên.

Lý do: Phong cách Tây Ban Nha ưa chuộng sự tươi tắn, ấm áp và quyến rũ."
Kỹ thuật makeup 'pearl glow' là gì?,"Kỹ thuật makeup ""pearl glow"" (tỏa sáng ngọc trai) tập trung tạo hiệu ứng da căng bóng, mịn màng như ngọc trai. 

**Các bước thực hiện:**

1.  **Dưỡng ẩm:** Bước quan trọng nhất, giúp da mịn màng.
2.  **Highlight:** Sử dụng highlighter dạng lỏng hoặc kem, tập trung vào gò má, sống mũi, trán, cằm và nhân trung.
3.  **Phấn bắt sáng:** Thêm một lớp phấn bắt sáng nhẹ nhàng để tăng cường độ tỏa sáng.
4.  **Xịt khóa:** Xịt khóa makeup giúp các lớp makeup hòa quyện, tạo hiệu ứng ""glowy"" tự nhiên.

Kỹ thuật này phù hợp với các dịp đặc biệt, giúp bạn tỏa sáng và thu hút.
"
Cách chọn màu phấn mắt cho buổi đi xem triển lãm tranh phong cách cổ điển Hy Lạp?,"Để phù hợp với phong cách cổ điển Hy Lạp khi đi xem triển lãm tranh, bạn nên chọn phấn mắt với các tông màu đất nhẹ nhàng, tự nhiên. 

**Bước 1:** Chọn phấn mắt màu be, nâu nhạt hoặc màu đào để làm lớp nền.
**Bước 2:** Thêm một chút phấn mắt màu đồng hoặc vàng ánh kim ở hốc mắt để tạo chiều sâu, gợi nhớ đến kiến trúc và tượng đài Hy Lạp.
**Bước 3:** Tránh các màu quá sặc sỡ, thay vào đó, hãy tập trung vào sự tinh tế và thanh lịch.
"
Làm sao để nhận diện chai kem dưỡng chứa chiết xuất cây bạc hà qua hình ảnh?,"Để nhận diện kem dưỡng chứa chiết xuất bạc hà qua hình ảnh, bạn hãy chú ý các yếu tố sau:

1. **Màu sắc:** Bao bì thường có tông xanh lá cây hoặc xanh dương, gợi liên tưởng đến sự tươi mát của bạc hà.
2. **Hình ảnh:** Thường có hình ảnh lá bạc hà hoặc các họa tiết liên quan đến thiên nhiên, sự mát lạnh.
3. **Từ khóa:** Tìm các từ như ""peppermint"", ""mint"", ""bạc hà"", ""cooling"" (làm mát) trên bao bì.
4. **Kết cấu:** Một số sản phẩm có thể ghi chú ""gel-cream"" (kem gel) vì bạc hà thường tạo cảm giác mát lạnh, nhẹ nhàng.
"
Tại sao nên dùng xịt khóa makeup chứa chiết xuất cây hương thảo cho da dầu?,"Xịt khóa makeup chứa chiết xuất cây hương thảo rất lý tưởng cho da dầu vì nhiều lý do. Hương thảo có tính chất làm se khít lỗ chân lông, giúp kiểm soát dầu thừa hiệu quả, giữ cho lớp trang điểm bền lâu hơn. Đồng thời, hương thảo còn có khả năng kháng viêm, làm dịu da, giảm kích ứng do trang điểm gây ra. Xịt khóa này tạo một lớp màng bảo vệ, giúp lớp makeup không bị lem, trôi do dầu nhờn và mồ hôi.
"
Cách tạo makeup cho buổi đi xem triển lãm nghệ thuật tranh khắc gỗ?,"Chào bạn, để makeup cho buổi đi xem triển lãm tranh khắc gỗ, mình gợi ý một phong cách tự nhiên, tinh tế để không làm phân tâm khi thưởng lãm nghệ thuật nhé.

1.  **Nền:** Dùng kem nền nhẹ nhàng, che khuyết điểm vừa đủ.
2.  **Mắt:** Phấn mắt màu nude hoặc nâu nhạt, tán đều. Kẻ eyeliner mảnh, không quá đậm.
3.  **Má:** Phấn má hồng đào hoặc cam đất, đánh nhẹ nhàng để có vẻ ửng hồng tự nhiên.
4.  **Môi:** Son nude hoặc son màu hồng san hô.

Lưu ý: Ưu tiên sự thanh lịch, tránh makeup quá cầu kỳ."
Làm sao để nhận diện cọ tán phấn má hồng dạng small fan qua hình ảnh?,"Để nhận diện cọ tán phấn má hồng dạng small fan qua hình ảnh, bạn hãy chú ý các điểm sau:

1. **Hình dáng:** Đầu cọ có hình quạt nhỏ, các sợi cọ xòe rộng nhưng không quá lớn.
2. **Kích thước:** Nhỏ gọn, thường từ 10-15cm, phù hợp tán phấn má hồng lên gò má.
3. **Sợi cọ:** Sợi cọ mềm mại, thường là sợi tổng hợp hoặc lông tự nhiên, giúp tán phấn mịn màng, tự nhiên.
4. **Màu sắc:** Thường thấy màu hồng, trắng hoặc màu sắc tương đồng với phấn má hồng.
"
Cách chọn son môi cho buổi đi xem triển lãm hoa hướng dương?,"Để chọn son môi phù hợp khi đi xem triển lãm hoa hướng dương, bạn nên ưu tiên các tông màu ấm áp, tươi sáng để hòa hợp với không khí rực rỡ của hoa. 

*   **Màu cam san hô:** Nhẹ nhàng, tươi trẻ, tôn da và không quá nổi bật.
*   **Màu hồng đào:** Mang đến vẻ nữ tính, dịu dàng, phù hợp với nhiều phong cách.
*   **Màu đỏ cam:** Nếu bạn muốn nổi bật hơn, đây là lựa chọn tuyệt vời, nhưng nên chọn sắc độ vừa phải.

Tránh các màu son quá tối hoặc quá trầm để tránh làm ""chìm"" khuôn mặt.
"
Tại sao nên dùng tẩy trang dạng dầu hạt chia cho da khô?,"Chào bạn, với da khô, tẩy trang dạng dầu hạt chia là lựa chọn tuyệt vời vì một số lý do:

1. **Giàu Omega-3 & 6:** Dầu hạt chia chứa nhiều axit béo thiết yếu, giúp cấp ẩm sâu, làm mềm da và phục hồi hàng rào bảo vệ da.
2. **Khả năng hòa tan tốt:** Dầu dễ dàng hòa tan các sản phẩm trang điểm gốc dầu (như kem nền, son môi) mà không gây ma sát, bảo vệ da khỏi tổn thương.
3. **Dịu nhẹ:** Hạt chia ít gây kích ứng, phù hợp với da nhạy cảm và khô ráp.
4. **Không làm khô da:** Ngược lại, dầu hạt chia còn giúp da mềm mại sau khi tẩy trang.
"
Cách tạo makeup cho buổi đi xem triển lãm nghệ thuật tranh mosaic?,"Chào bạn, để makeup cho buổi đi xem triển lãm tranh mosaic, mình gợi ý một phong cách tự nhiên, tinh tế để không làm phân tâm khi ngắm tranh nhé.

1.  **Nền:** Dùng kem nền nhẹ nhàng, che khuyết điểm vừa đủ.
2.  **Mắt:** Phấn mắt màu nude hoặc nâu nhạt, tán đều. Kẻ eyeliner mảnh, màu nâu hoặc đen.
3.  **Má:** Phấn má hồng đào hoặc cam đất, đánh nhẹ nhàng.
4.  **Môi:** Son nude hoặc màu hồng san hô.

Lý do: Phong cách này giúp bạn trông tươi tắn, thanh lịch mà vẫn tôn trọng không gian nghệ thuật."
Kỹ thuật makeup 'ruby red' là gì?,"Kỹ thuật makeup ""Ruby Red"" tập trung vào việc tạo đôi môi đỏ ruby nổi bật, kết hợp với lớp trang điểm mắt và da nhẹ nhàng, tự nhiên. 

**Các bước thực hiện:**

1.  **Chuẩn bị môi:** Tẩy tế bào chết, dưỡng ẩm để môi mềm mịn.
2.  **Kẻ viền môi:** Sử dụng bút chì cùng tông màu son để định hình.
3.  **Tô son:** Tô son đỏ ruby, có thể dùng cọ hoặc thoa trực tiếp.
4.  **Hoàn thiện:** Dùng giấy thấm bớt son thừa, đánh nhẹ lớp son thứ hai.

Mục đích là để đôi môi trở thành điểm nhấn chính, thể hiện sự quyến rũ và cổ điển.
"
"Cách chọn cọ tán phấn mắt cho mắt nhỏ, hai mí?","Chào bạn! Với mắt nhỏ hai mí, bạn nên ưu tiên cọ tán phấn mắt nhỏ gọn, đầu cọ vát hoặc tròn. 

**Bước 1:** Chọn cọ đầu nhỏ (size 5-7) để dễ dàng thao tác trong không gian hẹp của mắt.
**Bước 2:** Cọ vát giúp tạo khối và nhấn chiều sâu cho mắt, còn cọ tròn phù hợp tán đều màu.
**Bước 3:** Chất lông cọ mềm mại, không gây kích ứng là yếu tố quan trọng.

Lý do: Cọ lớn sẽ làm mắt trông nhỏ hơn, khó kiểm soát màu và dễ lem.
"
Làm sao để nhận diện chai xịt dưỡng chứa chiết xuất cây liễu trắng qua hình ảnh?,"Để nhận diện chai xịt dưỡng chứa chiết xuất cây liễu trắng qua hình ảnh, bạn hãy chú ý các điểm sau:

1. **Thành phần:** Tìm dòng chữ ""Salix Alba Bark Extract"" (chiết xuất vỏ cây liễu trắng) trên bao bì.
2. **Mô tả:** Sản phẩm thường được quảng cáo có khả năng làm dịu da, giảm kích ứng, hoặc hỗ trợ điều trị mụn.
3. **Màu sắc:** Dung dịch thường trong suốt, không màu hoặc có màu vàng nhạt tự nhiên.
4. **Nhãn hiệu:** Một số thương hiệu nổi tiếng với sản phẩm chứa liễu trắng như Paula's Choice, The Ordinary.
"
Tại sao nên dùng kem lót chứa chiết xuất cây cúc vạn thọ cho da nhạy cảm?,"Kem lót chứa chiết xuất cúc vạn thọ rất lý tưởng cho da nhạy cảm vì cúc vạn thọ nổi tiếng với đặc tính làm dịu và chống viêm mạnh mẽ. Chiết xuất này giúp giảm kích ứng, mẩn đỏ và xoa dịu làn da đang bị tổn thương. Đồng thời, cúc vạn thọ còn có khả năng bảo vệ da khỏi các tác nhân gây hại từ môi trường, tạo một lớp màng bảo vệ nhẹ nhàng, giúp lớp nền trang điểm bám tốt hơn mà không gây kích ứng.
"
Làm sao để nhận diện cọ tán phấn mắt dạng large tapered qua hình ảnh?,"Để nhận diện cọ tán phấn mắt dạng *large tapered* qua hình ảnh, bạn hãy chú ý các điểm sau:

1. **Hình dáng:** Đầu cọ lớn, tròn và thon dần (tapered) về phía đầu.
2. **Kích thước:** Lớn hơn các loại cọ tán phấn mắt thông thường, phù hợp tán phấn trên diện tích rộng như hốc mắt.
3. **Lông cọ:** Thường mềm mại, dày dặn để tán phấn đều và nhẹ nhàng.

Cọ này lý tưởng để tạo khối cho mắt và tán màu chuyển tiếp, giúp đôi mắt trông sâu hơn.
"
Cách tạo makeup cho buổi đi ăn tối ở nhà hàng Trung Đông?,"Để có một lớp trang điểm phù hợp cho buổi tối tại nhà hàng Trung Đông, bạn nên tập trung vào đôi mắt và đôi môi.

1.  **Mắt:** Sử dụng phấn mắt màu đồng, vàng đồng hoặc nâu ấm để tạo chiều sâu. Kẻ mắt mèo nhẹ nhàng và chuốt mascara.
2.  **Da:** Nền mịn, tự nhiên với chút highlight ở gò má.
3.  **Môi:** Son màu đỏ cam, hồng đất hoặc nude đào sẽ rất hợp với không khí ấm cúng của nhà hàng.

Lưu ý: Trang điểm nên tinh tế, không quá cầu kỳ để tôn lên vẻ đẹp tự nhiên của bạn.
"
Kỹ thuật makeup 'smoky quartz' là gì?,"Kỹ thuật makeup ""Smoky Quartz"" lấy cảm hứng từ vẻ đẹp của đá thạch anh khói, tập trung vào đôi mắt với tông màu trung tính ấm áp.

**Các bước thực hiện:**

1.  **Màu mắt:** Bắt đầu với phấn mắt màu nâu nhạt làm lớp nền, sau đó tăng dần độ đậm với các tông nâu sẫm, đồng, và chút ánh kim.
2.  **Blending:** Nhấn nhá và hòa trộn kỹ các màu để tạo hiệu ứng chuyển màu mượt mà, không vón cục.
3.  **Kẻ mắt & Mascara:** Kẻ mắt liner màu nâu hoặc đen, chuốt mascara để hoàn thiện đôi mắt cuốn hút.
4.  **Son môi:** Chọn son nude hoặc màu hồng đào để cân bằng tổng thể.

Kỹ thuật này phù hợp với mọi màu da và dễ dàng biến hóa theo nhiều phong cách khác nhau.
"
Cách chọn màu phấn mắt cho buổi đi xem triển lãm tranh phong cách cổ điển Ai Cập?,"Để phù hợp với phong cách cổ điển Ai Cập khi đi xem triển lãm, bạn nên chọn phấn mắt với các tông màu lấy cảm hứng từ cát, vàng, đồng và xanh lam đậm. 

**Bước 1:** Sử dụng phấn mắt màu vàng đồng làm lớp nền.
**Bước 2:** Tô màu xanh lam đậm ở phần đuôi mắt và hốc mắt để tạo chiều sâu.
**Bước 3:** Có thể thêm chút phấn mắt màu cát hoặc nâu vàng ở mí mắt dưới để hoàn thiện. 

Những màu sắc này gợi nhớ đến các bức tranh tường, trang sức và kiến trúc Ai Cập cổ đại, giúp bạn hòa mình vào không gian nghệ thuật.
"
Làm sao để nhận diện chai kem dưỡng chứa chiết xuất cây hoa oải hương qua hình ảnh?,"Để nhận diện kem dưỡng chứa chiết xuất oải hương qua hình ảnh, bạn hãy chú ý các yếu tố sau:

1. **Màu sắc:** Bao bì thường có tông màu tím nhạt, xanh tím hoặc trắng, gợi liên tưởng đến hoa oải hương.
2. **Hình ảnh:** Sản phẩm có thể in hình hoa oải hương hoặc các họa tiết liên quan.
3. **Từ khóa:** Tìm các từ như ""Lavender"", ""Oải hương"", ""Lavandula"" trên nhãn.
4. **Thành phần:** Kiểm tra danh sách thành phần, tìm ""Lavender Extract"" (chiết xuất oải hương) hoặc ""Lavandula Angustifolia"" (tên khoa học của oải hương).
"
Tại sao nên dùng xịt khóa makeup chứa chiết xuất cây trà xanh cho da dầu?,"Chào bạn, với da dầu, xịt khóa makeup chứa chiết xuất trà xanh là lựa chọn tuyệt vời vì một số lý do:

1. **Kiểm soát dầu thừa:** Trà xanh có khả năng cân bằng lượng dầu trên da, giúp lớp makeup không bị xuống tông do bóng dầu.
2. **Kháng viêm, giảm kích ứng:** Chiết xuất trà xanh giúp làm dịu da, giảm tình trạng mụn ẩn hoặc kích ứng do makeup gây ra.
3. **Cấp ẩm nhẹ nhàng:** Dù kiểm soát dầu, trà xanh vẫn cung cấp độ ẩm cần thiết, giúp da không bị khô căng.
"
Cách tạo makeup cho buổi đi xem triển lãm nghệ thuật tranh thủy mặc?,"Để trang điểm cho buổi đi xem triển lãm tranh thủy mặc, bạn nên ưu tiên vẻ đẹp tự nhiên, thanh tao.

1.  **Nền:** Dùng kem nền mỏng nhẹ, che khuyết điểm vừa đủ.
2.  **Mắt:** Phấn mắt màu nude hoặc nâu nhạt, tán đều. Kẻ mắt mảnh, màu nâu hoặc đen than, không nên quá sắc sảo.
3.  **Má:** Phấn má hồng đào hoặc cam đất, đánh nhẹ nhàng để có vẻ ửng hồng tự nhiên.
4.  **Môi:** Son nude, hồng nhạt hoặc cam san hô.

Lý do: Trang điểm nhẹ nhàng sẽ giúp bạn hòa mình vào không gian nghệ thuật, không làm phân tâm khỏi các tác phẩm.
"
Làm sao để nhận diện cọ tán phấn má hồng dạng large fan qua hình ảnh?,"Để nhận diện cọ tán phấn má hồng dạng large fan qua hình ảnh, bạn hãy chú ý các điểm sau:

1. **Hình dáng:** Cọ có hình dáng quạt lớn, các sợi cọ xòe rộng như cánh quạt.
2. **Kích thước:** Lớn hơn các loại cọ má hồng khác, thường có chiều dài khoảng 15-20cm.
3. **Sợi cọ:** Sợi cọ mềm mại, thường làm từ lông tự nhiên hoặc sợi tổng hợp chất lượng cao.
4. **Mục đích sử dụng:** Thường dùng để tán phấn má hồng trên vùng gò má rộng, tạo hiệu ứng nhẹ nhàng, tự nhiên.
"
Cách chọn son môi cho buổi đi xem triển lãm hoa sen?,"Để chọn son môi phù hợp khi đi xem triển lãm hoa sen, bạn nên ưu tiên các màu son nhẹ nhàng, tự nhiên để hòa hợp với vẻ đẹp tinh tế của hoa. 

*   **Màu sắc:** Hồng đào, cam san hô, hoặc nude hồng là những lựa chọn tuyệt vời. Tránh các màu son quá nổi bật như đỏ tươi hoặc tím đậm.
*   **Chất son:** Son dưỡng hoặc son tint lì nhẹ sẽ giúp đôi môi căng mọng tự nhiên, không quá bóng bẩy.
*   **Lý do:** Màu son nhẹ nhàng sẽ giúp bạn trông tươi tắn, thanh lịch và không làm phân tán sự chú ý khỏi vẻ đẹp của hoa sen."
Tại sao nên dùng tẩy trang dạng dầu hạt óc chó cho da khô?,"Chào bạn,

Dầu hạt óc chó là lựa chọn tuyệt vời cho da khô vì một số lý do:

1. **Giàu axit béo:** Dầu hạt óc chó chứa nhiều axit béo thiết yếu, giúp dưỡng ẩm sâu và phục hồi hàng rào bảo vệ da.
2. **Nhẹ nhàng làm sạch:** Dạng dầu hòa tan bụi bẩn, dầu thừa và lớp trang điểm hiệu quả mà không gây khô căng.
3. **Giảm kích ứng:** Thành phần tự nhiên, ít gây kích ứng, phù hợp với da nhạy cảm, dễ bị kích ứng.
4. **Cung cấp độ ẩm:** Không làm mất đi dầu tự nhiên của da, giúp da mềm mại, mịn màng sau khi tẩy trang.
"
Làm sao để nhận diện hộp phấn mắt dạng nhũ lỏng qua hình ảnh?,"Để nhận diện hộp phấn mắt dạng nhũ lỏng qua hình ảnh, bạn hãy chú ý các điểm sau:

1. **Kết cấu:** Nhũ lỏng thường có vẻ ẩm ướt, bóng bẩy hơn phấn mắt thông thường.
2. **Bề mặt:** Bề mặt phấn có thể nhìn thấy các hạt nhũ lấp lánh nổi rõ, không mịn lì như phấn mắt matte.
3. **Độ phản sáng:** Nhũ lỏng bắt sáng tốt, nên trong ảnh sẽ có điểm sáng rõ ràng trên bề mặt phấn.
4. **Thành phần:** Nếu có thông tin về thành phần, hãy tìm các từ như ""liquid shimmer"", ""cream eyeshadow"" hoặc ""metallic"".
"
Cách tạo makeup cho buổi đi xem triển lãm nghệ thuật tranh khắc đá?,"Chào bạn, để có một lớp makeup phù hợp khi đi xem triển lãm tranh khắc đá, bạn nên ưu tiên sự tự nhiên, tinh tế.

1.  **Chuẩn bị da:** Dưỡng ẩm kỹ để da căng mịn.
2.  **Nền:** Dùng kem nền mỏng nhẹ, che khuyết điểm vừa đủ.
3.  **Mắt:** Phấn mắt màu nude hoặc nâu nhạt, kẻ eyeliner mảnh và chuốt mascara.
4.  **Má:** Phấn má hồng đào hoặc cam đất nhẹ nhàng.
5.  **Môi:** Son nude hoặc màu hồng san hô.

Lớp makeup này giúp bạn trông thanh lịch, không quá nổi bật để tập trung vào các tác phẩm nghệ thuật."
Kỹ thuật makeup 'copper glow' là gì?,"Kỹ thuật makeup ""copper glow"" (tông đồng rạng rỡ) tập trung vào việc tạo hiệu ứng da khỏe mạnh, ấm áp với tông màu đồng là chủ đạo. 

**Các bước thực hiện:**

1.  **Phấn nền:** Chọn phấn nền tông ấm, trung bình.
2.  **Highlight:** Sử dụng highlighter màu đồng hoặc vàng đồng ở gò má, sống mũi, nhân trung.
3.  **Má hồng:** Chọn má hồng màu đào, cam đất hoặc đồng.
4.  **Mắt:** Sử dụng phấn mắt màu đồng, nâu đồng, cam đất.
5.  **Son:** Son màu nude đào, cam cháy hoặc nâu đất.

Kỹ thuật này phù hợp với nhiều tông da, đặc biệt là da trung bình và da ngăm, giúp da trông ấm áp, tươi tắn và có sức sống.
"
Cách chọn cọ tán phấn mắt cho mắt dài?,"Với mắt dài, bạn nên chọn cọ tán phấn mắt có hình dáng dẹt, đầu cọ hơi vát nhẹ. Cọ này giúp bạn dễ dàng tán phấn đều trên bầu mắt, tạo chiều sâu và tránh làm mắt trông dài hơn. Nên ưu tiên cọ có kích thước vừa phải, không quá to để dễ kiểm soát lượng phấn và không quá nhỏ gây mất thời gian. Chất lông cọ mềm mại cũng rất quan trọng để tránh gây kích ứng da mắt.
"
Làm sao để nhận diện chai xịt dưỡng chứa chiết xuất cây hoa cúc La Mã qua hình ảnh?,"Để nhận diện chai xịt dưỡng chứa chiết xuất hoa cúc La Mã qua hình ảnh, bạn hãy chú ý các điểm sau:

1. **Màu sắc:** Dung dịch thường trong suốt hoặc vàng nhạt, gợi liên tưởng đến màu hoa cúc.
2. **Nhãn mác:** Tìm các từ khóa như ""Roman Chamomile"", ""Chamomile"", ""hoa cúc La Mã"" hoặc hình ảnh bông hoa cúc trên bao bì.
3. **Thành phần:** Kiểm tra danh sách thành phần, đảm bảo ""Chamomile Recutita Flower Extract"" hoặc ""Roman Chamomile Extract"" có mặt.
4. **Thương hiệu:** Các thương hiệu chuyên về sản phẩm tự nhiên thường sử dụng hoa cúc La Mã.
"
Cách chọn son môi cho buổi đi xem triển lãm văn hóa thời kỳ đồ gốm?,"Để chọn son môi phù hợp cho buổi đi xem triển lãm văn hóa thời kỳ đồ gốm, bạn nên ưu tiên các màu son tự nhiên, trầm ấm. Các tông màu đất như cam đất, nâu gạch, hoặc hồng đất sẽ rất hài hòa với không khí cổ kính và màu sắc của đồ gốm. Tránh các màu son quá nổi bật hoặc quá hiện đại. Chất son lì hoặc bán lì sẽ giúp son lâu trôi và tạo cảm giác tinh tế.
"
Tại sao nên dùng kem lót chứa chiết xuất cây bạc hà cho da dầu?,"Kem lót chứa chiết xuất bạc hà rất lý tưởng cho da dầu vì bạc hà có tính chất làm mát và kiểm soát dầu thừa hiệu quả. Nó giúp thu nhỏ lỗ chân lông, giảm bóng nhờn và mang lại cảm giác tươi mát, dễ chịu. Đồng thời, bạc hà còn có khả năng kháng viêm nhẹ, hỗ trợ làm dịu da và chuẩn bị bề mặt da hoàn hảo cho lớp nền, giúp lớp trang điểm bền lâu hơn.
"
Làm sao để nhận diện cọ tán phấn mắt dạng small pointed qua hình ảnh?,"Để nhận diện cọ tán phấn mắt dạng small pointed qua hình ảnh, bạn hãy chú ý các điểm sau:

1. **Hình dáng:** Đầu cọ nhỏ, thon và nhọn (pointed).
2. **Kích thước:** Thường nhỏ hơn các loại cọ tán phấn mắt khác, phù hợp tán phấn ở vùng khó như hốc mắt, đuôi mắt.
3. **Lông cọ:** Lông cọ mềm mại, đủ dày để lấy và giữ phấn nhưng vẫn đảm bảo độ chính xác khi tán.

Cọ này lý tưởng để tạo chiều sâu và điểm nhấn cho đôi mắt.
"
Cách tạo makeup cho buổi đi ăn tối ở nhà hàng Nga?,"Để có một lớp trang điểm phù hợp cho buổi tối tại nhà hàng Nga, bạn nên tập trung vào sự thanh lịch và tinh tế.

1.  **Nền:** Sử dụng kem nền mỏng nhẹ, che khuyết điểm vừa đủ.
2.  **Mắt:** Phấn mắt màu nâu đồng hoặc tím nhạt, đánh nhũ nhẹ ở bầu mắt. Kẻ eyeliner mảnh, chuốt mascara.
3.  **Má:** Phấn má hồng đào hoặc hồng san hô, đánh nhẹ nhàng.
4.  **Môi:** Son đỏ ruby hoặc màu berry trầm ấm.

Lưu ý: Trang điểm không quá đậm, ưu tiên vẻ đẹp tự nhiên, sang trọng."
Kỹ thuật makeup 'silver moon' là gì?,"Kỹ thuật makeup ""Silver Moon"" (Trăng Bạc) là xu hướng trang điểm lấy cảm hứng từ vẻ đẹp huyền bí, lung linh của ánh trăng. Bước 1: Tạo lớp nền trong suốt, tự nhiên. Bước 2: Sử dụng phấn mắt màu bạc hoặc xám tro tán đều lên bầu mắt, tập trung vào vùng giữa. Bước 3: Kẻ eyeliner mảnh, màu đen hoặc xám bạc. Bước 4: Đánh highlight ở vùng xương gò má, sống mũi và khóe mắt để tạo hiệu ứng tỏa sáng. Son môi thường chọn màu nude hoặc hồng nhạt. Kỹ thuật này giúp khuôn mặt trở nên thanh thoát, cuốn hút.
"
Cách chọn màu phấn mắt cho buổi đi xem triển lãm tranh phong cách Ấn Độ?,"Để chọn phấn mắt cho buổi đi xem triển lãm tranh Ấn Độ, bạn nên ưu tiên các gam màu ấm áp, gợi nhớ đến nghệ thuật và văn hóa nơi đây. 

1. **Màu đồng, vàng đồng:** Tượng trưng cho sự giàu có, ánh sáng và các chi tiết trang trí trên tranh Ấn Độ.
2. **Màu cam đất, nâu gạch:** Phản ánh màu sắc của đất, kiến trúc và các sắc thái tự nhiên.
3. **Màu xanh ngọc bích:** Màu sắc thường thấy trong trang phục truyền thống và các họa tiết trang trí.

Bạn có thể kết hợp các màu này để tạo chiều sâu cho đôi mắt.
"
Làm sao để nhận diện chai kem dưỡng chứa chiết xuất cây hương thảo qua hình ảnh?,"Để nhận diện kem dưỡng chứa chiết xuất cây hương thảo qua hình ảnh, bạn hãy chú ý các điểm sau:

1. **Màu sắc:** Bao bì thường có tông xanh lá cây hoặc tím oải hương, gợi liên tưởng đến thiên nhiên và hương thảo.
2. **Hình ảnh:** Sản phẩm có thể in hình lá hương thảo hoặc cành hương thảo trên bao bì.
3. **Từ khóa:** Tìm các từ như ""Rosemary"", ""Hương thảo"", ""Rosmarinus officinalis"" trên nhãn.
4. **Mô tả:** Đọc kỹ thành phần, chiết xuất hương thảo thường được liệt kê rõ ràng.
"
Tại sao nên dùng xịt khóa makeup chứa chiết xuất cây lô hội cho da nhạy cảm?,"Đối với da nhạy cảm, xịt khóa makeup chứa lô hội là lựa chọn lý tưởng vì nhiều lý do. Lô hội nổi tiếng với khả năng làm dịu, giảm kích ứng và cấp ẩm sâu cho da. Xịt khóa makeup có lô hội giúp:

1.  **Giảm đỏ, kích ứng:** Lô hội làm dịu da, giảm tình trạng ửng đỏ do makeup gây ra.
2.  **Cấp ẩm:** Duy trì độ ẩm, tránh tình trạng da khô căng, bong tróc.
3.  **Khóa makeup:** Giúp lớp trang điểm bền lâu, hạn chế xuống tông mà không gây bí bách.

"
Cách tạo makeup cho buổi đi xem triển lãm nghệ thuật tranh vẽ trên lụa?,"Chào bạn, để makeup cho buổi đi xem triển lãm tranh lụa, mình gợi ý một phong cách nhẹ nhàng, tinh tế để không làm phân tâm khỏi tác phẩm nghệ thuật.

1.  **Nền:** Dùng kem nền mỏng nhẹ, che khuyết điểm vừa đủ.
2.  **Mắt:** Phấn mắt màu nude hoặc hồng đào nhạt, tán đều. Kẻ eyeliner mảnh, màu nâu hoặc xám.
3.  **Má:** Phấn má hồng đào nhẹ nhàng, tạo vẻ tươi tắn.
4.  **Môi:** Son dưỡng hoặc son màu nude, hồng baby.

Lý do: Phong cách này tôn trọng sự tinh tế của tranh lụa, giúp bạn nổi bật vừa đủ mà không lấn át."
Làm sao để nhận diện cọ tán phấn má hồng dạng medium angled qua hình ảnh?,"Để nhận diện cọ tán phấn má hồng dạng medium angled qua hình ảnh, bạn hãy chú ý các điểm sau:

1. **Hình dáng lông cọ:** Lông cọ được cắt vát xéo, tạo thành một góc (angled) vừa phải, không quá nhọn cũng không quá tù.
2. **Kích thước:** Cọ có kích thước trung bình (medium), không quá to như cọ phấn phủ, cũng không quá nhỏ như cọ highlight.
3. **Độ dày lông cọ:** Lông cọ đủ dày để giữ và tán phấn, nhưng không quá dày gây khó kiểm soát.

Cọ angled giúp tạo khối và đường nét rõ ràng hơn trên gò má.
"
Cách chọn son môi cho buổi đi xem triển lãm hoa hồng?,"Để chọn son môi phù hợp khi đi xem triển lãm hoa hồng, bạn nên ưu tiên các màu sắc tự nhiên, nhẹ nhàng để tôn lên vẻ đẹp tinh tế của buổi đi chơi. 

*   **Màu sắc gợi ý:** Hồng đào, cam san hô, hoặc nude hồng là những lựa chọn tuyệt vời.
*   **Chất son:** Son dưỡng hoặc son tint lì nhẹ sẽ giúp đôi môi căng mọng tự nhiên, không quá nổi bật.
*   **Lý do:** Màu sắc hài hòa với không gian hoa hồng, tạo cảm giác tươi trẻ, thanh lịch và không làm phân tán sự chú ý khỏi vẻ đẹp của hoa."
Tại sao nên dùng tẩy trang dạng dầu hạt mắc ca cho da lão hóa?,"Dầu hạt mắc ca là lựa chọn tuyệt vời cho da lão hóa vì nhiều lý do. Thành phần dầu tự nhiên này giàu axit béo, đặc biệt là axit oleic, giúp làm mềm và nuôi dưỡng da, phục hồi hàng rào bảo vệ da bị suy yếu do tuổi tác. Khả năng hòa tan dầu của dầu hạt mắc ca giúp loại bỏ hiệu quả lớp trang điểm và bụi bẩn, đồng thời không gây khô căng da như các sản phẩm tẩy trang mạnh. Điều này giúp duy trì độ ẩm tự nhiên, làm chậm quá trình lão hóa và cải thiện độ đàn hồi của da.
"
Làm sao để nhận diện hộp phấn mắt dạng bột lỏng qua hình ảnh?,"Để nhận diện hộp phấn mắt dạng bột lỏng qua hình ảnh, bạn hãy chú ý các điểm sau:

1. **Kết cấu:** Bột lỏng thường có vẻ ""ẩm ướt"" hơn so với phấn bột thông thường, không hoàn toàn khô rời.
2. **Bề mặt:** Bề mặt phấn có thể hơi bóng nhẹ, không phải lì hoàn toàn.
3. **Độ nén:** Phấn bột lỏng thường được nén chặt hơn phấn bột, nhưng vẫn mềm mại khi chạm vào.
4. **Màu sắc:** Màu sắc thường đậm đà và sắc nét hơn do kết cấu đặc biệt.
"
Cách tạo makeup cho buổi đi xem triển lãm nghệ thuật tranh trừu tượng?,"Để trang điểm cho buổi đi xem triển lãm tranh trừu tượng, bạn nên ưu tiên sự tự nhiên, tinh tế để không làm phân tâm khỏi tác phẩm nghệ thuật.

1.  **Nền:** Sử dụng kem nền nhẹ nhàng, che khuyết điểm vừa đủ.
2.  **Mắt:** Chọn phấn mắt màu trung tính (nâu, be) hoặc một chút màu pastel nhẹ nhàng.
3.  **Môi:** Son nude hoặc màu hồng đào tự nhiên.
4.  **Má:** Phấn má hồng nhẹ nhàng để tạo vẻ tươi tắn.

Lý do: Trang điểm nhẹ nhàng giúp bạn hòa mình vào không gian nghệ thuật, thể hiện sự tôn trọng với tác phẩm và người nghệ sĩ.
"
Kỹ thuật makeup 'sunlit bronze' là gì?,"Kỹ thuật ""sunlit bronze"" là xu hướng trang điểm tạo hiệu ứng làn da rám nắng khỏe khoắn, như vừa trải qua kỳ nghỉ dưới ánh nắng mặt trời. 

**Các bước thực hiện:**

1.  **Chuẩn bị da:** Dưỡng ẩm kỹ lưỡng.
2.  **Đánh phấn bronzer:** Tập trung vào vùng gò má, thái dương, sống mũi và đường viền hàm để tạo chiều sâu.
3.  **Highlight:** Sử dụng highlighter ở gò má, sống mũi, nhân trung và khóe mắt để bắt sáng.
4.  **Màu mắt:** Chọn các tông màu ấm như đồng, vàng đất.
5.  **Son môi:** Sử dụng son nude hoặc màu cam đào.

Kỹ thuật này giúp khuôn mặt trông ấm áp, rạng rỡ và tràn đầy sức sống.
"
Cách chọn cọ tán phấn mắt cho mắt có mí lót?,"Chào bạn! Với mắt mí lót, việc chọn cọ tán phấn mắt rất quan trọng để tạo đôi mắt trông to và rõ hơn. Bạn nên ưu tiên các loại cọ:

1.  **Cọ đầu bằng, nhỏ:** Giúp dễ dàng tán phấn vào hốc mắt, tạo chiều sâu mà không bị lem ra ngoài.
2.  **Cọ đầu vát:** Phù hợp để đánh phấn highlight dưới chân mày và tán màu ở đuôi mắt, giúp mắt trông dài hơn.
3.  **Tránh cọ đầu quá to hoặc lông quá mềm:** Vì sẽ khó kiểm soát và dễ làm màu bị nhòe.

Hãy chọn cọ chất lượng tốt để đảm bảo tán phấn đều và không gây kích ứng da nhé!
"
Làm sao để nhận diện chai xịt dưỡng chứa chiết xuất cây hoa nhài qua hình ảnh?,"Để nhận diện chai xịt dưỡng chứa chiết xuất hoa nhài qua hình ảnh, bạn có thể chú ý các điểm sau:

1. **Màu sắc:** Sản phẩm thường có màu trong suốt hoặc trắng đục nhẹ, gợi liên tưởng đến vẻ tinh khiết của hoa nhài.
2. **Hình ảnh:** Bao bì thường in hình hoa nhài hoặc sử dụng họa tiết liên quan đến loài hoa này.
3. **Chữ viết:** Tìm các từ khóa như ""hoa nhài"", ""jasmine"", ""jasmine extract"" trên nhãn sản phẩm.
4. **Thương hiệu:** Một số thương hiệu nổi tiếng với dòng sản phẩm hoa nhài có thể giúp bạn dễ dàng nhận diện hơn.
"
Cách chọn son môi cho buổi đi xem triển lãm văn hóa thời kỳ đồ đồng Việt Nam?,"Để chọn son môi phù hợp khi đi xem triển lãm văn hóa thời kỳ đồ đồng Việt Nam, bạn nên ưu tiên các màu son tự nhiên, trầm ấm. Các tông màu như cam đất, nâu tây, hoặc hồng đất sẽ hài hòa với không gian và các hiện vật cổ kính. Tránh các màu son quá nổi bật như đỏ tươi hoặc hồng neon, vì có thể gây phân tâm và không phù hợp với tính chất trang trọng của buổi triển lãm. Chất son lì hoặc bán lì sẽ giúp son lâu trôi và không gây bóng dầu.
"
Tại sao nên dùng kem lót chứa chiết xuất cây hoa hồng cho da khô?,"Kem lót chứa chiết xuất hoa hồng rất lý tưởng cho da khô vì nhiều lý do. Hoa hồng giàu vitamin C, giúp cấp ẩm và làm sáng da. Chiết xuất này còn có khả năng làm dịu da, giảm kích ứng – một vấn đề thường gặp ở da khô. Kem lót hoa hồng tạo một lớp màng bảo vệ, khóa ẩm, giúp lớp nền trang điểm bám tốt hơn và không bị cakey, đồng thời mang lại cảm giác mềm mại, mịn màng cho da.
"
Làm sao để nhận diện cọ tán phấn mắt dạng medium pointed qua hình ảnh?,"Để nhận diện cọ tán phấn mắt medium pointed qua hình ảnh, bạn hãy chú ý các điểm sau:

1. **Hình dáng:** Đầu cọ có hình nón, hơi thuôn nhưng không quá nhọn như cọ pencil.
2. **Kích thước:** Lông cọ có độ dài trung bình, không quá to cũng không quá nhỏ.
3. **Độ dày:** Lông cọ được bó chặt, tạo thành hình dạng đầu cọ rõ nét, không bị xù.

Cọ này lý tưởng để tán phấn mắt lên bầu mắt, tạo chiều sâu và blend màu hiệu quả.
"
Cách tạo makeup cho buổi đi ăn tối ở nhà hàng Hy Lạp?,"Để có một lớp trang điểm phù hợp cho buổi tối tại nhà hàng Hy Lạp, hãy tập trung vào vẻ đẹp tự nhiên, khỏe khoắn.

1.  **Nền:** Sử dụng kem nền nhẹ nhàng, che khuyết điểm vừa đủ.
2.  **Mắt:** Phấn mắt màu đồng hoặc nâu ấm, tán nhẹ nhàng. Kẻ mắt mảnh, chuốt mascara.
3.  **Má:** Hồng đào hoặc cam đất, tạo gò má nhẹ nhàng.
4.  **Môi:** Son màu nude, hồng san hô hoặc đỏ cam, tùy theo sở thích.

Lý do: Phong cách Hy Lạp đề cao sự thanh lịch, không quá cầu kỳ."
Kỹ thuật makeup 'rose petal' là gì?,"Kỹ thuật makeup ""rose petal"" (cánh hoa hồng) là xu hướng trang điểm Hàn Quốc tập trung vào vẻ đẹp tự nhiên, trong trẻo như những cánh hoa hồng. 

**Các bước chính:**

1.  **Base makeup mỏng nhẹ:** Sử dụng kem nền/BB cream mỏng, tập trung vào vùng trung tâm mặt.
2.  **Má hồng:** Thoa má hồng màu hồng đào nhẹ nhàng lên vùng gò má, kéo dài về phía thái dương, tạo hiệu ứng ửng hồng tự nhiên.
3.  **Môi:** Sử dụng son tint màu hồng san hô, bặm môi nhẹ để màu nhuộm tự nhiên.
4.  **Mắt:** Phấn mắt màu hồng nhạt hoặc cam đào, tán đều.

Kỹ thuật này giúp khuôn mặt tươi tắn, trẻ trung và có sức sống.
"
Cách chọn màu phấn mắt cho buổi đi xem triển lãm tranh phong cách Phù Đổng?,"Để chọn phấn mắt phù hợp với triển lãm tranh Phù Đổng, bạn nên ưu tiên các tông màu đất, trung tính và ấm áp. Bắt đầu với phấn mắt màu be hoặc nâu nhạt làm lớp nền. Sau đó, thêm một chút màu nâu gạch hoặc cam đất ở hốc mắt để tạo chiều sâu. Cuối cùng, thoa một chút phấn đồng hoặc vàng nhạt ở khóe mắt để tăng sự ấm áp và liên kết với tinh thần dân gian của tranh Phù Đổng. Tránh các màu quá nổi bật hoặc lạnh.
"
Tại sao nên dùng xịt khóa makeup chứa chiết xuất cây cúc vạn thọ cho da nhạy cảm?,"Đối với da nhạy cảm, xịt khóa makeup chứa chiết xuất cúc vạn thọ là lựa chọn lý tưởng vì một số lý do:

1. **Làm dịu da:** Cúc vạn thọ nổi tiếng với khả năng làm dịu kích ứng, giảm đỏ, phù hợp với làn da dễ bị kích ứng.
2. **Chống oxy hóa:** Chiết xuất này giàu chất chống oxy hóa, bảo vệ da khỏi tác hại từ môi trường.
3. **Cấp ẩm nhẹ nhàng:** Xịt khóa giúp giữ ẩm, tạo lớp màng bảo vệ mà không gây bí bách, phù hợp với da nhạy cảm dễ mất nước.
"
Cách tạo makeup cho buổi đi xem triển lãm nghệ thuật tranh sơn dầu?,"Để trang điểm đi xem triển lãm tranh sơn dầu, bạn nên ưu tiên vẻ đẹp tự nhiên, tinh tế.

1.  **Nền:** Dùng kem nền nhẹ nhàng, che khuyết điểm vừa đủ.
2.  **Mắt:** Phấn mắt màu nude hoặc nâu nhạt, tán đều. Kẻ mắt mảnh, không quá đậm.
3.  **Má:** Phấn má hồng đào hoặc cam đất, tạo gò má nhẹ nhàng.
4.  **Môi:** Son môi màu nude, hồng san hô hoặc đỏ cam đất.

Lý do: Trang điểm nhẹ nhàng không làm phân tâm khi bạn chiêm ngưỡng tranh, đồng thời thể hiện sự tôn trọng với không gian nghệ thuật.
"
Cách chọn son môi cho buổi đi xem triển lãm hoa phong lan?,"Để chọn son môi phù hợp khi đi xem triển lãm hoa phong lan, bạn nên ưu tiên các màu sắc tự nhiên, nhẹ nhàng để tôn lên vẻ đẹp tinh tế của không gian và trang phục. 

*   **Màu sắc gợi ý:** Hồng đào, cam san hô, hoặc nude.
*   **Chất son:** Ưu tiên son dưỡng hoặc son có kết cấu mềm mịn, tránh son lì quá khô.
*   **Lý do:** Màu sắc tươi sáng nhưng không quá nổi bật sẽ giúp bạn hòa mình vào không gian nghệ thuật và không làm phân tán sự chú ý khỏi vẻ đẹp của hoa phong lan."
Tại sao nên dùng tẩy trang dạng dầu hạt hướng dương cho da nhạy cảm?,"Dầu hạt hướng dương là lựa chọn tuyệt vời cho da nhạy cảm vì nhiều lý do. Thành phần này giàu vitamin E và axit béo linoleic, giúp làm dịu, cấp ẩm và phục hồi hàng rào bảo vệ da. Khả năng hòa tan dầu tốt giúp tẩy trang hiệu quả, loại bỏ cặn makeup, bụi bẩn mà không gây kích ứng. So với các loại dầu khác, dầu hướng dương ít gây dị ứng và dịu nhẹ hơn, phù hợp với làn da dễ kích ứng.
"
Làm sao để nhận diện hộp phấn mắt dạng nhũ nén qua hình ảnh?,"Để nhận diện hộp phấn mắt dạng nhũ nén qua hình ảnh, bạn hãy chú ý các điểm sau:

1. **Bề mặt:** Phấn nhũ thường có bề mặt lấp lánh, ánh nhũ rõ ràng, ngay cả khi chưa dùng cọ.
2. **Kết cấu:** Nhũ nén thường mịn, có thể thấy các hạt phấn nhỏ li ti.
3. **Màu sắc:** Màu sắc có thể đậm hơn hoặc có chiều sâu hơn so với phấn mắt thông thường do hiệu ứng ánh nhũ.
4. **Ánh sáng:** Khi có ánh sáng chiếu vào, phấn nhũ sẽ bắt sáng và tỏa sáng rõ rệt.
"
Cách tạo makeup cho buổi đi xem triển lãm nghệ thuật tranh khắc đồng?,"Để trang điểm đi xem triển lãm tranh khắc đồng, bạn nên ưu tiên vẻ đẹp tự nhiên, tinh tế.

1.  **Nền:** Dùng kem nền nhẹ nhàng, che khuyết điểm vừa đủ.
2.  **Mắt:** Phấn mắt màu nude hoặc nâu nhạt, tán đều. Kẻ mắt mảnh, màu nâu hoặc đen.
3.  **Má:** Phấn má hồng đào hoặc cam đất, đánh nhẹ nhàng để có vẻ ửng hồng tự nhiên.
4.  **Môi:** Son nude, hồng nhạt hoặc cam san hô.

Lý do: Trang điểm nhẹ nhàng không làm phân tâm khi bạn chiêm ngưỡng các tác phẩm nghệ thuật.
"
Kỹ thuật makeup 'aquamarine glow' là gì?,"""Aquamarine glow"" là kỹ thuật trang điểm tạo hiệu ứng làn da trong trẻo, ẩm mọng như vừa ngậm nước, với tông xanh biển ngọc bích (aquamarine) làm điểm nhấn. 

**Các bước thực hiện:**

1.  **Dưỡng ẩm:** Cấp ẩm kỹ lưỡng cho da.
2.  **Kem nền:** Chọn kem nền mỏng nhẹ, độ che phủ vừa phải.
3.  **Highlight:** Sử dụng highlighter tông aquamarine ở gò má, sống mũi, nhân trung.
4.  **Má hồng:** Thêm chút má hồng đào hoặc hồng san hô.
5.  **Son:** Son dưỡng hoặc son bóng màu hồng nude.

Kỹ thuật này phù hợp với các cô nàng yêu thích vẻ đẹp tự nhiên, tươi trẻ.
"
"Cách chọn cọ tán phấn mắt cho mắt nhỏ, mí lót?","Chào bạn! Với mắt nhỏ, mí lót, việc chọn cọ tán phấn mắt rất quan trọng để tạo hiệu ứng mắt to hơn. Bạn nên ưu tiên các loại cọ:

1.  **Cọ đầu nhỏ, dẹt:** Giúp dễ dàng tán phấn vào hốc mắt, tránh lem ra ngoài.
2.  **Cọ blending nhỏ, đầu vát:** Tạo chiều sâu cho mắt, làm mờ đường viền phấn, giúp mắt trông to hơn.
3.  **Tránh cọ quá to:** Sẽ làm mắt trông nhỏ hơn và khó kiểm soát.

Nên chọn cọ lông mềm, mịn để tránh gây kích ứng và giúp phấn lên màu đều hơn.
"
Làm sao để nhận diện chai xịt dưỡng chứa chiết xuất cây trà xanh qua hình ảnh?,"Để nhận diện chai xịt dưỡng chứa chiết xuất trà xanh qua hình ảnh, bạn có thể chú ý các điểm sau:

1. **Màu sắc:** Bao bì thường có màu xanh lá cây hoặc trắng, gợi liên tưởng đến thiên nhiên và trà xanh.
2. **Hình ảnh:** Chai thường in hình lá trà xanh hoặc có dòng chữ ""Green Tea"", ""Matcha"" (trà xanh Nhật Bản).
3. **Thành phần:** Kiểm tra danh sách thành phần, tìm các từ khóa như ""Camellia Sinensis Leaf Extract"" (chiết xuất lá trà xanh).
4. **Nhãn hiệu:** Một số thương hiệu nổi tiếng với xịt dưỡng trà xanh như Innisfree, Nature Republic.
"
Cách chọn son môi cho buổi đi xem triển lãm văn hóa thời kỳ đồ đá Việt Nam?,"Để chọn son môi phù hợp khi đi xem triển lãm văn hóa thời kỳ đồ đá Việt Nam, bạn nên ưu tiên sự tự nhiên, tinh tế.

1.  **Màu sắc:** Chọn các tông màu nude, hồng đào, hoặc cam đất. Những màu này gợi nhớ đến màu đất, đá, phù hợp với chủ đề triển lãm.
2.  **Chất son:** Son lì hoặc son satin sẽ giữ màu tốt, không gây cảm giác quá bóng bẩy.
3.  **Tránh:** Hạn chế các màu son quá nổi bật như đỏ tươi, hồng neon để không làm phân tâm khỏi các hiện vật trưng bày."
Tại sao nên dùng kem lót chứa chiết xuất cây oải hương cho da nhạy cảm?,"Kem lót chứa chiết xuất oải hương rất lý tưởng cho da nhạy cảm vì oải hương có đặc tính làm dịu và chống viêm tự nhiên. Nó giúp giảm kích ứng, mẩn đỏ và làm dịu da đang bị tổn thương. Ngoài ra, oải hương còn có khả năng chống oxy hóa, bảo vệ da khỏi các tác nhân gây hại từ môi trường. Kem lót có oải hương giúp tạo một lớp nền mịn màng, đồng thời chăm sóc và bảo vệ làn da nhạy cảm.
"
Làm sao để nhận diện cọ tán phấn mắt dạng small dome qua hình ảnh?,"Để nhận diện cọ tán phấn mắt dạng small dome qua hình ảnh, bạn hãy chú ý các điểm sau:

1. **Hình dáng:** Đầu cọ tròn, bo tròn như hình vòm nhỏ (dome).
2. **Kích thước:** Nhỏ gọn, thường đường kính khoảng 0.8-1.2cm.
3. **Lông cọ:** Lông mềm, dày dặn, thường vát nhẹ để dễ dàng tán phấn.

Cọ small dome lý tưởng để tán phấn mắt tập trung vào vùng hốc mắt, tạo chiều sâu và blend màu hiệu quả.
"
Cách tạo makeup cho buổi đi ăn tối ở nhà hàng Ý cổ điển?,"Để có một lớp trang điểm phù hợp với bữa tối lãng mạn tại nhà hàng Ý cổ điển, hãy tập trung vào vẻ đẹp tự nhiên, tinh tế.

1.  **Nền:** Sử dụng kem nền mỏng nhẹ, che khuyết điểm vừa đủ.
2.  **Mắt:** Phấn mắt màu nâu đồng hoặc cam đất, tán nhẹ nhàng. Kẻ mắt mảnh, mascara nhẹ nhàng.
3.  **Má:** Hồng đào hoặc cam san hô, đánh nhẹ nhàng để có vẻ ửng hồng tự nhiên.
4.  **Môi:** Son đỏ gạch hoặc hồng đất, đánh lòng môi để tạo hiệu ứng mềm mại.

Lưu ý: Giữ cho lớp trang điểm không quá dày, để tôn lên vẻ đẹp tự nhiên và thanh lịch.
"
Kỹ thuật makeup 'coral reef' là gì?,"Kỹ thuật makeup ""coral reef"" (rạn san hô) là xu hướng trang điểm lấy cảm hứng từ màu sắc rực rỡ của các rạn san hô. Điểm nhấn là sự kết hợp táo bạo của các tông màu cam san hô, hồng, tím, và xanh lam trên mắt. 

**Cách thực hiện:**

1.  **Mắt:** Phủ màu cam san hô làm nền, sau đó thêm các mảng màu hồng, tím, xanh lam theo kiểu ombre hoặc graphic.
2.  **Má:** Sử dụng phấn má hồng cam san hô.
3.  **Môi:** Son hồng san hô hoặc cam nude.

Kỹ thuật này tạo vẻ ngoài tươi trẻ, năng động và độc đáo.
"
Cách chọn màu phấn mắt cho buổi đi xem triển lãm tranh phong cách Trung cổ?,"Để chọn phấn mắt cho buổi đi xem triển lãm tranh phong cách Trung cổ, bạn nên ưu tiên các tông màu đất, trầm ấm như nâu, đồng, vàng mù tạt, hoặc màu burgundy (đỏ tía). Những màu này gợi nhớ đến các bức tranh tường, màu sắc trang phục thời kỳ đó. Bạn có thể kết hợp 2-3 màu để tạo chiều sâu, ví dụ: nâu đất làm base, vàng mù tạt nhấn vào hốc mắt, và burgundy tán nhẹ đuôi mắt. Tránh các màu quá nổi bật hoặc hiện đại.
"
Làm sao để nhận diện chai kem dưỡng chứa chiết xuất cây hoa cúc qua hình ảnh?,"Để nhận diện kem dưỡng chứa chiết xuất hoa cúc qua hình ảnh, bạn hãy chú ý các điểm sau:

1. **Màu sắc:** Sản phẩm thường có màu trắng hoặc kem nhạt, đôi khi hơi vàng nhạt tự nhiên từ hoa cúc.
2. **Hình ảnh trên bao bì:** Bao bì thường in hình hoa cúc trắng (chamomile) hoặc các họa tiết liên quan đến thiên nhiên, sự dịu nhẹ.
3. **Từ khóa:** Tìm các từ như ""chamomile"", ""hoa cúc"", ""calming"", ""soothing"" (dịu nhẹ) trên nhãn.
4. **Thành phần:** Kiểm tra danh sách thành phần, tìm ""Chamomile extract"", ""Bisabolol"" (một thành phần từ hoa cúc).
"
Tại sao nên dùng xịt khóa makeup chứa chiết xuất cây liễu trắng cho da dầu?,"Chào bạn, với da dầu, xịt khóa makeup chứa chiết xuất cây liễu trắng là lựa chọn tuyệt vời vì một số lý do:

1. **Kiểm soát dầu thừa:** Salicylic acid trong liễu trắng giúp làm sạch lỗ chân lông, giảm tiết dầu, giúp lớp makeup bền lâu hơn.
2. **Làm dịu da:** Chiết xuất này có tính kháng viêm, giúp giảm kích ứng, đặc biệt hữu ích cho da dầu dễ nổi mụn.
3. **Cấp ẩm nhẹ:** Dù kiểm soát dầu, liễu trắng vẫn duy trì độ ẩm cần thiết, tránh tình trạng da bị khô căng sau khi makeup.
"
Cách tạo makeup cho buổi đi xem triển lãm nghệ thuật tranh vẽ trên vải?,"Chào bạn, để có một lớp makeup phù hợp khi đi xem triển lãm tranh, bạn nên ưu tiên sự tự nhiên, tinh tế.

1.  **Chuẩn bị da:** Dưỡng ẩm kỹ để da căng mịn.
2.  **Nền:** Dùng kem nền mỏng nhẹ, che khuyết điểm vừa đủ.
3.  **Mắt:** Phấn mắt màu nude hoặc nâu nhạt, kẻ eyeliner mảnh, mascara nhẹ nhàng.
4.  **Má:** Phấn má hồng đào hoặc cam đất để tạo vẻ tươi tắn.
5.  **Môi:** Son nude hoặc màu hồng san hô.

Lớp makeup này giúp bạn trông thanh lịch, không quá nổi bật để tập trung vào các tác phẩm nghệ thuật."
Cách chọn son môi cho buổi đi xem triển lãm hoa cúc?,"Để chọn son môi phù hợp khi đi xem triển lãm hoa cúc, bạn nên ưu tiên các màu sắc tự nhiên, nhẹ nhàng để tôn lên vẻ đẹp tinh tế của buổi đi chơi. 

*   **Màu sắc gợi ý:** Hồng đào, cam đất, hoặc màu nude có chút nâu. Những màu này hài hòa với màu vàng, cam của hoa cúc.
*   **Chất son:** Nên chọn son có dưỡng ẩm hoặc son tint để đôi môi căng mọng, tự nhiên.
*   **Tránh:** Son quá nổi bật như đỏ tươi hoặc tím đậm vì có thể làm phân tâm khỏi vẻ đẹp của hoa cúc."
Tại sao nên dùng tẩy trang dạng dầu hạt bơ cho da khô?,"Chào bạn, với da khô, tẩy trang dạng dầu hạt bơ là lựa chọn tuyệt vời vì một số lý do:

1. **Dưỡng ẩm:** Dầu hạt bơ giàu vitamin E và axit béo, giúp cấp ẩm sâu, làm mềm da ngay khi tẩy trang.
2. **Nhẹ nhàng:** Kết cấu dầu giúp hòa tan lớp trang điểm hiệu quả mà không gây ma sát, tránh làm khô da thêm.
3. **Giữ ẩm tự nhiên:** Không làm mất đi lớp dầu tự nhiên của da, giúp da không bị căng tức sau khi làm sạch.
4. **Phù hợp:** Dầu hạt bơ dịu nhẹ, ít gây kích ứng, phù hợp với cả da nhạy cảm.
"
Cách tạo makeup cho buổi đi xem triển lãm nghệ thuật tranh phong cảnh?,"Để trang điểm đi xem triển lãm tranh phong cảnh, bạn nên ưu tiên vẻ đẹp tự nhiên, tinh tế.

1.  **Nền:** Dùng kem nền nhẹ nhàng, che khuyết điểm vừa đủ.
2.  **Mắt:** Phấn mắt màu nude hoặc nâu nhạt, tán đều. Kẻ mắt mảnh, màu nâu hoặc đen.
3.  **Má:** Phấn má hồng đào hoặc cam đất, đánh nhẹ nhàng để có vẻ ửng hồng tự nhiên.
4.  **Môi:** Son nude, hồng nhạt hoặc cam san hô.

Lý do: Trang điểm nhẹ nhàng không làm phân tâm khi bạn chiêm ngưỡng tranh, đồng thời thể hiện sự tôn trọng với không gian nghệ thuật.
"
Kỹ thuật makeup 'golden sunset' là gì?,"Kỹ thuật makeup ""golden sunset"" (hoàng hôn vàng) tập trung vào tông màu ấm áp như cam, vàng, đồng để tạo hiệu ứng rực rỡ, lấp lánh như ánh hoàng hôn. 

**Các bước thực hiện:**

1.  **Mắt:** Phủ phấn mắt màu vàng đồng ở hốc mắt, cam đất ở đuôi mắt và blend đều.
2.  **Má:** Sử dụng phấn má hồng màu cam đào hoặc hồng san hô.
3.  **Môi:** Chọn son màu cam cháy hoặc màu nude có chút ánh vàng.
4.  **Highlight:** Đừng quên highlight vùng gò má, sống mũi để tăng độ bắt sáng.

Kỹ thuật này phù hợp với các cô nàng da ấm và muốn có vẻ ngoài nổi bật, quyến rũ.
"
Cách tạo makeup cho buổi đi ăn tối ở nhà hàng châu Phi?,"Để trang điểm cho buổi tối tại nhà hàng châu Phi, hãy tập trung vào sự ấm áp và nổi bật.

1.  **Nền:** Sử dụng kem nền lì, che khuyết điểm để có lớp nền mịn màng.
2.  **Mắt:** Chọn phấn mắt tông đất, vàng đồng hoặc cam gạch. Vẽ mắt mèo hoặc sử dụng eyeliner màu đậm.
3.  **Má:** Sử dụng phấn má hồng màu cam đất hoặc nâu đào để tạo vẻ khỏe khoắn.
4.  **Môi:** Son màu đỏ gạch, cam cháy hoặc nâu đất sẽ rất phù hợp.
5.  **Hoàn thiện:** Đừng quên highlight nhẹ nhàng để tăng sự bừng sáng."
Kỹ thuật makeup 'emerald glow' là gì?,"""Emerald Glow"" là kỹ thuật trang điểm tập trung tạo hiệu ứng làn da căng bóng, khỏe khoắn với tông xanh ngọc lục bảo (emerald) làm chủ đạo. 

**Các bước thực hiện:**

1.  **Dưỡng ẩm:** Cấp ẩm kỹ lưỡng để da mịn màng.
2.  **Kem nền:** Chọn kem nền có độ che phủ nhẹ đến trung bình, ưu tiên các sản phẩm có thành phần dưỡng.
3.  **Highlight:** Sử dụng highlighter màu xanh ngọc lục bảo ở gò má, sống mũi, nhân trung và khóe mắt.
4.  **Phấn má hồng:** Thêm chút phấn má hồng đào hoặc hồng san hô để cân bằng.
5.  **Son môi:** Chọn son nude hoặc hồng baby.

Kỹ thuật này giúp da trông tươi sáng, trẻ trung và có chiều sâu.
"
Làm sao để nhận diện chai kem dưỡng chứa chiết xuất mật ong qua hình ảnh?,"Để nhận diện kem dưỡng chứa chiết xuất mật ong qua hình ảnh, bạn có thể chú ý các điểm sau:

1. **Màu sắc:** Kem thường có màu vàng nhạt hoặc trắng ngà, gợi liên tưởng đến màu mật ong tự nhiên.
2. **Nhãn mác:** Tìm các từ khóa như ""Honey"", ""Mật ong"", ""Honey extract"" trên bao bì.
3. **Hình ảnh:** Một số sản phẩm sẽ in hình tổ ong hoặc mật ong để nhấn mạnh thành phần.
4. **Kết cấu:** Kem có thể hơi sánh, dẻo mịn, tương tự như mật ong.
"
Cách tạo makeup cho buổi đi xem triển lãm nghệ thuật ánh sáng?,"Chào bạn, để makeup cho buổi đi xem triển lãm nghệ thuật ánh sáng, mình gợi ý một phong cách trang điểm nhẹ nhàng, tập trung vào sự tươi tắn và bắt sáng.

1.  **Nền:** Dùng kem nền mỏng nhẹ, che khuyết điểm vừa đủ.
2.  **Mắt:** Phấn mắt màu champagne hoặc hồng nhạt, đánh nhũ mắt lấp lánh ở bầu mắt để tăng hiệu ứng bắt sáng.
3.  **Má:** Sử dụng phấn má hồng đào hoặc cam san hô.
4.  **Môi:** Son dưỡng ẩm hoặc son tint màu hồng baby.

Lý do: Ánh sáng triển lãm có thể làm nổi bật các chi tiết makeup, nên ưu tiên sự tự nhiên và tinh tế."
Cách chọn son môi cho buổi đi xem triển lãm thú cưng?,"Chào bạn! Để chọn son môi phù hợp cho buổi đi xem triển lãm thú cưng, bạn nên ưu tiên sự tự nhiên, thoải mái.

1.  **Màu sắc:** Chọn các màu nude, hồng đào, cam đất hoặc đỏ san hô. Những màu này tươi tắn nhưng không quá nổi bật, phù hợp với không khí thân thiện của buổi triển lãm.
2.  **Chất son:** Son dưỡng, son tint hoặc son kem lì nhẹ là lựa chọn tốt. Tránh son bóng quá nhiều vì có thể gây khó chịu khi tương tác với thú cưng.
3.  **Độ bền màu:** Ưu tiên son có độ bền màu vừa phải để bạn không cần liên tục tô son."
Tại sao nên dùng tẩy trang dạng dầu jojoba cho da khô?,"Dầu jojoba là lựa chọn tuyệt vời cho da khô vì thành phần của nó rất gần với sebum tự nhiên của da, giúp làm sạch sâu mà không gây mất ẩm. Khác với các loại dầu khoáng, jojoba không làm tắc nghẽn lỗ chân lông. Khi massage nhẹ nhàng, dầu jojoba hòa tan bụi bẩn, lớp trang điểm và tế bào chết, đồng thời cung cấp độ ẩm, giúp da mềm mại và không bị căng khô sau khi rửa mặt.
"
Kỹ thuật makeup 'golden hour' là gì?,"Kỹ thuật makeup ""golden hour"" (giờ vàng) tập trung tạo hiệu ứng làn da căng bóng, rạng rỡ như được chiếu sáng bởi ánh nắng chiều. 

**Các bước chính:**

1.  **Dưỡng ẩm kỹ:** Da ngậm nước là nền tảng.
2.  **Highlight:** Tập trung highlight ở gò má, sống mũi, trán, cằm để bắt sáng.
3.  **Phấn má hồng:** Sử dụng phấn má hồng tông ấm, cam đào để tạo ửng hồng tự nhiên.
4.  **Son dưỡng/son bóng:** Chọn son có độ bóng nhẹ để đôi môi căng mọng.

Mục đích là tạo vẻ ngoài tươi tắn, khỏe khoắn, không cần quá nhiều lớp makeup phức tạp.
"
Làm sao để nhận diện chai xịt dưỡng chứa chiết xuất cây phấn hoa qua hình ảnh?,"Để nhận diện chai xịt dưỡng chứa chiết xuất cây phấn hoa qua hình ảnh, bạn hãy chú ý các điểm sau:

1. **Màu sắc:** Sản phẩm thường có màu vàng nhạt hoặc trắng đục, gợi liên tưởng đến màu phấn hoa tự nhiên.
2. **Hình ảnh trên bao bì:** Các nhãn hiệu thường in hình ảnh hoa, đặc biệt là các loài hoa có phấn hoa nổi bật như hoa cúc, hoa hướng dương.
3. **Thành phần:** Kiểm tra danh sách thành phần, tìm các từ khóa như ""pollen extract"", ""chiết xuất phấn hoa"", hoặc tên các loại hoa cụ thể.
"
Cách chọn son môi cho buổi đi xem phim tài liệu về môi trường?,"Để chọn son môi phù hợp cho buổi xem phim tài liệu về môi trường, hãy ưu tiên các màu sắc tự nhiên, trung tính như hồng nude, cam đất, hoặc màu đào nhẹ. Những màu này thể hiện sự tinh tế, tôn trọng chủ đề bảo vệ môi trường mà không quá nổi bật. Chất son nên chọn loại dưỡng ẩm, mềm mịn để đôi môi luôn khỏe mạnh. Tránh các màu son quá sặc sỡ hoặc bóng bẩy, vì có thể gây ấn tượng không phù hợp với không khí trang trọng của buổi xem phim.
"
Làm sao để nhận diện cọ tán phấn mắt dạng large angled qua hình ảnh?,"Để nhận diện cọ tán phấn mắt dạng large angled qua hình ảnh, bạn hãy chú ý các điểm sau:

1. **Hình dáng:** Đầu cọ có hình dáng vát chéo, rộng và dẹt. Góc vát này tạo đường nét rõ ràng khi đánh phấn.
2. **Kích thước:** Lớn hơn các loại cọ tán phấn mắt thông thường, phù hợp tán phấn trên diện tích rộng như hốc mắt.
3. **Lông cọ:** Thường mềm mại, dày dặn để dễ dàng lấy và tán đều phấn.

Cọ này lý tưởng để tạo khối, đánh highlight xương gò má hoặc tán phấn mắt màu đậm.
"
Cách tạo makeup cho buổi đi xem triển lãm cá cảnh?,"Chào bạn, để có một lớp makeup phù hợp khi đi xem triển lãm cá cảnh, bạn nên ưu tiên sự tự nhiên, tươi tắn.

1.  **Chuẩn bị da:** Dưỡng ẩm kỹ để da căng bóng.
2.  **Nền:** Dùng kem nền mỏng nhẹ, che khuyết điểm vừa đủ.
3.  **Mắt:** Phấn mắt màu nude hoặc hồng đào nhẹ nhàng, kẻ eyeliner mảnh và mascara.
4.  **Má:** Phấn má hồng đào hoặc cam san hô để có vẻ ngoài tươi tắn.
5.  **Môi:** Son dưỡng hoặc son màu nude/hồng baby.

Tránh makeup quá đậm để không làm mất đi sự tinh tế của buổi đi xem triển lãm."
Làm sao để nhận diện chai xịt khoáng chứa chiết xuất cúc La Mã qua hình ảnh?,"Để nhận diện chai xịt khoáng chứa chiết xuất cúc La Mã qua hình ảnh, bạn hãy chú ý các điểm sau:

1. **Màu sắc:** Dung dịch thường trong suốt hoặc vàng nhạt, gợi nhớ màu của hoa cúc.
2. **Nhãn mác:** Tìm các từ khóa như ""Chamomile"", ""Roman Chamomile"", ""cúc La Mã"" hoặc hình ảnh hoa cúc trên bao bì.
3. **Thành phần:** Kiểm tra danh sách thành phần, đảm bảo có ""Chamomile Recutita Flower Extract"" hoặc tương tự.
4. **Thương hiệu:** Một số thương hiệu nổi tiếng với xịt khoáng cúc La Mã như Avène, La Roche-Posay thường có thiết kế đặc trưng.
"
Kỹ thuật makeup 'smokey bronze' là gì?,"Kỹ thuật ""Smokey Bronze"" là kiểu trang điểm mắt tập trung vào sắc thái đồng ấm áp, tạo chiều sâu và vẻ quyến rũ. 

**Các bước thực hiện:**

1.  **Tạo lớp nền:** Sử dụng phấn mắt màu đồng nhạt làm lớp nền.
2.  **Tạo chiều sâu:** Thêm sắc đồng đậm hơn vào hốc mắt và đuôi mắt, tán đều.
3.  **Tạo điểm nhấn:** Dùng phấn mắt màu nâu sẫm hoặc đen để làm nổi bật phần đuôi mắt.
4.  **Hoàn thiện:** Kẻ eyeliner và mascara để tăng độ sắc sảo.

Kiểu trang điểm này phù hợp với nhiều màu da và dễ dàng biến hóa theo phong cách cá nhân.
"
Cách chọn cọ để tán phấn tạo khối cho mặt vuông?,"Với khuôn mặt vuông, bạn nên chọn cọ tán khối có hình dáng vát xéo, đầu cọ mềm mại và không quá dày. Cọ vát xéo giúp bạn dễ dàng tạo đường khối mềm mại, bo tròn các góc cạnh của khuôn mặt. Đầu cọ mềm mại đảm bảo phấn khối được tán đều, không bị vón cục hay lộ vân cọ. Tránh cọ quá dày vì sẽ khó kiểm soát lượng phấn và dễ làm khuôn mặt trông nặng nề.
"
Tại sao nên dùng mặt nạ dưỡng da chứa than hoạt tính trước makeup?,"Chào bạn, với vai trò là chuyên gia trang điểm, tôi khuyên bạn nên dùng mặt nạ than hoạt tính trước khi makeup vì những lý do sau:

*   **Hút dầu thừa & độc tố:** Than hoạt tính có khả năng hấp thụ dầu thừa, bụi bẩn và độc tố trên da, giúp da sạch sâu.
*   **Se khít lỗ chân lông:** Nhờ đó, bề mặt da trở nên mịn màng hơn, giúp lớp nền bám tốt hơn và hạn chế tình trạng tắc nghẽn lỗ chân lông gây mụn.
*   **Kiểm soát dầu:** Da ít dầu sẽ giúp lớp makeup bền lâu hơn, không bị xuống tông nhanh chóng."
Làm sao để nhận diện chai sữa rửa mặt chứa chiết xuất chanh qua hình ảnh?,"Để nhận diện sữa rửa mặt chứa chiết xuất chanh qua hình ảnh, bạn có thể chú ý các điểm sau:

1. **Màu sắc:** Bao bì thường có tông màu vàng tươi hoặc xanh lá cây nhạt, gợi liên tưởng đến quả chanh.
2. **Hình ảnh:** Sản phẩm có thể in hình quả chanh, cây chanh hoặc các họa tiết liên quan đến cam quýt.
3. **Từ khóa:** Tìm các từ như ""Lemon"", ""Citrus"", ""Chanh"" trên nhãn sản phẩm.
4. **Mô tả:** Đọc kỹ thành phần, nếu có ""Citrus Limon (Lemon) Fruit Extract"" thì đó là dấu hiệu rõ ràng.
"
Cách tạo makeup cho buổi đi ăn tối ở nhà hàng chay?,"Để có một lớp trang điểm nhẹ nhàng, tinh tế cho buổi tối tại nhà hàng chay, bạn có thể thực hiện các bước sau:

1.  **Chuẩn bị da:** Dưỡng ẩm kỹ để lớp nền mịn màng.
2.  **Nền:** Sử dụng kem nền mỏng nhẹ, che khuyết điểm nếu cần.
3.  **Mắt:** Phấn mắt màu nude hoặc nâu nhạt, kẻ mắt mảnh và mascara.
4.  **Má:** Hồng đào nhẹ nhàng để khuôn mặt tươi tắn.
5.  **Môi:** Son dưỡng hoặc son màu nude/ hồng pastel.

Lưu ý: Ưu tiên sự tự nhiên, tránh trang điểm quá đậm.
"
Cách chọn son môi cho buổi đi xem triển lãm tranh trừu tượng hiện đại?,"Để chọn son môi phù hợp khi đi xem triển lãm tranh trừu tượng hiện đại, bạn nên ưu tiên sự tinh tế và không quá nổi bật. 

**Bước 1:** Chọn màu son trung tính như hồng nude, cam đất, hoặc màu đào nhẹ. Những màu này không ""đánh cắp"" sự chú ý của các tác phẩm.
**Bước 2:** Chất son nên là lì hoặc bán lì để giữ màu tốt và tạo cảm giác trang nhã.
**Bước 3:** Tránh các màu son quá sặc sỡ hoặc bóng bẩy, vì chúng có thể gây phân tâm và không phù hợp với không gian nghệ thuật.
"
Làm sao để nhận diện hộp phấn highlighter dạng kem qua hình ảnh?,"Để nhận diện highlighter kem qua ảnh, bạn hãy chú ý các điểm sau:

1. **Kết cấu:** Highlighter kem thường có vẻ ẩm ướt, mịn màng, không khô ráo như phấn bột.
2. **Bao bì:** Thường được đựng trong tuýp, hũ nhỏ hoặc lọ có vòi pump.
3. **Màu sắc:** Các tông màu phổ biến là champagne, ngọc trai, hồng đào, hoặc vàng ánh kim.
4. **Độ bóng:** Khi lên da, highlighter kem tạo hiệu ứng glow tự nhiên, căng bóng hơn là lấp lánh.
"
Tại sao nên dùng kem che khuyết điểm dạng thỏi cho da hỗn hợp?,"Kem che khuyết điểm dạng thỏi rất lý tưởng cho da hỗn hợp vì độ che phủ tập trung và khả năng kiểm soát dầu tốt. Công thức kem đặc giúp che phủ hiệu quả các vùng da có khuyết điểm như mụn, vết thâm mà không làm bóng nhờn vùng chữ T. Bạn có thể dễ dàng thoa trực tiếp lên vùng cần che phủ, giúp tiết kiệm thời gian và sản phẩm, đồng thời kiểm soát lượng dùng phù hợp.
"
Cách tạo makeup cho buổi đi xem phim hoạt hình 3D?,"Để có makeup phù hợp khi đi xem phim hoạt hình 3D, bạn nên ưu tiên sự tự nhiên, tươi tắn.

1.  **Chuẩn bị da:** Dưỡng ẩm kỹ để da căng bóng, giúp lớp makeup bám tốt hơn.
2.  **Nền:** Dùng kem nền nhẹ nhàng, che khuyết điểm vừa đủ.
3.  **Mắt:** Phấn mắt màu pastel hoặc nhũ nhẹ, kẻ eyeliner mảnh, mascara để mở rộng đôi mắt.
4.  **Má:** Phấn má hồng đào hoặc cam san hô để tạo vẻ tươi trẻ.
5.  **Môi:** Son dưỡng hoặc son tint màu nhẹ nhàng.

Tránh makeup quá đậm vì rạp chiếu phim thường tối, làm mất đi vẻ tự nhiên của bạn.
"
Làm sao để nhận diện cọ tán phấn mắt dạng large dome qua hình ảnh?,"Để nhận diện cọ tán phấn mắt dạng large dome qua hình ảnh, bạn hãy chú ý các điểm sau:

1. **Hình dáng:** Đầu cọ có hình tròn, phồng lớn như mái vòm (dome).
2. **Kích thước:** Lớn hơn các loại cọ tán phấn mắt khác, thường có đường kính từ 1.5 - 2.5cm.
3. **Lông cọ:** Lông mềm, dày và thường được bó chặt để tạo hình dáng vòm.

Cọ large dome lý tưởng để tán phấn đều trên toàn bộ bầu mắt, tạo hiệu ứng chuyển màu nhẹ nhàng và tự nhiên.
"
Cách chọn màu phấn mắt cho buổi đi chơi công viên giải trí ban đêm?,"Để chọn màu phấn mắt cho buổi đi chơi công viên giải trí đêm, bạn nên ưu tiên các màu dễ thương, nổi bật nhưng vẫn giữ được nét tự nhiên.

1.  **Màu nền:** Chọn màu nude, hồng đào hoặc cam đất làm base.
2.  **Màu chính:** Thử các màu tím lavender, hồng san hô hoặc cam đào. Chúng tươi sáng, trẻ trung và phù hợp với ánh đèn.
3.  **Màu nhấn:** Dùng chút nhũ vàng hoặc bạc ở khóe mắt để tăng thêm lấp lánh.

Lý do: Công viên giải trí đêm có ánh sáng nhân tạo, các màu pastel hoặc có nhũ sẽ giúp đôi mắt bạn trông rõ ràng và thu hút hơn.
"
Làm sao để nhận diện chai kem dưỡng chứa chiết xuất hoa oải hương qua hình ảnh?,"Để nhận diện kem dưỡng chứa chiết xuất hoa oải hương qua hình ảnh, bạn hãy chú ý các yếu tố sau:

1. **Màu sắc:** Bao bì thường có tông màu tím nhạt, xanh tím hoặc trắng, gợi liên tưởng đến hoa oải hương.
2. **Hình ảnh:** Chai thường in hình hoa oải hương hoặc các họa tiết liên quan đến vùng Provence (Pháp) - nơi nổi tiếng với oải hương.
3. **Từ khóa:** Tìm các từ như ""Lavender"", ""Oải hương"", ""Lavandula"" trên nhãn sản phẩm.
4. **Thành phần:** Kiểm tra danh sách thành phần, tìm ""Lavender Extract"" (chiết xuất hoa oải hương) hoặc ""Lavandula Angustifolia"" (tên khoa học của oải hương).
"
Cách tạo makeup cho buổi đi xem triển lãm đồ gỗ thủ công?,"Chào bạn, để có một lớp trang điểm phù hợp khi đi xem triển lãm đồ gỗ thủ công, bạn nên ưu tiên vẻ đẹp tự nhiên, tinh tế.

1.  **Nền:** Dùng kem nền nhẹ nhàng, che khuyết điểm vừa đủ.
2.  **Mắt:** Phấn mắt màu nude hoặc nâu nhạt, kẻ mắt mảnh.
3.  **Má:** Hồng đào nhẹ nhàng để có vẻ ngoài tươi tắn.
4.  **Môi:** Son nude hoặc màu hồng san hô.

Lý do: Trang điểm nhẹ nhàng sẽ giúp bạn hòa mình vào không gian nghệ thuật, không làm phân tâm khỏi các tác phẩm gỗ."
Kỹ thuật makeup 'soft glam' là gì?,"""Soft glam"" là kỹ thuật trang điểm tập trung vào vẻ đẹp tự nhiên, nâng tông da và làm nổi bật đường nét khuôn mặt một cách tinh tế. 

**Các bước chính:**

1.  **Nền:** Sử dụng kem nền mỏng nhẹ, che khuyết điểm ở vùng cần thiết.
2.  **Mắt:** Phấn mắt tông màu nude, nâu ấm, kết hợp kỹ thuật blending để tạo chiều sâu.
3.  **Má:** Phấn má hồng màu đào hoặc hồng san hô, đánh nhẹ nhàng.
4.  **Môi:** Son nude, hồng baby hoặc màu berry.

Kỹ thuật này phù hợp với mọi dịp, giúp bạn trông tươi tắn, rạng rỡ mà không quá cầu kỳ.
"
Cách chọn son môi cho buổi đi xem phim kinh dị 3D?,"Để chọn son môi cho buổi xem phim kinh dị 3D, bạn nên ưu tiên những màu son trầm, tối như đỏ burgundy, nâu đất hoặc tím plum. Những màu này giúp khuôn mặt không bị ""mất tích"" trong bóng tối của rạp và vẫn đủ nổi bật khi ánh sáng 3D chiếu vào. Tránh các màu son quá sáng hoặc quá nổi bật vì có thể gây xao nhãng và không phù hợp với không khí rùng rợn của bộ phim. Chất son nên là matte hoặc semi-matte để tránh bị bóng loáng gây chói mắt.
"
Làm sao để nhận diện hộp phấn má hồng dạng mousse qua hình ảnh?,"Để nhận diện phấn má hồng dạng mousse qua hình ảnh, bạn hãy chú ý các điểm sau:

1. **Kết cấu:** Mousse có vẻ ngoài mềm mịn, xốp nhẹ, không phải dạng bột nén chặt như phấn thông thường.
2. **Hộp đựng:** Thường đi kèm với bông mút hoặc cọ nhỏ để lấy sản phẩm. Hộp có thể là hũ tròn hoặc tuýp.
3. **Màu sắc:** Màu sắc thường tươi tắn, có thể đậm đặc hơn so với phấn bột.
4. **Độ bóng:** Mousse thường có độ bóng nhẹ tự nhiên.
"
Tại sao nên dùng tẩy trang dạng dầu olive cho da khô?,"Dầu olive là lựa chọn tuyệt vời cho da khô vì một số lý do:

1. **Khả năng làm sạch dịu nhẹ:** Dầu olive hòa tan bụi bẩn, dầu thừa và lớp trang điểm hiệu quả mà không gây khô da như các sản phẩm chứa xà phòng.
2. **Dưỡng ẩm sâu:** Thành phần axit béo trong dầu olive giúp cung cấp độ ẩm, làm mềm da và phục hồi hàng rào bảo vệ da.
3. **Giảm kích ứng:** Dầu olive ít gây kích ứng, phù hợp với da nhạy cảm và dễ bị kích ứng.

Tuy nhiên, hãy chọn dầu olive nguyên chất, ép lạnh để đảm bảo chất lượng tốt nhất.
"
Cách tạo makeup cho buổi đi ăn tối ở nhà hàng Địa Trung Hải?,"Để có một lớp trang điểm phù hợp cho buổi tối tại nhà hàng Địa Trung Hải, hãy tập trung vào sự tươi tắn và rạng rỡ tự nhiên.

1.  **Nền:** Sử dụng kem nền nhẹ nhàng, che khuyết điểm vừa đủ.
2.  **Mắt:** Phấn mắt màu đồng, nâu hoặc xanh olive. Kẻ mắt mảnh và chuốt mascara.
3.  **Má:** Phấn má hồng màu đào hoặc cam san hô để tạo vẻ ấm áp.
4.  **Môi:** Son môi màu nude, hồng đào hoặc đỏ cam nhẹ nhàng.

Lý do: Phong cách Địa Trung Hải đề cao vẻ đẹp tự nhiên, khỏe khoắn nên trang điểm không nên quá cầu kỳ.
"
Làm sao để nhận diện cọ tán phấn mắt dạng small pencil qua hình ảnh?,"Để nhận diện cọ tán phấn mắt dạng small pencil qua hình ảnh, bạn hãy chú ý các điểm sau:

1. **Hình dáng:** Cọ có hình dáng thon, nhỏ, đầu cọ tròn hoặc hơi dẹt.
2. **Kích thước:** So với các loại cọ mắt khác, cọ pencil nhỏ gọn, thường dưới 1cm đường kính đầu cọ.
3. **Lông cọ:** Lông cọ thường mềm, dày dặn vừa phải, giúp dễ dàng lấy và tán phấn vào các vị trí nhỏ như hốc mắt, đường mi dưới.
4. **Màu sắc:** Thường có màu đen, trắng hoặc các màu pastel.
"
Cách chọn màu son môi cho buổi đi xem triển lãm hoa lan?,"Để chọn son môi phù hợp khi đi xem triển lãm hoa lan, bạn nên ưu tiên các màu sắc tự nhiên, nhẹ nhàng để tôn lên vẻ đẹp tinh tế của hoa lan và trang phục. 

*   **Da sáng:** Hồng đào, cam san hô hoặc nude đào là lựa chọn lý tưởng.
*   **Da trung bình:** Hồng đất, cam cháy hoặc màu berry nhẹ nhàng sẽ rất phù hợp.
*   **Da tối:** Đỏ gạch, nâu đất hoặc tím plum sẽ giúp bạn nổi bật mà vẫn thanh lịch.

Tránh các màu son quá sặc sỡ hoặc nổi bật để không làm phân tán sự chú ý vào vẻ đẹp của hoa lan.
"
Tại sao nên dùng kem lót chứa chiết xuất trà trắng cho da nhạy cảm?,"Kem lót chứa chiết xuất trà trắng rất lý tưởng cho da nhạy cảm vì một số lý do: Trà trắng giàu chất chống oxy hóa, giúp bảo vệ da khỏi tác hại của môi trường và giảm kích ứng. Nó còn có đặc tính chống viêm, làm dịu da ửng đỏ và giảm mẩn ngứa. Kết cấu nhẹ nhàng của kem lót trà trắng không gây bí tắc lỗ chân lông, phù hợp với làn da dễ nổi mụn và nhạy cảm.
"
Làm sao để nhận diện chai xịt dưỡng chứa chiết xuất dưa leo qua hình ảnh?,"Để nhận diện chai xịt dưỡng chứa chiết xuất dưa leo qua hình ảnh, bạn có thể chú ý các điểm sau:

1. **Màu sắc:** Bao bì thường có màu xanh lá cây nhạt hoặc xanh da trời, gợi liên tưởng đến dưa leo.
2. **Hình ảnh:** Chai thường in hình quả dưa leo tươi mát hoặc các họa tiết liên quan đến thiên nhiên, sự tươi mát.
3. **Chữ viết:** Các từ khóa như ""dưa leo"", ""cucumber"", ""refreshing"" (tươi mát), ""hydrating"" (cấp ẩm) thường xuất hiện trên bao bì.
4. **Thương hiệu:** Một số thương hiệu nổi tiếng với sản phẩm dưa leo như Innisfree, Laneige...
"
Cách tạo makeup cho buổi đi xem triển lãm tranh khắc gỗ?,"Chào bạn, để makeup cho buổi đi xem triển lãm tranh khắc gỗ, mình gợi ý một phong cách tự nhiên, tinh tế để không làm phân tâm khi thưởng lãm nghệ thuật nhé.

1.  **Nền:** Dùng kem nền nhẹ nhàng, che khuyết điểm vừa đủ.
2.  **Mắt:** Phấn mắt màu nude hoặc nâu nhạt, tán đều. Kẻ eyeliner mảnh, không quá đậm.
3.  **Má:** Phấn má hồng đào hoặc cam đất, đánh nhẹ nhàng để có vẻ ửng hồng tự nhiên.
4.  **Môi:** Son nude hoặc son màu hồng san hô.

Lưu ý: Ưu tiên sự nhẹ nhàng, thanh lịch để hòa mình vào không gian nghệ thuật."
Cách chọn cọ tán phấn mắt cho mắt một mí?,"Chào bạn, với mắt một mí, việc chọn cọ tán phấn mắt rất quan trọng để tạo chiều sâu và tránh tình trạng phấn bị lem. Bạn nên ưu tiên các loại cọ:

1.  **Cọ đầu bằng, nhỏ:** Dùng để tán phấn lên toàn bộ bầu mắt, tập trung vào phần hốc mắt để tạo chiều sâu.
2.  **Cọ đầu vát:** Giúp tạo dáng mắt, nhấn nhá ở đuôi mắt và hốc mắt.
3.  **Cọ blending:** Cọ mềm, đầu tròn để làm mờ các đường chuyển màu, giúp mắt trông tự nhiên hơn.

Lý do: Cọ nhỏ, đầu bằng giúp kiểm soát lượng phấn tốt hơn, tránh tình trạng phấn bị dính lên mí mắt.
"
Làm sao để nhận diện hộp phấn mắt dạng baked qua hình ảnh?,"Để nhận diện hộp phấn mắt dạng baked qua hình ảnh, bạn hãy chú ý các điểm sau:

1. **Bề mặt:** Phấn baked có bề mặt lồi lõm, không đều màu, giống như bánh nướng.
2. **Màu sắc:** Màu sắc thường đậm hơn và có sự chuyển màu nhẹ trên bề mặt viên phấn.
3. **Kết cấu:** Khi nhìn gần, bạn sẽ thấy các hạt phấn mịn đan xen lẫn nhau, tạo nên một kết cấu đặc biệt.
4. **Hoa văn:** Một số hộp phấn baked còn có hoa văn được dập nổi trên bề mặt.
"
Tại sao nên dùng son dưỡng chứa dầu hạt mắc ca trước son tint?,"Chào bạn,

Dùng son dưỡng chứa dầu hạt mắc ca trước son tint là một bước chuẩn bị lý tưởng. Dầu hạt mắc ca giàu axit béo và vitamin, giúp làm mềm môi, giảm tình trạng khô bong tróc, tạo một lớp nền mịn màng. Điều này giúp son tint lên màu chuẩn hơn, bám lâu hơn và không bị vón cục hay lộ rãnh môi. Hơn nữa, dầu hạt mắc ca còn có khả năng dưỡng ẩm, bảo vệ môi khỏi tác động gây khô của son tint.
"
Cách tạo makeup cho buổi đi xem triển lãm văn hóa Hàn Quốc?,"Để có makeup phù hợp đi xem triển lãm văn hóa Hàn Quốc, bạn nên ưu tiên vẻ ngoài tự nhiên, tươi tắn.

1.  **Nền:** Dùng kem nền mỏng nhẹ, che khuyết điểm vừa đủ.
2.  **Mắt:** Phấn mắt màu nude hoặc hồng đào, tán nhẹ nhàng. Kẻ eyeliner mảnh, không quá sắc sảo.
3.  **Má:** Phấn má hồng đào hoặc cam san hô, đánh nhẹ nhàng để có đôi má ửng hồng tự nhiên.
4.  **Môi:** Son tint hoặc son balm màu hồng san hô, cam đất.

Lý do: Phong cách trang điểm Hàn Quốc thường đề cao sự tự nhiên, thanh lịch."
Làm sao để nhận diện chai tẩy trang dạng dầu hạt nho qua hình ảnh?,"Để nhận diện tẩy trang dạng dầu hạt nho qua hình ảnh, bạn hãy chú ý các điểm sau:

1. **Màu sắc:** Dầu hạt nho nguyên chất có màu vàng nhạt hoặc trong suốt. Tẩy trang dầu hạt nho thường có màu tương tự.
2. **Kết cấu:** Dạng lỏng, nhẹ, không quá đặc. Khi lắc nhẹ, dầu sẽ chảy động dễ dàng.
3. **Nhãn mác:** Tìm các từ khóa như ""Grapeseed Oil"", ""dầu hạt nho"", ""cleansing oil"" trên bao bì.
4. **Thành phần:** Kiểm tra thành phần, dầu hạt nho (Vitis Vinifera Seed Oil) phải nằm trong danh sách.
"
Cách chọn son môi cho buổi đi xem phim khoa học giả tưởng?,"Để chọn son môi cho buổi xem phim khoa học giả tưởng, bạn nên ưu tiên các màu sắc độc đáo, thể hiện cá tính. Các lựa chọn tốt bao gồm:

1.  **Son tím:** gợi cảm giác bí ẩn, tương lai.
2.  **Son xanh dương/xanh lá cây:** táo bạo, khác biệt, phù hợp với chủ đề công nghệ.
3.  **Son metallic/ánh nhũ:** tạo hiệu ứng ""ngoài hành tinh"", lấp lánh.

Nên chọn chất son lì hoặc bán lì để giữ màu tốt trong suốt buổi phim. Tránh các màu quá nổi bật hoặc quá tối, có thể gây mất tập trung.
"
Tại sao nên dùng kem lót chứa chiết xuất hoa cúc cho da khô?,"Kem lót chứa chiết xuất hoa cúc rất lý tưởng cho da khô vì hoa cúc có đặc tính dưỡng ẩm và làm dịu da tuyệt vời. Chiết xuất này giúp làm mềm da, giảm kích ứng và tạo một hàng rào bảo vệ, khóa ẩm cần thiết. Điều này giúp lớp nền trang điểm bám tốt hơn, tránh tình trạng bong tróc và mang lại làn da căng mọng, mịn màng suốt cả ngày.
"
Kỹ thuật makeup 'glossy coral' là gì?,"Kỹ thuật makeup ""glossy coral"" tập trung vào vẻ tươi tắn, rạng rỡ với tông cam san hô chủ đạo và hiệu ứng bóng mọng. 

**Các bước thực hiện:**

1.  **Nền:** Sử dụng kem nền nhẹ nhàng, ẩm mịn.
2.  **Màu mắt:** Phủ màu cam san hô nhạt lên bầu mắt, nhấn nhá bằng tông đậm hơn ở đuôi mắt.
3.  **Má hồng:** Chọn má hồng cam san hô, đánh cao trên gò má.
4.  **Môi:** Sử dụng son bóng hoặc son kem màu cam san hô.
5.  **Highlight:** Thêm highlight ở gò má, sống mũi, nhân trung để tăng độ bóng.

Kỹ thuật này phù hợp với mùa hè, giúp bạn trông trẻ trung và tràn đầy năng lượng.
"
Cách chọn màu phấn mắt cho buổi đi xem triển lãm tranh phong cách baroque?,"Để phù hợp với phong cách Baroque đầy màu sắc và kịch tính, bạn nên chọn phấn mắt với tông màu ấm áp và đậm. Các lựa chọn tuyệt vời bao gồm:

1.  **Nâu đồng/Vàng đồng:** Tạo chiều sâu và sự sang trọng.
2.  **Đỏ burgundy/Nâu gạch:** Phản ánh sự quý phái và ấm áp.
3.  **Xanh ngọc lục bảo/Xanh lam đậm:** Nhấn nhá, tạo điểm nhấn tương phản.

Bạn có thể kết hợp các màu này để tạo hiệu ứng ombre lấp lánh, tăng thêm vẻ lộng lẫy cho đôi mắt.
"
Làm sao để nhận diện chai kem dưỡng chứa chiết xuất bơ hạt mỡ qua hình ảnh?,"Để nhận diện kem dưỡng chứa chiết xuất bơ hạt mỡ qua hình ảnh, bạn hãy chú ý các điểm sau:

1. **Màu sắc:** Kem thường có màu trắng ngà hoặc vàng nhạt, do màu tự nhiên của bơ hạt mỡ.
2. **Kết cấu:** Thường đặc, mịn, đôi khi hơi sánh, khác với các loại kem lỏng.
3. **Thành phần:** Kiểm tra danh sách thành phần, tìm từ khóa ""Butyrospermum Parkii Butter"" (tên khoa học của bơ hạt mỡ).
4. **Nhãn mác:** Các sản phẩm có bơ hạt mỡ thường ghi rõ ""Shea Butter"" hoặc ""Bơ hạt mỡ"" trên bao bì.
"
Tại sao nên dùng xịt khóa makeup chứa chiết xuất tầm xuân cho da khô?,"Đối với da khô, xịt khóa makeup chứa chiết xuất tầm xuân là lựa chọn tuyệt vời vì nhiều lý do. Tầm xuân giàu vitamin C và các axit béo thiết yếu, giúp cấp ẩm sâu, làm dịu da và tăng cường hàng rào bảo vệ da. Xịt khóa makeup sẽ giúp lớp trang điểm bền lâu hơn, đồng thời cung cấp thêm độ ẩm, tránh tình trạng da bị bong tróc hoặc mốc do khô. Nhờ vậy, da luôn căng mọng, mịn màng suốt cả ngày.
"
Làm sao để nhận diện cọ tán phấn má hồng dạng medium vát qua hình ảnh?,"Để nhận diện cọ tán phấn má hồng medium vát, bạn hãy chú ý các điểm sau:

1. **Kích thước:** Cọ có kích thước trung bình, không quá to cũng không quá nhỏ.
2. **Hình dáng:** Đầu cọ vát chéo, không phải tròn hoặc dẹt. Phần vát giúp lấy lượng phấn vừa đủ và dễ dàng tạo khối.
3. **Lông cọ:** Lông thường mềm mại, có thể là lông tự nhiên hoặc tổng hợp.
4. **Màu sắc:** Thường thấy màu hồng, đen hoặc bạc.

Cọ vát giúp tán phấn má hồng lên gò má một cách tự nhiên, tạo đường nét mềm mại.
"
Cách chọn son môi cho buổi đi xem triển lãm động vật hoang dã?,"Để chọn son môi phù hợp khi đi xem triển lãm động vật hoang dã, bạn nên ưu tiên sự tự nhiên, thoải mái và lâu trôi.

1.  **Màu sắc:** Chọn các tông màu nude, hồng đào, cam đất hoặc màu berry nhẹ nhàng. Tránh các màu quá nổi bật hoặc sặc sỡ.
2.  **Chất son:** Son kem hoặc son thỏi có chất dưỡng ẩm tốt sẽ giúp môi không bị khô trong suốt thời gian dài.
3.  **Độ bền màu:** Ưu tiên son có độ bền màu cao để không cần dặm lại thường xuyên.

Những lựa chọn này sẽ giúp bạn trông tươi tắn, tự tin mà vẫn phù hợp với không khí gần gũi với thiên nhiên của buổi triển lãm.
"
Cách tạo makeup cho buổi đi xem triển lãm tranh phong cách ấn tượng?,"Để makeup cho buổi đi xem triển lãm tranh phong cách ấn tượng, bạn nên tập trung vào đôi mắt và đôi môi.

1.  **Mắt:** Sử dụng phấn mắt màu đậm như xanh navy, tím hoặc nâu đất, tán đều và nhấn nhá bằng eyeliner đen.
2.  **Môi:** Chọn son màu trầm như đỏ burgundy, nâu chocolate hoặc tím plum.
3.  **Da:** Giữ lớp nền nhẹ nhàng, tự nhiên với chút má hồng đào để khuôn mặt tươi tắn.

Phong cách này giúp bạn nổi bật nhưng vẫn tôn trọng không gian nghệ thuật."
Cách chọn son môi cho buổi đi xem triển lãm văn hóa dân tộc thiểu số?,"Để chọn son môi phù hợp khi đi xem triển lãm văn hóa dân tộc thiểu số, bạn nên ưu tiên sự tự nhiên, tinh tế.

1.  **Màu sắc:** Chọn các tông màu nude, hồng đào, cam đất hoặc đỏ cam trầm. Những màu này tôn da, không quá nổi bật, thể hiện sự tôn trọng văn hóa.
2.  **Chất son:** Son lì hoặc son satin giúp giữ màu lâu, không cần dặm lại nhiều.
3.  **Tránh:** Hạn chế son quá sặc sỡ, bóng hoặc glitter để không gây mất tập trung khi xem triển lãm.
"
Tại sao nên dùng kem lót chứa chiết xuất lô hội cho da nhạy cảm?,"Kem lót chứa chiết xuất lô hội rất lý tưởng cho da nhạy cảm vì lô hội có đặc tính làm dịu và chống viêm mạnh mẽ. Nó giúp giảm kích ứng, mẩn đỏ và tạo một hàng rào bảo vệ nhẹ nhàng cho da. Lô hội cũng cấp ẩm, giúp kem nền bám tốt hơn mà không gây khô da hay làm trầm trọng thêm các vấn đề về da nhạy cảm. Đây là lựa chọn tuyệt vời để chuẩn bị một lớp nền mịn màng và thoải mái.
"
Kỹ thuật makeup 'peach monochrome' là gì?,"Kỹ thuật ""peach monochrome"" là xu hướng trang điểm sử dụng các tông màu đào (peach) trên toàn bộ khuôn mặt để tạo vẻ ngoài tươi tắn, trẻ trung và ấm áp. 

**Các bước thực hiện:**

1.  **Nền:** Chọn phấn nền, kem che khuyết điểm và phấn má hồng tông đào.
2.  **Mắt:** Sử dụng phấn mắt màu đào, có thể từ nhạt đến đậm.
3.  **Môi:** Son môi màu đào hoặc cam đào.
4.  **Hoàn thiện:** Thêm chút highlighter màu đào để tăng độ glow.

Mục đích là tạo sự hài hòa, liền mạch giữa các phần trên khuôn mặt, mang đến vẻ đẹp tự nhiên, ngọt ngào.
"
Cách chọn màu phấn mắt cho buổi đi xem triển lãm tranh phong cách cổ điển?,"Để chọn phấn mắt cho buổi đi xem triển lãm tranh cổ điển, bạn nên ưu tiên các tông màu trung tính, ấm áp và có chút ""vintage"". 

1. **Màu nền:** Chọn phấn màu be, nâu nhạt hoặc màu đào để làm lớp nền.
2. **Màu nhấn:** Sử dụng màu nâu đồng, vàng đồng hoặc màu mận chín để tạo chiều sâu cho mắt.
3. **Màu highlight:** Thêm một chút phấn nhũ vàng hoặc champagne ở khóe mắt để tăng sự tinh tế.

Những màu này sẽ giúp đôi mắt bạn trông hài hòa với không gian nghệ thuật cổ điển, đồng thời không quá nổi bật, làm xao nhãng khỏi các tác phẩm trưng bày.
"
Làm sao để nhận diện chai kem dưỡng chứa chiết xuất trà đen qua hình ảnh?,"Để nhận diện kem dưỡng chứa chiết xuất trà đen qua hình ảnh, bạn có thể chú ý các điểm sau:

1. **Màu sắc:** Bao bì thường có tông màu tối như đen, nâu hoặc xanh đậm, gợi liên tưởng đến trà đen.
2. **Hình ảnh:** Sản phẩm có thể in hình lá trà đen hoặc các họa tiết liên quan đến trà.
3. **Từ khóa:** Tìm các từ như ""Black Tea"", ""Trà Đen"", ""Black Tea Extract"" trên bao bì.
4. **Thương hiệu:** Một số thương hiệu nổi tiếng với dòng sản phẩm trà đen như Sulwhasoo, Innisfree.
"
Tại sao nên dùng xịt khóa makeup chứa chiết xuất hạt nho cho da lão hóa?,"Chào bạn, với làn da lão hóa, xịt khóa makeup chứa chiết xuất hạt nho là lựa chọn tuyệt vời vì một số lý do:

1. **Chống oxy hóa:** Hạt nho giàu resveratrol, một chất chống oxy hóa mạnh mẽ, giúp bảo vệ da khỏi gốc tự do - nguyên nhân chính gây lão hóa.
2. **Dưỡng ẩm:** Chiết xuất hạt nho giúp cân bằng độ ẩm, làm mềm da và giảm khô ráp, đặc biệt quan trọng với da lão hóa vốn dễ mất nước.
3. **Kiểm soát dầu thừa:** Hạt nho còn có khả năng kiểm soát dầu, giúp lớp makeup bền vững hơn mà không gây bí bách.
"
Cách tạo makeup cho buổi đi xem triển lãm nghệ thuật gốm hiện đại?,"Để trang điểm cho buổi đi xem triển lãm gốm hiện đại, bạn nên ưu tiên vẻ ngoài tự nhiên, tinh tế để không làm phân tâm khỏi các tác phẩm nghệ thuật.

1.  **Nền:** Sử dụng kem nền nhẹ nhàng, che khuyết điểm vừa đủ.
2.  **Mắt:** Phấn mắt màu nude hoặc nâu nhạt, kẻ mắt mảnh và mascara nhẹ nhàng.
3.  **Má:** Hồng đào hoặc cam đất để tạo vẻ tươi tắn.
4.  **Môi:** Son nude hoặc màu hồng san hô.

Lý do: Phong cách trang điểm này tôn trọng sự tinh tế của nghệ thuật gốm, đồng thời giúp bạn trông thanh lịch và tự tin.
"
Làm sao để nhận diện cọ tán phấn má hồng dạng fan nhỏ qua hình ảnh?,"Để nhận diện cọ tán phấn má hồng dạng fan nhỏ qua hình ảnh, bạn hãy chú ý các điểm sau:

1. **Hình dáng:** Cọ có hình dáng quạt (fan) với các sợi lông xòe rộng, mềm mại.
2. **Kích thước:** Thường nhỏ gọn, vừa vặn trong lòng bàn tay, dễ dàng kiểm soát.
3. **Sợi lông:** Sợi lông thường mềm, mịn, không quá dày để tán phấn nhẹ nhàng, tự nhiên.
4. **Màu sắc:** Thường có màu hồng, trắng hoặc các màu pastel khác.

Cọ fan nhỏ lý tưởng để tạo khối nhẹ nhàng và tán phấn má hồng lên gò má một cách chính xác.
"
Cách chọn son môi cho buổi đi xem triển lãm cây cảnh bonsai?,"Để chọn son môi phù hợp khi đi xem triển lãm cây cảnh bonsai, bạn nên ưu tiên sự tự nhiên, tinh tế. 

**Bước 1:** Chọn màu son nude, hồng đào hoặc cam đất. Những màu này hài hòa với không gian xanh mát của bonsai, không quá nổi bật nhưng vẫn tôn da.
**Bước 2:** Chất son nên là lì hoặc semi-matte để giữ màu tốt, tránh làm bạn mất tập trung vì phải tô son liên tục.
**Bước 3:** Tránh các màu son quá sặc sỡ hoặc bóng bẩy, vì có thể gây phân tâm và không phù hợp với không khí trang trọng, tĩnh lặng của triển lãm.
"
Tại sao nên dùng tẩy trang dạng dầu argan cho da khô?,"Dầu argan là lựa chọn tuyệt vời cho da khô vì nhiều lý do. Thành phần chính của dầu argan là các axit béo và vitamin E, giúp cấp ẩm sâu, làm mềm da và phục hồi hàng rào bảo vệ da bị tổn thương. Khác với tẩy trang thông thường có thể làm khô da, dầu argan nhẹ nhàng hòa tan bụi bẩn, lớp trang điểm mà không gây mất nước. Nhờ vậy, da sạch thoáng nhưng vẫn giữ được độ ẩm tự nhiên, tránh tình trạng căng kích sau khi tẩy trang.
"
Làm sao để nhận diện hộp phấn mắt dạng glitter qua hình ảnh?,"Để nhận diện hộp phấn mắt glitter qua hình ảnh, bạn hãy chú ý các điểm sau:

1. **Bề mặt:** Phấn glitter thường có bề mặt lấp lánh, chứa các hạt nhũ lớn, dễ thấy bằng mắt thường.
2. **Ánh sáng:** Khi có ánh sáng chiếu vào, phấn glitter sẽ phản xạ ánh sáng mạnh mẽ, tạo hiệu ứng lấp lánh rõ rệt.
3. **Màu sắc:** Màu sắc của phấn glitter có thể đậm hoặc nhạt, nhưng luôn có sự hiện diện của các hạt nhũ lấp lánh.
4. **Kết cấu:** Quan sát kỹ kết cấu phấn, phấn glitter thường không mịn như phấn mắt thông thường.
"
Cách tạo makeup cho buổi đi xem triển lãm tranh phong cách pop art?,"Để makeup cho buổi đi xem triển lãm tranh Pop Art, bạn nên tập trung vào sự tươi sáng và nổi bật, tương đồng với phong cách nghệ thuật này.

1.  **Nền:** Chọn nền mịn, che phủ vừa phải, không quá dày.
2.  **Mắt:** Sử dụng phấn mắt màu sắc tươi sáng như hồng, cam, xanh dương. Vẽ eyeliner mắt mèo sắc nét.
3.  **Má:** Đánh má hồng màu nổi bật như hồng san hô hoặc cam đào.
4.  **Môi:** Son môi màu đỏ tươi, hồng fuchsia hoặc cam sẽ hoàn thiện vẻ ngoài rực rỡ.

Lý do: Pop Art đề cao màu sắc và sự tương phản, nên makeup cũng cần thể hiện điều đó.
"
Làm sao để nhận diện chai xịt dưỡng chứa chiết xuất hoa anh đào qua hình ảnh?,"Để nhận diện chai xịt dưỡng chứa chiết xuất hoa anh đào qua hình ảnh, bạn có thể chú ý các điểm sau:

1. **Màu sắc:** Bao bì thường có tông hồng nhạt, trắng hoặc tím nhạt, gợi liên tưởng đến hoa anh đào.
2. **Hình ảnh:** Chai thường in hình hoa anh đào (Sakura) hoặc các họa tiết liên quan đến Nhật Bản.
3. **Chữ viết:** Có thể có các từ khóa như ""Sakura"", ""Cherry Blossom"", ""Hoa Anh Đào"" trên nhãn.
4. **Thành phần:** Kiểm tra danh sách thành phần, tìm ""Prunus Avium (Cherry) Flower Extract"" hoặc tương tự.
"
Tại sao nên dùng kem lót chứa chiết xuất cây phỉ cho da dầu?,"Kem lót chứa chiết xuất cây phỉ rất lý tưởng cho da dầu vì cây phỉ có đặc tính làm se khít lỗ chân lông tự nhiên. Điều này giúp kiểm soát dầu thừa, giảm bóng nhờn và tạo bề mặt mịn màng cho lớp nền. Hơn nữa, cây phỉ còn có khả năng làm dịu da, giảm kích ứng, đặc biệt hữu ích cho những làn da dầu dễ nổi mụn. Nhờ vậy, kem lót này giúp lớp trang điểm bền lâu hơn và hạn chế tình trạng bít tắc lỗ chân lông.
"
Làm sao để nhận diện cọ tán phấn mắt dạng medium dome qua hình ảnh?,"Để nhận diện cọ tán phấn mắt dạng medium dome qua hình ảnh, bạn hãy chú ý các điểm sau:

1. **Hình dáng:** Đầu cọ có hình vòm (dome) tròn trịa, kích thước vừa phải (medium), không quá to cũng không quá nhỏ.
2. **Độ dày:** Lông cọ dày dặn, đủ để lấy và giữ phấn, nhưng không quá bông xù.
3. **Mục đích sử dụng:** Cọ này thường dùng để tán phấn mắt lên toàn bộ bầu mắt, hoặc tán màu chuyển tiếp.
"
Cách tạo makeup cho buổi đi ăn tối ở nhà hàng Thổ Nhĩ Kỳ?,"Để có một lớp trang điểm phù hợp cho buổi tối tại nhà hàng Thổ Nhĩ Kỳ, bạn nên tập trung vào sự ấm áp và quyến rũ.

1.  **Nền:** Sử dụng kem nền có độ che phủ vừa phải, tán đều để có làn da mịn màng.
2.  **Mắt:** Chọn phấn mắt tông màu đồng, vàng đồng hoặc nâu ấm. Đánh nhũ mắt ở bầu mắt và hốc mắt để tạo chiều sâu. Kẻ mắt mèo nhẹ nhàng.
3.  **Má:** Sử dụng phấn má hồng màu đào hoặc cam đất để tạo vẻ tươi tắn.
4.  **Môi:** Son môi màu đỏ cam hoặc nâu đất sẽ rất hợp với không khí ấm cúng của nhà hàng.
"
Kỹ thuật makeup 'turquoise glow' là gì?,"""Turquoise glow"" là kỹ thuật trang điểm tạo hiệu ứng làn da trong trẻo, rạng rỡ với tông xanh ngọc lam (turquoise) làm chủ đạo. 

**Các bước thực hiện:**

1.  **Kem nền:** Chọn kem nền có độ che phủ nhẹ, ưu tiên các sản phẩm có thành phần dưỡng ẩm.
2.  **Highlight:** Sử dụng highlighter màu xanh ngọc lam ở vùng gò má, sống mũi, khóe mắt và nhân trung.
3.  **Phấn mắt:** Tô phấn mắt màu xanh ngọc lam hoặc xanh biển nhạt.
4.  **Son môi:** Chọn son nude hoặc hồng đào để cân bằng.

Kỹ thuật này phù hợp với các cô nàng da trắng, giúp tôn lên vẻ đẹp hiện đại và cá tính.
"
Cách chọn màu phấn mắt cho buổi đi xem triển lãm tranh phong cách hiện thực?,"Để chọn phấn mắt cho buổi đi xem triển lãm tranh hiện thực, bạn nên ưu tiên sự tinh tế, tự nhiên. Các gam màu trung tính như nâu đất, be, hoặc xám nhạt là lựa chọn an toàn, không gây xao nhãng khi bạn tập trung ngắm tranh. Bạn có thể nhấn nhá bằng một chút màu đồng hoặc nâu đào để tăng chiều sâu cho đôi mắt, nhưng tránh các màu quá nổi bật như hồng neon hay xanh dương. Mục tiêu là để vẻ ngoài hài hòa, tôn trọng không gian nghệ thuật.
"
Làm sao để nhận diện chai kem dưỡng chứa chiết xuất cây liễu trắng qua hình ảnh?,"Để nhận diện kem dưỡng chứa chiết xuất cây liễu trắng qua hình ảnh, bạn hãy chú ý các điểm sau:

1. **Thành phần:** Tìm dòng chữ ""Salix Alba Bark Extract"" (chiết xuất vỏ cây liễu trắng) trên bao bì.
2. **Mô tả:** Sản phẩm thường được quảng cáo có khả năng làm dịu da, giảm kích ứng, hoặc chứa Salicylic Acid (BHA) tự nhiên.
3. **Màu sắc:** Kem có thể có màu trắng hoặc ngà, đôi khi hơi trong suốt.
4. **Hình ảnh:** Một số nhãn hàng có thể in hình cây liễu trên bao bì để nhấn mạnh thành phần.
"
Cách tạo makeup cho buổi đi xem triển lãm nghệ thuật vải thủ công?,"Chào bạn, để makeup cho buổi đi xem triển lãm nghệ thuật vải thủ công, mình gợi ý một phong cách tự nhiên, tinh tế để không làm phân tâm khỏi các tác phẩm nghệ thuật.

1.  **Nền:** Dùng kem nền nhẹ nhàng, che khuyết điểm vừa đủ.
2.  **Mắt:** Phấn mắt màu nude hoặc nâu nhạt, tán đều. Kẻ eyeliner mảnh, mascara nhẹ nhàng.
3.  **Má:** Phấn má hồng đào hoặc cam đất, tạo gò má nhẹ nhàng.
4.  **Môi:** Son dưỡng hoặc son màu nude/ hồng pastel.

Lý do: Phong cách này tôn trọng sự tinh tế của nghệ thuật vải, đồng thời giúp bạn trông tươi tắn, thanh lịch."
Cách chọn son môi cho buổi đi xem triển lãm thực vật học?,"Để chọn son môi phù hợp khi đi xem triển lãm thực vật học, bạn nên ưu tiên vẻ đẹp tự nhiên, tươi tắn.

1.  **Màu sắc:** Chọn các tông màu nude, hồng đào, cam san hô hoặc màu berry nhạt. Những màu này hài hòa với không gian xanh mát của thực vật.
2.  **Chất son:** Son dưỡng ẩm hoặc son bóng nhẹ sẽ giúp đôi môi căng mọng, khỏe mạnh, phù hợp với không khí trong lành.
3.  **Tránh:** Hạn chế son màu quá đậm hoặc quá nổi bật, vì có thể làm mất đi sự tinh tế của buổi đi chơi."
Tại sao nên dùng tẩy trang dạng dầu hạt mơ cho da nhạy cảm?,"Dầu tẩy trang hạt mơ là lựa chọn tuyệt vời cho da nhạy cảm vì một số lý do:

1. **Thành phần dịu nhẹ:** Dầu hạt mơ giàu axit béo và vitamin E, giúp làm mềm da, không gây kích ứng.
2. **Khả năng làm sạch tốt:** Dầu hòa tan bụi bẩn, dầu thừa và kem chống nắng hiệu quả mà không cần chà xát mạnh.
3. **Giữ ẩm:** Không làm mất đi lớp dầu tự nhiên của da, giúp da không bị khô căng sau khi tẩy trang.
4. **Giảm kích ứng:** Hạt mơ có tính kháng viêm nhẹ, giúp làm dịu da nhạy cảm.
"
Cách tạo makeup cho buổi đi xem triển lãm tranh phong cách biểu hiện?,"Để makeup cho buổi đi xem triển lãm tranh phong cách biểu hiện, bạn nên tập trung vào sự tự nhiên, phóng khoáng nhưng vẫn thể hiện được cá tính.

1.  **Da:** Dưỡng ẩm kỹ, dùng kem nền mỏng nhẹ, che khuyết điểm vừa đủ.
2.  **Mắt:** Chọn phấn mắt màu trung tính (nâu, be) hoặc màu sắc lấy cảm hứng từ tác phẩm. Vẽ eyeliner mảnh, không quá sắc sảo.
3.  **Má:** Phấn má hồng màu đào hoặc cam đất nhẹ nhàng.
4.  **Môi:** Son nude, hồng san hô hoặc màu berry trầm.

**Lý do:** Phong cách biểu hiện đề cao cảm xúc, nên makeup không nên quá cầu kỳ, làm lu mờ vẻ đẹp tự nhiên.
"
Kỹ thuật makeup 'soft violet' là gì?,"Kỹ thuật makeup ""soft violet"" (tím nhạt) tập trung vào việc tạo đôi mắt tím nhẹ nhàng, lãng mạn.

**Các bước thực hiện:**

1.  **Màu mắt:** Sử dụng phấn mắt tím nhạt (lavender, lilac) tán đều lên bầu mắt. Có thể kết hợp với màu nude hoặc nâu nhạt để tăng chiều sâu.
2.  **Nhũ (tùy chọn):** Thêm chút nhũ tím hoặc trắng ở khóe mắt để đôi mắt thêm lấp lánh.
3.  **Kẻ mắt:** Kẻ mắt mảnh, màu nâu hoặc tím nhạt.
4.  **Mascara:** Chuốt mascara để làm dài và dày mi.
5.  **Son môi:** Chọn son nude, hồng nhạt hoặc tím pastel để hoàn thiện.

Kỹ thuật này phù hợp với những cô nàng yêu thích vẻ đẹp dịu dàng, nữ tính.
"
Cách chọn son môi cho buổi đi xem triển lãm văn hóa thời kỳ Phục hưng?,"Để chọn son môi phù hợp với buổi xem triển lãm văn hóa Phục hưng, bạn nên ưu tiên các màu son trầm ấm, gợi nhớ vẻ đẹp cổ điển. Các lựa chọn lý tưởng bao gồm:

1.  **Đỏ gạch/Đỏ nâu:** Màu son này tượng trưng cho sự quý phái và sang trọng của thời kỳ Phục hưng.
2.  **Hồng đất/Cam đất:** Tạo vẻ đẹp tự nhiên, thanh lịch, phù hợp với không gian văn hóa.
3.  **Nude:** Nếu bạn thích phong cách tối giản, nude là lựa chọn an toàn, tinh tế.

Tránh các màu son quá nổi bật hoặc hiện đại để không phá vỡ không khí trang trọng của buổi triển lãm.
"
Tại sao nên dùng kem lót chứa chiết xuất cây tầm xuân cho da khô?,"Kem lót chứa chiết xuất cây tầm xuân rất lý tưởng cho da khô vì nhiều lý do. Tầm xuân giàu vitamin C và các axit béo thiết yếu, giúp tăng cường độ ẩm, làm dịu da và hỗ trợ tái tạo tế bào. Điều này giúp làm mềm da, giảm khô ráp và bong tróc. Hơn nữa, tầm xuân còn có khả năng làm sáng da, cải thiện tông màu da, giúp lớp nền sau đó bám dính tốt hơn và có vẻ ngoài tự nhiên hơn.
"
Cách tạo makeup cho buổi đi ăn tối ở nhà hàng Ai Cập?,"Để tạo makeup cho buổi đi ăn tối ở nhà hàng Ai Cập, bạn nên tập trung vào vẻ đẹp huyền bí, quyến rũ.

1.  **Mắt:** Sử dụng phấn mắt màu vàng đồng, nâu hoặc xanh lam đậm, tán đều và nhấn nhá bằng eyeliner đen.
2.  **Da:** Trang điểm nền nhẹ nhàng, tự nhiên, kết hợp bronzer để tạo đường nét góc cạnh.
3.  **Môi:** Son màu đỏ ruby hoặc cam đất sẽ rất phù hợp.
4.  **Điểm nhấn:** Có thể thêm chút nhũ vàng ở khóe mắt hoặc gò má để tăng vẻ lấp lánh."
Kỹ thuật makeup 'golden coral' là gì?,"Kỹ thuật makeup ""golden coral"" là xu hướng trang điểm lấy cảm hứng từ vẻ đẹp nhiệt đới, kết hợp hoàn hảo giữa sắc cam san hô ấm áp và ánh vàng lấp lánh. 

**Các bước thực hiện:**

1.  **Phấn mắt:** Sử dụng phấn mắt màu cam san hô làm chủ đạo, nhấn nhá bằng chút vàng đồng ở đuôi mắt.
2.  **Má hồng:** Chọn má hồng màu cam san hô để tạo độ bừng sáng tự nhiên.
3.  **Son môi:** Son cam san hô hoặc màu nude đào sẽ hoàn thiện vẻ ngoài tươi trẻ, rạng rỡ.

Kỹ thuật này phù hợp với nhiều tông da, đặc biệt là da trung bình và da ngăm.
"
Cách chọn màu phấn mắt cho buổi đi xem triển lãm tranh phong cách lãng mạn?,"Để chọn phấn mắt cho buổi đi xem triển lãm tranh phong cách lãng mạn, bạn nên ưu tiên các tông màu nhẹ nhàng, nữ tính. 

**Bước 1:** Chọn màu base (nền) là màu nude đào hoặc hồng nhạt để làm sáng mắt.
**Bước 2:** Thêm một chút màu hồng san hô, tím lavender hoặc nâu đào lên bầu mắt.
**Bước 3:** Có thể dùng màu đồng hoặc vàng champagne ở khóe mắt để tạo điểm nhấn.

Những màu này sẽ giúp bạn trông tinh tế, phù hợp với không khí nghệ thuật và lãng mạn của buổi triển lãm.
"
Làm thế nào để giữ lớp nền không bị bong tróc vào mùa đông?,"Để giữ lớp nền không bị bong tróc vào mùa đông, bạn cần tập trung vào việc dưỡng ẩm và khóa ẩm kỹ lưỡng. 

**Bước 1:** Dưỡng ẩm da bằng kem dưỡng ẩm giàu glycerin hoặc hyaluronic acid.
**Bước 2:** Sử dụng lớp lót trang điểm (primer) có chứa silicone để tạo một lớp màng bảo vệ, giúp lớp nền bám dính tốt hơn.
**Bước 3:** Chọn phấn nền có công thức dưỡng ẩm, tránh các loại phấn nền quá khô.
**Bước 4:** Cố định lớp nền bằng xịt khóa trang điểm để tăng độ bền và giảm tình trạng bong tróc.
"
Cách chọn màu son môi cho buổi đi dạo công viên vào mùa thu?,"Để chọn son môi cho buổi đi dạo công viên mùa thu, hãy ưu tiên các màu sắc tự nhiên, nhẹ nhàng. Các tông màu như cam đất, hồng đào, hoặc màu nude có chút nâu sẽ rất phù hợp với không khí trong lành và lãng mạn của mùa thu. Những màu này không chỉ tôn da mà còn tạo cảm giác ấm áp, dễ chịu. Tránh các màu quá nổi bật hoặc quá tối để giữ vẻ ngoài tự nhiên, tươi tắn.
"
Tại sao nên dùng cọ lông tổng hợp để tán kem che khuyết điểm?,"Chào bạn,

Cọ lông tổng hợp là lựa chọn lý tưởng để tán kem che khuyết điểm vì một số lý do:

1.  **Ít hấp thụ sản phẩm:** Lông tổng hợp không xốp như lông tự nhiên, giúp bạn không lãng phí kem và dễ dàng kiểm soát lượng sản phẩm.
2.  **Dễ vệ sinh:** Cọ tổng hợp dễ làm sạch và khô nhanh, hạn chế vi khuẩn tích tụ.
3.  **Phù hợp với da nhạy cảm:** Lông tổng hợp ít gây kích ứng, đặc biệt với những bạn có làn da nhạy cảm.

Hy vọng thông tin này hữu ích cho bạn!
"
Cách tạo makeup cho buổi đi xem triển lãm thực vật?,"Chào bạn, để có một lớp trang điểm phù hợp khi đi xem triển lãm thực vật, bạn nên ưu tiên vẻ tự nhiên, tươi tắn.

1.  **Chuẩn bị da:** Dưỡng ẩm kỹ để da căng bóng.
2.  **Nền:** Dùng kem nền nhẹ nhàng, che khuyết điểm vừa đủ.
3.  **Màu mắt:** Chọn tông màu đất, nâu nhạt hoặc xanh lá cây pastel để hòa hợp với không gian.
4.  **Má hồng:** Sử dụng má hồng đào hoặc cam san hô để tạo vẻ ửng hồng tự nhiên.
5.  **Son:** Son dưỡng ẩm hoặc son màu nude/ hồng đào là lựa chọn hoàn hảo.

Tránh trang điểm quá đậm để không làm mất đi vẻ đẹp tinh tế của thiên nhiên xung quanh bạn nhé!
"
Làm sao để nhận diện chai xịt khoáng chứa chiết xuất trà xanh qua hình ảnh?,"Để nhận diện chai xịt khoáng chứa chiết xuất trà xanh qua hình ảnh, bạn có thể chú ý các điểm sau:

1. **Màu sắc:** Phần lớn sản phẩm trà xanh sẽ có màu xanh lá cây nhạt hoặc trong suốt với ánh xanh.
2. **Hình ảnh/Chữ:** Nhãn mác thường in hình lá trà xanh, hoặc có các từ khóa như ""Green Tea"", ""Trà xanh"", ""Matcha"".
3. **Thành phần:** Kiểm tra danh sách thành phần, tìm ""Camellia Sinensis Leaf Extract"" (chiết xuất lá trà xanh) hoặc các dẫn xuất của trà xanh.
"
Cách chọn cọ để tán phấn tạo khối cho mặt dài?,"Với khuôn mặt dài, mục tiêu tạo khối là rút ngắn khuôn mặt và tạo chiều rộng. Bạn nên chọn cọ tán khối **vát xéo**, đầu cọ mềm mại, không quá dày. Cọ vát xéo giúp bạn dễ dàng xác định đường tán khối dưới gò má, tạo bóng đổ tự nhiên. Kích thước cọ vừa phải để dễ dàng kiểm soát lượng phấn và không làm đường khối bị quá đậm, lộ rõ. Nên ưu tiên cọ sợi tổng hợp để dễ dàng blend phấn.
"
Tại sao nên dùng mặt nạ giấy chứa vitamin C trước makeup?,"Chào bạn, một chuyên gia trang điểm đây!

Dùng mặt nạ giấy vitamin C trước khi makeup là một bước chuẩn bị da tuyệt vời. Vitamin C là một chất chống oxy hóa mạnh, giúp làm sáng da, đều màu da và bảo vệ da khỏi tác hại của gốc tự do. Khi da khỏe mạnh và tươi sáng, lớp nền sẽ bám tốt hơn, mịn màng hơn và trông tự nhiên hơn. Ngoài ra, vitamin C còn giúp tăng cường collagen, giúp da căng bóng và giảm thiểu nếp nhăn.
"
Làm sao để nhận diện chai sữa rửa mặt chứa trà trắng qua hình ảnh?,"Để nhận diện sữa rửa mặt chứa trà trắng qua hình ảnh, bạn có thể chú ý các điểm sau:

1. **Màu sắc:** Sản phẩm thường có màu trắng hoặc trong suốt, đôi khi hơi vàng nhạt, gợi liên tưởng đến màu trà.
2. **Hình ảnh/Chữ:** Bao bì thường in hình lá trà trắng, hoặc có dòng chữ ""White Tea"", ""Trà trắng"" rõ ràng.
3. **Thành phần:** Kiểm tra danh sách thành phần, tìm các chiết xuất như *Camellia Sinensis Leaf Extract* (chiết xuất lá trà trắng).
4. **Thương hiệu:** Một số thương hiệu nổi tiếng với dòng sản phẩm trà trắng như Innisfree, The Body Shop.
"
Cách tạo makeup cho buổi đi ăn tối ở nhà hàng Thái?,"Để có makeup phù hợp cho buổi tối tại nhà hàng Thái, bạn nên tập trung vào sự tươi tắn, rạng rỡ nhưng vẫn tinh tế.

1.  **Nền:** Sử dụng kem nền nhẹ nhàng, che khuyết điểm vừa đủ.
2.  **Mắt:** Phấn mắt màu đồng hoặc cam đất sẽ rất hợp với không khí ấm áp của ẩm thực Thái. Kẻ mắt mảnh và chuốt mascara.
3.  **Má:** Hồng đào hoặc cam san hô tạo vẻ tươi trẻ.
4.  **Môi:** Son màu cam san hô hoặc hồng đất là lựa chọn hoàn hảo.

Lưu ý: Giữ lớp makeup nhẹ nhàng, tránh quá cầu kỳ để trông tự nhiên nhất.
"
Kỹ thuật makeup 'cat eye' là gì?,"Kỹ thuật makeup ""cat eye"" (mắt mèo) là tạo dáng eyeliner kéo dài và nhọn ở đuôi mắt, mô phỏng hình dáng mắt mèo. 

**Các bước thực hiện:**

1.  **Vẽ đường viền:** Bắt đầu từ 2/3 đường mi trên, vẽ một đường mảnh dần về phía đuôi mắt.
2.  **Kéo dài:** Tiếp tục kéo dài đường viền này vượt quá đuôi mắt, tạo thành một đường cong hướng lên trên.
3.  **Lấp đầy:** Lấp đầy khoảng trống giữa đường viền và mi mắt.
4.  **Điều chỉnh:** Điều chỉnh độ dày và độ cong cho phù hợp với dáng mắt.

""Cat eye"" giúp mắt trông to, sắc sảo và thu hút hơn.
"
Làm sao để nhận diện hộp phấn highlighter dạng lỏng qua hình ảnh?,"Để nhận diện highlighter dạng lỏng qua hình ảnh, bạn hãy chú ý các điểm sau:

1. **Kết cấu:** Highlighter lỏng thường có vẻ bóng, mỏng nhẹ, không đặc như phấn bột.
2. **Bao bì:** Thường được đựng trong chai thủy tinh hoặc nhựa có ống hút/cọ dẹt để lấy sản phẩm.
3. **Màu sắc:** Màu sắc đa dạng, từ champagne, hồng ngọc trai đến vàng ánh kim, thường có ánh nhũ.
4. **Độ phản quang:** Quan sát ánh sáng phản chiếu trên bề mặt sản phẩm, highlighter lỏng sẽ có độ bóng cao hơn.
"
Tại sao nên dùng kem lót chứa chiết xuất yến mạch cho da nhạy cảm?,"Kem lót chứa chiết xuất yến mạch rất lý tưởng cho da nhạy cảm vì yến mạch có đặc tính chống viêm và làm dịu da tuyệt vời. Nó giúp giảm kích ứng, mẩn đỏ và ngứa rát, đồng thời tạo một hàng rào bảo vệ nhẹ nhàng, giúp da tránh tác động từ các thành phần trang điểm khác. Yến mạch còn giúp cấp ẩm, làm mềm da, tạo lớp nền mịn màng cho lớp makeup sau đó.
"
Cách tạo makeup cho buổi đi xem phim hoạt hình gia đình?,"Chào bạn, để có một lớp makeup phù hợp đi xem phim hoạt hình gia đình, bạn nên ưu tiên sự tươi tắn, tự nhiên.

1.  **Chuẩn bị da:** Dưỡng ẩm nhẹ nhàng.
2.  **Nền:** Dùng BB cream hoặc cushion mỏng nhẹ, che khuyết điểm nếu cần.
3.  **Màu mắt:** Phấn mắt màu hồng đào hoặc cam nhạt, tán đều.
4.  **Má hồng:** Chọn màu hồng baby, đánh nhẹ lên gò má.
5.  **Son:** Son tint hoặc son dưỡng có màu nhẹ nhàng.

Lớp makeup này giúp bạn trông rạng rỡ mà vẫn thoải mái, phù hợp với không khí vui vẻ của buổi xem phim cùng gia đình."
Làm sao để nhận diện cọ tán phấn mắt dạng flat qua hình ảnh?,"Để nhận diện cọ tán phấn mắt dạng flat qua hình ảnh, bạn hãy chú ý đến hình dáng đầu cọ. Cọ flat có đầu cọ dẹt, hình chữ nhật hoặc vuông vắn. Lông cọ thường được cắt thẳng và dày dặn. Loại cọ này thường được dùng để tán phấn lên toàn bộ bầu mắt hoặc để tô điểm màu sắc cho vùng mắt dưới. So với các loại cọ khác, cọ flat có diện tích tiếp xúc lớn hơn, giúp tán phấn nhanh và đều.
"
Cách chọn màu phấn mắt cho buổi đi chơi công viên giải trí ban ngày?,"Để chọn phấn mắt cho buổi đi chơi công viên giải trí ban ngày, bạn nên ưu tiên các màu sắc tươi sáng, tự nhiên nhưng vẫn nổi bật.

**Bước 1:** Chọn phấn mắt có tông màu ấm như cam đào, hồng san hô hoặc nâu vàng. Những màu này phù hợp với ánh nắng tự nhiên và tạo cảm giác tươi trẻ.
**Bước 2:** Thêm một chút nhũ nhẹ để đôi mắt thêm long lanh, nhưng tránh các hạt nhũ quá to gây nặng mắt.
**Bước 3:** Tránh các màu quá tối hoặc quá sặc sỡ, vì có thể không phù hợp với không khí vui chơi ngoài trời.
"
Làm sao để nhận diện chai kem dưỡng chứa peptide qua hình ảnh?,"Để nhận diện kem dưỡng chứa peptide qua hình ảnh, bạn hãy chú ý các điểm sau:

1. **Thành phần:** Tìm các từ khóa như ""peptide"", ""acetyl hexapeptide-8"", ""palmitoyl pentapeptide-4"" trên bao bì.
2. **Mô tả:** Sản phẩm thường nhấn mạnh khả năng chống lão hóa, làm săn chắc da, giảm nếp nhăn - đây là công dụng chính của peptide.
3. **Bao bì:** Các sản phẩm peptide thường có thiết kế hướng đến sự chuyên nghiệp, khoa học, với tông màu trầm hoặc trắng chủ đạo.
"
Cách tạo makeup cho buổi đi xem triển lãm đồ thủ công?,"Chào bạn, để có một lớp makeup phù hợp khi đi xem triển lãm đồ thủ công, bạn nên ưu tiên sự tự nhiên, tinh tế.

1.  **Chuẩn bị da:** Dưỡng ẩm kỹ để lớp nền mịn màng.
2.  **Nền:** Dùng BB cream hoặc foundation mỏng nhẹ, che khuyết điểm vừa đủ.
3.  **Mắt:** Phấn mắt màu nude hoặc nâu nhạt, kẻ eyeliner mảnh và chuốt mascara.
4.  **Má:** Phấn má hồng đào hoặc cam đất nhẹ nhàng.
5.  **Môi:** Son nude hoặc son tint màu hồng san hô.

Lớp makeup này giúp bạn trông tươi tắn, tôn trọng không gian nghệ thuật mà không quá nổi bật."
Kỹ thuật makeup 'winged liner' là gì?,"Kỹ thuật ""winged liner"" (kẻ mắt mèo) là tạo đường kẻ mắt đậm dần và kéo dài ra phía đuôi mắt, tạo hình cánh chim. 

**Các bước thực hiện:**

1.  **Chọn eyeliner:** Gel, liquid hoặc bút chì đều được.
2.  **Kẻ đường viền:** Bắt đầu từ 1/3 đường mắt, vẽ đường mỏng dần về phía đuôi.
3.  **Tạo cánh:** Kéo dài đường kẻ vượt quá đuôi mắt, tạo góc nghiêng mong muốn.
4.  **Lấp đầy:** Tô đầy khoảng trống giữa đường kẻ và mi mắt.
5.  **Điều chỉnh:** Dùng tăm bông chỉnh sửa lỗi.

""Winged liner"" giúp mắt trông to, sắc sảo và thu hút hơn.
"
Cách chọn son môi cho buổi đi xem phim khoa học viễn tưởng?,"Để chọn son môi cho buổi xem phim khoa học viễn tưởng, bạn nên ưu tiên các màu sắc độc đáo, thể hiện cá tính. Các lựa chọn tốt bao gồm:

1.  **Son tím:** gợi cảm giác bí ẩn, tương lai.
2.  **Son xanh dương/xanh lục bảo:** táo bạo, khác biệt, phù hợp với chủ đề công nghệ.
3.  **Son metallic/ánh nhũ:** tạo hiệu ứng ""ngoài hành tinh"", lấp lánh.

Nên chọn chất son lì hoặc bán lì để giữ màu tốt trong suốt buổi phim. Tránh các màu quá nổi bật hoặc gây phân tâm cho người khác.
"
Tại sao nên dùng tẩy trang dạng dầu cho makeup đậm?,"Chào bạn,

Tẩy trang dạng dầu là lựa chọn lý tưởng cho makeup đậm vì một số lý do:

1. **Khả năng hòa tan:** Dầu có khả năng hòa tan các sản phẩm makeup gốc dầu (như kem nền, son lì, mascara chống thấm nước) hiệu quả hơn nước, giúp loại bỏ chúng dễ dàng mà không cần chà xát mạnh.
2. **Bảo vệ da:** Dầu tẩy trang giúp làm mềm da, không gây khô căng hay kích ứng, đặc biệt quan trọng khi da đã bị makeup dày.
3. **Làm sạch sâu:** Loại bỏ hoàn toàn cặn makeup, bụi bẩn, bã nhờn sâu trong lỗ chân lông, ngăn ngừa mụn.

Sau khi dùng dầu tẩy trang, bạn nên dùng thêm sữa rửa mặt để loại bỏ hoàn toàn dầu thừa.
"
Cách tạo makeup cho buổi đi ăn tối ở nhà hàng Việt Nam?,"Để có một lớp trang điểm phù hợp cho buổi tối tại nhà hàng Việt Nam, bạn nên ưu tiên sự tự nhiên, thanh lịch.

1.  **Nền:** Sử dụng kem nền mỏng nhẹ, che khuyết điểm vừa đủ.
2.  **Mắt:** Phấn mắt màu nâu hoặc cam đất, kẻ eyeliner mảnh và chuốt mascara.
3.  **Má:** Phấn má hồng màu đào hoặc hồng san hô để tạo vẻ tươi tắn.
4.  **Môi:** Son màu nude, hồng đất hoặc đỏ cam nhẹ nhàng.

Lưu ý: Vì đồ ăn Việt Nam thường có gia vị, nên tránh trang điểm quá đậm để giữ vẻ tự nhiên."
Làm sao để nhận diện cọ tán phấn mắt dạng blending nhỏ qua hình ảnh?,"Để nhận diện cọ tán phấn mắt blending nhỏ qua hình ảnh, bạn chú ý các điểm sau:

1. **Hình dáng:** Đầu cọ tròn, xoe, lông cọ mềm mại, không quá dày.
2. **Kích thước:** Nhỏ, thường từ 1-2cm đường kính, phù hợp tán phấn ở hốc mắt.
3. **Lông cọ:** Thường làm từ sợi tự nhiên hoặc tổng hợp chất lượng cao, giúp tán phấn mượt mà, không gây kích ứng.
4. **Màu sắc:** Thường thấy màu trắng, đen hoặc kết hợp.

Cọ blending nhỏ giúp tạo chiều sâu và sự chuyển màu nhẹ nhàng cho đôi mắt.
"
Cách chọn màu son môi cho buổi đi xem triển lãm đá quý?,"Để chọn son môi phù hợp khi đi xem triển lãm đá quý, bạn nên ưu tiên các màu son trung tính, tinh tế để không ""đánh cắp"" sự chú ý của những viên đá quý lấp lánh. 

*   **Màu nude, hồng đào hoặc cam đất:** Những màu này tạo vẻ thanh lịch, tự nhiên, giúp khuôn mặt trông tươi tắn mà không quá nổi bật.
*   **Tránh son quá sặc sỡ:** Đỏ tươi, cam neon hay tím đậm có thể khiến tổng thể trang điểm bị ""lạc quẻ"".
*   **Lớp son mỏng:** Đảm bảo son lên môi nhẹ nhàng, không quá dày để giữ vẻ tinh tế."
Tại sao nên dùng kem lót chứa chiết xuất dưa leo cho da dầu?,"Kem lót chứa chiết xuất dưa leo rất lý tưởng cho da dầu vì dưa leo có chứa nhiều nước và các vitamin giúp cấp ẩm nhẹ nhàng, không gây bí da. Đồng thời, dưa leo có tính chất làm mát, giúp giảm tình trạng sưng đỏ và kiểm soát dầu thừa hiệu quả. Việc sử dụng kem lót này giúp lớp nền trang điểm bám tốt hơn, mịn màng hơn và hạn chế tình trạng bóng dầu suốt cả ngày.
"
Làm sao để nhận diện chai xịt dưỡng chứa vitamin B5 qua hình ảnh?,"Để nhận diện chai xịt dưỡng chứa Vitamin B5 qua hình ảnh, bạn có thể chú ý các điểm sau:

1. **Nhãn mác:** Tìm các từ khóa như ""Vitamin B5"", ""Panthenol"" (tên khoa học của B5), ""Pro-Vitamin B5"" hoặc ""Hydrating"" (dưỡng ẩm) vì B5 nổi tiếng với khả năng cấp ẩm.
2. **Màu sắc sản phẩm:** Dung dịch thường trong suốt hoặc hơi vàng nhạt.
3. **Kết cấu:** Chai xịt thường có vòi phun sương mịn.
4. **Thương hiệu:** Các thương hiệu dược mỹ phẩm thường tập trung vào thành phần B5.
"
Cách tạo makeup cho buổi đi xem triển lãm tranh cổ điển?,"Để trang điểm đi xem triển lãm tranh cổ điển, bạn nên ưu tiên vẻ đẹp thanh lịch, tinh tế.

1.  **Nền:** Chọn kem nền nhẹ nhàng, che phủ vừa phải để giữ vẻ tự nhiên.
2.  **Mắt:** Phấn mắt màu nude, nâu trầm hoặc đào nhẹ nhàng, đánh nhũ mắt ánh kim cho điểm nhấn. Kẻ mắt mảnh, không quá sắc sảo.
3.  **Má:** Phấn má hồng đào hoặc hồng san hô, đánh nhẹ nhàng để tạo vẻ ửng hồng tự nhiên.
4.  **Môi:** Son môi màu nude, hồng đất hoặc đỏ cam cổ điển.

Lý do: Phong cách trang điểm này tôn trọng vẻ đẹp của nghệ thuật cổ điển, không quá nổi bật mà vẫn đủ thu hút.
"
Kỹ thuật makeup 'strobing' là gì?,"Strobing là kỹ thuật tạo khối highlight, tập trung làm nổi bật những vùng cao nhất trên khuôn mặt để tạo hiệu ứng căng bóng, rạng rỡ tự nhiên. Khác với contour tạo khối, strobing chỉ sử dụng highlight ở gò má, sống mũi, trán, cằm và nhân trung. 

**Các bước thực hiện:**

1.  **Chuẩn bị:** Dưỡng ẩm kỹ lưỡng.
2.  **Highlight:** Dùng cọ nhỏ hoặc ngón tay thoa highlight dạng kem hoặc lỏng lên các vị trí cần làm nổi bật.
3.  **Tán đều:** Tán nhẹ nhàng để highlight hòa quyện với da, tránh đường nét quá rõ ràng.

Strobing phù hợp với mọi loại da, đặc biệt là da khô và da thường.
"
Tại sao nên dùng son dưỡng chứa dầu argan trước son kem?,"Chào bạn,

Son dưỡng chứa dầu argan là bước chuẩn bị tuyệt vời trước khi dùng son kem vì nhiều lý do. Dầu argan giàu vitamin E và axit béo, giúp môi mềm mịn, làm giảm tình trạng khô bong tróc. Khi môi đủ ẩm, son kem sẽ lên màu chuẩn hơn, không bị vón cục hay lộ vân môi. Ngoài ra, dầu argan còn tạo một lớp màng bảo vệ, giúp son kem giữ màu lâu hơn và không làm khô môi.
"
Làm sao để nhận diện chai tẩy trang dạng micellar nhẹ qua hình ảnh?,"Để nhận diện chai tẩy trang micellar nhẹ qua hình ảnh, bạn hãy chú ý các điểm sau:

1. **Dung tích:** Thường từ 100-400ml, đủ dùng lâu dài.
2. **Chất lỏng:** Màu sắc trong suốt hoặc hơi đục nhẹ, không quá đặc.
3. **Nhãn mác:** Ghi rõ ""Micellar Water"" hoặc ""Eau Micellaire"", có thể kèm dòng chữ ""cho da nhạy cảm"" hoặc ""không cồn"".
4. **Bao bì:** Thiết kế đơn giản, thường là chai nhựa trong suốt hoặc mờ, có vòi nhấn tiện dụng.
"
Cách chọn son môi cho buổi đi xem phim hành động?,"Để chọn son môi cho buổi xem phim hành động, bạn nên ưu tiên sự thoải mái và tự nhiên.

1.  **Chọn chất son lì hoặc bán lì:** Chất son này bền màu, ít lem khi ăn uống hoặc vận động nhẹ.
2.  **Màu sắc trung tính:** Đỏ đất, cam đất, hồng nude hoặc màu nude là lựa chọn an toàn, không quá nổi bật nhưng vẫn tôn da.
3.  **Tránh son bóng:** Son bóng dễ dính tóc và không bền màu bằng son lì.

Lý do: Phim hành động thường kéo dài, bạn không muốn phải liên tục dặm son. Màu sắc tự nhiên giúp bạn trông tươi tắn mà không bị quá cầu kỳ.
"
Tại sao nên dùng kem lót chứa chiết xuất cây phỉ cho da nhạy cảm?,"Kem lót chứa chiết xuất cây phỉ rất lý tưởng cho da nhạy cảm vì một số lý do. Cây phỉ có đặc tính làm dịu và chống viêm, giúp giảm kích ứng, mẩn đỏ và sưng tấy. Nó cũng giúp se khít lỗ chân lông, kiểm soát dầu thừa nhẹ nhàng mà không gây khô da. Điều này tạo một lớp nền mịn màng, giúp kem nền bám tốt hơn và bảo vệ da khỏi các tác nhân gây hại từ môi trường.
"
Làm sao để nhận diện cọ tán phấn highlighter dạng tròn qua hình ảnh?,"Để nhận diện cọ tán phấn highlighter dạng tròn qua hình ảnh, bạn hãy chú ý các điểm sau:

1. **Hình dáng:** Đầu cọ có hình tròn, thường khá đầy đặn và mềm mại.
2. **Kích thước:** Thường nhỏ gọn hơn các loại cọ khác, phù hợp tán highlight lên các vùng gò má, sống mũi, nhân trung.
3. **Lông cọ:** Lông cọ mềm, mịn và thưa để tạo hiệu ứng highlight nhẹ nhàng, tự nhiên.
4. **Màu sắc:** Thường có màu trắng, bạc hoặc hồng nhạt.
"
Cách tạo makeup cho buổi đi ăn tối ở nhà hàng Nhật?,"Để có một lớp trang điểm phù hợp cho buổi tối tại nhà hàng Nhật, hãy tập trung vào sự tinh tế và tự nhiên.

1.  **Nền:** Sử dụng kem nền mỏng nhẹ, che khuyết điểm vừa đủ.
2.  **Mắt:** Phấn mắt màu nâu nhạt hoặc cam đào, tán đều. Kẻ eyeliner mảnh, không quá đậm.
3.  **Má:** Phấn má hồng màu đào hoặc hồng san hô, đánh nhẹ nhàng.
4.  **Môi:** Son môi màu hồng nude, cam san hô hoặc đỏ san hô.

Lý do: Phong cách trang điểm này tôn lên vẻ đẹp dịu dàng, phù hợp với không gian ấm cúng của nhà hàng Nhật."
Kỹ thuật makeup 'ombre lips' là gì?,"Kỹ thuật ombre lips (hay còn gọi là lòng môi) là xu hướng trang điểm môi tạo hiệu ứng chuyển màu từ đậm ở viền môi vào nhạt dần ở trung tâm, tạo chiều sâu và đôi môi căng mọng. 

**Cách thực hiện:**
1. Đánh son đậm màu viền môi.
2. Dùng cọ hoặc tăm tán đều son vào trung tâm, làm nhạt dần màu.
3. Có thể dùng thêm son dưỡng để đôi môi mềm mại.

Kỹ thuật này phù hợp với nhiều hình dáng môi, đặc biệt giúp môi trông đầy đặn hơn.
"
Cách chọn màu phấn mắt cho buổi đi xem triển lãm thời trang bền vững?,"Để chọn màu phấn mắt phù hợp cho buổi đi xem triển lãm thời trang bền vững, bạn nên ưu tiên các tông màu đất tự nhiên như nâu, be, hoặc cam đất. Những màu này thể hiện sự gần gũi với thiên nhiên, phù hợp với tinh thần của thời trang bền vững. Bạn có thể kết hợp thêm một chút màu xanh rêu hoặc xám tro để tạo điểm nhấn tinh tế, thể hiện sự sáng tạo và gu thẩm mỹ độc đáo. Tránh các màu quá sặc sỡ hoặc lấp lánh.
"
Làm sao để nhận diện chai kem dưỡng chứa ceramide qua hình ảnh?,"Để nhận diện kem dưỡng chứa ceramide qua hình ảnh, bạn hãy chú ý các điểm sau:

1. **Thành phần:** Tìm các từ khóa như ""Ceramide"", ""Ceramide NP"", ""Ceramide AP"", ""Ceramide EOP"" trên bao bì.
2. **Mô tả:** Sản phẩm thường nhấn mạnh khả năng ""phục hồi hàng rào bảo vệ da"", ""dưỡng ẩm sâu"", ""làm dịu da"" - những lợi ích chính của ceramide.
3. **Kết cấu:** Kem ceramide thường có kết cấu đặc vừa phải, mịn màng, không quá lỏng hoặc đặc quánh.
"
Tại sao nên dùng xịt khóa makeup chứa chiết xuất trà đen cho da dầu?,"Xịt khóa makeup chứa chiết xuất trà đen rất lý tưởng cho da dầu vì trà đen giàu tannin, một chất tự nhiên giúp kiểm soát dầu thừa, thu nhỏ lỗ chân lông và làm dịu da. Nó giúp lớp trang điểm bám lâu hơn, hạn chế tình trạng bóng dầu, lem trôi và mang lại cảm giác tươi mát, dễ chịu. Đồng thời, trà đen còn có khả năng chống oxy hóa, bảo vệ da khỏi tác động của môi trường.
"
Cách tạo makeup cho buổi đi xem triển lãm tranh hiện đại?,"Để trang điểm cho buổi đi xem triển lãm tranh hiện đại, bạn nên ưu tiên vẻ ngoài tự nhiên, tinh tế nhưng vẫn có điểm nhấn.

1.  **Nền:** Sử dụng kem nền nhẹ nhàng, che khuyết điểm vừa đủ.
2.  **Mắt:** Chọn phấn mắt màu trung tính (nâu, be) hoặc một chút màu độc đáo như xanh navy, cam đất. Kẻ eyeliner mảnh và chuốt mascara.
3.  **Má:** Phấn má hồng màu đào hoặc hồng san hô nhẹ nhàng.
4.  **Môi:** Son nude, hồng baby hoặc màu berry trầm.

Lý do: Trang điểm nhẹ nhàng không làm phân tâm khi bạn chiêm ngưỡng nghệ thuật, đồng thời thể hiện sự am hiểu và gu thẩm mỹ tinh tế.
"
Làm sao để nhận diện cọ tán phấn mắt dạng pencil qua hình ảnh?,"Để nhận diện cọ tán phấn mắt dạng pencil qua hình ảnh, bạn hãy chú ý các điểm sau:

1. **Hình dáng:** Cọ có hình dáng thuôn dài, đầu cọ nhỏ và dẹt tương tự như bút chì (pencil).
2. **Lông cọ:** Lông cọ thường mềm, dày dặn và được xếp chặt chẽ.
3. **Kích thước:** So với các loại cọ tán phấn mắt khác, cọ pencil thường nhỏ gọn hơn, phù hợp để tán phấn trong các vùng hẹp như khóe mắt.
4. **Màu sắc:** Thường có màu đen hoặc màu kim loại.
"
Cách chọn son môi cho buổi đi xem phim lãng mạn?,"Để chọn son môi cho buổi xem phim lãng mạn, bạn nên ưu tiên những màu sắc tự nhiên, nhẹ nhàng. Son hồng đào, cam san hô hoặc màu nude sẽ là lựa chọn hoàn hảo, giúp bạn trông tươi tắn, nữ tính mà không quá nổi bật. Chất son nên là son dưỡng hoặc son tint lì nhẹ để thoải mái trong suốt buổi phim. Tránh các màu son quá đậm hoặc bóng, có thể gây mất tập trung cho cả bạn và người đối diện.
"
Tại sao nên dùng tẩy trang dạng gel nhẹ cho da hỗn hợp?,"Chào bạn, với da hỗn hợp, tẩy trang dạng gel nhẹ là lựa chọn lý tưởng vì một số lý do sau:

1. **Làm sạch hiệu quả:** Gel tẩy trang có khả năng loại bỏ bụi bẩn, dầu thừa ở vùng chữ T (trán, mũi, cằm) mà không gây khô căng.
2. **Duy trì độ ẩm:** Công thức dịu nhẹ giúp cân bằng độ ẩm, tránh làm mất nước ở vùng da khô.
3. **Không gây kích ứng:** Gel thường không chứa cồn, hương liệu mạnh, phù hợp với cả da nhạy cảm.
"
Làm sao để nhận diện hộp phấn phủ dạng bột nén qua hình ảnh?,"Để nhận diện hộp phấn phủ dạng bột nén qua hình ảnh, bạn hãy chú ý các điểm sau:

1. **Hình dáng hộp:** Thường là hình tròn, vuông hoặc chữ nhật, có nắp đậy kín.
2. **Bề mặt:** Bột phấn được nén chặt thành khối, có thể nhìn thấy các lỗ nhỏ hoặc hoa văn trên bề mặt.
3. **Dụng cụ đi kèm:** Thường có bông phấn hoặc cọ nhỏ để lấy và tán phấn.
4. **Thông tin trên hộp:** Ghi rõ dòng chữ ""Powder"" hoặc ""Compact Powder"".
"
Cách tạo makeup cho buổi đi xem triển lãm văn hóa dân gian?,"Để trang điểm cho buổi đi xem triển lãm văn hóa dân gian, bạn nên ưu tiên vẻ đẹp tự nhiên, thanh lịch.

1.  **Nền:** Dùng kem nền nhẹ nhàng, che khuyết điểm vừa đủ.
2.  **Mắt:** Phấn mắt màu đất, cam đất hoặc nâu nhạt, tán đều. Kẻ mắt mảnh, không quá sắc sảo.
3.  **Má:** Phấn má hồng đào hoặc cam san hô, tạo gò má nhẹ nhàng.
4.  **Môi:** Son màu nude, hồng đào hoặc cam cháy, chất son mềm mịn.

Lý do: Phong cách trang điểm này tôn lên vẻ đẹp dịu dàng, phù hợp với không khí trang trọng nhưng vẫn gần gũi của triển lãm văn hóa.
"
Kỹ thuật makeup 'glossy lids' là gì?,"""Glossy lids"" là kỹ thuật trang điểm mắt tạo hiệu ứng đôi mắt căng bóng, lấp lánh như vừa được phủ sương. Để thực hiện, bạn cần:

1.  **Phủ phấn mắt:** Chọn phấn mắt lì làm base.
2.  **Thêm nhũ:** Dùng cọ nhỏ tán nhũ mắt mịn lên bầu mắt.
3.  **Sử dụng son bóng:** Thoa một lớp son bóng không màu hoặc có màu nhạt lên trên lớp nhũ.

Hiệu ứng này giúp đôi mắt trông to tròn, thu hút và tạo điểm nhấn độc đáo cho makeup look.
"
Làm sao để nhận diện chai xịt dưỡng chứa niacinamide qua hình ảnh?,"Để nhận diện chai xịt dưỡng chứa niacinamide qua hình ảnh, bạn hãy chú ý các điểm sau:

1. **Kiểm tra bảng thành phần:** Niacinamide thường được ghi rõ ràng trên bao bì, hoặc có thể dưới tên khác như Vitamin B3.
2. **Màu sắc sản phẩm:** Dung dịch niacinamide thường trong suốt, có thể hơi vàng nhạt.
3. **Nhãn hiệu & mô tả:** Các sản phẩm này thường có ghi chú về khả năng làm sáng da, giảm mụn, hoặc cải thiện lỗ chân lông.
"
Cách chọn son môi cho buổi đi xem triển lãm đồ trang sức?,"Để chọn son môi phù hợp khi đi xem triển lãm đồ trang sức, bạn nên ưu tiên sự tinh tế và không quá nổi bật để không ""đánh cắp"" ánh nhìn từ những món trang sức lộng lẫy. 

**Gợi ý:**

1.  **Màu sắc:** Chọn các tông màu nude, hồng đào, hoặc cam đất nhẹ nhàng.
2.  **Chất son:** Son lì hoặc son satin sẽ giữ màu tốt và không gây bóng loáng quá mức.
3.  **Tránh:** Các màu son quá sặc sỡ như đỏ tươi, hồng neon, hoặc tím đậm.

Mục đích là để đôi môi trông tự nhiên, thanh lịch và làm nổi bật vẻ đẹp của trang sức bạn đang chiêm ngưỡng.
"
Tại sao nên dùng kem lót chứa chiết xuất hoa oải hương cho da nhạy cảm?,"Kem lót chứa chiết xuất hoa oải hương rất lý tưởng cho da nhạy cảm vì một số lý do. Oải hương nổi tiếng với đặc tính làm dịu và chống viêm, giúp giảm kích ứng và mẩn đỏ. Nó cũng có khả năng làm dịu da, giảm căng thẳng và tạo cảm giác thư giãn. Kem lót có oải hương giúp làm mềm da, tạo lớp nền mịn màng cho trang điểm, đồng thời bảo vệ da khỏi các tác nhân gây hại từ môi trường.
"
Làm sao để nhận diện cọ tán phấn má hồng dạng vát nhỏ qua hình ảnh?,"Để nhận diện cọ tán phấn má hồng dạng vát nhỏ qua hình ảnh, bạn hãy chú ý các điểm sau:

1. **Hình dáng:** Cọ có hình dáng vát chéo, không phải tròn hoặc dẹt.
2. **Kích thước:** Lông cọ nhỏ, mảnh, thường ngắn hơn các loại cọ má hồng khác.
3. **Đầu cọ:** Đầu cọ vát giúp tạo đường nét sắc sảo, phù hợp tán phấn má hồng lên gò má cao.
4. **Màu sắc:** Thường thấy màu lông cọ trắng, đen hoặc kết hợp.
"
Cách chọn màu phấn mắt cho buổi đi xem triển lãm tranh trừu tượng?,"Để chọn phấn mắt cho buổi đi xem triển lãm tranh trừu tượng, bạn nên ưu tiên sự tinh tế và không quá nổi bật để không ""đánh cắp"" sự chú ý của các tác phẩm.

1. **Chọn tông màu trung tính:** Be, nâu nhạt, xám tro là những lựa chọn an toàn.
2. **Thêm một chút màu sắc:** Nếu muốn, hãy chọn một màu sắc lấy cảm hứng từ các tác phẩm trừu tượng (ví dụ: xanh cobalt, vàng mù tạt) nhưng dùng nhạt và làm điểm nhấn nhỏ ở đuôi mắt.
3. **Kết cấu:** Phấn mắt lì hoặc satin sẽ phù hợp hơn là phấn nhũ.
"
Làm sao để nhận diện chai kem dưỡng chứa vitamin E qua hình ảnh?,"Để nhận diện kem dưỡng chứa Vitamin E qua hình ảnh, bạn có thể chú ý các điểm sau:

1. **Màu sắc:** Kem Vitamin E thường có màu vàng nhạt hoặc hơi cam do đặc tính của vitamin này.
2. **Thành phần:** Kiểm tra danh sách thành phần, tìm các ký hiệu như ""Tocopherol"", ""Tocopheryl Acetate"" - đây là các dạng của Vitamin E.
3. **Bao bì:** Một số sản phẩm sẽ ghi rõ ""Vitamin E"" hoặc ""E"" trên bao bì để nhấn mạnh thành phần này.
"
Cách tạo makeup cho buổi đi xem triển lãm thời trang cổ điển?,"Để trang điểm cho buổi xem triển lãm thời trang cổ điển, hãy tập trung vào vẻ đẹp thanh lịch, tinh tế.

1.  **Nền:** Chọn kem nền nhẹ nhàng, che phủ vừa phải để giữ vẻ tự nhiên.
2.  **Mắt:** Sử dụng phấn mắt tông màu nude, nâu hoặc đào. Vẽ eyeliner mảnh, không quá đậm.
3.  **Má:** Phấn má hồng màu hồng đào nhẹ nhàng để tạo vẻ tươi tắn.
4.  **Môi:** Son môi màu đỏ gạch hoặc hồng đất cổ điển.

Lý do: Phong cách cổ điển đề cao sự thanh lịch, không quá cầu kỳ."
Cách chọn son môi cho buổi đi xem phim hài kịch?,"Để chọn son môi cho buổi đi xem phim hài kịch, bạn nên ưu tiên sự thoải mái và tự nhiên. Một thỏi son tint hoặc son dưỡng có màu nhẹ nhàng như hồng đào, cam san hô sẽ là lựa chọn lý tưởng. Màu sắc này giúp bạn trông tươi tắn, rạng rỡ mà không quá nổi bật, phù hợp với không khí vui vẻ của buổi xem phim. Tránh các màu son quá đậm hoặc bóng, vì có thể gây mất tập trung khi ăn uống hoặc nói chuyện.
"
Tại sao nên dùng tẩy trang dạng bọt cho da dầu?,"Chào bạn, với da dầu, tẩy trang dạng bọt là lựa chọn lý tưởng vì một số lý do sau:

1. **Khả năng làm sạch sâu:** Bọt khí len lỏi vào lỗ chân lông, loại bỏ hiệu quả dầu thừa, bụi bẩn và cặn trang điểm.
2. **Cân bằng độ pH:** Nhiều sản phẩm có độ pH cân bằng, giúp da không bị khô căng sau khi tẩy trang.
3. **Kết cấu nhẹ nhàng:** Không gây bí bách lỗ chân lông như dầu tẩy trang, hạn chế tình trạng mụn.

Hãy chọn sản phẩm không chứa cồn và hương liệu để tránh kích ứng da nhé!
"
Cách tạo makeup cho buổi đi xem triển lãm đồ gốm?,"Chào bạn, để makeup cho buổi đi xem triển lãm đồ gốm, mình gợi ý một phong cách tự nhiên, tinh tế nhé:

1.  **Chuẩn bị da:** Dưỡng ẩm kỹ để lớp nền mịn màng.
2.  **Nền:** Dùng kem nền mỏng nhẹ, che khuyết điểm vừa đủ.
3.  **Mắt:** Phấn mắt màu nude hoặc nâu nhạt, tán đều. Kẻ eyeliner mảnh, chuốt mascara.
4.  **Má:** Phấn má hồng đào hoặc cam đất, đánh nhẹ nhàng.
5.  **Môi:** Son nude hoặc màu hồng san hô, đánh lòng môi để tự nhiên.

Phong cách này tôn trọng vẻ đẹp tự nhiên, không quá nổi bật để bạn tập trung vào các tác phẩm gốm."
Kỹ thuật makeup 'soft mauve' là gì?,"Kỹ thuật makeup ""soft mauve"" tập trung vào tông màu tím hồng pastel nhẹ nhàng, tạo vẻ đẹp tự nhiên, thanh lịch. 

**Các bước thực hiện:**

1.  **Phấn mắt:** Sử dụng phấn mắt màu mauve (hồng tím nhạt) tán đều lên bầu mắt, tập trung vào hốc mắt.
2.  **Má hồng:** Chọn má hồng màu mauve hoặc hồng đào, đánh nhẹ lên gò má.
3.  **Son môi:** Sử dụng son màu mauve hoặc hồng nude để hoàn thiện.

Kỹ thuật này phù hợp với mọi màu da, đặc biệt tôn lên sự dịu dàng của các bạn nữ.
"
Làm sao để nhận diện chai xịt dưỡng chứa hyaluronic acid qua hình ảnh?,"Để nhận diện chai xịt dưỡng chứa hyaluronic acid qua hình ảnh, bạn hãy chú ý các điểm sau:

1. **Chữ ""Hyaluronic Acid"" hoặc ""HA"":** Tìm dòng chữ này trên nhãn sản phẩm.
2. **Mô tả công dụng:** Sản phẩm thường ghi rõ khả năng cấp ẩm, dưỡng da căng mọng, làm dịu da.
3. **Kết cấu:** Dựa vào hình ảnh, nếu thấy dung dịch trong suốt, lỏng nhẹ thì khả năng cao là chứa hyaluronic acid.
4. **Thương hiệu uy tín:** Ưu tiên các thương hiệu dược mỹ phẩm hoặc skincare nổi tiếng.
"
Cách chọn son môi cho buổi đi xem triển lãm công nghệ tương lai?,"Để chọn son môi cho buổi đi xem triển lãm công nghệ tương lai, bạn nên ưu tiên các màu son hiện đại, thể hiện sự năng động và cá tính.

1.  **Màu sắc:** Son nude, hồng đào, cam đất hoặc các màu son có chút ánh kim/nhũ nhẹ sẽ rất phù hợp. Tránh các màu quá sặc sỡ hoặc quá tối.
2.  **Chất son:** Ưu tiên son lì hoặc son kem lì để giữ màu tốt, không bị lem khi bạn tương tác với các thiết bị công nghệ.
3.  **Lý do:** Các màu sắc này tạo cảm giác trẻ trung, năng động, đồng thời không làm phân tâm khi bạn tập trung vào các công nghệ mới.
"
Tại sao nên dùng kem lót chứa chiết xuất trà trắng cho da dầu?,"Kem lót chứa chiết xuất trà trắng rất lý tưởng cho da dầu vì một số lý do: Trà trắng giàu chất chống oxy hóa, giúp bảo vệ da khỏi tác hại của môi trường. Đồng thời, nó có khả năng kiểm soát dầu thừa, se khít lỗ chân lông, giúp lớp nền mịn màng, lâu trôi hơn. Chiết xuất này còn có tính kháng viêm, giảm kích ứng, phù hợp với làn da dầu nhạy cảm. Nhờ vậy, kem lót này giúp cân bằng da, chuẩn bị bề mặt hoàn hảo cho các bước trang điểm tiếp theo.
"
Làm sao để nhận diện cọ tán phấn highlighter dạng fan qua hình ảnh?,"Để nhận diện cọ tán phấn highlighter dạng fan qua hình ảnh, bạn hãy chú ý các điểm sau:

1. **Hình dáng:** Cọ có hình dáng xòe rộng như cánh quạt (fan), lông cọ mềm mại và thường ngắn.
2. **Mật độ lông:** Lông cọ dày dặn nhưng vẫn đảm bảo độ thoáng để lấy và tán phấn highlighter nhẹ nhàng.
3. **Kích thước:** Thường nhỏ gọn, vừa vặn để tán highlighter lên các vùng gò má, sống mũi, nhân trung.
4. **Màu sắc:** Thường có màu trắng, bạc hoặc hồng nhạt, phù hợp với tông màu của highlighter.
"
Cách chọn màu phấn mắt cho buổi đi xem phim kinh dị?,"Để chọn màu phấn mắt cho buổi xem phim kinh dị, bạn nên ưu tiên các tông màu tối và trầm để tạo chiều sâu cho đôi mắt, phù hợp với không khí rùng rợn.

1.  **Màu nền:** Chọn màu nâu nhạt hoặc xám tro làm lớp nền.
2.  **Màu chính:** Sử dụng màu tím đậm, xanh rêu, hoặc nâu sẫm ở phần hốc mắt.
3.  **Màu nhấn:** Thêm chút màu đen hoặc burgundy ở đuôi mắt để tạo điểm nhấn bí ẩn.
4.  **Highlight:** Dùng phấn nhũ màu champagne ở khóe mắt và dưới chân mày để mở rộng đôi mắt.

"
Làm sao để nhận diện chai kem chống nắng dạng gel qua hình ảnh?,"Để nhận diện kem chống nắng dạng gel qua hình ảnh, bạn hãy chú ý các điểm sau:

1. **Kết cấu:** Gel thường trong suốt hoặc hơi mờ, không đặc như kem.
2. **Bao bì:** Thường được đựng trong tuýp hoặc chai có vòi pump, giúp dễ dàng lấy lượng sản phẩm vừa đủ.
3. **Thành phần:** Nhìn trên bao bì, gel thường chứa nhiều thành phần gốc nước (water-based) như nước, glycerin.
4. **Độ bóng:** Khi thoa lên da, gel thường tạo hiệu ứng ẩm mịn, bóng nhẹ chứ không khô ráo như kem.
"
Tại sao nên dùng son dưỡng chứa bơ hạt mỡ trước son kem?,"Chào bạn,

Son dưỡng chứa bơ hạt mỡ là bước chuẩn bị tuyệt vời trước khi dùng son kem vì một số lý do:

1. **Dưỡng ẩm:** Bơ hạt mỡ giàu vitamin và axit béo, giúp môi mềm mại, tránh tình trạng khô bong tróc.
2. **Tạo lớp nền:** Son dưỡng tạo một lớp nền mịn màng, giúp son kem bám dính tốt hơn, lên màu chuẩn và không bị vón cục.
3. **Bảo vệ môi:** Bơ hạt mỡ giúp bảo vệ môi khỏi tác động của các thành phần có thể gây khô trong son kem.

Việc này giúp đôi môi luôn căng mọng và khỏe mạnh.
"
Làm sao để nhận diện cọ tán phấn mắt dạng small blending qua hình ảnh?,"Để nhận diện cọ tán phấn mắt dạng small blending qua hình ảnh, bạn hãy chú ý các điểm sau:

1. **Hình dáng:** Đầu cọ tròn, nhỏ và vát nhẹ, không quá dày.
2. **Lông cọ:** Lông mềm, tơi và không quá dài (khoảng 1-1.5cm).
3. **Kích thước:** Nhỏ gọn, vừa vặn để tán phấn trong hốc mắt hoặc những vùng cần độ chính xác cao.

Cọ small blending lý tưởng để làm mờ đường viền phấn, tạo chiều sâu cho mắt và tán màu chuyển tiếp.
"
Cách chọn son môi cho buổi đi xem triển lãm thời trang đường phố?,"Để chọn son môi phù hợp cho buổi đi xem triển lãm thời trang đường phố, bạn nên ưu tiên sự tự nhiên nhưng vẫn nổi bật.

1.  **Màu sắc:** Chọn các màu nude, hồng đào, hoặc cam đất. Những màu này dễ phối với nhiều trang phục và không quá ""lố"" giữa không khí đường phố năng động.
2.  **Chất son:** Son lì hoặc son satin là lựa chọn tốt, giúp son lâu trôi và không bị bóng quá nhiều.
3.  **Lý do:** Triển lãm thời trang đường phố thường có nhiều hoạt động, bạn cần một đôi môi thoải mái và không cần liên tục dặm son."
Tại sao nên dùng tẩy trang dạng micellar kép cho makeup chống nước?,"Chào bạn,

Với makeup chống nước, tẩy trang micellar kép là lựa chọn lý tưởng vì:

1. **Micellar đầu tiên:** Loại bỏ lớp makeup nhẹ nhàng, làm mềm lớp chống nước.
2. **Micellar thứ hai:** Tăng cường khả năng làm sạch, loại bỏ hoàn toàn mascara, eyeliner, và các sản phẩm waterproof cứng đầu.

Việc này giúp tránh tình trạng chà xát mạnh gây tổn thương da, đồng thời đảm bảo làn da sạch sâu, thông thoáng, chuẩn bị tốt cho các bước skincare tiếp theo.
"
Cách tạo makeup cho buổi đi xem triển lãm lịch sử?,"Để trang điểm cho buổi đi xem triển lãm lịch sử, bạn nên ưu tiên vẻ ngoài tự nhiên, tinh tế.

1.  **Nền:** Sử dụng kem nền nhẹ nhàng, che khuyết điểm vừa đủ.
2.  **Mắt:** Phấn mắt màu nude hoặc nâu nhạt, kẻ mắt mảnh, mascara nhẹ nhàng.
3.  **Má:** Hồng đào hoặc cam đất, đánh nhẹ nhàng để có vẻ ửng hồng tự nhiên.
4.  **Môi:** Son nude hoặc màu hồng pastel.

Lý do: Trang điểm nhẹ nhàng sẽ giúp bạn hòa mình vào không gian lịch sử mà không gây phân tâm."
Làm sao để nhận diện chai xịt dưỡng chứa vitamin C qua hình ảnh?,"Để nhận diện chai xịt dưỡng chứa Vitamin C qua hình ảnh, bạn hãy chú ý các điểm sau:

1. **Màu sắc:** Dung dịch Vitamin C thường có màu vàng nhạt hoặc cam. Tuy nhiên, một số sản phẩm ổn định hơn có thể trong suốt.
2. **Bao bì:** Nhãn sản phẩm sẽ ghi rõ ""Vitamin C"" hoặc ""Ascorbic Acid"".
3. **Độ trong suốt:** Vitamin C dễ bị oxy hóa, nên sản phẩm mới thường trong, nếu đục hoặc đổi màu đậm, có thể đã bị oxy hóa.
4. **Chai tối màu:** Vitamin C dễ bị ảnh hưởng bởi ánh sáng, nên thường được đựng trong chai tối màu (amber, nâu).
"
Cách chọn son môi cho buổi đi ăn sáng ở quán cà phê?,"Để chọn son môi cho buổi đi ăn sáng ở quán cà phê, bạn nên ưu tiên những màu sắc tự nhiên, nhẹ nhàng. Các lựa chọn hoàn hảo bao gồm:

1.  **Son nude:** Tạo vẻ thanh lịch, tinh tế.
2.  **Son hồng đào:** Mang đến vẻ tươi trẻ, rạng rỡ.
3.  **Son cam san hô:** Phù hợp với nhiều tông da, tạo cảm giác ấm áp.

Chất son nên là son dưỡng hoặc son có độ ẩm tốt để đôi môi không bị khô trong suốt buổi sáng. Tránh các màu son quá đậm hoặc nổi bật, vì chúng có thể không phù hợp với không khí buổi sáng nhẹ nhàng."
Làm sao để nhận diện cọ tán phấn mắt dạng large qua hình ảnh?,"Để nhận diện cọ tán phấn mắt dạng large qua hình ảnh, bạn hãy chú ý các điểm sau:

1. **Kích thước:** Cọ large có kích thước lớn hơn các loại cọ tán phấn mắt khác, thường có chiều dài từ 15-18cm.
2. **Hình dáng:** Đầu cọ thường tròn, xốp và mềm mại, giúp tán phấn đều trên diện tích rộng.
3. **Lông cọ:** Lông cọ thường dày, mềm và có thể hơi vát nhẹ để dễ dàng làm nổi bật hốc mắt.
4. **Màu sắc:** Thường có màu trắng, đen hoặc kết hợp, tùy thuộc vào chất liệu lông cọ.
"
Cách tạo makeup cho buổi đi ăn trưa ở nhà hàng ngoài trời?,"Để có lớp trang điểm phù hợp cho buổi ăn trưa ngoài trời, bạn nên ưu tiên sự tự nhiên, nhẹ nhàng nhưng vẫn tươi tắn.

1.  **Chuẩn bị da:** Dưỡng ẩm kỹ lưỡng và dùng kem chống nắng.
2.  **Nền:** Dùng BB cream hoặc cushion mỏng nhẹ thay phấn nền.
3.  **Màu:** Thêm chút má hồng đào hoặc cam san hô để khuôn mặt có sức sống.
4.  **Mắt:** Phấn mắt màu nude hoặc nâu nhạt, chuốt mascara.
5.  **Môi:** Son dưỡng có màu hoặc son tint nhẹ nhàng.

Lớp trang điểm này giúp bạn trông rạng rỡ mà không bị quá cầu kỳ, phù hợp với không gian ngoài trời.
"
Làm thế nào để giữ lớp makeup không bị xuống tông vào mùa đông?,"Chào bạn, để giữ lớp makeup không bị xuống tông vào mùa đông, bạn cần chú trọng dưỡng ẩm kỹ lưỡng trước khi trang điểm. Da khô dễ khiến makeup bị cakey và nhanh mất màu.

**Các bước thực hiện:**

1.  **Dưỡng ẩm:** Sử dụng kem dưỡng ẩm phù hợp với loại da.
2.  **Primer:** Chọn primer có khả năng khóa ẩm và làm mịn da.
3.  **Phấn nền:** Ưu tiên phấn nền ẩm mịn, tránh các loại phấn nền quá khô.
4.  **Setting spray:** Xịt setting spray sau khi hoàn thành để khóa lớp makeup.

Việc này giúp makeup bám lâu hơn và giữ màu tốt hơn trong thời tiết lạnh.
"
Cách chọn màu phấn má hồng cho da ngăm vào mùa thu?,"Chào bạn! Với da ngăm vào mùa thu, nên ưu tiên phấn má hồng tông ấm để tạo vẻ rạng rỡ tự nhiên. Các màu như cam đào, hồng san hô, hoặc nâu đào là lựa chọn tuyệt vời. Tránh các màu quá sáng hoặc lạnh như hồng baby, vì có thể khiến da trông xám xịt. Khi đánh, hãy tập trung lên vùng gò má và tán đều để có đôi má ửng hồng khỏe khoắn, phù hợp với tiết trời thu.
"
Tại sao nên dùng cọ lông tự nhiên để tán phấn mắt cao cấp?,"Cọ lông tự nhiên là lựa chọn lý tưởng để tán phấn mắt cao cấp vì một số lý do quan trọng. Lông tự nhiên có cấu trúc mềm mại, giúp lấy và giữ phấn tốt hơn, đồng thời tán màu lên da mượt mà, đều màu và giảm thiểu tình trạng vón cục. Khả năng bám phấn tốt giúp tối ưu hóa sắc tố của phấn mắt cao cấp, cho đôi mắt lên màu chuẩn xác và rạng rỡ hơn so với cọ sợi tổng hợp.
"
Cách tạo kiểu makeup 'no makeup' cho buổi đi làm?,"Để có kiểu trang điểm ""no makeup"" hoàn hảo cho ngày làm việc, bạn hãy thực hiện các bước sau:

1. **Dưỡng ẩm:** Dưỡng ẩm kỹ lưỡng giúp da mịn màng, làm nền cho lớp trang điểm.
2. **Che khuyết điểm:** Dùng che khuyết điểm màu da để che quầng thâm mắt và các vết mụn nhỏ.
3. **Phấn nền:** Chọn phấn nền mỏng nhẹ, tán đều để có lớp nền tự nhiên.
4. **Má hồng:** Thoa nhẹ má hồng màu đào hoặc hồng san hô để khuôn mặt tươi tắn.
5. **Son dưỡng:** Cuối cùng, dùng son dưỡng để đôi môi căng mọng.

Kiểu trang điểm này giúp bạn trông tươi tắn, tự tin mà không quá cầu kỳ.
"
Làm sao để nhận diện son dưỡng môi chứa SPF qua hình ảnh?,"Để nhận diện son dưỡng môi có SPF qua hình ảnh, bạn hãy chú ý các điểm sau:

1. **Tìm biểu tượng SPF:** Quan sát bao bì, thường có ký hiệu ""SPF"" kèm số (ví dụ SPF 15, SPF 30).
2. **Chú ý dòng chữ:** Tìm các cụm từ như ""Sun Protection"", ""UV Protection"", ""Broad Spectrum"" (phổ rộng).
3. **Kiểm tra thành phần:** Nếu có ảnh chụp thành phần, tìm các chất chống nắng phổ biến như Zinc Oxide, Titanium Dioxide.

Việc có SPF giúp bảo vệ môi khỏi tác hại của ánh nắng mặt trời, ngăn ngừa thâm môi và lão hóa.
"
Kỹ thuật makeup 'dewy skin' là gì?,"Kỹ thuật makeup ""dewy skin"" (làn da căng bóng) tập trung vào việc tạo hiệu ứng làn da ẩm mượt, tự nhiên như sương sớm. 

**Các bước thực hiện:**

1.  **Dưỡng ẩm kỹ:** Sử dụng serum, kem dưỡng ẩm phù hợp.
2.  **Sử dụng kem nền/BB cream mỏng nhẹ:** Ưu tiên các sản phẩm có chứa thành phần dưỡng ẩm.
3.  **Highlight:** Tập trung highlight ở gò má, sống mũi, trán, cằm để bắt sáng.
4.  **Xịt khóa makeup:** Giúp giữ lớp makeup bền lâu và tăng độ bóng khỏe.

**Lý do:** Làn da đủ ẩm sẽ giúp lớp makeup mịn màng, tự nhiên và có hiệu ứng căng bóng.
"
Cách chọn cọ tán phấn phủ cho da hỗn hợp?,"Để chọn cọ tán phấn phủ cho da hỗn hợp, bạn nên ưu tiên các loại cọ đầu to, lông mềm mại và xốp. Cọ đầu to giúp tán phấn nhanh chóng trên diện rộng, còn lông mềm mại tránh gây kích ứng vùng da nhạy cảm. Chất liệu lông xốp giúp kiểm soát lượng phấn, tránh làm bí da ở vùng chữ T bóng nhờn, đồng thời vẫn đủ bám phấn cho vùng da khô. Nên chọn cọ cán dài để dễ thao tác nhé!
"
Tại sao nên dùng mặt nạ lột mụn trước khi trang điểm?,"Chào bạn,

Việc sử dụng mặt nạ lột mụn trước khi trang điểm là một bước chuẩn bị da rất quan trọng. Mặt nạ lột mụn giúp loại bỏ tế bào chết, bụi bẩn và bã nhờn sâu trong lỗ chân lông, làm sạch da từ bên trong. Nhờ đó, bề mặt da trở nên mịn màng hơn, giúp lớp nền trang điểm bám dính tốt hơn, không bị vón cục và trông tự nhiên hơn. Đồng thời, việc này còn giúp ngăn ngừa mụn ẩn dưới da nữa đấy!
"
Làm sao để nhận diện chai toner chứa BHA qua hình ảnh?,"Để nhận diện toner chứa BHA qua hình ảnh, bạn hãy chú ý các yếu tố sau:

1. **Thành phần:** Tìm các từ khóa như Salicylic Acid, Beta Hydroxy Acid (BHA), hoặc Sodium Salicylate trên nhãn.
2. **Mô tả sản phẩm:** Các sản phẩm BHA thường ghi rõ công dụng ""loại bỏ tế bào chết"", ""thông thoáng lỗ chân lông"", hoặc ""dành cho da dầu mụn"".
3. **Kết cấu:** Toner BHA thường lỏng nhẹ, trong suốt, ít khi có màu.
4. **Thương hiệu:** Các thương hiệu nổi tiếng về BHA như Paula's Choice, COSRX, The Ordinary thường có thiết kế tối giản, tập trung vào thành phần.
"
Kỹ thuật makeup 'monochrome' là gì?,"Kỹ thuật makeup ""monochrome"" là xu hướng sử dụng một tông màu chủ đạo cho toàn bộ khuôn mặt, từ mắt, má, môi đến phấn má. Thay vì phối nhiều màu, bạn chọn một màu sắc (ví dụ: hồng đào, cam đất, nâu tây) và dùng các sản phẩm khác nhau với sắc độ khác nhau của màu đó. 

Kỹ thuật này tạo nên vẻ ngoài hài hòa, tinh tế và hiện đại. Nó đặc biệt phù hợp với những người mới bắt đầu trang điểm hoặc thích phong cách tối giản.
"
Cách chọn son môi cho buổi đi xem hòa nhạc cổ điển?,"Để chọn son môi phù hợp cho buổi hòa nhạc cổ điển, bạn nên ưu tiên sự tinh tế và thanh lịch.

1. **Màu sắc:** Chọn các tông màu nude, hồng đào, hoặc đỏ cam trầm. Tránh các màu quá nổi bật như đỏ tươi, hồng neon hay tím.
2. **Chất son:** Son lì hoặc son satin là lựa chọn tốt, giúp son lâu trôi và không gây chói lóa.
3. **Lý do:** Hòa nhạc cổ điển là môi trường trang trọng, màu son nhẹ nhàng sẽ giúp bạn trông tự nhiên, tôn trọng không gian và nghệ thuật.
"
Làm sao để nhận diện hộp phấn phủ chứa khoáng qua hình ảnh?,"Để nhận diện hộp phấn phủ chứa khoáng qua hình ảnh, bạn có thể chú ý các điểm sau:

1. **Bao bì:** Thường có ghi rõ ""Mineral Powder"", ""khoáng chất"" hoặc các thành phần như Mica, Zinc Oxide, Titanium Dioxide.
2. **Kết cấu:** Phấn khoáng thường có kết cấu mịn, nhẹ, không quá bóng bẩy như phấn thông thường.
3. **Màu sắc:** Màu sắc thường tự nhiên, không quá đậm hoặc chứa nhiều nhũ.
4. **Hình dáng:** Một số phấn khoáng có dạng lỏng hoặc kem, nhưng phổ biến nhất vẫn là dạng bột nén.
"
Tại sao nên dùng kem che khuyết điểm dạng lỏng cho da khô?,"Kem che khuyết điểm dạng lỏng là lựa chọn lý tưởng cho da khô vì kết cấu mỏng nhẹ, chứa nhiều thành phần dưỡng ẩm. Khác với dạng kem đặc, dạng lỏng dễ dàng hòa quyện vào da, không gây bí bách, hạn chế tình trạng da bị mốc hoặc lộ vân khô. Đồng thời, công thức lỏng giúp cung cấp độ ẩm, làm mềm da và che phủ khuyết điểm một cách tự nhiên, không làm nặng mặt.
"
Cách tạo makeup cho buổi đi xem triển lãm tranh thủy mặc?,"Để trang điểm cho buổi đi xem triển lãm tranh thủy mặc, bạn nên ưu tiên vẻ đẹp thanh tao, nhẹ nhàng.

1.  **Nền:** Chọn kem nền mỏng nhẹ, che khuyết điểm vừa đủ để giữ vẻ tự nhiên.
2.  **Mắt:** Phấn mắt màu nude hoặc nâu nhạt, tán đều. Kẻ mắt mảnh, màu nâu hoặc đen than, không nên quá sắc sảo.
3.  **Má:** Phấn má hồng đào hoặc cam đất, đánh nhẹ nhàng để tạo vẻ ửng hồng tự nhiên.
4.  **Môi:** Son môi màu nude, hồng nhạt hoặc cam san hô.

Lý do: Trang điểm nhẹ nhàng sẽ giúp bạn hòa mình vào không gian nghệ thuật, không làm phân tâm khỏi các tác phẩm.
"
Làm sao để nhận diện cọ tán kem nền dạng kabuki qua hình ảnh?,"Để nhận diện cọ tán kem nền dạng Kabuki qua hình ảnh, bạn hãy chú ý các đặc điểm sau:

1. **Hình dáng:** Cọ Kabuki có hình dáng tròn, đầu cọ dày và thường dẹt.
2. **Lông cọ:** Lông cọ rất dày, mềm và thường có màu đen hoặc nâu.
3. **Tay cầm:** Tay cầm ngắn, thường không quá dài, giúp dễ dàng kiểm soát lực tán.

Cọ này được thiết kế để tạo lớp nền mịn lì, tự nhiên nhờ khả năng ""miết"" kem nền lên da thay vì ""quệt"".
"
Cách chọn màu phấn mắt cho buổi đi chơi bowling vào ban đêm?,"Để chọn màu phấn mắt cho buổi đi chơi bowling đêm, bạn nên ưu tiên các màu đậm và có ánh nhũ để nổi bật dưới ánh đèn. Gợi ý các bước sau:

1.  **Chọn màu base:** Phủ một lớp phấn mắt màu nude hoặc nâu nhạt lên toàn bộ bầu mắt.
2.  **Tạo chiều sâu:** Sử dụng màu nâu đồng hoặc tím đậm tán vào hốc mắt.
3.  **Điểm nhấn:** Thêm một chút phấn mắt ánh kim (vàng đồng, bạc, hoặc tím) vào giữa bầu mắt để tạo điểm nhấn lấp lánh.
4.  **Hoàn thiện:** Kẻ eyeliner đen và mascara để đôi mắt thêm sắc sảo."
Tại sao nên dùng xịt khóa makeup chứa glycerin cho da khô?,"Đối với da khô, xịt khóa makeup chứa glycerin là lựa chọn tuyệt vời vì glycerin là chất hút ẩm tự nhiên. Nó thu hút độ ẩm từ không khí vào da, giúp giữ cho lớp trang điểm không bị cakey, đồng thời cấp nước tức thì, làm mềm da và giảm tình trạng khô căng. Glycerin cũng tạo một lớp màng bảo vệ mỏng, giúp khóa ẩm và tăng độ bền cho lớp trang điểm.
"
Làm sao để nhận diện chai kem dưỡng chứa niacinamide qua hình ảnh?,"Để nhận diện kem dưỡng chứa niacinamide qua hình ảnh, bạn hãy chú ý các điểm sau:

1. **Kiểm tra bảng thành phần:** Niacinamide thường được ghi rõ ràng trên bao bì, hoặc trong danh sách thành phần với các tên khác như Vitamin B3, Nicotinamide.
2. **Màu sắc sản phẩm:** Kem chứa niacinamide thường có màu trắng hoặc hơi vàng nhạt, do đặc tính của hoạt chất này.
3. **Kết cấu:** Niacinamide có thể xuất hiện trong nhiều dạng kết cấu khác nhau, từ gel, serum đến kem.
"
Cách tạo makeup cho buổi đi xem phim kinh dị?,"Để có makeup phù hợp khi đi xem phim kinh dị, bạn nên tập trung vào đôi mắt bí ẩn và làn da hơi ""ma mị"".

1.  **Nền:** Sử dụng kem nền nhẹ nhàng, màu trung tính, tránh quá trắng.
2.  **Mắt:** Phủ mắt màu tối (xám, nâu, tím than) và tán đều. Kẻ mắt mèo hoặc mắt khói nhẹ để tăng vẻ bí ẩn.
3.  **Môi:** Son màu nude, đỏ burgundy hoặc tím sẫm.
4.  **Má:** Phấn má hồng màu hồng đào nhạt để tạo vẻ tái nhợt tự nhiên.

Lưu ý: Tránh makeup quá lộng lẫy, hãy ưu tiên sự đơn giản, bí ẩn và có chút ""rùng rợn"" nhé!
"
Kỹ thuật makeup 'cut crease' là gì?,"Kỹ thuật makeup ""cut crease"" là tạo khối sâu cho hốc mắt, giúp mắt trông to và có chiều sâu hơn. 

**Các bước thực hiện:**

1.  **Đánh phấn mắt sáng** toàn bộ bầu mắt.
2.  **Xác định nếp gấp mí mắt:** Dùng cọ nhỏ, đánh phấn mắt tối màu dọc theo nếp gấp mí, kéo dài ra ngoài.
3.  **Tạo đường ""cắt"":** Dùng cọ dẹt, làm mờ đường phấn tối màu, tạo hiệu ứng ""cắt"" rõ ràng giữa bầu mắt và hốc mắt.
4.  **Hoàn thiện:** Đánh phấn nhũ hoặc highlight ở vùng trung tâm bầu mắt để tăng độ nổi bật.

Kỹ thuật này phù hợp với mắt một mí hoặc mí lót, giúp tạo hình mắt hai mí rõ ràng hơn.
"
Cách chọn son môi cho buổi đi xem triển lãm công nghệ?,"Để chọn son môi phù hợp khi đi xem triển lãm công nghệ, bạn nên ưu tiên sự tự nhiên, thoải mái và lâu trôi.

1.  **Màu sắc:** Chọn các tông màu nude, hồng đào, hoặc cam đất. Những màu này không quá nổi bật nhưng vẫn giúp bạn trông tươi tắn.
2.  **Chất son:** Son kem hoặc son thỏi có chất lì, bán lì sẽ bền màu hơn, hạn chế dính vào ly nước hoặc khẩu trang.
3.  **Độ bóng:** Tránh son bóng vì có thể gây cảm giác không chuyên nghiệp và dễ bị lem.

Lý do: Triển lãm công nghệ thường đòi hỏi sự năng động và tập trung, nên son môi tự nhiên, bền màu sẽ là lựa chọn tối ưu.
"
Làm sao để nhận diện hộp phấn mắt nhũ lỏng qua hình ảnh?,"Để nhận diện hộp phấn mắt nhũ lỏng qua hình ảnh, bạn hãy chú ý các điểm sau:

1. **Kết cấu:** Nhũ lỏng thường có vẻ ẩm ướt, bóng bẩy hơn phấn mắt dạng bột.
2. **Bao bì:** Thường được đựng trong lọ thủy tinh nhỏ, có nắp đậy kín để tránh bay hơi.
3. **Màu sắc:** Màu sắc thường đậm đà, có ánh nhũ lấp lánh rõ ràng ngay cả khi chưa mở nắp.
4. **Thương hiệu:** Các thương hiệu chuyên về makeup mắt thường có dòng sản phẩm nhũ lỏng riêng.
"
Tại sao nên dùng tẩy tế bào chết chứa enzyme trái cây trước makeup?,"Chào bạn,

Tẩy tế bào chết enzyme trái cây trước makeup rất tốt vì enzyme giúp loại bỏ nhẹ nhàng tế bào chết, sần sùi trên da mà không gây kích ứng như các loại tẩy tế bào chết vật lý. Da mịn màng sẽ giúp lớp nền (foundation) bám tốt hơn, đều màu hơn và hạn chế tình trạng mốc da. Đồng thời, enzyme còn hỗ trợ làm sáng da, giúp makeup lên chuẩn màu và tự nhiên hơn.
"
Làm sao để nhận diện cọ tán phấn mắt dạng dome qua hình ảnh?,"Để nhận diện cọ tán phấn mắt dạng dome qua hình ảnh, bạn hãy chú ý đến hình dáng đầu cọ. Cọ dome có đầu cọ tròn, đầy đặn như hình vòm (dome). Điểm đặc trưng là lông cọ tập trung và hơi nhô lên ở giữa, tạo hiệu ứng làm nổi bật hốc mắt khi tán phấn. Cọ này lý tưởng để tán phấn chuyển màu, tạo chiều sâu cho đôi mắt.
"
Cách chọn màu son môi cho buổi đi xem triển lãm hoa?,"Chào bạn! Để chọn son môi phù hợp đi xem triển lãm hoa, bạn nên ưu tiên các màu sắc tươi tắn, nhẹ nhàng, hòa hợp với không khí trong lành của hoa. 

*   **Nếu bạn mặc đồ sáng màu:** Son hồng đào, cam san hô hoặc hồng baby sẽ rất hợp.
*   **Nếu bạn mặc đồ tối màu:** Son đỏ cam, hồng đất hoặc màu nude đào sẽ tạo điểm nhấn.

Tránh các màu son quá đậm hoặc quá tối, vì có thể làm bạn trông ""lệch tông"" với khung cảnh thiên nhiên. Quan trọng nhất là chọn màu son khiến bạn cảm thấy tự tin và thoải mái nhé!"
Tại sao nên dùng kem lót chứa vitamin E cho da lão hóa?,"Kem lót chứa vitamin E rất tốt cho da lão hóa vì vitamin E là một chất chống oxy hóa mạnh mẽ. Nó giúp bảo vệ da khỏi các gốc tự do gây hại, làm chậm quá trình lão hóa, giảm nếp nhăn và cải thiện độ đàn hồi của da. Đồng thời, vitamin E còn giúp dưỡng ẩm, làm dịu da và hỗ trợ các sản phẩm trang điểm bám tốt hơn, tạo lớp nền mịn màng.
"
Làm sao để nhận diện chai xịt dưỡng chứa collagen qua hình ảnh?,"Để nhận diện chai xịt dưỡng chứa collagen qua hình ảnh, bạn hãy chú ý các điểm sau:

1. **Nhãn mác:** Tìm các từ khóa như ""Collagen"", ""Peptide"", ""Anti-aging"" (chống lão hóa).
2. **Mô tả:** Sản phẩm thường nhấn mạnh khả năng tăng độ đàn hồi, làm săn chắc da nhờ collagen.
3. **Kết cấu:** Dạng xịt dưỡng collagen thường trong suốt, lỏng nhẹ, dễ thẩm thấu.
4. **Thành phần:** Kiểm tra danh sách thành phần, collagen thường được liệt kê dưới dạng ""Hydrolyzed Collagen"" hoặc ""Collagen Amino Acids"".
"
Cách tạo makeup cho buổi đi xem triển lãm điêu khắc?,"Chào bạn, để có một lớp makeup phù hợp khi đi xem triển lãm điêu khắc, bạn nên ưu tiên sự tự nhiên, tinh tế.

1.  **Chuẩn bị da:** Dưỡng ẩm kỹ để lớp nền mịn màng.
2.  **Nền:** Chọn foundation mỏng nhẹ, che khuyết điểm vừa đủ.
3.  **Mắt:** Phấn mắt màu nude hoặc nâu nhạt, kẻ eyeliner mảnh và chuốt mascara.
4.  **Má:** Sử dụng phấn má hồng đào hoặc cam đất để tạo vẻ tươi tắn.
5.  **Môi:** Son nude hoặc màu hồng san hô nhẹ nhàng.

Lớp makeup này giúp bạn trông thanh lịch, không quá nổi bật mà vẫn tôn lên vẻ đẹp tự nhiên, phù hợp với không gian nghệ thuật."
Kỹ thuật makeup 'halo eyes' là gì?,"Kỹ thuật ""halo eyes"" (mắt halo) là xu hướng trang điểm mắt tập trung làm nổi bật phần giữa bầu mắt bằng highlight, tạo hiệu ứng ""ánh sáng"" lan tỏa. 

**Các bước thực hiện:**
1.  Tạo khối mắt cơ bản với phấn tối ở hốc mắt ngoài và đuôi mắt.
2.  Dùng phấn highlight (nhũ hoặc không nhũ) đánh vào giữa bầu mắt, tập trung vào điểm cao nhất.
3.  Nhấn nhá thêm highlight ở khóe mắt trong và dưới mắt để tăng hiệu ứng.

Kỹ thuật này giúp đôi mắt trông to tròn, long lanh và thu hút hơn.
"
Làm sao để nhận diện hộp phấn má hồng dạng gel qua hình ảnh?,"Để nhận diện phấn má hồng dạng gel qua hình ảnh, bạn hãy chú ý các điểm sau:

1. **Kết cấu:** Phấn má hồng gel thường có vẻ ẩm ướt, bóng nhẹ, không phải dạng bột khô.
2. **Bao bì:** Thường được đựng trong lọ thủy tinh hoặc tuýp, có thể có vòi bơm hoặc dùng cọ lấy sản phẩm.
3. **Màu sắc:** Màu sắc thường đậm đà, tươi tắn hơn so với phấn má hồng bột.
4. **Độ trong suốt:** Một số loại gel má hồng có độ trong suốt nhất định, bạn có thể nhìn thấy màu sắc xuyên qua.
"
Tại sao nên dùng son dưỡng chứa bơ ca cao trước son tint?,"Chào bạn,

Son dưỡng chứa bơ ca cao là bước chuẩn bị tuyệt vời trước khi dùng son tint vì nhiều lý do. Bơ ca cao giàu dưỡng chất, giúp làm mềm môi, giảm tình trạng khô bong tróc, tạo một lớp nền mịn màng. Điều này giúp son tint lên màu đều, không bị vón cục hay lộ rãnh môi. Hơn nữa, bơ ca cao còn bảo vệ môi khỏi tác động gây khô của son tint, giữ cho đôi môi luôn căng mọng.
"
Cách tạo makeup cho buổi đi xem triển lãm thư pháp?,"Chào bạn, để makeup cho buổi đi xem triển lãm thư pháp, mình gợi ý một phong cách trang điểm tự nhiên, tinh tế để tôn lên vẻ đẹp thanh lịch và không làm phân tâm khỏi nghệ thuật thư pháp.

1.  **Nền:** Dùng kem nền nhẹ nhàng, che khuyết điểm vừa đủ.
2.  **Mắt:** Phấn mắt màu nude hoặc nâu nhạt, tán đều. Kẻ eyeliner mảnh, không quá đậm.
3.  **Má:** Phấn má hồng đào hoặc cam đất, đánh nhẹ nhàng để có đôi má ửng hồng tự nhiên.
4.  **Môi:** Son môi màu nude, hồng nhạt hoặc cam san hô.

Lý do: Phong cách này giúp bạn trông tươi tắn, thanh lịch mà vẫn giữ được sự kín đáo, tôn trọng không gian nghệ thuật."
Làm sao để nhận diện chai tẩy trang dạng bọt kép qua hình ảnh?,"Để nhận diện chai tẩy trang dạng bọt kép qua hình ảnh, bạn hãy chú ý các điểm sau:

1. **Kết cấu hai lớp:** Chai thường có phần dung dịch trong suốt bên dưới và lớp bọt kem dày bên trên, tách biệt rõ ràng.
2. **Vòi bơm đặc biệt:** Vòi bơm thường được thiết kế để tạo bọt mịn khi nhấn, không phải dạng lỏng thông thường.
3. **Nhãn mác:** Các sản phẩm này thường ghi rõ ""double foam cleansing"" hoặc ""two-phase cleansing"" trên bao bì.
"
Cách chọn son môi cho buổi đi xem phim hài?,"Để chọn son môi cho buổi xem phim hài, bạn nên ưu tiên sự thoải mái và vẻ ngoài tươi tắn, tự nhiên. Một thỏi son tint hoặc son kem lì có màu hồng san hô, cam đào hoặc đỏ cam sẽ là lựa chọn tuyệt vời. Những màu này tạo cảm giác vui vẻ, năng động, phù hợp với không khí phim hài. Tránh các màu quá đậm hoặc quá tối, vì có thể làm bạn trông cứng nhắc. Quan trọng nhất, hãy chọn chất son mềm mịn để không bị khô môi khi cười nhiều!
"
Tại sao nên dùng kem lót chứa chiết xuất hạt mắc ca cho da khô?,"Kem lót chứa chiết xuất hạt mắc ca rất lý tưởng cho da khô vì một số lý do: Hạt mắc ca giàu axit béo, giúp cấp ẩm sâu và khóa ẩm, làm mềm da ngay lập tức. Nó tạo một lớp màng bảo vệ, ngăn ngừa mất nước và giúp lớp nền trang điểm bám dính tốt hơn, không bị mốc hay bong tróc. Ngoài ra, dầu mắc ca còn có khả năng làm dịu da, giảm kích ứng, phù hợp với da nhạy cảm.
"
Làm sao để nhận diện cọ tán phấn mắt dạng angled qua hình ảnh?,"Để nhận diện cọ tán phấn mắt angled qua hình ảnh, bạn hãy chú ý đến hình dáng đầu cọ. Cọ angled có đầu cọ vát chéo, không phải tròn hoặc dẹt. Góc vát này giúp bạn dễ dàng tạo khối, đánh highlight hoặc tán phấn vào hốc mắt một cách chính xác. Hình dáng này khác biệt rõ rệt so với các loại cọ tán phấn mắt khác, giúp bạn dễ dàng phân biệt.
"
Cách tạo makeup cho buổi đi xem triển lãm thời trang cao cấp?,"Để makeup cho buổi xem triển lãm thời trang cao cấp, bạn nên tập trung vào sự tinh tế và sang trọng.

1.  **Chuẩn bị da:** Dưỡng ẩm kỹ lưỡng để lớp nền mịn màng.
2.  **Nền:** Chọn foundation mỏng nhẹ, che khuyết điểm vừa đủ, tránh makeup quá dày.
3.  **Mắt:** Phấn mắt tông màu trung tính (nâu, be, champagne) hoặc màu sắc trầm ấm, kết hợp chút nhũ nhẹ. Kẻ eyeliner mảnh, chuốt mascara.
4.  **Má:** Phấn má hồng đào hoặc hồng san hô, đánh nhẹ nhàng để tạo vẻ tươi tắn.
5.  **Môi:** Son môi màu nude, hồng đất hoặc đỏ rượu, đánh lòng môi để tạo hiệu ứng tự nhiên.

"
Kỹ thuật makeup 'graphic liner' là gì?,"Kỹ thuật makeup ""graphic liner"" là xu hướng vẽ eyeliner tạo hình khối học, đường nét táo bạo thay vì đường viền mắt truyền thống. 

**Các bước thực hiện:**

1.  **Chọn eyeliner:** Nên dùng eyeliner gel hoặc liquid có đầu cọ mảnh.
2.  **Phác thảo:** Vẽ đường eyeliner ngoài đường mắt, tạo hình dáng mong muốn (tam giác, cánh sắc nét, đường cong...).
3.  **Tô đậm:** Tô đều và chỉnh sửa cho đường nét sắc sảo.
4.  **Hoàn thiện:** Có thể kết hợp thêm màu mắt hoặc nhũ để tăng hiệu ứng.

Kỹ thuật này giúp đôi mắt trông hiện đại, cá tính và thu hút.
"
Cách chọn màu phấn mắt cho buổi đi xem phim tài liệu?,"Để chọn màu phấn mắt cho buổi xem phim tài liệu, bạn nên ưu tiên sự tự nhiên, tinh tế. Các tông màu trung tính như nâu nhạt, be, hoặc màu đào nhẹ nhàng sẽ là lựa chọn hoàn hảo. Chúng không quá nổi bật, giúp bạn trông thanh lịch mà vẫn đủ tươi tắn. Tránh các màu quá sặc sỡ hoặc lấp lánh vì có thể gây phân tâm cho người khác trong rạp. Bạn có thể kết hợp 2-3 tông màu gần nhau để tạo chiều sâu cho đôi mắt.
"
Làm sao để nhận diện chai kem dưỡng chứa retinol qua hình ảnh?,"Để nhận diện kem dưỡng chứa retinol qua hình ảnh, bạn hãy chú ý các điểm sau:

1. **Bao bì:** Thường có ghi rõ ""Retinol"", ""Vitamin A"", hoặc ""Retinyl Palmitate"".
2. **Màu sắc:** Kem retinol dễ bị oxy hóa nên thường có màu vàng nhạt hoặc cam. Tuy nhiên, một số sản phẩm có thêm chất ổn định nên màu sắc có thể khác.
3. **Kết cấu:** Thường đặc hơn các loại kem dưỡng thông thường.
4. **Lưu ý:** Nên mua ở các nguồn uy tín để đảm bảo chất lượng sản phẩm.
"
Tại sao nên dùng xịt khóa makeup chứa chiết xuất lô hội cho da nhạy cảm?,"Đối với da nhạy cảm, xịt khóa makeup chứa lô hội là lựa chọn lý tưởng vì nhiều lý do. Lô hội nổi tiếng với khả năng làm dịu, giảm kích ứng và cấp ẩm sâu cho da. Xịt khóa makeup có lô hội giúp:

1.  **Giảm đỏ, kích ứng:** Lô hội làm mát và xoa dịu làn da đang bị kích ứng do makeup.
2.  **Cấp ẩm:** Duy trì độ ẩm, tránh tình trạng da khô căng, bong tróc.
3.  **Khóa makeup:** Giúp lớp trang điểm bền lâu, hạn chế xuống tông mà không gây bí bách.

"
Cách tạo makeup cho buổi đi xem triển lãm đồ cổ?,"Để trang điểm cho buổi đi xem triển lãm đồ cổ, bạn nên ưu tiên vẻ đẹp tự nhiên, tinh tế.

1.  **Nền:** Sử dụng kem nền nhẹ nhàng, che khuyết điểm vừa đủ.
2.  **Mắt:** Phấn mắt màu nude hoặc nâu nhạt, kẻ mắt mảnh, mascara nhẹ nhàng.
3.  **Má:** Hồng đào hoặc cam đất, đánh nhẹ nhàng để có vẻ ửng hồng tự nhiên.
4.  **Môi:** Son nude hoặc màu hồng pastel.

Lý do: Trang điểm nhẹ nhàng sẽ giúp bạn hòa mình vào không gian cổ kính, trang trọng của triển lãm mà không quá nổi bật.
"
Cách chọn son môi cho buổi đi xem triển lãm tranh trừu tượng?,"Để chọn son môi phù hợp khi đi xem triển lãm tranh trừu tượng, bạn nên ưu tiên sự tinh tế và không quá nổi bật để không làm phân tâm khỏi tác phẩm. 

**Bước 1:** Chọn màu son trung tính như hồng nude, cam đất, hoặc màu đào nhẹ.
**Bước 2:** Chất son nên là lì hoặc bán lì để giữ màu tốt và không gây bóng bẩy.
**Bước 3:** Tránh các màu son quá sặc sỡ hoặc có nhũ, vì chúng có thể gây xao nhãng khi bạn chiêm ngưỡng tranh.
"
Tại sao nên dùng tẩy trang dạng sáp cho da dầu?,"Chào bạn, với da dầu, tẩy trang dạng sáp là lựa chọn tuyệt vời vì một số lý do sau:

1. **Khả năng làm sạch sâu:** Sáp có kết cấu đặc, dễ dàng hòa tan và cuốn trôi bụi bẩn, bã nhờn, kem chống nắng hiệu quả hơn so với các dạng khác.
2. **Không gây bí da:** Dù là sáp, nhưng khi massage nhẹ nhàng và nhũ hóa với nước, sáp sẽ chuyển thành dạng sữa, dễ dàng rửa sạch mà không để lại cặn gây bí lỗ chân lông.
3. **Dưỡng ẩm nhẹ nhàng:** Nhiều sản phẩm sáp tẩy trang có thêm thành phần dưỡng ẩm, giúp cân bằng da sau khi làm sạch, tránh tình trạng khô căng.
"
Làm sao để nhận diện hộp phấn mắt dạng bột rời qua hình ảnh?,"Để nhận diện hộp phấn mắt dạng bột rời qua hình ảnh, bạn hãy chú ý các điểm sau:

1. **Kết cấu:** Phấn bột rời thường có bề mặt mịn, tơi, không nén chặt như phấn nén.
2. **Hình dáng:** Hộp thường hình tròn hoặc vuông, nắp trong suốt để thấy màu phấn bên trong.
3. **Dụng cụ đi kèm:** Thường đi kèm cọ nhỏ hoặc miếng mút để lấy phấn.
4. **Độ bóng:** Phấn bột rời ít khi có độ bóng rực rỡ như phấn nhũ.
"
Cách tạo makeup cho buổi đi xem triển lãm nhiếp ảnh?,"Để có một lớp trang điểm phù hợp khi đi xem triển lãm nhiếp ảnh, bạn nên ưu tiên sự tự nhiên, tinh tế.

1.  **Chuẩn bị da:** Dưỡng ẩm kỹ để da căng mịn.
2.  **Nền:** Sử dụng kem nền mỏng nhẹ, che khuyết điểm vừa đủ.
3.  **Mắt:** Phấn mắt màu nude hoặc nâu nhạt, kẻ eyeliner mảnh và chuốt mascara.
4.  **Má:** Phấn má hồng đào hoặc cam đất nhẹ nhàng.
5.  **Môi:** Son nude hoặc son tint màu hồng san hô.

Lớp trang điểm này giúp bạn trông tươi tắn, không quá nổi bật mà vẫn tôn lên vẻ đẹp tự nhiên, phù hợp với không gian nghệ thuật.
"
Công dụng của kem lót chứa chiết xuất hoa oải hương là gì?,"Kem lót chứa chiết xuất hoa oải hương có nhiều công dụng tuyệt vời cho làn da. Oải hương nổi tiếng với khả năng làm dịu da, giảm kích ứng và mẩn đỏ, rất phù hợp cho da nhạy cảm hoặc dễ bị viêm. Bên cạnh đó, nó còn giúp cân bằng độ ẩm, làm mềm da và tạo một lớp nền mịn màng, giúp kem nền bám tốt hơn và bền màu hơn. Hương thơm oải hương cũng mang lại cảm giác thư giãn khi trang điểm.
"
Công dụng của xịt khóa makeup chứa chiết xuất dưa leo là gì?,"Xịt khóa makeup chứa chiết xuất dưa leo có nhiều công dụng tuyệt vời. Đầu tiên, nó giúp giữ lớp trang điểm bền lâu, hạn chế xuống tông và lem trôi. Dưa leo giàu nước và vitamin, giúp cấp ẩm cho da, tạo cảm giác tươi mát, căng bóng tự nhiên thay vì khô căng. Ngoài ra, chiết xuất dưa leo còn có tính làm dịu da, giảm kích ứng, phù hợp với mọi loại da, kể cả da nhạy cảm.
"
Công dụng của mặt nạ hoa cúc trước khi trang điểm là gì?,"Mặt nạ hoa cúc trước khi trang điểm có công dụng tuyệt vời để làm dịu và cấp ẩm cho da. Hoa cúc chứa bisabolol, một thành phần chống viêm, giúp giảm kích ứng và mẩn đỏ. Việc này tạo ra một lớp nền mịn màng, giúp kem nền bám tốt hơn và tránh tình trạng cakey. Ngoài ra, mặt nạ còn giúp da căng mọng, làm mờ lỗ chân lông, cho lớp trang điểm tự nhiên và bền màu hơn.
"
Công dụng của kem che khuyết điểm chứa chiết xuất trà xanh là gì?,"Kem che khuyết điểm chứa chiết xuất trà xanh có nhiều công dụng tuyệt vời. Đầu tiên, nó che đi quầng thâm mắt, mụn, vết đỏ và các khuyết điểm khác trên da. Chiết xuất trà xanh giúp làm dịu da, giảm viêm và kháng khuẩn, đặc biệt hữu ích cho da nhạy cảm hoặc dễ nổi mụn. Ngoài ra, trà xanh còn là chất chống oxy hóa, bảo vệ da khỏi tác hại của môi trường, giúp da khỏe mạnh hơn.
"
Công dụng của son dưỡng chứa dầu hạt mâm xôi là gì?,"Son dưỡng chứa dầu hạt mâm xôi có nhiều công dụng tuyệt vời cho đôi môi. Dầu hạt mâm xôi giàu vitamin E và axit béo omega-3, 6, 9 giúp dưỡng ẩm sâu, làm mềm môi và giảm tình trạng khô bong tróc. Đặc biệt, nó còn có khả năng làm dịu môi nứt nẻ, hỗ trợ tái tạo tế bào và bảo vệ môi khỏi tác hại của môi trường. Son dưỡng này còn giúp môi căng mọng, tươi tắn hơn.
"
Công dụng của tẩy trang dạng dầu hạt hắc mai biển là gì?,"Tẩy trang dạng dầu hạt hắc mai biển có công dụng tuyệt vời trong việc làm sạch sâu lớp trang điểm, kể cả mascara chống thấm nước, mà không gây khô da. Hạt hắc mai biển giàu vitamin C và các chất chống oxy hóa, giúp nuôi dưỡng, làm sáng da và hỗ trợ làm dịu các vùng da bị kích ứng. Dầu nền nhẹ nhàng hòa tan bụi bẩn, bã nhờn, đồng thời cung cấp độ ẩm, giúp da mềm mại sau khi tẩy trang.
"
Công dụng của phấn highlighter chứa chiết xuất ngọc trai là gì?,"Phấn highlighter chứa chiết xuất ngọc trai mang lại hiệu ứng glow tự nhiên, rạng rỡ hơn so với các loại highlighter thông thường. Chiết xuất ngọc trai chứa các hạt khoáng chất giúp phản xạ ánh sáng đa chiều, tạo độ sâu cho gương mặt. Đồng thời, ngọc trai còn có khả năng làm sáng da, che mờ các vết thâm nám và giúp da trông khỏe mạnh hơn. Bạn nên dùng highlighter ngọc trai ở những vị trí bắt sáng như gò má, sống mũi, nhân trung để có hiệu quả tốt nhất.
"
Công dụng của kem dưỡng chứa chiết xuất hoa hồng là gì?,"Kem dưỡng chứa chiết xuất hoa hồng mang lại nhiều lợi ích cho da. Đầu tiên, hoa hồng giàu vitamin C, giúp làm sáng da và đều màu da. Tiếp theo, khả năng cấp ẩm tuyệt vời giúp da mềm mại, mịn màng. Đặc biệt, hoa hồng còn có tính kháng viêm, làm dịu da kích ứng, giảm mẩn đỏ và hỗ trợ làm chậm quá trình lão hóa nhờ chứa chất chống oxy hóa. Vì vậy, kem dưỡng hoa hồng phù hợp với mọi loại da, đặc biệt là da nhạy cảm.
"
Công dụng của xịt dưỡng chứa chiết xuất trà trắng là gì?,"Xịt dưỡng chứa chiết xuất trà trắng có rất nhiều công dụng tuyệt vời cho da. Đầu tiên, trà trắng giàu chất chống oxy hóa, giúp bảo vệ da khỏi tác hại của gốc tự do, làm chậm quá trình lão hóa. Thứ hai, nó có tính kháng viêm, làm dịu da kích ứng, giảm đỏ và sưng tấy. Cuối cùng, xịt dưỡng giúp cân bằng độ pH, cấp ẩm nhẹ nhàng và làm tươi mát làn da tức thì. Đây là bước hoàn hảo để khóa ẩm sau trang điểm hoặc dùng như một loại mặt nạ dưỡng ẩm nhanh chóng.
"
Công dụng của phấn mắt dạng nhũ ánh kim là gì?,"Phấn mắt nhũ ánh kim có công dụng chính là tạo điểm nhấn lấp lánh, thu hút ánh nhìn cho đôi mắt. Các hạt nhũ li ti phản xạ ánh sáng, giúp mắt trông to và có chiều sâu hơn. Phấn nhũ thường được dùng để highlight vùng đầu mắt, xương chân mày hoặc điểm nhấn ở đuôi mắt. Tuy nhiên, cần lưu ý sử dụng lượng vừa phải để tránh gây hiệu ứng quá lòe loẹt, đặc biệt với các cô nàng có bọng mắt.
"
Công dụng của son tint màu hồng đào là gì?,"Son tint màu hồng đào là lựa chọn tuyệt vời để tạo vẻ ngoài tươi trẻ, ngọt ngào và tự nhiên. Màu sắc này phù hợp với nhiều tông da, đặc biệt là da trắng sáng và trung bình, giúp da trông rạng rỡ hơn. 

Son tint có kết cấu lỏng nhẹ, dễ tán, mang lại hiệu ứng lì mịn, bền màu và không gây cảm giác nặng môi. Màu hồng đào còn giúp ""nâng tông"" da, khiến khuôn mặt trông bừng sáng và tràn đầy sức sống.
"
Công dụng của kem lót chứa chiết xuất cây tầm xuân là gì?,"Kem lót chứa chiết xuất cây tầm xuân (rosehip) mang lại nhiều lợi ích cho da. Đầu tiên, nó giúp làm mịn bề mặt da, che mờ lỗ chân lông và nếp nhăn li ti, tạo lớp nền hoàn hảo cho trang điểm. Tầm xuân giàu vitamin C và axit béo thiết yếu, giúp dưỡng ẩm, làm sáng da và hỗ trợ tái tạo da, giảm thâm nám. Nhờ vậy, kem lót này không chỉ là bước chuẩn bị mà còn là lớp dưỡng da nhẹ nhàng.
"
Công dụng của tẩy trang dạng dầu hạt macadamia là gì?,"Dầu tẩy trang hạt macadamia là lựa chọn tuyệt vời cho da khô và nhạy cảm. Nhờ thành phần dầu tự nhiên giàu axit béo, nó hòa tan hiệu quả các sản phẩm trang điểm, kể cả mascara chống thấm nước, mà không gây khô da. Dầu macadamia còn giúp dưỡng ẩm, làm mềm da và hỗ trợ phục hồi hàng rào bảo vệ da, giúp da căng bóng và khỏe mạnh hơn sau khi tẩy trang.
"
Công dụng của phấn má hồng chứa chiết xuất hoa hibiscus là gì?,"Phấn má hồng chứa chiết xuất hoa hibiscus không chỉ mang lại sắc hồng tự nhiên, tươi trẻ cho đôi má mà còn có nhiều công dụng tuyệt vời khác. Hibiscus giàu vitamin C, giúp làm sáng da và chống oxy hóa, bảo vệ da khỏi tác hại của môi trường. Chiết xuất này còn có khả năng dưỡng ẩm nhẹ nhàng, giúp da mịn màng và căng mọng. Nhờ vậy, phấn má hồng hibiscus vừa trang điểm, vừa chăm sóc da hiệu quả.
"
Công dụng của xịt khóa makeup chứa chiết xuất cây bạc hà là gì?,"Xịt khóa makeup chứa chiết xuất bạc hà có nhiều công dụng tuyệt vời. Đầu tiên, nó giúp lớp trang điểm bền vững hơn, hạn chế xuống tông và lem trôi. Chiết xuất bạc hà mang lại cảm giác mát lạnh, sảng khoái, giúp kiểm soát dầu thừa và giảm kích ứng da. Ngoài ra, một số sản phẩm còn có khả năng cấp ẩm nhẹ, giúp da căng mọng và mịn màng hơn. Đây là lựa chọn lý tưởng cho những ngày hè nóng bức hoặc da dầu.
"
Công dụng của kem dưỡng chứa chiết xuất cây lô hội là gì?,"Kem dưỡng chứa chiết xuất lô hội có rất nhiều công dụng tuyệt vời cho da. Lô hội nổi tiếng với khả năng làm dịu da cháy nắng, giảm kích ứng và viêm nhiễm. Bên cạnh đó, lô hội còn cấp ẩm sâu, giúp da mềm mại và mịn màng. Chất gel trong lô hội cũng hỗ trợ làm lành vết thương nhỏ, giảm thâm nám và làm chậm quá trình lão hóa da nhờ chứa nhiều vitamin và khoáng chất.
"
Công dụng của phấn mắt dạng cream là gì?,"Phấn mắt dạng cream có nhiều công dụng tuyệt vời! Đầu tiên, chất kem mềm mịn giúp dễ dàng tán đều, tạo lớp nền hoàn hảo cho các loại phấn mắt khác, giúp chúng bám màu tốt hơn. Thứ hai, phấn cream có thể dùng làm base giúp che đi vân mắt và làm đều màu da mi mắt. Cuối cùng, một số loại phấn cream còn có thể dùng trực tiếp như phấn mắt, tạo hiệu ứng đôi mắt căng bóng, quyến rũ.
"
Công dụng của xịt khóa makeup chứa chiết xuất hoa nhài là gì?,"Xịt khóa makeup chứa chiết xuất hoa nhài có nhiều công dụng tuyệt vời. Đầu tiên, nó giúp lớp trang điểm bền vững hơn, hạn chế tình trạng lem, trôi do mồ hôi hay dầu thừa. Chiết xuất hoa nhài còn có tác dụng làm dịu da, giảm kích ứng và cung cấp độ ẩm nhẹ nhàng, giúp da căng bóng tự nhiên. Hương thơm hoa nhài tinh tế cũng là một điểm cộng, mang lại cảm giác thư giãn khi sử dụng.
"
Công dụng của kem lót chứa chiết xuất cây cỏ roi ngựa là gì?,"Kem lót chứa chiết xuất cây cỏ roi ngựa (Horsetail extract) có công dụng chính là làm mịn da và giảm sự xuất hiện của lỗ chân lông. Cỏ roi ngựa giàu silica, một khoáng chất giúp tăng cường sản xuất collagen, cải thiện độ đàn hồi và làm săn chắc da. Nhờ đó, kem lót này giúp lớp nền trang điểm bám tốt hơn, hạn chế tình trạng cakey và cho bề mặt da láng mịn, tự nhiên.
"
Công dụng của phấn highlighter chứa chiết xuất hoa cúc La Mã là gì?,"Phấn highlighter chứa chiết xuất hoa cúc La Mã không chỉ tạo hiệu ứng bắt sáng, giúp da trông rạng rỡ hơn mà còn mang lại những lợi ích khác. Chiết xuất hoa cúc La Mã nổi tiếng với khả năng làm dịu da, giảm kích ứng và kháng viêm. Do đó, phấn highlighter này phù hợp với mọi loại da, đặc biệt là da nhạy cảm. Đồng thời, nó giúp da thêm ẩm mượt, mịn màng và khỏe mạnh.
"
Công dụng của tẩy trang dạng dầu hạt dẻ là gì?,"Tẩy trang dạng dầu hạt dẻ có công dụng tuyệt vời trong việc hòa tan và loại bỏ hiệu quả các sản phẩm trang điểm gốc dầu như kem nền, son môi lì, mascara không thấm nước. Dầu hạt dẻ giàu vitamin E và axit béo, giúp làm mềm da, dưỡng ẩm và không gây khô căng sau khi tẩy trang. Đồng thời, nó còn có khả năng làm dịu da, phù hợp với cả da nhạy cảm và dễ kích ứng.
"
Công dụng của mặt nạ trà trắng trước khi trang điểm là gì?,"Mặt nạ trà trắng trước khi trang điểm có nhiều công dụng tuyệt vời! Đầu tiên, trà trắng giàu chất chống oxy hóa giúp làm dịu da, giảm kích ứng và bảo vệ da khỏi tác hại của môi trường. Thứ hai, nó giúp se khít lỗ chân lông, làm mịn da và kiểm soát dầu thừa, tạo lớp nền hoàn hảo cho lớp trang điểm. Cuối cùng, trà trắng còn giúp làm sáng da, giúp lớp makeup lên màu chuẩn và tự nhiên hơn.
"
Công dụng của phấn mắt dạng nhũ màu đồng ánh kim là gì?,"Phấn mắt nhũ đồng ánh kim có công dụng tuyệt vời để tạo điểm nhấn cho đôi mắt. Màu đồng ấm áp phù hợp với nhiều tông da, đặc biệt là da trung bình và da ngăm. Nhũ ánh kim giúp mắt trông to và có chiều sâu hơn, đồng thời tăng thêm vẻ lấp lánh, quyến rũ cho đôi mắt. Bạn có thể dùng làm điểm nhấn ở khóe mắt hoặc toàn bộ bầu mắt để tạo hiệu ứng lung linh.
"
Công dụng của kem dưỡng chứa chiết xuất cây bạc hà là gì?,"Kem dưỡng chứa chiết xuất cây bạc hà mang lại nhiều lợi ích cho da. Bạc hà có tính làm mát, giúp giảm kích ứng, mẩn đỏ và xoa dịu làn da bị cháy nắng. Đồng thời, nó kiểm soát dầu thừa, thu nhỏ lỗ chân lông, ngăn ngừa mụn. Ngoài ra, bạc hà còn chứa chất chống oxy hóa, bảo vệ da khỏi tác động của môi trường, giúp da tươi mát và khỏe mạnh.
"
Công dụng của xịt khóa makeup chứa chiết xuất cây tầm xuân là gì?,"Xịt khóa makeup chứa chiết xuất tầm xuân có nhiều công dụng tuyệt vời. Đầu tiên, nó giúp lớp trang điểm bền vững hơn, hạn chế xuống tông và giữ cho da tươi mới suốt cả ngày. Chiết xuất tầm xuân giàu vitamin C, là một chất chống oxy hóa mạnh mẽ, giúp bảo vệ da khỏi tác hại của môi trường và làm sáng da. Đồng thời, nó còn hỗ trợ làm dịu da, giảm kích ứng và cung cấp độ ẩm nhẹ nhàng, giúp da căng bóng tự nhiên.
"
Công dụng của son tint màu hồng phấn nhạt là gì?,"Son tint màu hồng phấn nhạt là lựa chọn tuyệt vời để tạo hiệu ứng đôi môi căng mọng, tự nhiên và tươi trẻ. Màu son này phù hợp với nhiều phong cách trang điểm, từ nhẹ nhàng hàng ngày đến các layout trang điểm đáng yêu. 

Điểm cộng của son tint hồng phấn là khả năng bám màu tốt, giúp đôi môi luôn có màu sắc trong thời gian dài. Đồng thời, màu son này còn giúp làm sáng da mặt, tạo cảm giác khuôn mặt rạng rỡ hơn.
"
Công dụng của kem lót chứa chiết xuất cây hoa nhài là gì?,"Kem lót chứa chiết xuất hoa nhài có nhiều công dụng tuyệt vời cho làn da. Đầu tiên, hoa nhài giúp làm dịu da, giảm kích ứng và mẩn đỏ, đặc biệt phù hợp với da nhạy cảm. Bên cạnh đó, chiết xuất này còn có khả năng cấp ẩm nhẹ, giúp da mềm mại và mịn màng hơn. Cuối cùng, hương thơm dịu nhẹ của hoa nhài mang lại cảm giác thư giãn trong quá trình trang điểm.
"
Công dụng của tẩy trang dạng dầu hạt mè là gì?,"Tẩy trang dạng dầu hạt mè có công dụng tuyệt vời trong việc làm sạch sâu các loại trang điểm, đặc biệt là mascara chống thấm nước và kem nền lì. Dầu hạt mè giàu vitamin E và chất béo không bão hòa, giúp dưỡng ẩm da, làm mềm da và không gây khô căng. Đồng thời, nó còn có khả năng làm dịu da, phù hợp với cả da nhạy cảm. Dầu hạt mè cũng giúp loại bỏ bụi bẩn và bã nhờn trên da, mang lại làn da sạch thoáng.
"
Công dụng của phấn má hồng chứa chiết xuất lô hội là gì?,"Phấn má hồng chứa chiết xuất lô hội không chỉ mang lại đôi má ửng hồng tự nhiên mà còn có nhiều lợi ích cho da. Lô hội nổi tiếng với khả năng làm dịu da, giảm kích ứng và cấp ẩm. Do đó, phấn má hồng này phù hợp với mọi loại da, đặc biệt là da nhạy cảm hoặc dễ bị kích ứng. Ngoài ra, lô hội còn giúp da căng bóng, mịn màng và hỗ trợ làm chậm quá trình lão hóa.
"
Công dụng của xịt dưỡng chứa chiết xuất cây hoa cúc là gì?,"Xịt dưỡng chứa chiết xuất hoa cúc có rất nhiều công dụng tuyệt vời cho da. Đầu tiên, hoa cúc nổi tiếng với khả năng làm dịu da kích ứng, giảm đỏ và sưng tấy. Thứ hai, nó giúp cân bằng độ pH, làm mềm da và tăng cường hàng rào bảo vệ da. Cuối cùng, xịt dưỡng này còn giúp khóa ẩm, giúp lớp trang điểm bền lâu hơn và mang lại cảm giác sảng khoái tức thì. Đây là lựa chọn lý tưởng cho mọi loại da, đặc biệt là da nhạy cảm.
"
Công dụng của son dưỡng chứa dầu hạt nha đam là gì?,"Son dưỡng chứa dầu hạt nha đam có nhiều công dụng tuyệt vời cho đôi môi. Nha đam nổi tiếng với khả năng làm dịu da, giúp làm lành các vết nứt nẻ, bong tróc trên môi. Dầu hạt nha đam còn giàu vitamin E và chất chống oxy hóa, giúp dưỡng ẩm sâu, bảo vệ môi khỏi tác động của môi trường và ngăn ngừa lão hóa. Son dưỡng này giúp môi mềm mại, căng mọng và khỏe mạnh hơn.
"
Công dụng của kem dưỡng chứa chiết xuất cây hoa oải hương là gì?,"Kem dưỡng chứa chiết xuất hoa oải hương có nhiều công dụng tuyệt vời cho da. Oải hương nổi tiếng với khả năng làm dịu da kích ứng, giảm viêm và mẩn đỏ. Nó còn giúp cân bằng độ ẩm, làm mềm da và hỗ trợ làm lành vết thương nhỏ. Ngoài ra, hương thơm oải hương còn có tác dụng thư giãn, giảm căng thẳng cho người sử dụng. Vì vậy, kem dưỡng oải hương phù hợp với mọi loại da, đặc biệt là da nhạy cảm.
"
Công dụng của phấn mắt dạng nhũ xanh lam là gì?,"Phấn mắt nhũ xanh lam mang đến vẻ ngoài tươi trẻ, nổi bật và có phần ""ảo diệu"" cho đôi mắt. Nhũ ánh giúp phản xạ ánh sáng, làm mắt trông to và có chiều sâu hơn. Màu xanh lam hợp với nhiều tông da, đặc biệt là da trung bình đến trắng, và tạo điểm nhấn ấn tượng khi kết hợp với trang phục tối màu hoặc trung tính. Bạn có thể dùng làm điểm nhấn ở khóe mắt hoặc tô đều lên bầu mắt để có vẻ ngoài thu hút.
"
Công dụng của xịt khóa makeup chứa chiết xuất cây hoa hồng là gì?,"Xịt khóa makeup chứa chiết xuất hoa hồng có nhiều công dụng tuyệt vời. Đầu tiên, nó giúp lớp trang điểm bền vững hơn, hạn chế tình trạng cakey hay xuống tông. Chiết xuất hoa hồng cung cấp độ ẩm, làm dịu da và giảm kích ứng, đặc biệt phù hợp với da nhạy cảm. Ngoài ra, xịt khóa này còn giúp làm mịn da, tạo hiệu ứng glow tự nhiên, giúp lớp makeup hoàn thiện hơn.
"
Công dụng của son tint màu cam đất là gì?,"Son tint màu cam đất là lựa chọn tuyệt vời cho những cô nàng muốn có đôi môi tự nhiên, trẻ trung nhưng vẫn đủ sức nổi bật. Màu son này phù hợp với nhiều tông da, đặc biệt là da trung bình và da ngăm. 

Công dụng chính:

1.  **Tạo hiệu ứng đôi môi căng mọng:** Chất tint nhẹ tênh giúp môi trông đầy đặn hơn.
2.  **Màu sắc tự nhiên, bền màu:** Cam đất mang đến vẻ đẹp thanh lịch, không quá sặc sỡ và giữ màu tốt trong nhiều giờ.
3.  **Dễ dàng phối hợp:** Phù hợp với nhiều phong cách trang điểm khác nhau, từ nhẹ nhàng hàng ngày đến cá tính hơn.
"
Công dụng của phấn highlighter chứa chiết xuất lô hội là gì?,"Phấn highlighter chứa chiết xuất lô hội không chỉ tạo hiệu ứng bắt sáng, giúp da trông căng bóng, rạng rỡ mà còn mang lại những lợi ích khác. Lô hội có tính dưỡng ẩm, làm dịu da, giảm kích ứng, đặc biệt phù hợp với da nhạy cảm hoặc dễ bị ửng đỏ. Việc sử dụng highlighter có lô hội giúp làm dịu vùng da dưới mắt, hạn chế tình trạng khô bong tróc và tăng cường độ bền màu cho lớp trang điểm.
"
Công dụng của son dưỡng chứa dầu hạt kiwi là gì?,"Son dưỡng chứa dầu hạt kiwi mang lại nhiều lợi ích tuyệt vời cho đôi môi. Dầu hạt kiwi giàu vitamin C và E, giúp chống oxy hóa, làm chậm quá trình lão hóa và bảo vệ môi khỏi tác hại của môi trường. Đồng thời, nó cung cấp độ ẩm sâu, làm mềm môi, giảm tình trạng khô ráp, nứt nẻ. Dầu kiwi còn có khả năng làm sáng màu môi, giúp môi tươi tắn hơn.
"
Công dụng của mặt nạ hoa nhài trước khi trang điểm là gì?,"Mặt nạ hoa nhài trước khi trang điểm có công dụng tuyệt vời trong việc cấp ẩm sâu và làm dịu da. Chiết xuất hoa nhài giàu chất chống oxy hóa, giúp da căng mọng, mịn màng, từ đó giúp lớp nền bám tốt hơn, không bị mốc hay vón cục. Đồng thời, mùi hương hoa nhài còn mang lại cảm giác thư giãn, giúp bạn có một buổi trang điểm thoải mái hơn. Hãy dùng mặt nạ khoảng 15-20 phút trước khi bắt đầu các bước trang điểm nhé!
"
Công dụng của phấn mắt dạng nhũ tím ánh bạc là gì?,"Phấn mắt nhũ tím ánh bạc rất đa năng! Màu tím tạo chiều sâu cho mắt, còn ánh bạc giúp mở rộng và làm sáng bừng đôi mắt. Bạn có thể dùng làm điểm nhấn ở khóe mắt, trung tâm bầu mắt hoặc toàn bộ bầu mắt để tạo vẻ lung linh, cuốn hút. Đặc biệt, màu này hợp với nhiều tông da và phong cách trang điểm, từ nhẹ nhàng hàng ngày đến dự tiệc lộng lẫy.
"
Công dụng của son tint màu đỏ đất là gì?,"Son tint màu đỏ đất là lựa chọn tuyệt vời cho những cô nàng yêu thích vẻ đẹp tự nhiên, cá tính. Màu son này giúp tôn da, đặc biệt là da trắng và trung bình, tạo cảm giác đôi môi căng mọng, quyến rũ. 

Độ bám màu tốt của son tint giúp bạn không cần dặm lại thường xuyên, phù hợp với nhiều hoạt động. Chất son lỏng nhẹ, dễ tán, mang lại cảm giác thoải mái khi sử dụng.
"
Công dụng của kem lót chứa chiết xuất cây bạc hà là gì?,"Kem lót chứa chiết xuất cây bạc hà có nhiều công dụng tuyệt vời cho làn da. Đầu tiên, bạc hà giúp làm mát và dịu da, giảm kích ứng và mẩn đỏ. Thứ hai, nó kiểm soát dầu thừa, thu nhỏ lỗ chân lông, tạo bề mặt da mịn màng hơn cho lớp nền. Cuối cùng, bạc hà còn có tác dụng làm sáng da nhẹ nhàng, giúp da trông tươi tắn và tràn đầy sức sống. Đây là lựa chọn lý tưởng cho da dầu, hỗn hợp thiên dầu hoặc da nhạy cảm.
"
Công dụng của tẩy trang dạng dầu hạt lúa mạch là gì?,"Tẩy trang dạng dầu hạt lúa mạch có công dụng tuyệt vời trong việc làm sạch sâu các loại trang điểm, kể cả mascara chống thấm nước, mà không gây kích ứng da. Dầu hạt lúa mạch giàu vitamin E và axit béo, giúp dưỡng ẩm, làm mềm da và hỗ trợ làm dịu các vùng da nhạy cảm. Đồng thời, nó còn giúp cân bằng lượng dầu tự nhiên trên da, ngăn ngừa tình trạng da khô căng sau khi tẩy trang.
"
Công dụng của phấn má hồng chứa chiết xuất cây tầm xuân là gì?,"Phấn má hồng chứa chiết xuất tầm xuân không chỉ mang lại sắc hồng tự nhiên, tươi trẻ cho đôi má mà còn có nhiều công dụng tuyệt vời khác. Tầm xuân giàu Vitamin C, giúp làm sáng da, mờ thâm nám và chống oxy hóa, bảo vệ da khỏi tác động của môi trường. Đồng thời, chiết xuất này còn hỗ trợ làm dịu da, giảm kích ứng, phù hợp với cả làn da nhạy cảm. Nhờ vậy, phấn má hồng này vừa trang điểm, vừa dưỡng da hiệu quả.
"
Công dụng của xịt dưỡng chứa chiết xuất cây bạc hà là gì?,"Xịt dưỡng chứa chiết xuất cây bạc hà có nhiều công dụng tuyệt vời cho da. Đầu tiên, bạc hà giúp làm mát và dịu da tức thì, giảm kích ứng do ánh nắng hoặc các tác nhân môi trường. Thứ hai, nó có khả năng kiểm soát dầu thừa, se khít lỗ chân lông, giúp da thông thoáng và ngăn ngừa mụn. Cuối cùng, hương bạc hà tươi mát còn mang lại cảm giác sảng khoái, thư giãn khi sử dụng.
"
Công dụng của son dưỡng chứa dầu hạt lúa mạch là gì?,"Son dưỡng chứa dầu hạt lúa mạch có nhiều công dụng tuyệt vời cho đôi môi. Dầu hạt lúa mạch giàu vitamin E và các axit béo thiết yếu, giúp dưỡng ẩm sâu, làm mềm môi và ngăn ngừa tình trạng khô nứt. Đặc biệt, nó còn có khả năng bảo vệ môi khỏi tác hại của môi trường như nắng gió và ô nhiễm, đồng thời hỗ trợ tái tạo tế bào da môi, giúp môi khỏe mạnh và tươi tắn hơn.
"
Công dụng của kem dưỡng chứa chiết xuất cây hoa hồng là gì?,"Kem dưỡng chứa chiết xuất hoa hồng mang lại nhiều lợi ích cho da. Đầu tiên, nước hoa hồng là một chất làm dịu tuyệt vời, giúp giảm kích ứng và mẩn đỏ. Nó cũng giàu vitamin C, một chất chống oxy hóa mạnh mẽ, giúp bảo vệ da khỏi tác hại của gốc tự do và làm sáng da. Ngoài ra, hoa hồng giúp cân bằng độ pH, làm se khít lỗ chân lông và cung cấp độ ẩm nhẹ nhàng, cho làn da mịn màng và tươi trẻ.
"
Công dụng của phấn mắt dạng nhũ vàng ánh kim là gì?,"Phấn mắt nhũ vàng ánh kim có công dụng chính là tạo điểm nhấn lấp lánh, sang trọng cho đôi mắt. Màu vàng ấm phù hợp với nhiều tông da, đặc biệt là da trung bình đến tối, giúp đôi mắt trông bừng sáng và có chiều sâu hơn. Bạn có thể dùng làm điểm nhấn ở khóe mắt, bầu mắt giữa hoặc toàn bộ bầu mắt tùy theo phong cách trang điểm. Nhũ ánh kim còn giúp che đi các nếp nhăn nhỏ và làm mắt trông to tròn hơn.
"
Công dụng của tẩy trang dạng dầu hạt bắp là gì?,"Tẩy trang dạng dầu hạt bắp có công dụng chính là hòa tan và loại bỏ hiệu quả các sản phẩm trang điểm gốc dầu như kem nền, son môi, mascara không trôi, đồng thời làm sạch bụi bẩn và bã nhờn trên da. Dầu hạt bắp giàu vitamin E và axit béo, giúp dưỡng ẩm, làm mềm da và không gây khô căng sau khi tẩy trang. Đây là lựa chọn tốt cho da khô, da nhạy cảm và những ai thường xuyên trang điểm đậm.
"
Công dụng của son tint màu hồng san hô là gì?,"Son tint màu hồng san hô là lựa chọn tuyệt vời cho những cô nàng muốn có đôi môi tươi tắn, trẻ trung. Màu son này mang đến vẻ đẹp tự nhiên, ngọt ngào, phù hợp với nhiều phong cách trang điểm khác nhau. 

Điểm đặc biệt của son tint là khả năng bám màu tốt, giúp đôi môi luôn căng mọng, rạng rỡ suốt cả ngày. Hồng san hô đặc biệt tôn da, làm sáng khuôn mặt và tạo cảm giác đôi môi đầy đặn hơn.
"
Công dụng của kem lót chứa chiết xuất cây lúa mạch là gì?,"Kem lót chứa chiết xuất cây lúa mạch có nhiều công dụng tuyệt vời cho làn da. Đầu tiên, nó giúp làm dịu da, giảm kích ứng và mẩn đỏ nhờ đặc tính chống viêm tự nhiên của lúa mạch. Thứ hai, lúa mạch giàu vitamin và khoáng chất giúp cấp ẩm, nuôi dưỡng da từ sâu bên trong, tạo lớp nền mịn màng. Cuối cùng, nó còn hỗ trợ làm đều màu da và tăng độ bám cho lớp trang điểm.
"
Công dụng của phấn highlighter chứa chiết xuất cây hoa hồng là gì?,"Phấn highlighter chứa chiết xuất hoa hồng không chỉ tạo hiệu ứng bắt sáng, giúp da trông rạng rỡ hơn mà còn mang lại nhiều lợi ích khác. Chiết xuất hoa hồng có tính dưỡng ẩm, làm dịu da, giảm kích ứng và hỗ trợ làm đều màu da. Do đó, phấn highlighter này vừa giúp bạn có đôi gò má tỏa sáng, vừa chăm sóc và bảo vệ làn da, đặc biệt phù hợp với da nhạy cảm hoặc dễ bị kích ứng.
"
Công dụng của son dưỡng chứa dầu hạt bắp là gì?,"Son dưỡng chứa dầu hạt bắp có nhiều công dụng tuyệt vời cho đôi môi. Dầu hạt bắp giàu vitamin E và axit béo, giúp dưỡng ẩm sâu, làm mềm môi và ngăn ngừa tình trạng khô nứt. Nó còn tạo một lớp màng bảo vệ môi khỏi tác động của thời tiết khắc nghiệt như gió và nắng. Đặc biệt, dầu hạt bắp có khả năng làm dịu môi bị kích ứng, giúp môi luôn khỏe mạnh và căng mọng.
"
Công dụng của mặt nạ cúc vạn thọ trước khi trang điểm là gì?,"Mặt nạ cúc vạn thọ trước khi trang điểm có công dụng tuyệt vời trong việc làm dịu da, giảm kích ứng và cấp ẩm tức thì. Cúc vạn thọ chứa các hợp chất chống viêm, giúp da mềm mại và mịn màng hơn, tạo lớp nền hoàn hảo cho lớp trang điểm. Việc này giúp lớp nền bám tốt hơn, hạn chế tình trạng mốc hoặc vón cục, đồng thời giúp lớp trang điểm trông tự nhiên và bền màu hơn.
"
Công dụng của phấn mắt dạng nhũ hồng phấn là gì?,"Phấn mắt nhũ hồng phấn có công dụng chính là tạo điểm nhấn lấp lánh, trẻ trung cho đôi mắt. Màu hồng phấn dịu nhẹ phù hợp với nhiều tông da, đặc biệt là da sáng và trung bình, giúp đôi mắt trông to tròn và bừng sáng hơn. Nhũ ánh ngọc trai còn có khả năng phản xạ ánh sáng, che đi các khuyết điểm nhỏ như nếp nhăn hay bọng mắt, mang đến vẻ ngoài tươi tắn, rạng rỡ. Bạn có thể dùng làm điểm nhấn ở bầu mắt hoặc hốc mắt dưới.
"
Công dụng của kem dưỡng chứa chiết xuất cây lúa mạch là gì?,"Kem dưỡng chứa chiết xuất cây lúa mạch có nhiều công dụng tuyệt vời cho da. Lúa mạch giàu vitamin nhóm B, vitamin E và các axit amin giúp cấp ẩm sâu, làm dịu da kích ứng và giảm viêm. Đặc biệt, nó còn chứa các chất chống oxy hóa, bảo vệ da khỏi tác hại của gốc tự do, giúp da khỏe mạnh và tươi trẻ hơn. Thường phù hợp với da nhạy cảm, dễ kích ứng.
"
Công dụng của son tint màu đỏ hồng là gì?,"Son tint màu đỏ hồng là lựa chọn tuyệt vời để tạo vẻ ngoài tươi trẻ, năng động. Màu đỏ hồng phù hợp với nhiều tông da, đặc biệt là da sáng và trung bình, giúp da trông rạng rỡ hơn. 

Công dụng chính:

1.  **Tạo màu sắc tự nhiên:** Tint bám tốt, cho màu sắc nhẹ nhàng, không quá dày.
2.  **Hiệu ứng đôi môi căng mọng:** Nhiều loại tint có chứa dưỡng chất giúp môi mềm mại.
3.  **Độ bền cao:** Giữ màu lâu, ít trôi khi ăn uống.
"
Công dụng của kem lót chứa chiết xuất cây hoa hồng là gì?,"Kem lót chứa chiết xuất hoa hồng có nhiều công dụng tuyệt vời cho da. Đầu tiên, nó giúp làm dịu và cấp ẩm, giảm kích ứng cho những làn da nhạy cảm. Chiết xuất hoa hồng còn có khả năng làm sáng da, cải thiện tông màu da đều màu hơn. Đồng thời, kem lót này tạo một lớp nền mịn màng, giúp lớp makeup bám tốt hơn và bền lâu hơn, đồng thời bảo vệ da khỏi tác động của mỹ phẩm.
"
Trang điểm cơ bản gồm những bước nào?,"Trang điểm cơ bản gồm 5 bước chính:

1. **Làm sạch da:** Loại bỏ bụi bẩn, dầu thừa để lớp nền mịn màng.
2. **Dưỡng ẩm:** Cung cấp độ ẩm, giúp da căng mọng, dễ ăn phấn.
3. **Kem nền:** Che phủ khuyết điểm, tạo lớp da đều màu.
4. **Phấn phủ:** Giữ lớp nền bền vững, kiểm soát dầu thừa.
5. **Trang điểm mắt & môi:** Thêm điểm nhấn cho khuôn mặt, thể hiện cá tính.

Thứ tự này đảm bảo lớp trang điểm hoàn hảo, tự nhiên và bền lâu.
"
Làm sao để lớp nền giữ lâu suốt cả ngày?,"Để lớp nền giữ lâu suốt cả ngày, bạn cần chuẩn bị kỹ và thực hiện đúng quy trình:

1. **Dưỡng ẩm:** Da đủ ẩm là nền tảng giúp lớp nền bám tốt hơn.
2. **Sử dụng primer:** Primer tạo lớp màng khóa ẩm, làm mịn da và giúp nền bám dính.
3. **Phấn phủ:** Sau khi đánh nền, dùng phấn phủ nhẹ nhàng để khóa lớp nền, đặc biệt ở vùng chữ T.
4. **Xịt khóa nền:** Bước cuối cùng, xịt khóa nền giúp lớp trang điểm bền vững hơn.
"
Nên chọn kem nền như thế nào cho da dầu?,"Với da dầu, bạn nên ưu tiên kem nền có kết cấu nhẹ, không gây bí da. Hãy tìm các sản phẩm có ghi ""oil-free"", ""mattifying"" hoặc ""long-lasting"". Kem nền dạng lỏng hoặc mousse thường phù hợp hơn kem nền dạng kem đặc. Thành phần lý tưởng nên có các chất kiểm soát dầu như silica hoặc zinc oxide. Quan trọng nhất, hãy thử kem nền trên da trước khi mua để đảm bảo không gây kích ứng và màu sắc phù hợp.
"
Có cần dùng kem lót trước khi trang điểm không?,"Chào bạn, câu hỏi này rất hay! Câu trả lời là **có**, bạn nên dùng kem lót trước khi trang điểm. 

Kem lót đóng vai trò như một lớp nền hoàn hảo, giúp làm mịn bề mặt da, che lấp lỗ chân lông và các nếp nhăn nhỏ. Điều này giúp lớp nền sau đó bám tốt hơn, đều màu hơn và bền lâu hơn. Ngoài ra, kem lót còn bảo vệ da khỏi tác động trực tiếp của mỹ phẩm, giảm thiểu nguy cơ gây kích ứng. Chọn kem lót phù hợp với loại da của bạn để đạt hiệu quả tốt nhất nhé!
"
Son tint và son lì khác nhau như thế nào?,"Chào bạn, với kinh nghiệm trang điểm của mình, tôi sẽ giải thích sự khác biệt giữa son tint và son lì nhé.

**Son tint** có kết cấu lỏng, nhẹ, chứa nhiều nước, cho màu sắc tự nhiên, căng mọng và bền màu. Tint thẩm thấu vào da, tạo hiệu ứng ""tệp vào"" môi.

**Son lì** đặc hơn, chứa nhiều sắc tố, cho màu sắc đậm nét, che phủ hoàn toàn và có bề mặt khô ráo, mịn màng. Tuy nhiên, son lì có thể làm khô môi hơn tint.

Lựa chọn son nào phụ thuộc vào sở thích và tình trạng môi của bạn.
"
Làm sao để kẻ eyeliner cho mắt nhỏ trông to hơn?,"Để kẻ eyeliner cho mắt nhỏ trông to hơn, bạn nên tập trung vào kỹ thuật tạo hiệu ứng mở rộng. Đầu tiên, hãy dùng eyeliner màu sáng (nâu, xám nhạt) thay vì đen đậm. Kẻ một đường mỏng, sát đường chân mi trên, tập trung vào 2/3 đường mắt ngoài và kéo nhẹ đuôi mắt hướng lên trên. Tránh kẻ đường dày ở mí mắt trong và đường kẻ quá dài, vì sẽ làm mắt trông nhỏ hơn. Cuối cùng, dùng chì trắng hoặc highlighter kẻ đường viền mí mắt dưới để mở rộng mắt.
"
Làm sao để chọn màu son môi cho buổi chụp ảnh ngoài trời vào mùa hè?,"Để chọn son môi cho buổi chụp ảnh ngoài trời mùa hè, bạn nên ưu tiên các màu tươi sáng, rực rỡ nhưng vẫn tự nhiên. Các lựa chọn tốt bao gồm hồng san hô, cam đào, hoặc đỏ cam. Tránh các màu quá tối hoặc quá nude vì chúng có thể làm mất vẻ tươi tắn của khuôn mặt dưới ánh nắng. Son có chất dưỡng ẩm sẽ giúp môi căng mọng và bắt sáng tốt hơn trong ảnh.
"
Cách nhận diện lọ serum có chứa vitamin A qua hình ảnh?,"Để nhận diện serum chứa Vitamin A (Retinol) qua hình ảnh, bạn có thể chú ý các điểm sau:

1. **Màu sắc:** Serum Vitamin A thường có màu vàng nhạt hoặc cam, do đặc tính của Retinol. Tuy nhiên, màu sắc có thể thay đổi tùy thuộc vào nồng độ và các thành phần khác.
2. **Bao bì:** Các sản phẩm chứa Retinol thường được đóng gói trong chai tối màu (amber, nâu) để bảo vệ Retinol khỏi ánh sáng, giúp duy trì hiệu quả.
3. **Thành phần:** Kiểm tra bảng thành phần, tìm các tên như Retinol, Retinyl Palmitate, Retinaldehyde.
"
Tại sao nên dùng phấn tạo khối dạng bột cho người mới bắt đầu?,"Phấn tạo khối dạng bột là lựa chọn tuyệt vời cho người mới bắt đầu vì dễ thao tác và kiểm soát lượng sản phẩm. Chất bột mịn giúp blend đều, tránh vệt loang, tạo hiệu ứng tự nhiên hơn so với kem hoặc stick. Bạn có thể dùng cọ để lấy một lượng nhỏ phấn, gõ nhẹ để loại bỏ bớt rồi tán đều lên vùng cần tạo khối như xương gò má, hai bên sống mũi, giúp khuôn mặt thêm chiều sâu.
"
Cách tạo makeup cho buổi đi nghe nhạc acoustic?,"Chào bạn, để có makeup phù hợp cho buổi đi nghe nhạc acoustic, bạn nên ưu tiên vẻ tự nhiên, nhẹ nhàng.

1.  **Chuẩn bị da:** Dưỡng ẩm kỹ để lớp nền mịn màng.
2.  **Nền:** Dùng BB cream hoặc cushion mỏng nhẹ, che khuyết điểm ở vùng cần thiết.
3.  **Mắt:** Phấn mắt màu nude hoặc nâu nhạt, tán đều. Kẻ eyeliner mảnh, mascara nhẹ nhàng.
4.  **Má:** Phấn má hồng tone đào hoặc cam đất, đánh nhẹ nhàng để có vẻ ửng hồng tự nhiên.
5.  **Môi:** Son tint hoặc son dưỡng có màu nhẹ nhàng.

Lưu ý: Tránh makeup quá đậm, tập trung vào sự tươi tắn, rạng rỡ.
"
Làm sao để nhận diện cây cọ tán phấn nền dạng lớn qua hình ảnh?,"Để nhận diện cọ tán phấn nền dạng lớn qua hình ảnh, bạn hãy chú ý các điểm sau:

1. **Kích thước:** Cọ lớn hơn các loại cọ khác, thường có chiều dài từ 18-20cm.
2. **Hình dáng:** Đầu cọ tròn, xốp và mềm mại, lông cọ thường rậm rạp.
3. **Màu sắc:** Thường có màu đen, trắng hoặc kết hợp, lông cọ có thể là sợi tự nhiên hoặc tổng hợp.
4. **Mục đích sử dụng:** Cọ này dùng để tán đều phấn nền trên diện tích lớn như mặt, cổ.
"
Cách chọn cọ để tán phấn mắt cho mắt mí lót?,"Để tán phấn mắt cho mắt mí lót, bạn nên chọn cọ nhỏ, đầu bằng và lông mềm mại. Cọ đầu bằng giúp bạn dễ dàng kiểm soát lượng phấn và tán đều trên diện tích nhỏ của mí lót. Lông mềm mại sẽ tránh gây kích ứng cho vùng da nhạy cảm quanh mắt. Nên ưu tiên cọ sợi tổng hợp vì dễ vệ sinh và không bị rụng lông.
"
Tại sao nên dùng xịt khoáng có chứa chiết xuất hoa oải hương trước makeup?,"Xịt khoáng chứa chiết xuất hoa oải hương là bước chuẩn bị tuyệt vời trước khi trang điểm vì nhiều lý do. Oải hương có tính chất làm dịu da, giảm kích ứng và mẩn đỏ, giúp da cân bằng và khỏe mạnh hơn. Xịt khoáng cung cấp độ ẩm tức thì, giúp lớp nền mịn màng, bám dính tốt hơn và tránh tình trạng cakey. Hương thơm oải hương còn giúp thư giãn, giảm căng thẳng trước khi trang điểm.
"
Làm sao để nhận diện chai sữa rửa mặt có chứa AHA qua hình ảnh?,"Để nhận diện sữa rửa mặt chứa AHA qua hình ảnh, bạn hãy chú ý các điểm sau:

1. **Thành phần:** Tìm các từ khóa như ""AHA"", ""Glycolic Acid"", ""Lactic Acid"", ""Mandelic Acid"" trên bao bì.
2. **Mô tả:** Sản phẩm thường ghi rõ công dụng ""tẩy tế bào chết"", ""làm sáng da"", ""cải thiện kết cấu da"".
3. **Kết cấu:** Sữa rửa mặt AHA thường có kết cấu lỏng, hơi đặc và có thể tạo bọt nhẹ.
4. **Bao bì:** Một số sản phẩm sẽ có ký hiệu đặc biệt về AHA để dễ nhận biết.
"
Cách tạo makeup cho buổi đi picnic vào mùa xuân?,"Chào bạn, để có một lớp makeup tươi trẻ cho buổi picnic mùa xuân, bạn hãy thử các bước sau nhé:

1.  **Dưỡng ẩm:** Mùa xuân thời tiết dễ thay đổi, cấp ẩm là bước quan trọng.
2.  **Kem nền mỏng nhẹ:** Chọn loại có độ che phủ vừa phải, ưu tiên các sản phẩm cushion hoặc BB cream.
3.  **Má hồng tone đào/cam:** Tạo vẻ ửng hồng tự nhiên.
4.  **Mắt nhẹ nhàng:** Phấn mắt tone hồng, cam đất hoặc chỉ dùng mascara.
5.  **Son dưỡng có màu:** Giữ môi ẩm và tươi tắn.

Lưu ý: Ưu tiên các sản phẩm chống nắng và hạn chế makeup quá dày để có vẻ ngoài tự nhiên nhất nhé!
"
Kỹ thuật makeup 'velvet rose' là gì?,"Kỹ thuật makeup ""velvet rose"" tập trung vào vẻ đẹp mềm mại, tự nhiên như nhung với tông hồng chủ đạo. 

**Các bước chính:**

1.  **Nền:** Sử dụng kem nền ẩm mịn, độ che phủ vừa phải.
2.  **Mắt:** Phủ phấn mắt hồng đào nhạt, tán đều.
3.  **Má:** Tô má hồng tone hồng baby, tán nhẹ nhàng để tạo hiệu ứng ửng hồng tự nhiên.
4.  **Môi:** Chọn son hồng nude hoặc hồng san hô, đánh lòng môi để tạo hiệu ứng đôi môi căng mọng.

Kỹ thuật này phù hợp với những cô nàng yêu thích vẻ đẹp dịu dàng, nữ tính.
"
Cách chọn son môi cho buổi tiệc sinh nhật ngoài trời?,"Để chọn son môi cho tiệc sinh nhật ngoài trời, bạn nên ưu tiên các màu sắc tươi sáng, rạng rỡ như hồng san hô, cam đào hoặc đỏ tươi. Những màu này sẽ giúp bạn nổi bật trong ánh nắng và tạo vẻ ngoài tràn đầy năng lượng.

Quan trọng là chọn chất son có độ dưỡng ẩm tốt (son kem, son tint) để môi không bị khô khi tiếp xúc với thời tiết. Tránh các màu son quá tối hoặc trầm vì có thể làm khuôn mặt trông nhợt nhạt.
"
Làm sao để nhận diện hộp phấn tạo khối dạng kem qua hình ảnh?,"Để nhận diện hộp phấn tạo khối dạng kem qua hình ảnh, bạn hãy chú ý các điểm sau:

1. **Kết cấu:** Phấn kem thường có bề mặt mịn, ẩm ướt, không khô ráo như phấn bột.
2. **Màu sắc:** Thường có tông màu lạnh (xám, nâu lạnh) để tạo hiệu ứng bóng đổ tự nhiên. Tránh các màu quá ấm (nâu đỏ) vì dễ nhìn như phấn má.
3. **Hộp đựng:** Thường là hộp nhỏ, tròn hoặc vuông vức, có thể là dạng hũ hoặc nắp đậy.
4. **Nhãn mác:** Tìm các từ khóa như ""contour"", ""shading"", ""cream"" trên bao bì.
"
Tại sao nên dùng tẩy trang dạng dầu kép cho makeup lâu trôi?,"Tẩy trang dạng dầu kép (double cleansing oil) đặc biệt hiệu quả với makeup lâu trôi vì cơ chế hoạt động ""dầu hòa tan dầu"". Lớp trang điểm chống nước, mascara, son lì thường chứa các thành phần dầu và sáp. Dầu tẩy trang sẽ phá vỡ liên kết của chúng, giúp loại bỏ dễ dàng hơn trong lần rửa mặt đầu tiên. Sau đó, sữa rửa mặt sẽ loại bỏ cặn dầu và bụi bẩn còn sót lại, mang lại làn da sạch sâu và thông thoáng.
"
Cách tạo makeup cho buổi đi công viên vào mùa đông?,"Chào bạn, để có một lớp makeup nhẹ nhàng, tươi tắn cho buổi đi công viên mùa đông, bạn hãy thực hiện các bước sau:

1. **Dưỡng ẩm:** Mùa đông da dễ khô, nên cấp ẩm kỹ trước khi makeup.
2. **Kem nền/BB cream:** Chọn loại có độ che phủ nhẹ, giúp da đều màu tự nhiên.
3. **Má hồng:** Tone hồng đào hoặc cam đào sẽ tạo vẻ ấm áp.
4. **Son dưỡng/son tint:** Ưu tiên son dưỡng hoặc son tint màu nhẹ nhàng.
5. **Chống nắng:** Đừng quên kem chống nắng dù trời đông nhé!

Lớp makeup này giúp bạn trông tươi tắn mà vẫn thoải mái, không bị quá cầu kỳ.
"
Làm sao để nhận diện lọ kem dưỡng da có chứa ceramide qua hình ảnh?,"Để nhận diện kem dưỡng da chứa ceramide qua hình ảnh, bạn hãy chú ý các điểm sau:

1. **Bao bì:** Các sản phẩm chứa ceramide thường ghi rõ ""Ceramide"", ""Ceramides"" hoặc tên cụ thể của loại ceramide (ví dụ: Ceramide NP, AP, EOP) trên bao bì.
2. **Mô tả sản phẩm:** Tìm các từ khóa như ""phục hồi hàng rào bảo vệ da"", ""dưỡng ẩm sâu"", ""cho da nhạy cảm"" vì ceramide thường được dùng trong các sản phẩm này.
3. **Kết cấu:** Kem chứa ceramide thường có kết cấu đặc vừa phải, mịn màng, không quá lỏng hoặc quá đặc.
"
Cách chọn cọ để tán kem nền cho da nhạy cảm?,"Để tán kem nền cho da nhạy cảm, bạn nên ưu tiên cọ đầu bằng, sợi tổng hợp mềm mại. Loại cọ này giúp phân tán kem nền đều mà không gây ma sát, giảm kích ứng cho da. Tránh cọ đầu vát hoặc lông tự nhiên vì có thể làm tổn thương da. Nên chọn cọ có mật độ lông vừa phải để kiểm soát lượng kem nền tốt hơn, tránh làm da bị dày bí.
"
Tại sao nên dùng son dưỡng có chứa dầu hạt lanh trước son lì?,"Chào bạn,

Son dưỡng có dầu hạt lanh là bước chuẩn bị tuyệt vời trước khi đánh son lì. Dầu hạt lanh giàu axit béo omega-3, giúp môi mềm mịn, làm đầy các rãnh môi và dưỡng ẩm sâu. Điều này giúp son lì bám đều hơn, không bị vón cục hay lộ vân môi. Hơn nữa, lớp dưỡng ẩm này tạo ""hàng rào"" bảo vệ môi khỏi bị khô, bong tróc do son lì gây ra, giúp môi luôn căng mọng.
"
Làm sao để nhận diện cây cọ tán phấn mắt dạng precision qua hình ảnh?,"Để nhận diện cọ tán phấn mắt dạng precision qua hình ảnh, bạn hãy chú ý các điểm sau:

1. **Kích thước:** Cọ precision thường nhỏ, đầu cọ thon, mảnh.
2. **Hình dáng:** Lông cọ thường được cắt vát hoặc tròn nhưng rất nhỏ gọn, giúp tập trung phấn vào vùng mắt cụ thể.
3. **Lông cọ:** Lông cọ có thể là tự nhiên hoặc tổng hợp, nhưng thường mềm mại và dày đặc để dễ dàng kiểm soát lượng phấn.
4. **Màu sắc:** Thường có màu đen, trắng hoặc bạc.
"
Cách tạo makeup cho buổi đi xem phim tình cảm?,"Để có một lớp trang điểm nhẹ nhàng, phù hợp cho buổi xem phim tình cảm, bạn hãy thực hiện các bước sau:

1.  **Chuẩn bị da:** Dưỡng ẩm kỹ để da căng mịn.
2.  **Nền:** Dùng kem nền mỏng, nhẹ để che khuyết điểm, tạo lớp nền tự nhiên.
3.  **Mắt:** Phấn mắt màu hồng đào hoặc cam đất, tán nhẹ nhàng. Kẻ mắt mảnh, dùng mascara để mi cong và dài.
4.  **Má:** Phấn má hồng tone hồng baby để khuôn mặt ửng hồng.
5.  **Môi:** Son bóng hoặc son tint màu hồng san hô, cam nude.

Lớp trang điểm này sẽ giúp bạn trông tươi tắn, ngọt ngào mà không quá cầu kỳ.
"
Cách chọn son môi cho buổi họp trực tuyến quan trọng?,"Để chọn son môi cho buổi họp trực tuyến quan trọng, bạn nên ưu tiên những màu sắc tự nhiên, trung tính như hồng nude, cam đào hoặc màu nude có chút nâu. Những màu này giúp bạn trông chuyên nghiệp, tươi tắn mà không quá nổi bật.

**Lý do:** Ánh sáng từ màn hình có thể làm màu son bị thay đổi, màu quá sặc sỡ có thể gây mất tập trung cho người nghe. Chất son nên chọn loại matte hoặc satin để tránh bị bóng dầu, trông chỉn chu hơn.
"
Làm sao để nhận diện chai xịt cố định makeup có chứa aloe vera qua hình ảnh?,"Để nhận diện chai xịt cố định makeup có chứa aloe vera qua hình ảnh, bạn hãy chú ý các điểm sau:

1. **Kiểm tra thành phần:** Tìm từ khóa ""Aloe Vera"", ""Chiết xuất lô hội"" trên nhãn.
2. **Màu sắc sản phẩm:** Xịt chứa aloe vera thường trong suốt, có thể hơi xanh nhạt.
3. **Nhãn hiệu:** Các thương hiệu chuyên về sản phẩm tự nhiên thường ưu tiên aloe vera trong công thức.
4. **Hình ảnh lô hội:** Một số sản phẩm sẽ in hình lá lô hội trên bao bì để nhấn mạnh thành phần này.
"
Tại sao nên dùng phấn phủ dạng bột rời cho da dầu?,"Chào bạn, với da dầu, phấn phủ dạng bột rời là lựa chọn lý tưởng vì khả năng kiểm soát dầu thừa vượt trội. Phấn bột rời có kết cấu nhẹ, giúp hấp thụ dầu hiệu quả mà không gây bí da như phấn nén. Điều này giúp lớp trang điểm bền lâu, mịn màng và tránh tình trạng bóng dầu khó chịu. Hơn nữa, phấn bột rời thường không chứa dầu, phù hợp với làn da dễ nổi mụn.
"
Cách tạo makeup cho buổi đi dạo phố vào mùa hè?,"Chào bạn, để có một lớp makeup nhẹ nhàng, tươi tắn cho buổi đi dạo phố mùa hè, bạn hãy làm theo các bước sau nhé:

1.  **Kem chống nắng:** Luôn là bước đầu tiên và quan trọng nhất để bảo vệ da.
2.  **Kem nền/BB cream:** Chọn loại mỏng nhẹ, che phủ vừa phải.
3.  **Phấn má hồng:** Tone cam đào hoặc hồng san hô sẽ giúp bạn trông tươi tắn hơn.
4.  **Son dưỡng/son tint:** Ưu tiên các màu nude, hồng baby hoặc cam san hô.
5.  **Chống nước:** Nếu bạn đổ mồ hôi nhiều, hãy dùng xịt khoáng giữ lớp makeup.

Chúc bạn có một buổi đi chơi thật vui!
"
Làm sao để nhận diện lọ kem nền dạng lỏng trung bình qua hình ảnh?,"Để nhận diện kem nền dạng lỏng trung bình qua hình ảnh, bạn hãy chú ý các điểm sau:

1. **Kết cấu:** Kem nền lỏng trung bình sẽ có độ đặc sánh hơn kem nền lỏng nhẹ, nhưng vẫn dễ dàng đổ ra tay.
2. **Độ che phủ:** Quan sát độ che phủ trên da, kem nền này thường che phủ tốt các vết ửng đỏ, lỗ chân lông nhưng vẫn giữ được vẻ tự nhiên.
3. **Bao bì:** Thường được đựng trong chai có pump hoặc lọ thủy tinh/nhựa với nắp đậy kín.
4. **Màu sắc:** Màu sắc đa dạng, phù hợp nhiều tông da.
"
Cách chọn cọ để tán phấn mắt nhũ cho buổi tiệc đêm?,"Để tán phấn mắt nhũ cho buổi tiệc đêm, bạn nên chọn cọ đầu nhỏ, dẹt và lông cọ mềm, dày dặn. Cọ dẹt giúp bạn dễ dàng kiểm soát lượng phấn và tán đều trên bầu mắt. Lông mềm, dày dặn giúp giữ phấn nhũ bám tốt, hạn chế rơi rụng và tạo hiệu ứng lấp lánh đẹp mắt. Nên ưu tiên cọ sợi tổng hợp vì chúng không hút phấn nhiều như lông tự nhiên, giúp tiết kiệm sản phẩm.
"
Tại sao nên dùng xịt khoáng có chứa chiết xuất dưa leo trước makeup?,"Xịt khoáng chứa chiết xuất dưa leo là bước chuẩn bị tuyệt vời trước makeup vì nhiều lý do. Dưa leo giàu nước và vitamin, giúp cấp ẩm tức thì cho da, làm dịu da bị kích ứng và giảm sưng đỏ. Điều này tạo nên một lớp nền mịn màng, giúp lớp makeup bám tốt hơn, không bị mốc hay vón cục. Hơn nữa, dưa leo còn có tác dụng làm se khít lỗ chân lông, giúp lớp makeup bền vững hơn.
"
Làm sao để nhận diện hộp phấn highlighter dạng bột nén qua hình ảnh?,"Để nhận diện hộp phấn highlighter dạng bột nén qua hình ảnh, bạn hãy chú ý các điểm sau:

1. **Hình dáng:** Thường là hộp tròn hoặc vuông nhỏ gọn, có thể có nắp trong suốt để thấy màu phấn.
2. **Kết cấu:** Bề mặt phấn có thể mịn màng hoặc hơi lấp lánh.
3. **Màu sắc:** Màu sắc phổ biến là trắng ngà, champagne, hồng ngọc trai hoặc vàng ánh kim.
4. **Logo/Chữ:** Hộp thường có logo thương hiệu và tên sản phẩm ""Highlighter"" hoặc ""Illuminator"".
"
Cách tạo makeup cho buổi đi xem múa ba lê?,"Để có một lớp trang điểm phù hợp khi đi xem múa ba lê, bạn nên ưu tiên vẻ đẹp thanh lịch, tinh tế.

1.  **Nền:** Chọn kem nền nhẹ nhàng, che phủ vừa phải để giữ vẻ tự nhiên.
2.  **Mắt:** Phấn mắt màu hồng đào, nâu nhạt hoặc champagne sẽ tạo chiều sâu cho đôi mắt. Kẻ mắt mảnh, không quá đậm.
3.  **Má:** Sử dụng phấn má hồng nhẹ nhàng, tán đều để khuôn mặt ửng hồng tự nhiên.
4.  **Môi:** Son môi màu hồng nude, cam đào hoặc đỏ san hô sẽ hoàn thiện vẻ ngoài dịu dàng.

Lưu ý: Tránh trang điểm quá cầu kỳ, tập trung vào sự hài hòa và thanh thoát.
"
Cách chọn son môi cho buổi đi phỏng vấn xin việc?,"Để chọn son môi phù hợp cho buổi phỏng vấn xin việc, bạn nên ưu tiên sự chuyên nghiệp và tinh tế. Hãy chọn những màu son nude, hồng đào, hoặc cam đất nhẹ nhàng. Tránh các màu son quá nổi bật như đỏ tươi, hồng neon hay tím. 

**Lý do:** Màu son tự nhiên giúp bạn trông tự tin, thanh lịch và không gây ấn tượng quá mạnh, tập trung vào năng lực của bạn hơn là ngoại hình. Chất son nên là matte hoặc satin để giữ màu lâu và không bị bóng dầu.
"
Làm sao để nhận diện cây cọ tán phấn má hồng dạng vát qua hình ảnh?,"Để nhận diện cọ tán phấn má hồng dạng vát qua hình ảnh, bạn hãy chú ý đến hình dáng đầu cọ. Cọ vát có một đường cắt chéo rõ ràng ở đầu lông, tạo thành một mặt phẳng nghiêng. Hình dáng này giúp bạn dễ dàng xác định xương gò má và tán phấn theo đường cong tự nhiên, mang lại hiệu ứng má ửng hồng tự nhiên và có đường nét hơn so với cọ tròn.
"
Tại sao nên dùng kem lót có chứa chiết xuất hạt chia cho da khô?,"Kem lót chứa chiết xuất hạt chia rất lý tưởng cho da khô vì hạt chia là nguồn cung cấp axit béo omega-3 dồi dào. Axit béo này giúp tăng cường hàng rào bảo vệ da, khóa ẩm hiệu quả và giảm tình trạng mất nước xuyên suốt cả ngày. Đồng thời, hạt chia còn có khả năng làm dịu da, giảm kích ứng, giúp lớp nền trang điểm mịn màng và bám dính tốt hơn, tránh tình trạng bong tróc.
"
Làm sao để nhận diện lọ serum có chứa peptide qua hình ảnh?,"Để nhận diện serum chứa peptide qua hình ảnh, bạn hãy chú ý các điểm sau:

1. **Bao bì:** Serum peptide thường có thiết kế tối giản, màu sắc trung tính (trắng, xanh, be) thể hiện sự khoa học và tập trung vào thành phần.
2. **Chữ in:** Tìm các từ khóa như ""peptide"", ""collagen"", ""anti-aging"", ""wrinkle reduction"" trên bao bì.
3. **Kết cấu:** Serum peptide thường có kết cấu lỏng nhẹ, trong suốt hoặc hơi đục.
4. **Dung tích:** Thường đóng gói trong chai nhỏ (15-30ml) vì peptide dễ bị oxy hóa.
"
Cách tạo makeup cho buổi tiệc tối ở bãi biển?,"Để có lớp trang điểm hoàn hảo cho buổi tiệc tối trên bãi biển, bạn nên ưu tiên sự tươi tắn, tự nhiên và bền vững.

1.  **Dưỡng ẩm:** Bãi biển thường khô, hãy cấp ẩm kỹ lưỡng.
2.  **Kem nền:** Chọn loại chống nước, nhẹ nhàng, độ che phủ vừa phải.
3.  **Mắt:** Sử dụng phấn mắt màu đồng, nâu hoặc xanh biển, kết hợp chút nhũ.
4.  **Má:** Hồng đào hoặc cam san hô tạo vẻ khỏe khoắn.
5.  **Môi:** Son dưỡng có màu hoặc son lì nhẹ nhàng.
6.  **Khóa lớp trang điểm:** Xịt khóa để giữ lớp trang điểm lâu trôi."
Cách chọn cọ để tán kem che khuyết điểm cho vùng mụn?,"Để tán kem che khuyết điểm lên vùng mụn, bạn nên chọn cọ nhỏ, đầu bằng và lông mềm mại. Cọ đầu bằng giúp bạn kiểm soát lượng sản phẩm tốt hơn, tránh làm nặng vùng mụn. Lông mềm mại sẽ không gây kích ứng hoặc làm tổn thương da mụn. Nên ưu tiên cọ tổng hợp thay vì lông tự nhiên để vệ sinh dễ dàng, hạn chế vi khuẩn. Bạn có thể dùng cọ hình oval nhỏ hoặc cọ che khuyết điểm chuyên dụng.
"
Làm sao để nhận diện chai xịt dưỡng da có chứa vitamin E qua hình ảnh?,"Để nhận diện chai xịt dưỡng da chứa Vitamin E qua hình ảnh, bạn hãy chú ý các điểm sau:

1. **Màu sắc:** Dung dịch thường có màu vàng nhạt hoặc hổ phách do Vitamin E có màu tự nhiên.
2. **Nhãn mác:** Tìm các từ khóa như ""Vitamin E"", ""Tocopherol"" (tên khoa học của Vitamin E) trên bao bì.
3. **Độ trong suốt:** Vitamin E có thể khiến sản phẩm hơi đục nhẹ, không hoàn toàn trong suốt như nước.
4. **Bao bì:** Thường được đóng trong chai tối màu (amber, nâu) để bảo vệ Vitamin E khỏi ánh sáng, giúp giữ chất lượng.
"
Tại sao nên dùng son dưỡng có chứa dầu dừa trước son bóng?,"Chào bạn,

Sử dụng son dưỡng có dầu dừa trước son bóng là một mẹo nhỏ hữu ích đấy! Dầu dừa giúp làm mềm môi, tạo một lớp nền ẩm mượt, giúp son bóng lên màu chuẩn hơn và không bị vón cục. Đồng thời, dầu dừa còn có tác dụng dưỡng ẩm, bảo vệ môi khỏi tình trạng khô ráp do son bóng có thể gây ra. Đây là bước chuẩn bị lý tưởng để có đôi môi căng mọng, quyến rũ.
"
Cách tạo makeup cho buổi đi xem hòa nhạc ngoài trời?,"Để có lớp makeup phù hợp đi xem hòa nhạc ngoài trời, bạn nên ưu tiên sự bền vững và tự nhiên.

1.  **Chuẩn bị da:** Dưỡng ẩm kỹ để da không bị khô dưới ánh nắng.
2.  **Kem nền:** Chọn loại có độ che phủ vừa phải, chống nắng và kiềm dầu tốt.
3.  **Mắt:** Sử dụng phấn mắt màu trung tính, dễ phối đồ. Đừng quên mascara chống thấm nước.
4.  **Má & Môi:** Tô má hồng nhẹ nhàng và son có màu sắc tươi tắn, bền màu.
5.  **Cố định:** Xịt khóa makeup để giữ lớp trang điểm lâu trôi.

"
Kỹ thuật makeup 'smokey mauve' là gì?,"Smokey mauve là kỹ thuật trang điểm mắt kết hợp giữa tông màu xám khói (smokey) truyền thống với sắc tím hồng đào (mauve) dịu nhẹ. 

**Cách thực hiện:**

1.  **Tạo lớp nền:** Sử dụng phấn mắt màu mauve nhạt làm lớp nền.
2.  **Tạo chiều sâu:** Thêm màu mauve đậm hơn vào hốc mắt và đuôi mắt.
3.  **Pha trộn:** Dùng cọ hòa trộn kỹ để các màu sắc chuyển tiếp mượt mà.
4.  **Hoàn thiện:** Có thể thêm chút phấn mắt màu xám khói ở đuôi mắt để tăng độ sâu.

Kỹ thuật này tạo đôi mắt cuốn hút, mềm mại, phù hợp với nhiều màu da và phong cách.
"
Làm sao để nhận diện lọ kem dưỡng mắt có chứa retinol qua hình ảnh?,"Để nhận diện kem dưỡng mắt chứa retinol qua hình ảnh, bạn hãy chú ý các điểm sau:

1. **Bao bì:** Thường có ghi rõ ""Retinol"", ""Vitamin A"" hoặc ""Retinyl Palmitate"".
2. **Màu sắc:** Kem retinol dễ bị oxy hóa nên thường có màu vàng nhạt hoặc cam. Tuy nhiên, không phải lúc nào cũng đúng.
3. **Kết cấu:** Thường đặc hơn các kem mắt khác, do retinol có phân tử lớn.
4. **Lưu ý:** Nên tìm mua ở các thương hiệu uy tín để đảm bảo chất lượng và nồng độ retinol phù hợp.
"
Cách chọn son môi cho buổi đi bar vào ban đêm?,"Để chọn son môi cho buổi đi bar đêm, bạn nên ưu tiên các màu đậm và có độ bám tốt. Các lựa chọn lý tưởng bao gồm đỏ rượu, đỏ cam, hồng đất, hoặc thậm chí là màu tím đậm. Lý do là những màu này nổi bật trong ánh đèn mờ và tạo vẻ quyến rũ. Chất son lì hoặc son kem lì sẽ bền màu hơn, giúp bạn không cần dặm lại thường xuyên trong suốt buổi tiệc. Đừng quên dùng son dưỡng trước khi đánh son màu để môi không bị khô nhé!
"
Tại sao nên dùng tẩy trang dạng dầu nhẹ cho da hỗn hợp?,"Chào bạn, với da hỗn hợp, tẩy trang dầu nhẹ là lựa chọn lý tưởng vì một số lý do:

1. **Hòa tan dầu thừa:** Dầu hút dầu, giúp làm sạch hiệu quả vùng chữ T bóng nhờn.
2. **Duy trì độ ẩm:** Không làm khô căng da như tẩy trang thông thường, bảo vệ vùng da khô.
3. **Loại bỏ makeup tốt:** Dễ dàng loại bỏ cả makeup waterproof mà không gây kích ứng.
4. **Kết cấu nhẹ:** Không gây bí bách lỗ chân lông, giảm nguy cơ mụn.

Hãy chọn sản phẩm ""oil-based"" nhưng có kết cấu lỏng nhẹ để đạt hiệu quả tốt nhất nhé!
"
Làm sao để nhận diện hộp phấn phủ dạng bột rời qua hình ảnh?,"Để nhận diện hộp phấn phủ dạng bột rời qua hình ảnh, bạn hãy chú ý các điểm sau:

1. **Kết cấu:** Phấn bột rời thường có kết cấu rất mịn, nhẹ, không nén chặt như phấn nén.
2. **Vỏ hộp:** Thường là hộp tròn hoặc vuông với lỗ nhỏ li ti để lấy phấn bằng cọ.
3. **Màu sắc:** Màu phấn có thể đa dạng, nhưng thường thấy màu trắng hoặc ngả vàng nhẹ.
4. **Phần lưới:** Hầu hết các hộp phấn bột rời đều có một lớp lưới bên trong để kiểm soát lượng phấn lấy ra.
"
Cách tạo makeup cho buổi đi tham quan di tích lịch sử?,"Để có một lớp trang điểm phù hợp khi đi tham quan di tích lịch sử, bạn nên ưu tiên sự tự nhiên, nhẹ nhàng và bền vững.

1.  **Chuẩn bị da:** Dưỡng ẩm kỹ lưỡng và dùng kem chống nắng.
2.  **Nền:** Chọn BB cream hoặc cushion mỏng nhẹ, che khuyết điểm vừa đủ.
3.  **Mắt:** Phấn mắt màu nude hoặc nâu đất, kẻ mắt mảnh và mascara chống thấm nước.
4.  **Má:** Phấn má hồng màu đào hoặc cam đất nhẹ nhàng.
5.  **Môi:** Son tint hoặc son thỏi màu nude hoặc hồng san hô.

Tránh trang điểm quá đậm để giữ vẻ thanh lịch và tôn trọng địa điểm lịch sử.
"
Kỹ thuật makeup 'glitter bronze' là gì?,"Kỹ thuật makeup ""glitter bronze"" là sự kết hợp giữa tông màu đồng ấm áp và ánh nhũ lấp lánh, tạo hiệu ứng glowy, cuốn hút. 

**Các bước thực hiện:**

1.  **Phấn mắt:** Sử dụng phấn mắt màu đồng làm chủ đạo, tán đều từ hốc mắt lên bầu mắt.
2.  **Nhũ:** Thêm nhũ lấp lánh màu đồng hoặc vàng champagne lên giữa bầu mắt và khóe mắt.
3.  **Highlight:** Highlight vùng gò má, sống mũi, nhân trung bằng phấn highlight ánh đồng.
4.  **Son:** Chọn son nude, cam đất hoặc màu berry để hoàn thiện.

Kỹ thuật này phù hợp với các buổi tiệc tối hoặc sự kiện đặc biệt.
"
Cách chọn cọ để tán phấn mắt cho mắt một mí?,"Chào bạn, với mắt một mí, việc chọn cọ tán phấn mắt rất quan trọng để tạo chiều sâu và tránh tình trạng phấn bị lem. Bạn nên ưu tiên các loại cọ:

1.  **Cọ đầu bằng, nhỏ:** Dùng để đánh phấn lên mí mắt, tập trung vào phần hốc mắt để tạo chiều sâu.
2.  **Cọ blending (tán):** Đầu cọ mềm, tròn giúp tán đều màu, làm mờ đường viền phấn, tạo hiệu ứng mắt to hơn.
3.  **Cọ đầu vát:** Phù hợp để đánh phấn highlight ở khóe mắt và dưới chân mày, giúp mắt trông sáng hơn.

Lý do: Cọ nhỏ, đầu bằng giúp kiểm soát lượng phấn tốt hơn, tránh tình trạng phấn rơi xuống mi dưới.
"
Tại sao nên dùng kem lót có chứa chiết xuất cam thảo cho da nhạy cảm?,"Kem lót chứa chiết xuất cam thảo rất lý tưởng cho da nhạy cảm vì một số lý do: Cam thảo có đặc tính chống viêm, giúp làm dịu kích ứng và giảm mẩn đỏ. Nó còn là chất chống oxy hóa, bảo vệ da khỏi tác hại của môi trường. Hơn nữa, cam thảo giúp làm sáng da một cách nhẹ nhàng, cải thiện tông màu da mà không gây kích ứng. Kem lót có chứa cam thảo tạo một lớp nền bảo vệ, giúp các sản phẩm trang điểm khác không gây hại cho da nhạy cảm.
"
Cách tạo makeup cho buổi đi tham quan vườn hoa vào mùa xuân?,"Chào bạn, để có một lớp trang điểm tươi tắn cho buổi tham quan vườn hoa mùa xuân, bạn hãy thử các bước sau nhé:

1.  **Kem dưỡng ẩm:** Cấp ẩm để da căng mịn.
2.  **Kem nền nhẹ nhàng:** Chọn loại có độ che phủ vừa phải, tự nhiên.
3.  **Má hồng tone đào/hồng san hô:** Tạo vẻ ửng hồng khỏe khoắn.
4.  **Mắt:** Phấn mắt tone hồng pastel hoặc cam đào, kết hợp mascara nhẹ nhàng.
5.  **Son:** Son dưỡng có màu hoặc son tint tone hồng/cam tươi tắn.

Lưu ý ưu tiên sự tự nhiên, thoải mái để bạn có thể tận hưởng trọn vẹn vẻ đẹp của vườn hoa nhé!
"
Kỹ thuật makeup 'soft bronze' là gì?,"Kỹ thuật makeup ""soft bronze"" tập trung vào việc tạo hiệu ứng làn da rám nắng khỏe khoắn, tự nhiên chứ không phải bronzer quá rõ ràng. 

**Các bước thực hiện:**

1.  **Kem nền:** Chọn kem nền có độ che phủ nhẹ đến trung bình.
2.  **Bronzer:** Dùng bronzer matte (không nhũ) tán nhẹ nhàng dưới gò má, thái dương, và dọc theo đường chân tóc.
3.  **Highlight:** Thêm highlight dạng kem hoặc bột ở gò má, sống mũi, và nhân trung.
4.  **Má hồng:** Sử dụng má hồng màu đào hoặc cam san hô để tăng độ tươi tắn.

Mục đích là để làn da trông ấm áp, có chiều sâu và rạng rỡ một cách tinh tế.
"
Làm sao để nhận diện lọ kem nền dạng lỏng nhẹ có SPF qua hình ảnh?,"Để nhận diện kem nền lỏng nhẹ có SPF qua hình ảnh, bạn hãy chú ý các điểm sau:

1. **Kết cấu:** Kem nền lỏng nhẹ thường có vẻ ""nước"", không đặc sánh như kem thông thường.
2. **Bao bì:** Thường có ghi rõ ""SPF"" hoặc ""PA+"" kèm chỉ số SPF (ví dụ SPF30, SPF50).
3. **Dung tích:** Kem nền có SPF thường có dung tích nhỏ hơn các loại kem nền thông thường (khoảng 30ml).
4. **Nhãn hiệu:** Các thương hiệu mỹ phẩm có tiếng thường chú trọng ghi rõ thông tin SPF trên bao bì.
"
Cách chọn son môi cho buổi đi ăn tối lãng mạn vào mùa đông?,"Để chọn son cho buổi tối lãng mạn mùa đông, hãy ưu tiên các màu trầm ấm, gợi cảm. Đỏ rượu, đỏ gạch, hồng đất, hoặc nude đào là những lựa chọn tuyệt vời. Chất son nên là lì hoặc bán lì để giữ màu lâu và không bị bóng quá nhiều. 

**Lý do:** Màu trầm ấm hợp với không khí mùa đông và tạo cảm giác ấm áp, lãng mạn. Chất son lì giúp đôi môi trông đầy đặn và quyến rũ hơn.
"
Tại sao nên dùng cọ sạch để tán phấn má hồng?,"Chào bạn, một chuyên gia trang điểm sẽ luôn khuyên dùng cọ sạch để tán phấn má hồng vì nhiều lý do quan trọng. Cọ sạch giúp:

1.  **Phấn lên màu chuẩn:** Cọ dính phấn cũ sẽ làm màu phấn mới bị lẫn, không rõ nét.
2.  **Tránh gây mụn:** Cọ bẩn chứa vi khuẩn, dễ gây tắc nghẽn lỗ chân lông và dẫn đến mụn.
3.  **Đảm bảo vệ sinh:** Giữ vệ sinh cọ là bảo vệ làn da của bạn.
4.  **Tán phấn mịn màng:** Lông cọ sạch sẽ giúp phấn được tán đều và tự nhiên hơn.

Hãy vệ sinh cọ má hồng thường xuyên bạn nhé!
"
Làm sao để nhận diện cây cọ tán phấn mắt dạng bút chì nhỏ qua hình ảnh?,"Để nhận diện cọ tán phấn mắt dạng bút chì nhỏ qua hình ảnh, bạn hãy chú ý các điểm sau:

1. **Hình dáng:** Cọ có hình dáng thuôn dài, mảnh như bút chì, khác với cọ đầu tròn hoặc dẹt.
2. **Kích thước:** Đầu cọ nhỏ, thường chỉ vài milimet, phù hợp tán phấn mắt ở vùng khó như mí mắt dưới hoặc hốc mắt.
3. **Lông cọ:** Lông cọ thường mềm, mịn và được bó chặt để đảm bảo độ chính xác khi tán phấn.
4. **Tay cầm:** Tay cầm thường ngắn, thuôn để dễ dàng cầm nắm và điều khiển.
"
Cách tạo makeup cho buổi đi xem phim hoạt hình với bạn bè?,"Để có một buổi đi xem phim hoạt hình thật vui với bạn bè, hãy thử kiểu trang điểm nhẹ nhàng, tươi tắn nhé!

1.  **Chuẩn bị da:** Dưỡng ẩm kỹ để da căng bóng.
2.  **Nền:** Dùng BB cream hoặc cushion mỏng nhẹ, che khuyết điểm nếu cần.
3.  **Màu mắt:** Chọn gam màu pastel hoặc màu sắc lấy cảm hứng từ phim hoạt hình yêu thích.
4.  **Má hồng:** Tô má hồng đào hoặc cam nhạt để khuôn mặt ửng hồng tự nhiên.
5.  **Son:** Son tint hoặc son bóng màu hồng san hô sẽ giúp bạn trông trẻ trung, năng động.

Kiểu trang điểm này giúp bạn tự tin mà vẫn thoải mái suốt buổi xem phim!
"
Kỹ thuật makeup 'sapphire glow' là gì?,"Kỹ thuật makeup ""sapphire glow"" tập trung tạo hiệu ứng da trong suốt, khỏe mạnh với tông xanh lam ngọc bích tinh tế. 

**Các bước thực hiện:**

1.  **Dưỡng ẩm:** Cấp ẩm kỹ lưỡng để da căng mọng.
2.  **Kem nền:** Chọn kem nền mỏng nhẹ, độ che phủ thấp.
3.  **Highlight:** Sử dụng highlight tông xanh lam ngọc bích ở gò má, sống mũi, nhân trung.
4.  **Má hồng:** Chọn má hồng hồng đào hoặc cam san hô.
5.  **Son:** Son bóng hoặc son tint màu hồng baby.

Hiệu ứng này mang lại vẻ ngoài tươi trẻ, sảng khoái và khác biệt.
"
Làm sao để nhận diện lọ xịt dưỡng da có chứa chiết xuất hoa hồng qua hình ảnh?,"Để nhận diện xịt dưỡng da chứa chiết xuất hoa hồng qua hình ảnh, bạn hãy chú ý các điểm sau:

1. **Màu sắc:** Sản phẩm thường có màu hồng nhạt hoặc trong suốt với ánh hồng.
2. **Hình ảnh:** Bao bì thường in hình hoa hồng hoặc các họa tiết liên quan đến hoa hồng.
3. **Thành phần:** Kiểm tra danh sách thành phần, tìm các từ khóa như ""Rosa Damascena Flower Water"" (nước hoa hồng Damask), ""Rose Extract"" (chiết xuất hoa hồng).
4. **Nhãn mác:** Các sản phẩm chất lượng thường ghi rõ nguồn gốc hoa hồng.
"
Cách chọn cọ để tán kem nền cho da dầu?,"Để tán kem nền cho da dầu, bạn nên chọn cọ có các đặc điểm sau:

1.  **Cọ đầu phẳng (Flat Foundation Brush):** Giúp kem nền bám đều, che phủ tốt và kiểm soát dầu nhờn.
2.  **Cọ sợi tổng hợp:** Sợi tổng hợp không hút kem nền nhiều như sợi tự nhiên, giúp tiết kiệm sản phẩm và dễ vệ sinh.
3.  **Độ dày vừa phải:** Cọ quá dày sẽ gây khó khăn khi tán, còn quá mỏng sẽ không đủ lực để tán đều kem.

Lý do: Da dầu dễ bị bóng nhờn, cần lớp nền mỏng, mịn và kiểm soát dầu tốt. Cọ đầu phẳng và sợi tổng hợp sẽ giúp bạn đạt được điều này."
Tại sao nên dùng son dưỡng có chứa dầu hạt hướng dương trước son tint?,"Chào bạn,

Dầu hạt hướng dương trong son dưỡng là một lựa chọn tuyệt vời trước khi dùng son tint vì một số lý do:

1. **Dưỡng ẩm:** Dầu hướng dương giàu vitamin E và axit béo, giúp môi mềm mịn, giảm tình trạng khô bong tróc.
2. **Tạo lớp nền:** Nó tạo một lớp nền mỏng nhẹ, giúp son tint bám màu tốt hơn và không bị vón cục.
3. **Giảm thâm môi:** Dầu hướng dương có khả năng làm sáng màu môi, giúp son tint lên màu chuẩn hơn và giảm tình trạng thâm môi khi sử dụng thường xuyên.
"
Làm sao để nhận diện hộp phấn mắt dạng cream nhũ qua hình ảnh?,"Để nhận diện hộp phấn mắt dạng cream nhũ qua hình ảnh, bạn hãy chú ý các điểm sau:

1. **Kết cấu:** Phấn cream thường có vẻ mềm mịn, ẩm ướt hơn phấn bột.
2. **Bề mặt:** Nhũ sẽ lấp lánh, có các hạt nhỏ li ti phản quang ngay cả khi nhìn trực tiếp vào hộp.
3. **Đóng gói:** Thường được đựng trong hũ nhỏ, tròn hoặc vuông, có nắp đậy kín để giữ độ ẩm.
4. **Màu sắc:** Màu sắc có thể đậm hơn so với phấn bột cùng tông màu do hiệu ứng nhũ.
"
Kỹ thuật makeup 'peach shimmer' là gì?,"Kỹ thuật ""peach shimmer"" là xu hướng trang điểm tạo hiệu ứng làn da căng bóng, khỏe khoắn với tông cam đào ấm áp. 

**Các bước thực hiện:**

1.  **Chuẩn bị da:** Dưỡng ẩm kỹ lưỡng.
2.  **Kem nền:** Chọn kem nền có độ che phủ nhẹ đến trung bình.
3.  **Highlight:** Sử dụng highlighter màu cam đào ở gò má, sống mũi, nhân trung, và khóe mắt.
4.  **Má hồng:** Thêm má hồng cam đào để tăng độ ấm áp.
5.  **Son môi:** Chọn son màu cam đào hoặc hồng đào.

Kỹ thuật này phù hợp với nhiều tông da, đặc biệt là da trung bình và da ngăm, giúp da trông tươi sáng và tràn đầy sức sống.
"
Làm sao để nhận diện chai tẩy trang dạng dầu nhẹ qua hình ảnh?,"Để nhận diện tẩy trang dạng dầu nhẹ qua hình ảnh, bạn hãy chú ý các điểm sau:

1. **Kết cấu:** Chai thường trong suốt, thấy rõ chất lỏng sánh nhẹ, không đặc quánh như dầu dưỡng.
2. **Màu sắc:** Thường không màu hoặc vàng nhạt, khác với các loại dầu đậm màu.
3. **Nhãn mác:** Tìm các từ khóa như ""cleansing oil"", ""lightweight"", ""dành cho da dầu/hỗn hợp"".
4. **Dung tích:** Thường có dung tích vừa phải (100-200ml) để dễ sử dụng.
"
Cách chọn son môi cho buổi đi xem triển lãm nghệ thuật đương đại?,"Để chọn son môi phù hợp đi xem triển lãm nghệ thuật đương đại, bạn nên ưu tiên sự tự nhiên, tinh tế. 

**Bước 1:** Chọn màu son nude, hồng đào hoặc cam đất. Những màu này không quá nổi bật, giúp bạn hòa mình vào không gian nghệ thuật mà không gây phân tâm.
**Bước 2:** Chất son nên là matte hoặc satin để giữ màu lâu và không bị bóng loáng, tránh làm xao nhãng khi quan sát tác phẩm.
**Bước 3:** Đừng quên dưỡng ẩm môi trước khi đánh son để có đôi môi căng mọng, tự nhiên nhất.
"
Tại sao nên dùng kem lót có chứa chiết xuất hạt nho cho da khô?,"Kem lót chứa chiết xuất hạt nho rất lý tưởng cho da khô vì một số lý do. Hạt nho giàu vitamin E và các axit béo thiết yếu, giúp cấp ẩm sâu và làm mềm da. Chiết xuất này còn có khả năng chống oxy hóa mạnh mẽ, bảo vệ da khỏi các tác nhân gây hại từ môi trường. Khi dùng kem lót này, lớp nền trang điểm sẽ bám tốt hơn, không bị mốc hay bong tróc, đồng thời giúp da căng mọng và khỏe mạnh hơn.
"
Làm sao để nhận diện cây cọ tán phấn tạo khối dạng vát lớn qua hình ảnh?,"Để nhận diện cọ tán phấn tạo khối dạng vát lớn qua hình ảnh, bạn hãy chú ý các điểm sau:

1. **Hình dáng:** Cọ có hình dáng vát chéo rõ rệt, một bên lông cọ dày hơn bên còn lại.
2. **Kích thước:** Lông cọ lớn, thường dài khoảng 3-5cm, phù hợp tán phấn trên diện tích rộng như gò má.
3. **Độ mềm:** Lông cọ mềm mại, thường làm từ sợi tổng hợp hoặc lông tự nhiên để đảm bảo tán phấn mượt mà, không gây kích ứng.
"
Cách tạo makeup cho buổi đi ăn tối với đồng nghiệp?,"Để có một lớp trang điểm phù hợp cho buổi tối với đồng nghiệp, bạn nên tập trung vào sự tinh tế và tự nhiên.

1.  **Chuẩn bị da:** Dưỡng ẩm kỹ lưỡng để lớp nền mịn màng.
2.  **Nền:** Sử dụng kem nền mỏng nhẹ, che khuyết điểm vừa đủ.
3.  **Mắt:** Phấn mắt màu nude hoặc nâu nhạt, kẻ eyeliner mảnh và mascara.
4.  **Má:** Phấn má hồng tone đào hoặc cam đất để khuôn mặt tươi tắn.
5.  **Môi:** Son môi màu nude, hồng đào hoặc đỏ cam nhẹ nhàng.

Lưu ý: Tránh trang điểm quá đậm, tập trung vào làm nổi bật những đường nét tự nhiên."
Kỹ thuật makeup 'smokey sapphire' là gì?,"Kỹ thuật ""Smokey Sapphire"" là một biến thể của smokey eyes cổ điển, sử dụng các sắc thái xanh sapphire (xanh lam đậm) thay vì màu xám hoặc đen truyền thống. 

**Các bước thực hiện:**

1.  **Tạo lớp nền:** Sử dụng phấn mắt màu sáng làm lớp lót.
2.  **Đánh màu đậm:** Bắt đầu với màu xanh sapphire đậm nhất ở khóe mắt ngoài và lan dần vào.
3.  **Pha trộn:** Sử dụng cọ mềm để pha trộn màu, tạo hiệu ứng chuyển màu mượt mà.
4.  **Hoàn thiện:** Thêm chút phấn nhũ hoặc highlight ở khóe mắt trong để tăng chiều sâu.

Smokey sapphire phù hợp với những cô nàng có đôi mắt nâu hoặc xanh lá cây.
"
Làm sao để nhận diện lọ kem dưỡng ẩm ban đêm có chứa peptide qua hình ảnh?,"Để nhận diện kem dưỡng ẩm ban đêm chứa peptide qua hình ảnh, bạn hãy chú ý các điểm sau:

1. **Bao bì:** Thường có các từ khóa như ""peptide"", ""collagen"", ""anti-aging"" (chống lão hóa) nổi bật.
2. **Màu sắc:** Bao bì thường sử dụng tông màu tối như đen, xanh navy, tím than để thể hiện sự sang trọng và chức năng phục hồi da ban đêm.
3. **Kết cấu:** Hình ảnh sản phẩm có thể cho thấy kem đặc mịn, giàu dưỡng chất.
4. **Thành phần:** Nếu có thể nhìn thấy danh sách thành phần, hãy tìm các loại peptide như Palmitoyl Pentapeptide-4, Matrixyl 3000,...
"
Cách chọn cọ để tán phấn mắt cho mắt hai mí?,"Để tán phấn mắt cho mắt hai mí, bạn nên chọn các loại cọ sau:

1. **Cọ đầu bằng (Flat Shader Brush):** Dùng để đánh phấn lên toàn bộ bầu mắt, giúp màu phấn lên đều và dễ dàng.
2. **Cọ đầu vát (Angled Shader Brush):** Phù hợp để đánh phấn vào hốc mắt, tạo chiều sâu và đường nét sắc sảo.
3. **Cọ blending (Blending Brush):** Cọ mềm, tròn giúp hòa trộn các màu phấn với nhau, tạo hiệu ứng chuyển màu mượt mà, tự nhiên.

Lựa chọn cọ chất lượng tốt, lông mềm mại sẽ giúp quá trình trang điểm dễ dàng và không gây kích ứng da.
"
Tại sao nên dùng tẩy trang dạng bọt nhẹ cho da nhạy cảm?,"Chào bạn,

Với da nhạy cảm, tẩy trang dạng bọt nhẹ là lựa chọn lý tưởng vì một số lý do:

1. **Làm sạch dịu nhẹ:** Bọt mềm mại len lỏi vào lỗ chân lông, loại bỏ bụi bẩn, kem phấn mà không gây ma sát mạnh, giảm kích ứng.
2. **Ít chất gây hại:** Công thức thường không chứa cồn, hương liệu, dầu khoáng - những thành phần dễ gây kích ứng da nhạy cảm.
3. **Cân bằng độ ẩm:** Một số sản phẩm chứa thành phần dưỡng ẩm, giúp da không bị khô căng sau khi tẩy trang.

Hãy chọn sản phẩm có pH cân bằng và không chứa xà phòng để bảo vệ hàng rào bảo vệ da nhé!
"
Làm sao để nhận diện hộp phấn má hồng dạng bột rời qua hình ảnh?,"Để nhận diện phấn má hồng dạng bột rời qua hình ảnh, bạn hãy chú ý các điểm sau:

1. **Kết cấu:** Phấn thường có dạng bột mịn, không nén chặt như phấn nén.
2. **Bao bì:** Thường đựng trong hộp tròn hoặc vuông, có lỗ thông hơi để lấy phấn.
3. **Dụng cụ đi kèm:** Thường đi kèm với cọ phấn má hồng mềm, tròn để lấy và tán phấn.
4. **Màu sắc:** Màu sắc đa dạng, từ hồng đào, cam san hô đến các tông màu đất.
"
Làm sao để nhận diện chai xịt dưỡng da ban ngày qua hình ảnh?,"Để nhận diện xịt dưỡng da ban ngày qua hình ảnh, bạn hãy chú ý các điểm sau:

1. **Bao bì:** Thường có màu sắc tươi sáng, thiết kế hiện đại, hướng đến sự tươi mát.
2. **Nhãn mác:** Ghi rõ ""Day Mist"", ""Hydrating Spray"", ""Toner"" hoặc các từ khóa liên quan đến dưỡng ẩm, làm tươi mát.
3. **Thành phần:** Ưu tiên các thành phần cấp nước như Hyaluronic Acid, Vitamin C, chiết xuất thực vật.
4. **Dung tích:** Thường nhỏ gọn, tiện mang theo bên người.
"
Cách chọn son môi cho buổi đi chơi công viên vào mùa hè?,"Để chọn son môi cho buổi đi chơi công viên mùa hè, bạn nên ưu tiên những màu sắc tươi sáng, nhẹ nhàng và có độ dưỡng ẩm cao. 

**Bước 1:** Chọn màu son như hồng san hô, cam đào, hoặc đỏ cam để tạo vẻ tươi tắn, năng động.
**Bước 2:** Ưu tiên chất son mềm mịn, có chứa thành phần dưỡng ẩm (vitamin E, dầu jojoba) để bảo vệ môi khỏi tác động của nắng và gió.
**Bước 3:** Nên chọn son có chỉ số SPF để tăng cường bảo vệ môi khỏi tia UV.
"
Tại sao nên dùng kem lót có chứa chiết xuất trà xanh cho da dầu?,"Kem lót chứa chiết xuất trà xanh rất lý tưởng cho da dầu vì nhiều lý do. Trà xanh giàu chất chống oxy hóa, giúp bảo vệ da khỏi tác hại của môi trường. Quan trọng hơn, trà xanh có khả năng kiểm soát dầu thừa, se khít lỗ chân lông và giảm viêm, giúp lớp nền trang điểm bám tốt hơn, mịn màng hơn và hạn chế tình trạng bóng dầu suốt cả ngày. Đồng thời, nó còn làm dịu da, giảm kích ứng.
"
Làm sao để nhận diện cây cọ tán highlighter dạng tròn nhỏ qua hình ảnh?,"Để nhận diện cọ tán highlighter tròn nhỏ qua hình ảnh, bạn hãy chú ý các điểm sau:

1. **Hình dáng:** Đầu cọ tròn, nhỏ nhắn, thường không lớn hơn đốt ngón tay.
2. **Lông cọ:** Lông mềm, tơi, thường là sợi tổng hợp hoặc lông tự nhiên chất lượng cao để tán highlighter mịn màng.
3. **Kích thước:** Thường ngắn hơn các loại cọ khác, giúp dễ dàng kiểm soát và tán highlighter chính xác.
4. **Màu sắc:** Thường có màu trắng, bạc hoặc vàng ánh kim, phù hợp với tông màu của highlighter.
"
Cách tạo makeup cho buổi đi ăn sáng với đồng nghiệp?,"Chào bạn, để có một lớp makeup nhẹ nhàng, tươi tắn cho buổi ăn sáng với đồng nghiệp, bạn hãy thực hiện các bước sau:

1. **Chuẩn bị da:** Dưỡng ẩm nhẹ nhàng.
2. **Che khuyết điểm:** Dùng kem che khuyết điểm cho vùng mắt thâm và mụn (nếu có).
3. **Nền:** Chọn BB cream hoặc cushion mỏng nhẹ, tán đều.
4. **Má hồng:** Tô một chút má hồng đào hoặc cam san hô để có vẻ ngoài tươi tắn.
5. **Môi:** Son dưỡng hoặc son tint màu nhẹ nhàng.

Lưu ý: Ưu tiên sự tự nhiên, tránh makeup quá đậm."
Kỹ thuật makeup 'smokey gold' là gì?,"Kỹ thuật ""Smokey Gold"" là kiểu trang điểm mắt tập trung vào sắc vàng đồng ấm áp, tạo chiều sâu và vẻ lấp lánh quyến rũ. 

**Các bước thực hiện:**

1.  **Tạo lớp nền:** Sử dụng phấn mắt màu vàng đồng nhạt tán đều khắp bầu mắt.
2.  **Tạo chiều sâu:** Dùng phấn màu vàng đồng đậm hơn ở đuôi mắt và hốc mắt, blending kỹ để chuyển màu mượt mà.
3.  **Highlight:** Thêm chút phấn highlight vàng champagne ở khóe mắt và dưới chân mày.
4.  **Hoàn thiện:** Kẻ eyeliner đen hoặc nâu, chuốt mascara và có thể thêm mi giả.

Sắc vàng đồng phù hợp với nhiều tông da, đặc biệt là da trung bình và da ngăm.
"
Làm sao để nhận diện lọ kem chống nắng dạng gel qua hình ảnh?,"Để nhận diện kem chống nắng dạng gel qua hình ảnh, bạn hãy chú ý các điểm sau:

1. **Kết cấu:** Gel thường trong suốt hoặc hơi mờ, không đặc như kem.
2. **Bao bì:** Thường được đựng trong tuýp hoặc chai có vòi pump, giúp dễ dàng lấy lượng sản phẩm vừa đủ.
3. **Thành phần:** Các sản phẩm gel thường chứa nhiều nước, cồn hoặc các chất tạo gel như carbomer.
4. **Độ bóng:** Khi thoa lên da, gel thường tạo hiệu ứng ẩm mịn, bóng nhẹ chứ không khô ráo như kem.
"
Cách chọn cọ để tán phấn mắt nhũ cho mắt mí lót?,"Để tán phấn mắt nhũ lên mí lót, bạn nên chọn cọ nhỏ, đầu bằng và lông mềm mại. Cọ đầu bằng giúp bạn dễ dàng kiểm soát lượng phấn và tán đều trên diện tích nhỏ của mí lót. Lông mềm mại sẽ giúp phấn bám dính tốt hơn, giảm thiểu tình trạng rơi rụng và tránh gây kích ứng cho vùng da nhạy cảm quanh mắt. Nên chọn cọ tổng hợp để dễ vệ sinh và không bị ăn màu.
"
Tại sao nên dùng son dưỡng có chứa dầu hạt jojoba trước son kem?,"Chào bạn,

Dầu hạt jojoba trong son dưỡng là một bước chuẩn bị tuyệt vời trước khi dùng son kem vì nhiều lý do. Dầu jojoba có cấu trúc tương tự sebum tự nhiên của da môi, giúp dưỡng ẩm sâu, làm mềm môi và tạo một lớp màng bảo vệ. Điều này giúp son kem bám dính tốt hơn, lên màu chuẩn hơn và không bị vón cục hay khô môi. Đồng thời, nó còn giúp môi căng mọng, giảm tình trạng bong tróc.
"
Làm sao để nhận diện hộp phấn mắt dạng gel nhũ qua hình ảnh?,"Để nhận diện hộp phấn mắt dạng gel nhũ qua hình ảnh, bạn hãy chú ý các điểm sau:

1. **Kết cấu:** Phấn gel thường có vẻ ẩm ướt, mềm mịn, không khô rời như phấn bột.
2. **Độ bóng:** Nhũ trong phấn gel sẽ có độ bóng ướt, lấp lánh ngay cả khi chưa swatch.
3. **Hộp đựng:** Thường được đựng trong hũ nhỏ, nắp kín để giữ độ ẩm.
4. **Màu sắc:** Màu sắc thường đậm đà, có chiều sâu hơn so với phấn bột.
"
Cách tạo makeup cho buổi đi xem triển lãm thời trang đường phố?,"Để có makeup phù hợp buổi xem triển lãm thời trang đường phố, bạn nên ưu tiên sự tự nhiên, năng động nhưng vẫn có điểm nhấn.

1.  **Nền:** Dùng kem nền nhẹ nhàng, che khuyết điểm vừa đủ.
2.  **Mắt:** Phấn mắt màu nude hoặc nâu nhạt, kẻ eyeliner mảnh, chuốt mascara.
3.  **Má:** Phấn má hồng đào hoặc cam đất để tạo vẻ tươi tắn.
4.  **Môi:** Son bóng hoặc son tint màu nude, hồng san hô.

Lý do: Phong cách này giúp bạn nổi bật cá tính mà không quá cầu kỳ, phù hợp với không khí đường phố và dễ dàng di chuyển.
"
Kỹ thuật makeup 'soft pink' là gì?,"Kỹ thuật makeup ""soft pink"" tập trung vào vẻ đẹp tự nhiên, tươi trẻ với tông hồng pastel làm chủ đạo. 

**Các bước thực hiện:**

1.  **Nền:** Sử dụng kem nền nhẹ nhàng, màu da tự nhiên.
2.  **Mắt:** Phủ phấn mắt hồng nhạt, nhấn nhá bằng chút nâu đào.
3.  **Má:** Tô má hồng hồng đào, tán đều để tạo hiệu ứng ửng hồng tự nhiên.
4.  **Môi:** Chọn son hồng baby hoặc hồng san hô.

**Lý do:** Màu hồng pastel giúp da sáng, trẻ trung và nữ tính. Kỹ thuật này phù hợp với mọi dịp, đặc biệt là các buổi hẹn hò hoặc đi làm.
"
Làm sao để nhận diện chai tẩy trang dạng micellar kép qua hình ảnh?,"Để nhận diện chai tẩy trang dạng micellar kép qua hình ảnh, bạn hãy chú ý các điểm sau:

1. **Hai lớp chất lỏng:** Chai tẩy trang micellar kép sẽ có hai lớp rõ rệt, một lớp nước micellar trong suốt và một lớp dầu dưỡng.
2. **Nhãn mác:** Thường ghi rõ ""Dual Phase"", ""Micellar Water & Oil"" hoặc các cụm từ tương tự.
3. **Hướng dẫn lắc đều:** Luôn có hướng dẫn ""Shake well"" (lắc đều trước khi dùng) để trộn lẫn hai lớp.
4. **Kết cấu:** Khi lắc, dung dịch sẽ chuyển thành màu sữa đục.
"
Tại sao nên dùng kem lót có chứa chiết xuất lô hội cho da hỗn hợp?,"Kem lót chứa lô hội rất lý tưởng cho da hỗn hợp vì lô hội có đặc tính làm dịu và cấp ẩm tuyệt vời. Nó giúp cân bằng độ ẩm, làm dịu vùng da dầu thừa và cung cấp độ ẩm cho vùng da khô, từ đó tạo lớp nền mịn màng, không bị bong tróc hay quá bóng dầu. Lô hội còn có khả năng chống viêm, giúp giảm kích ứng và bảo vệ da.
"
Làm sao để nhận diện cây cọ tán phấn mắt dạng vát lớn qua hình ảnh?,"Để nhận diện cọ tán phấn mắt dạng vát lớn qua hình ảnh, bạn hãy chú ý các điểm sau:

1. **Hình dáng:** Đầu cọ có hình vát xéo, không tròn hoặc phẳng.
2. **Kích thước:** Lông cọ dày và dài, kích thước lớn hơn các cọ tán phấn mắt thông thường.
3. **Mục đích sử dụng:** Cọ này thường dùng để tán phấn mắt trên toàn bộ bầu mắt hoặc tạo khối cho mắt, nên kích thước lớn giúp thao tác nhanh chóng.
4. **Lông cọ:** Lông thường mềm mại, có thể là lông tự nhiên hoặc tổng hợp.
"
Làm sao để nhận diện lọ kem dưỡng da ban ngày có chứa vitamin C qua hình ảnh?,"Để nhận diện kem dưỡng da ban ngày chứa Vitamin C qua hình ảnh, bạn hãy chú ý các điểm sau:

1. **Màu sắc:** Kem thường có màu vàng nhạt hoặc cam, do đặc tính của Vitamin C.
2. **Bao bì:** Sản phẩm thường ghi rõ ""Vitamin C"", ""Ascorbic Acid"" hoặc ""L-Ascorbic Acid"" trên bao bì.
3. **Chất kem:** Kem có thể hơi đặc hơn so với các loại kem dưỡng thông thường, và có thể có ánh nhũ nhẹ.
4. **Thương hiệu:** Các thương hiệu uy tín thường chú trọng bảo quản Vitamin C trong bao bì tối màu (amber) để tránh ánh sáng làm giảm hiệu quả.
"
Cách chọn cọ để tán kem che khuyết điểm cho vùng quầng thâm?,"Để che quầng thâm mắt hiệu quả, bạn nên chọn cọ tán kem che khuyết điểm nhỏ, đầu cọ dẹt hoặc vát xéo. Cọ nhỏ giúp bạn kiểm soát lượng sản phẩm tốt hơn, tránh làm dày lớp makeup. Đầu dẹt/vát xéo giúp dễ dàng tán kem vào các rãnh nhăn và góc mắt. Chất lông cọ nên mềm mại, tổng hợp hoặc lông dê để không gây kích ứng da vùng mắt nhạy cảm.
"
Làm sao để nhận diện hộp phấn má hồng dạng kem qua hình ảnh?,"Để nhận diện phấn má hồng dạng kem qua hình ảnh, bạn hãy chú ý các điểm sau:

1. **Kết cấu:** Phấn má hồng kem thường có vẻ mềm mịn, ẩm ướt, không khô ráo như phấn bột.
2. **Hộp đựng:** Thường được đựng trong hộp tròn hoặc vuông nhỏ, có nắp đậy kín để bảo quản độ ẩm.
3. **Màu sắc:** Màu sắc thường đậm đà, tươi tắn hơn so với phấn bột cùng tông màu.
4. **Độ bóng:** Một số loại có thể có độ bóng nhẹ, tạo hiệu ứng căng mọng cho da.
"
Cách tạo makeup cho buổi đi xem triển lãm kiến trúc hiện đại?,"Để trang điểm cho buổi đi xem triển lãm kiến trúc hiện đại, bạn nên ưu tiên vẻ ngoài tinh tế, thanh lịch và hiện đại.

1.  **Nền:** Chọn kem nền nhẹ nhàng, che phủ vừa phải để giữ vẻ tự nhiên.
2.  **Mắt:** Tập trung vào mắt với phấn mắt màu trung tính (xám, nâu, be) hoặc một chút màu sắc độc đáo như xanh navy. Kẻ mắt mảnh, sắc sảo.
3.  **Môi:** Son nude hoặc màu hồng đào nhẹ nhàng.
4.  **Má:** Phấn má hồng màu đào hoặc hồng san hô để tạo sự tươi tắn.

Lý do: Kiến trúc hiện đại đề cao sự tối giản, vì vậy makeup cũng nên tương đồng."
Làm sao để nhận diện chai xịt dưỡng da có chứa niacinamide qua hình ảnh?,"Để nhận diện chai xịt dưỡng da chứa niacinamide qua hình ảnh, bạn hãy chú ý các yếu tố sau:

1. **Kiểm tra bảng thành phần:** Niacinamide thường được ghi rõ ràng trên bao bì, hoặc có thể dưới tên gọi khác như Vitamin B3.
2. **Màu sắc sản phẩm:** Dung dịch niacinamide thường trong suốt, không màu hoặc có màu vàng nhạt.
3. **Nhãn hiệu & mô tả:** Các sản phẩm chứa niacinamide thường có các từ khóa như ""sáng da"", ""mờ thâm"", ""cải thiện lỗ chân lông"" trên bao bì.
"
Cách chọn son môi cho buổi đi công viên giải trí vào ban đêm?,"Để chọn son môi cho buổi đi công viên giải trí đêm, bạn nên ưu tiên sự thoải mái và bền màu.

1.  **Chọn chất son:** Son kem hoặc son tint lì sẽ giữ màu tốt hơn son thỏi truyền thống.
2.  **Màu sắc:** Các màu như đỏ cam, hồng san hô, hoặc màu nude đào sẽ tươi tắn dưới ánh đèn, nhưng vẫn tự nhiên. Tránh các màu quá sẫm màu hoặc quá nhạt.
3.  **Độ bóng:** Son có chút dưỡng ẩm sẽ giúp môi không bị khô trong suốt buổi tối.
"
Tại sao nên dùng kem lót có chứa chiết xuất trà đen cho da dầu?,"Kem lót chứa chiết xuất trà đen rất lý tưởng cho da dầu vì trà đen giàu tannin, một chất tự nhiên giúp se khít lỗ chân lông và kiểm soát bã nhờn hiệu quả. Điều này giúp lớp nền bền vững hơn, hạn chế tình trạng bóng dầu và giúp da mịn màng hơn. Ngoài ra, trà đen còn có đặc tính chống oxy hóa, bảo vệ da khỏi tác hại của môi trường.
"
Làm sao để nhận diện cây cọ tán phấn highlighter dạng vát qua hình ảnh?,"Để nhận diện cọ tán phấn highlighter dạng vát qua hình ảnh, bạn hãy chú ý các điểm sau:

1. **Hình dáng:** Cọ có hình dáng vát chéo, không phải tròn hoặc dẹt đều.
2. **Lông cọ:** Lông thường mềm, tơi và không quá dày.
3. **Kích thước:** Thường nhỏ gọn, vừa vặn để tán highlighter lên các vùng gò má, sống mũi, hoặc khóe mắt.
4. **Màu sắc:** Thường có màu trắng, bạc hoặc vàng ánh kim, phù hợp với tông màu của highlighter.
"
Cách tạo makeup cho buổi đi ăn tối với người yêu?,"Để có một buổi tối lãng mạn với người yêu, hãy tập trung vào vẻ đẹp tự nhiên, tinh tế.

1.  **Chuẩn bị da:** Dưỡng ẩm kỹ lưỡng để lớp nền mịn màng.
2.  **Nền:** Sử dụng kem nền mỏng nhẹ, che khuyết điểm vừa đủ.
3.  **Mắt:** Phấn mắt màu nude hoặc nâu ấm, kẻ eyeliner mảnh, mascara nhẹ nhàng.
4.  **Má:** Hồng đào hoặc cam đất tạo vẻ ửng hồng tự nhiên.
5.  **Môi:** Son lì hoặc son tint màu hồng san hô, đỏ cam.

Lưu ý: Tránh makeup quá đậm, ưu tiên sự thoải mái và tôn lên vẻ đẹp tự nhiên của bạn.
"
Kỹ thuật makeup 'soft gold' là gì?,"Kỹ thuật makeup ""soft gold"" (vàng ánh nhẹ) tập trung vào việc tạo hiệu ứng làn da căng bóng, khỏe khoắn với tông màu vàng ấm áp, không quá lấp lánh. 

**Các bước thực hiện:**

1.  **Dưỡng ẩm:** Bước quan trọng để da mịn màng.
2.  **Highlight:** Chọn highlighter màu vàng champagne, đánh nhẹ lên gò má, sống mũi, nhân trung.
3.  **Phấn má hồng:** Sử dụng phấn má hồng màu đào hoặc cam san hô.
4.  **Son môi:** Chọn son nude, hồng đào hoặc cam đất.

Mục đích là tạo vẻ đẹp tự nhiên, sang trọng, như da đang được ""tắm"" trong ánh vàng nhẹ nhàng.
"
Làm sao để nhận diện lọ kem nền dạng stick nhẹ qua hình ảnh?,"Để nhận diện kem nền dạng stick nhẹ qua hình ảnh, bạn hãy chú ý các điểm sau:

1. **Hình dáng:** Kem nền stick thường có hình trụ tròn hoặc vuông, tương tự như thỏi son.
2. **Kết cấu:** Quan sát bề mặt, kem nền stick nhẹ thường có vẻ mịn màng, không quá bóng dầu hay khô ráp.
3. **Bao bì:** Các sản phẩm stick nhẹ thường có bao bì tối giản, ghi rõ dòng chữ ""lightweight"" hoặc ""sheer"".
4. **Màu sắc:** Màu sắc thường tươi sáng, tự nhiên, không quá dày đặc.
"
Tại sao nên dùng son dưỡng có chứa bơ hạt mỡ trước son tint?,"Chào bạn,

Son dưỡng có bơ hạt mỡ là bước chuẩn bị tuyệt vời trước khi dùng son tint vì một số lý do:

1. **Dưỡng ẩm:** Bơ hạt mỡ giàu vitamin và axit béo, giúp môi mềm mại, tránh tình trạng bong tróc.
2. **Tạo lớp nền:** Lớp dưỡng ẩm này giúp son tint bám màu tốt hơn, không bị vón cục hay lộ vân môi.
3. **Giảm thâm môi:** Bơ hạt mỡ có khả năng làm sáng màu môi, giúp son tint lên màu chuẩn và tươi tắn hơn.

Nói tóm lại, son dưỡng bơ hạt mỡ giúp môi khỏe mạnh, làm nền hoàn hảo để son tint phát huy tối đa hiệu quả.
"
Làm sao để nhận diện hộp phấn mắt dạng powder qua hình ảnh?,"Để nhận diện hộp phấn mắt dạng powder qua hình ảnh, bạn hãy chú ý các điểm sau:

1. **Bề mặt:** Phấn powder thường có bề mặt mịn, mờ, không bóng như phấn kem.
2. **Kết cấu:** Khi nhìn kỹ, bạn sẽ thấy các hạt phấn nhỏ li ti, rời rạc.
3. **Thành phần:** Hộp phấn thường ghi rõ ""Eyeshadow"" hoặc ""Powder Eyeshadow"".
4. **Dạng nén:** Phấn powder được nén chặt trong hộp, thường hình vuông hoặc tròn.
5. **Màu sắc:** Màu sắc đa dạng, từ nhũ đến matte.
"
Cách tạo makeup cho buổi đi xem triển lãm sách cổ?,"Chào bạn, để có một lớp trang điểm phù hợp khi đi xem triển lãm sách cổ, chúng ta sẽ tập trung vào vẻ đẹp tự nhiên, thanh lịch.

1.  **Nền:** Dùng kem nền nhẹ nhàng, che khuyết điểm vừa đủ.
2.  **Mắt:** Phấn mắt màu nude hoặc nâu nhạt, kẻ mắt mảnh, mascara nhẹ nhàng.
3.  **Má:** Hồng đào hoặc cam đất, đánh nhẹ nhàng để có vẻ ửng hồng tự nhiên.
4.  **Môi:** Son nude hoặc màu hồng pastel.

Lý do: Triển lãm sách cổ là nơi cần sự trang trọng vừa phải, không quá cầu kỳ."
Kỹ thuật makeup 'coral glow' là gì?,"Kỹ thuật ""coral glow"" là xu hướng trang điểm tạo vẻ tươi tắn, rạng rỡ như ánh san hô. Bước đầu, bạn dùng kem nền nhẹ nhàng, sau đó nhấn nhá má hồng san hô (coral blush) lên gò má, kéo nhẹ về thái dương. Tiếp theo, thoa son dưỡng hoặc son kem màu san hô. Cuối cùng, dùng highlighter dạng kem hoặc phấn ở những vị trí bắt sáng như gò má, sống mũi, nhân trung để tăng hiệu ứng glow. Kỹ thuật này phù hợp với mọi tông da, đặc biệt là da ngăm, giúp da trông khỏe khoắn và tràn đầy sức sống.
"
Làm sao để nhận diện chai tẩy trang dạng nước nhẹ qua hình ảnh?,"Để nhận diện chai tẩy trang dạng nước nhẹ qua hình ảnh, bạn hãy chú ý các điểm sau:

1. **Kết cấu:** Chai thường trong suốt, có thể nhìn thấy chất lỏng bên trong.
2. **Nhãn mác:** Thường ghi rõ ""micellar water"" (nước micelle), ""cleansing water"" (nước tẩy trang) hoặc có hình ảnh bông tẩy trang.
3. **Dung tích:** Phổ biến từ 100ml - 400ml, dễ cầm nắm.
4. **Nắp:** Thường là nắp bật hoặc nắp xịt để dễ dàng lấy sản phẩm.
"
Tại sao nên dùng kem lót có chứa chiết xuất hoa cúc La Mã cho da nhạy cảm?,"Kem lót chứa chiết xuất hoa cúc La Mã rất lý tưởng cho da nhạy cảm vì cúc La Mã nổi tiếng với đặc tính làm dịu và chống viêm mạnh mẽ. Nó giúp giảm kích ứng, mẩn đỏ và xoa dịu làn da đang bị tổn thương. Đồng thời, kem lót này tạo một lớp màng bảo vệ, giúp các sản phẩm trang điểm tiếp theo không gây kích ứng trực tiếp lên da, từ đó bảo vệ và làm khỏe da.
"
Kỹ thuật makeup 'smokey rose' là gì?,"Kỹ thuật ""Smokey Rose"" là biến tấu của smokey eyes cổ điển, nhưng sử dụng các tông màu hồng, tím đào thay vì đen xám. 

**Các bước thực hiện:**

1.  **Tạo lớp nền:** Phủ phấn mắt màu hồng nhạt toàn bầu mắt.
2.  **Tạo chiều sâu:** Dùng màu hồng đậm hơn (hoặc tím đào) tập trung vào hốc mắt và đuôi mắt, tán đều.
3.  **Nhấn nhá:** Thêm chút màu hồng shimmer ở giữa bầu mắt để tạo điểm nhấn.
4.  **Kẻ mắt & Mascara:** Kẻ mắt liner màu nâu hoặc tím, chải mascara.

Smokey Rose mang đến vẻ đẹp dịu dàng, nữ tính hơn so với smokey eyes truyền thống.
"
Tại sao nên dùng tẩy trang dạng micellar cho da mụn?,"Tẩy trang micellar là lựa chọn tuyệt vời cho da mụn vì cơ chế làm sạch độc đáo của nó. Các phân tử micelle hoạt động như nam châm, hút sạch bụi bẩn, dầu thừa và vi khuẩn gây mụn mà không cần chà xát mạnh. Điều này giúp tránh kích ứng, làm tồi tệ thêm tình trạng mụn. Đồng thời, công thức dịu nhẹ thường không chứa cồn, hương liệu, giúp da không bị khô căng, giữ được hàng rào bảo vệ tự nhiên.
"
Cách tạo makeup cho buổi đi xem triển lãm nghệ thuật đường phố?,"Chào bạn, để có một lớp makeup phù hợp cho buổi đi xem triển lãm nghệ thuật đường phố, bạn nên ưu tiên sự tự nhiên, thoải mái nhưng vẫn có điểm nhấn.

1.  **Chuẩn bị da:** Dưỡng ẩm kỹ để da căng bóng.
2.  **Nền:** Dùng kem nền mỏng nhẹ, che khuyết điểm vừa đủ.
3.  **Mắt:** Phấn mắt màu nude hoặc nâu nhạt, kẻ eyeliner mảnh và chuốt mascara.
4.  **Má:** Phấn má hồng đào hoặc cam đất để tạo vẻ tươi tắn.
5.  **Môi:** Son tint hoặc son thỏi màu nude, hồng san hô.

Lưu ý: Nên chọn các sản phẩm chống nước nhẹ để đảm bảo makeup bền lâu trong thời tiết ngoài trời."
Làm sao để nhận diện chai xịt dưỡng da có chứa vitamin B5 qua hình ảnh?,"Để nhận diện chai xịt dưỡng da chứa Vitamin B5 qua hình ảnh, bạn hãy chú ý các điểm sau:

1. **Thành phần:** Tìm dòng chữ ""Vitamin B5"", ""Panthenol"" hoặc ""Pro-Vitamin B5"" trên nhãn.
2. **Mô tả:** Sản phẩm thường được quảng cáo có khả năng cấp ẩm, làm dịu da, phục hồi da tổn thương.
3. **Màu sắc:** Dung dịch thường trong suốt, không màu hoặc hơi vàng nhạt.
4. **Kết cấu:** Xịt ra thường lỏng nhẹ, dễ thẩm thấu.
"
Tại sao nên dùng kem lót có chứa chiết xuất hoa hồng cho da khô?,"Kem lót chứa chiết xuất hoa hồng rất lý tưởng cho da khô vì nhiều lý do. Hoa hồng giàu vitamin C, giúp cấp ẩm và làm dịu da, giảm kích ứng. Chiết xuất này còn có khả năng làm mềm da, tạo một lớp nền mịn màng, giúp kem nền bám tốt hơn mà không gây khô ráo. Việc sử dụng kem lót hoa hồng giúp da đủ ẩm suốt cả ngày, giảm tình trạng bong tróc và tạo hiệu ứng glow tự nhiên.
"
Tại sao nên dùng son dưỡng có chứa dầu hạt mắc ca trước son kem?,"Chào bạn,

Son dưỡng chứa dầu hạt mắc ca là bước chuẩn bị tuyệt vời trước son kem vì một số lý do:

1. **Dưỡng ẩm sâu:** Dầu hạt mắc ca giàu axit béo, giúp môi mềm mại, giảm khô bong tróc.
2. **Tạo lớp nền mịn:** Dầu giúp son kem lướt nhẹ, bám đều, không bị vón cục hay lộ vân môi.
3. **Khóa ẩm:** Dầu tạo màng bảo vệ, giữ cho môi không bị hút ẩm bởi son kem, giúp son lâu phai hơn.

Việc này giúp son kem lên màu chuẩn, đẹp và thoải mái hơn trên môi.
"
Làm sao để nhận diện chai tẩy trang dạng bọt qua hình ảnh?,"Để nhận diện chai tẩy trang dạng bọt qua hình ảnh, bạn hãy chú ý các điểm sau:

1. **Kết cấu:** Chai thường có vòi bơm tạo bọt, không phải vòi xịt hay dạng kem.
2. **Mô tả:** Nhãn sản phẩm sẽ ghi rõ ""tẩy trang bọt"", ""foaming cleanser"" hoặc có hình ảnh bọt khí.
3. **Dung tích:** Thường có dung tích lớn hơn các loại tẩy trang khác vì cần không gian để tạo bọt.
4. **Thành phần:** Chứa các chất tạo bọt như Cocamidopropyl Betaine.
"
Cách tạo makeup cho buổi đi ăn trưa ở nhà hàng Nhật?,"Để có một lớp trang điểm nhẹ nhàng, tinh tế cho buổi ăn trưa tại nhà hàng Nhật, bạn hãy thực hiện các bước sau:

1.  **Chuẩn bị da:** Dưỡng ẩm kỹ để da mịn màng.
2.  **Nền:** Sử dụng BB cream hoặc cushion mỏng nhẹ, che khuyết điểm nếu cần.
3.  **Mắt:** Phấn mắt màu nude hoặc hồng đào, kẻ eyeliner mảnh và chuốt mascara.
4.  **Má:** Phấn má hồng đào nhẹ nhàng, tạo vẻ tươi tắn.
5.  **Môi:** Son dưỡng hoặc son tint màu hồng san hô, cam đất.

Lưu ý: Ưu tiên sự tự nhiên, tránh trang điểm quá đậm."
Làm sao để nhận diện lọ kem dưỡng da ban ngày có chứa vitamin B5 qua hình ảnh?,"Để nhận diện kem dưỡng da ban ngày chứa Vitamin B5 qua hình ảnh, bạn hãy chú ý các điểm sau:

1. **Thành phần:** Tìm dòng chữ ""Vitamin B5"", ""Panthenol"" hoặc ""Pro-Vitamin B5"" trên bao bì.
2. **Mô tả:** Sản phẩm thường được quảng cáo có khả năng cấp ẩm, phục hồi da, dịu da, hoặc hỗ trợ hàng rào bảo vệ da.
3. **Kết cấu:** Kem B5 thường có kết cấu mỏng nhẹ, dễ thẩm thấu, không gây nhờn dính.
4. **Màu sắc:** Màu kem có thể trong suốt hoặc trắng đục nhẹ.
"
Cách chọn cọ để tán phấn mắt nhũ cho mắt sâu?,"Để tán phấn mắt nhũ cho mắt sâu, bạn nên chọn cọ đầu nhỏ, dáng dẹt hoặc hình nón. Cọ dẹt giúp phủ phấn đều trên bầu mắt, còn cọ hình nón giúp nhấn màu vào hốc mắt, tạo chiều sâu. Chất lông cọ nên mềm mại, dày dặn để giữ và tán nhũ hiệu quả, tránh rơi rụng. Nên chọn cọ có cán cầm chắc chắn để dễ dàng kiểm soát lực tay khi tán.
"
Tại sao nên dùng tẩy trang dạng gel cho makeup chống nước?,"Chào bạn,

Tẩy trang dạng gel là lựa chọn lý tưởng cho makeup chống nước vì cấu trúc gel có khả năng bám và hòa tan các thành phần dầu, sáp trong mỹ phẩm waterproof hiệu quả hơn so với các dạng khác như dầu hay nước. Gel giúp làm mềm lớp trang điểm, dễ dàng loại bỏ mà không gây kích ứng da, đặc biệt là vùng mắt nhạy cảm. Đồng thời, gel thường chứa các thành phần dưỡng ẩm, giúp da không bị khô sau khi tẩy trang.
"
Cách chọn son môi cho buổi đi chơi công viên vào mùa thu?,"Để chọn son môi cho buổi đi chơi công viên mùa thu, bạn nên ưu tiên những màu sắc tự nhiên, tươi tắn nhưng vẫn có chút ấm áp. Các lựa chọn lý tưởng bao gồm:

1.  **Cam đất:** Màu son này rất hợp với không khí mùa thu, tạo cảm giác ấm áp, năng động.
2.  **Hồng san hô:** Mang đến vẻ tươi trẻ, rạng rỡ, phù hợp với không gian ngoài trời.
3.  **Đỏ gạch:** Màu son trầm ấm, không quá nổi bật nhưng vẫn đủ để bạn trông cuốn hút.

Nên chọn chất son lì hoặc bán lì để giữ màu tốt hơn khi vận động.
"
Tại sao nên dùng kem lót có chứa chiết xuất cây phỉ cho da dầu?,"Kem lót chứa chiết xuất cây phỉ rất lý tưởng cho da dầu vì cây phỉ là một chất làm se tự nhiên. Nó giúp thu nhỏ lỗ chân lông, kiểm soát dầu thừa và giảm bóng nhờn, tạo bề mặt mịn màng cho lớp nền. Đồng thời, cây phỉ còn có tính kháng viêm nhẹ, giúp làm dịu da và giảm mẩn đỏ, đặc biệt hữu ích cho những làn da dầu dễ bị kích ứng.
"
Cách chọn màu son môi cho buổi đi làm văn phòng vào mùa xuân?,"Để chọn son môi phù hợp đi làm văn phòng mùa xuân, bạn nên ưu tiên các màu sắc tự nhiên, tươi tắn nhưng không quá nổi bật. Các lựa chọn lý tưởng bao gồm:

1.  **Hồng đào:** Mang đến vẻ nữ tính, trẻ trung.
2.  **Cam san hô:** Tươi sáng, năng động, phù hợp với thời tiết ấm áp.
3.  **Nude:** Lựa chọn an toàn, tinh tế, dễ phối hợp với mọi trang phục.
4.  **Đỏ cam đất:** Sang trọng, lịch sự, tạo điểm nhấn nhẹ nhàng.

Nên chọn chất son mềm mịn, có dưỡng ẩm để đôi môi luôn căng mọng, khỏe mạnh.
"
Làm sao để nhận diện lọ kem dưỡng ẩm dạng gel qua hình ảnh 2D?,"Để nhận diện kem dưỡng ẩm dạng gel qua ảnh 2D, bạn hãy chú ý các điểm sau:

1. **Kết cấu:** Gel thường trong suốt hoặc hơi mờ, có vẻ ẩm ướt, không đặc như kem.
2. **Bao bì:** Thường đựng trong hũ hoặc tuýp, chất liệu nhựa trong hoặc mờ để thấy được kết cấu gel bên trong.
3. **Màu sắc:** Thường không màu hoặc có màu xanh lam/xanh lá cây nhạt, biểu thị thành phần làm dịu da.
4. **Nhãn:** Thường ghi rõ ""gel"", ""gel cream"" hoặc ""water-based moisturizer"".
"
Tại sao nên dùng phấn mắt dạng bột nén thay vì bột rời cho người mới tập makeup?,"Chào bạn, với người mới bắt đầu tập makeup, phấn mắt dạng bột nén sẽ dễ sử dụng hơn so với phấn bột rời. Lý do là vì phấn nén có kết cấu đặc hơn, giúp kiểm soát lượng phấn tốt hơn, hạn chế tình trạng phấn rơi rớt gây bừa bộn và khó kiểm soát màu. Đồng thời, phấn nén bám dính tốt hơn trên da, giúp lớp trang điểm bền màu và dễ dàng blend hơn cho người mới làm quen.
"
Cách tạo makeup cho buổi đi xem triển lãm ảnh nghệ thuật?,"Để có một lớp trang điểm phù hợp khi đi xem triển lãm ảnh nghệ thuật, bạn nên ưu tiên sự tự nhiên, tinh tế.

1.  **Chuẩn bị da:** Dưỡng ẩm kỹ để da căng mịn.
2.  **Nền:** Sử dụng kem nền mỏng nhẹ, che khuyết điểm vừa đủ.
3.  **Mắt:** Phấn mắt màu nude hoặc nâu nhạt, kẻ mắt mảnh và mascara nhẹ nhàng.
4.  **Má:** Phấn má hồng đào hoặc cam đất để tạo vẻ tươi tắn.
5.  **Môi:** Son nude hoặc màu hồng san hô.

Trang điểm nhẹ nhàng giúp bạn tập trung vào các tác phẩm nghệ thuật mà không bị phân tâm bởi lớp makeup quá cầu kỳ.
"
Làm sao để nhận diện bút chì kẻ môi dạng xoay qua hình ảnh?,"Để nhận diện bút chì kẻ môi dạng xoay qua hình ảnh, bạn hãy chú ý các điểm sau:

1. **Hình dáng:** Thân bút thường hình trụ tròn hoặc lục giác, có thể có nhiều màu sắc.
2. **Đầu bút:** Đây là đặc điểm quan trọng nhất. Đầu bút chì kẻ môi dạng xoay sẽ không có đầu nhọn sẵn, mà là một lõi màu được ẩn bên trong.
3. **Vòng xoay:** Ở phần thân bút, bạn sẽ thấy một vòng tròn hoặc cơ chế xoay để đẩy lõi màu lên.
4. **Không cần gọt:** Khác với bút chì kẻ môi truyền thống, loại này không cần gọt.
"
Tại sao nên dùng kem lót có chứa peptide trước makeup?,"Kem lót chứa peptide là lựa chọn tuyệt vời trước makeup vì nhiều lý do. Peptide giúp tăng cường sản xuất collagen, cải thiện độ đàn hồi và làm giảm nếp nhăn, từ đó giúp da căng mịn hơn. Việc này tạo một bề mặt hoàn hảo cho lớp nền, giúp makeup bám tốt hơn, che phủ lỗ chân lông và các khuyết điểm hiệu quả hơn. Đồng thời, peptide còn có khả năng bảo vệ da khỏi tác động của môi trường và các thành phần có hại trong mỹ phẩm.
"
Làm sao để nhận diện chai xịt dưỡng da có chứa vitamin C qua hình ảnh?,"Để nhận diện chai xịt dưỡng da chứa Vitamin C qua hình ảnh, bạn hãy chú ý các điểm sau:

1. **Màu sắc:** Dung dịch Vitamin C thường có màu vàng nhạt hoặc cam. Tuy nhiên, màu sắc có thể thay đổi tùy thuộc vào nồng độ và dạng Vitamin C.
2. **Bao bì:** Sản phẩm thường ghi rõ ""Vitamin C"", ""Ascorbic Acid"" hoặc các dẫn xuất của Vitamin C (Sodium Ascorbyl Phosphate, Magnesium Ascorbyl Phosphate...).
3. **Chất liệu bao bì:** Vitamin C dễ bị oxy hóa bởi ánh sáng, nên thường được đựng trong chai tối màu (amber, nâu) hoặc chai kín khí.
"
Cách tạo makeup cho buổi đi ăn trưa với bạn bè?,"Để có một lớp trang điểm nhẹ nhàng cho buổi ăn trưa với bạn bè, bạn hãy thực hiện các bước sau:

1. **Chuẩn bị da:** Dưỡng ẩm nhẹ nhàng.
2. **Nền:** Sử dụng kem nền mỏng, hoặc BB cream để che phủ khuyết điểm vừa phải, tạo lớp nền tự nhiên.
3. **Mắt:** Phấn mắt màu nude hoặc hồng nhạt, chuốt mascara.
4. **Má:** Phấn má hồng tone đào hoặc cam đất để khuôn mặt tươi tắn.
5. **Môi:** Son dưỡng hoặc son tint màu nhẹ nhàng.

Lớp trang điểm này giúp bạn trông tươi tắn, rạng rỡ mà vẫn thoải mái, tự tin trong suốt buổi ăn.
"
Kỹ thuật makeup 'smokey taupe' là gì?,"Smokey taupe là kỹ thuật trang điểm mắt tập trung vào tông màu nâu tro (taupe) thay vì đen truyền thống. Bắt đầu bằng việc đánh phấn mắt màu taupe nhạt lên toàn bộ bầu mắt, sau đó tăng dần độ đậm về phía đuôi mắt bằng các tông taupe đậm hơn. 

Quan trọng là blend kỹ để tạo hiệu ứng chuyển màu mượt mà. Thêm chút highlight ở khóe mắt và dưới chân mày để đôi mắt thêm sáng. Kỹ thuật này phù hợp với mọi màu da và tạo vẻ đẹp tinh tế, sang trọng.
"
Cách chọn son môi cho buổi tiệc cocktail vào buổi tối?,"Để chọn son môi cho buổi tiệc cocktail tối, bạn nên ưu tiên các màu sắc đậm và quyến rũ. Đầu tiên, xác định tông da của bạn: da sáng hợp các màu đỏ tươi, hồng san hô; da trung bình hợp đỏ gạch, cam đất; da ngăm hợp đỏ rượu, tím berry.

Thứ hai, cân nhắc trang phục. Son môi nên hài hòa với màu sắc trang phục, tránh quá tương phản. Cuối cùng, chất son lì hoặc satin sẽ bền màu và sang trọng hơn cho buổi tiệc.
"
Làm sao để nhận diện hộp phấn mắt dạng palette mini qua hình ảnh?,"Để nhận diện hộp phấn mắt mini qua ảnh, bạn hãy chú ý các điểm sau:

1. **Kích thước:** Palette mini thường nhỏ gọn, vừa lòng bàn tay hoặc nhỏ hơn.
2. **Số lượng ô màu:** Thường có từ 4-8 ô màu, ít hơn các palette thông thường.
3. **Bao bì:** Thiết kế đơn giản, có thể là nhựa hoặc kim loại, thường có nắp trong suốt để thấy màu phấn.
4. **Thương hiệu:** Quan sát logo thương hiệu trên vỏ hộp để xác định.
"
Tại sao nên dùng tẩy trang dạng micellar cho da nhạy cảm?,"Tẩy trang micellar là lựa chọn lý tưởng cho da nhạy cảm vì cơ chế làm sạch độc đáo của nó. Thay vì cần chà xát mạnh, micellar water chứa các hạt micelle siêu nhỏ, hút sạch bụi bẩn, dầu thừa và trang điểm nhẹ nhàng mà không gây kích ứng. Công thức dịu nhẹ, không cồn, không hương liệu giúp giảm thiểu nguy cơ kích ứng, mẩn đỏ, phù hợp với làn da dễ nổi mụn, dễ kích ứng.
"
Cách tạo makeup cho buổi đi chơi công viên nước vào mùa hè?,"Chào bạn, để có lớp makeup tươi tắn, bền vững khi đi công viên nước mùa hè, bạn nên:

1. **Dưỡng ẩm kỹ:** Dùng kem dưỡng ẩm nhẹ nhàng, chống nước.
2. **Kiểm soát dầu:** Thoa một lớp phấn bột mỏng để hạn chế đổ dầu.
3. **Makeup tối giản:** Ưu tiên BB cream hoặc cushion mỏng nhẹ, má hồng kem, son tint bền màu.
4. **Chống nước:** Sử dụng mascara và eyeliner chống nước.
5. **Kẻ chân mày:** Dùng chì kẻ chân mày chống lem.
6. **Khóa lớp makeup:** Xịt xịt khóa makeup để giữ lớp trang điểm lâu trôi.

Lưu ý tránh dùng phấn nền dày, dễ trôi và gây bí da.
"
Kỹ thuật makeup 'rose blush' là gì?,"Kỹ thuật ""rose blush"" (hay còn gọi là đánh má hồng kiểu Hàn Quốc) tạo hiệu ứng má ửng hồng tự nhiên như cánh hoa hồng. 

**Cách thực hiện:**
1. **Xác định vị trí:** Bắt đầu từ vùng má cao nhất, gần đuôi mắt và lan nhẹ về phía thái dương.
2. **Đánh nhẹ nhàng:** Dùng cọ mềm, đánh má hồng theo hình vòng cung, tập trung nhiều nhất ở vùng trung tâm má.
3. **Tán đều:** Tán nhẹ nhàng để màu hòa quyện tự nhiên với da, tránh đường viền sắc nét.

Kỹ thuật này giúp khuôn mặt trẻ trung, tươi tắn và có chiều sâu hơn.
"
Làm sao để nhận diện lọ kem chống nắng dạng kem qua hình ảnh?,"Để nhận diện kem chống nắng dạng kem qua hình ảnh, bạn hãy chú ý các điểm sau:

1. **Kết cấu:** Kem chống nắng dạng kem thường đặc hơn lotion, nhưng vẫn mịn mượt, không vón cục.
2. **Màu sắc:** Thường có màu trắng hoặc ngả vàng nhạt.
3. **Bao bì:** Thường đựng trong tuýp hoặc hũ kín, có ghi rõ chỉ số SPF và PA.
4. **Nhãn mác:** Tìm các từ khóa như ""cream"", ""moisturizing"", ""broad spectrum"" (phổ rộng) trên bao bì.
"
Cách chọn cọ để tán kem nền cho da mụn?,"Để tán kem nền cho da mụn, bạn nên ưu tiên cọ đầu bằng, sợi tổng hợp mềm mại. Loại cọ này giúp phân tán kem nền đều, không gây ma sát mạnh làm tổn thương nhân mụn. Tránh cọ đầu vát hoặc lông tự nhiên vì dễ bám vi khuẩn và làm tình trạng mụn thêm nghiêm trọng. Nên chọn cọ có mật độ lông vừa phải để kiểm soát lượng kem nền tốt hơn, tránh gây bí da.
"
Tại sao nên dùng son dưỡng có chứa lanolin trước khi thoa son lì?,"Chào bạn,

Lanolin trong son dưỡng là một thành phần tuyệt vời để chuẩn bị môi trước khi đánh son lì. Vì son lì thường có xu hướng làm khô môi, lanolin giúp tạo một lớp màng dưỡng ẩm, làm mềm môi và lấp đầy các rãnh nhỏ. Điều này giúp son lì bám đều màu, không bị vón cục hay lộ vân môi, đồng thời giúp môi luôn căng mọng và thoải mái suốt cả ngày.
"
Làm sao để nhận diện cây cọ tán phấn mắt dạng blending lớn qua hình ảnh?,"Để nhận diện cọ tán phấn mắt blending lớn qua hình ảnh, bạn chú ý các điểm sau:

1. **Kích thước:** Lông cọ lớn, thường dài từ 2-3cm, rộng hơn các cọ khác.
2. **Hình dáng:** Đầu cọ tròn, xoe, lông tơi và mềm mại.
3. **Màu sắc:** Thường có màu trắng, đen hoặc kết hợp, lông cọ có thể là sợi tự nhiên hoặc tổng hợp.
4. **Mục đích:** Cọ này dùng để làm mờ đường viền phấn, tạo chiều sâu cho mắt.
"
Cách tạo makeup cho buổi đi xem phim hoạt hình với trẻ em?,"Chào bạn, để có một lớp makeup nhẹ nhàng, phù hợp đi xem phim hoạt hình với trẻ em, bạn có thể thực hiện các bước sau:

1.  **Chuẩn bị da:** Dưỡng ẩm nhẹ nhàng để da không bị khô.
2.  **Che khuyết điểm:** Sử dụng kem che khuyết điểm cho vùng da cần thiết, tránh tạo lớp dày.
3.  **Phấn mắt:** Chọn màu pastel hoặc nhũ nhẹ, tán đều lên bầu mắt.
4.  **Má hồng:** Tô nhẹ má hồng đào hoặc cam để khuôn mặt tươi tắn.
5.  **Son môi:** Sử dụng son dưỡng hoặc son màu nhẹ nhàng như hồng baby.

Lưu ý: Ưu tiên sự tự nhiên, tránh các sản phẩm quá nổi bật hoặc có mùi mạnh để không gây khó chịu cho bé.
"
Kỹ thuật makeup 'bronze shimmer' là gì?,"Kỹ thuật ""bronze shimmer"" là xu hướng trang điểm tạo hiệu ứng làn da khỏe mạnh, rạng rỡ như vừa tắm nắng. 

**Các bước thực hiện:**

1.  **Tạo khối:** Dùng phấn bronze (màu đồng) có shimmer (nhũ) nhẹ nhàng đánh lên các vị trí bắt sáng như gò má, sống mũi, trán, cằm.
2.  **Highlight:** Thêm highlight dạng kem hoặc phấn lên những điểm cao nhất của khuôn mặt.
3.  **Hoàn thiện:** Đánh nhẹ phấn bronze lên bầu mắt để tạo chiều sâu.

**Lý do:** Shimmer giúp phản xạ ánh sáng, tạo cảm giác da căng bóng, khỏe khoắn.
"
Tại sao nên dùng phấn phủ dạng bột không màu cho da dầu?,"Phấn phủ dạng bột không màu là lựa chọn tuyệt vời cho da dầu vì khả năng kiểm soát dầu thừa hiệu quả. Bột giúp hấp thụ dầu, mang lại lớp nền khô ráo, mịn màng và hạn chế tình trạng bóng nhờn. Hơn nữa, phấn bột không màu không làm thay đổi màu sắc của lớp nền, giữ cho lớp trang điểm tự nhiên. Chất bột nhẹ tênh cũng không gây bí da, tránh làm tắc nghẽn lỗ chân lông, nguyên nhân gây mụn ở da dầu.
"
Cách tạo makeup cho buổi đi dạo phố mua sắm?,"Để có một lớp makeup nhẹ nhàng, tươi tắn cho buổi đi dạo phố, bạn hãy thực hiện các bước sau:

1. **Kem nền/BB cream:** Chọn loại có độ che phủ nhẹ, giúp đều màu da tự nhiên.
2. **Phấn má hồng:** Tô nhẹ nhàng lên gò má để khuôn mặt trông tươi tắn hơn.
3. **Mascara:** Chuốt nhẹ nhàng để mở rộng đôi mắt.
4. **Son môi:** Chọn màu son tươi sáng hoặc nude, phù hợp với trang phục.

Lưu ý: Ưu tiên các sản phẩm có kết cấu mỏng nhẹ, tránh makeup quá đậm để giữ vẻ tự nhiên, thoải mái suốt cả ngày.
"
Làm sao để nhận diện lọ kem nền dạng cushion qua hình ảnh?,"Để nhận diện kem nền cushion qua hình ảnh, bạn hãy chú ý các điểm sau:

1. **Hình dáng:** Cushion thường có hộp vuông hoặc tròn, nhỏ gọn, tương tự hộp phấn.
2. **Phần nhìn thấy kem:** Bên trên hộp có một lớp nhựa trong hoặc lỗ nhỏ để thấy được miếng mút chứa kem nền bên trong.
3. **Đi kèm miếng mút:** Cushion luôn đi kèm miếng mút (puff) để tán kem.
4. **Logo/Tên sản phẩm:** Các thương hiệu thường in rõ logo và tên sản phẩm lên vỏ hộp.
"
Cách chọn cọ để tán phấn mắt nhũ lỏng cho buổi tiệc tối?,"Để tán phấn mắt nhũ lỏng cho buổi tiệc tối, bạn nên chọn cọ đầu bằng, nhỏ và dẹt. Chất lông cọ nên mềm mại (tổng hợp hoặc tự nhiên chất lượng tốt) để không làm rơi rụng nhũ. Cọ đầu bằng giúp bạn dễ dàng kiểm soát lượng sản phẩm và tán đều trên bầu mắt, tạo hiệu ứng lấp lánh tập trung. Nên chọn cọ có độ dày vừa phải để dễ dàng thao tác trên các đường nét mắt.
"
Tại sao nên dùng xịt khoáng có chứa aloe vera trước makeup?,"Chào bạn, một chuyên gia trang điểm đây!

Xịt khoáng chứa lô hội (aloe vera) trước khi makeup là một bước chuẩn bị da tuyệt vời. Lô hội có tính cấp ẩm, làm dịu da tức thì, giúp da căng mọng và giảm kích ứng. Điều này tạo một lớp nền mịn màng, giúp lớp makeup bám tốt hơn, không bị mốc hay vón cục. Hơn nữa, lô hội còn giúp kiểm soát dầu thừa, giữ cho lớp makeup bền lâu hơn.
"
Cách chọn son môi cho buổi đi công tác ngắn ngày?,"Để chọn son môi cho chuyến công tác ngắn ngày, hãy ưu tiên sự tiện lợi và linh hoạt. Một thỏi son đa năng, màu nude hoặc hồng đào sẽ phù hợp với nhiều trang phục và hoàn cảnh. Chất son nên là lì hoặc bán lì, giúp son lâu trôi và không cần dặm lại thường xuyên. Đừng quên kiểm tra độ dưỡng ẩm của son để môi không bị khô trong suốt chuyến đi nhé!
"
Làm sao để nhận diện cây cọ tán phấn má hồng dạng lớn qua hình ảnh?,"Để nhận diện cọ tán phấn má hồng dạng lớn qua hình ảnh, bạn hãy chú ý các điểm sau:

1. **Kích thước:** Cọ lớn hơn các cọ khác, thường dài khoảng 15-20cm.
2. **Hình dáng:** Đầu cọ tròn, xoe hoặc vát nhẹ, lông cọ mềm mại, tơi xốp.
3. **Màu sắc:** Thường có màu hồng nhạt, trắng hoặc các màu pastel khác.
4. **Mật độ lông:** Lông cọ dày dặn để dễ dàng lấy và tán phấn.

Cọ lớn giúp tán phấn má hồng đều và nhẹ nhàng trên gò má, tạo hiệu ứng tự nhiên.
"
Tại sao nên dùng kem lót có chứa trà xanh cho da mụn?,"Kem lót chứa trà xanh rất tốt cho da mụn vì trà xanh có đặc tính kháng viêm, giúp giảm sưng đỏ và kích ứng do mụn gây ra. Ngoài ra, trà xanh còn là một chất chống oxy hóa mạnh mẽ, bảo vệ da khỏi các tác nhân gây hại từ môi trường, hỗ trợ quá trình phục hồi da. Kem lót có trà xanh giúp làm dịu da, tạo một lớp nền mịn màng và hỗ trợ các bước trang điểm tiếp theo bám tốt hơn.
"
Làm sao để nhận diện lọ serum có chứa AHA qua hình ảnh?,"Để nhận diện serum chứa AHA qua hình ảnh, bạn hãy chú ý các điểm sau:

1. **Bao bì:** Thường có ghi rõ ""AHA"", ""Alpha Hydroxy Acids"" hoặc tên cụ thể như ""Glycolic Acid"", ""Lactic Acid"".
2. **Kết cấu:** Serum AHA thường lỏng, trong suốt, có thể hơi sánh nhẹ.
3. **Màu sắc:** Thường không màu hoặc có màu vàng nhạt, tùy thuộc vào nồng độ và loại AHA.
4. **Nhãn cảnh báo:** Có thể có cảnh báo về việc sử dụng kem chống nắng sau khi dùng sản phẩm.
"
Cách tạo makeup cho buổi đi ăn tối ở nhà hàng sang trọng?,"Để có lớp trang điểm phù hợp buổi tối sang trọng, bạn nên tập trung vào sự tinh tế.

1.  **Chuẩn bị da:** Dưỡng ẩm kỹ lưỡng.
2.  **Nền:** Chọn kem nền có độ che phủ vừa phải, tán đều.
3.  **Mắt:** Phấn mắt tông màu trầm ấm (nâu, đồng), đánh nhũ nhẹ ở bầu mắt. Kẻ eyeliner mảnh, chuốt mascara.
4.  **Má:** Phấn má hồng màu đào hoặc hồng san hô, tạo khối nhẹ nhàng.
5.  **Môi:** Son lì hoặc son kem màu đỏ rượu, nude hoặc hồng đất.

Lưu ý: Giữ cho lớp trang điểm hài hòa, không quá cầu kỳ.
"
Kỹ thuật makeup 'pink monochrome' là gì?,"Kỹ thuật makeup ""pink monochrome"" là xu hướng trang điểm sử dụng các sắc thái hồng khác nhau trên toàn bộ khuôn mặt, tạo nên vẻ ngoài hài hòa, ngọt ngào. 

**Các bước thực hiện:**

1.  **Phấn nền:** Chọn phấn nền có tông hồng nhẹ hoặc trộn thêm chút hồng đào.
2.  **Mắt:** Sử dụng phấn mắt hồng từ nhạt đến đậm, tán đều.
3.  **Má hồng:** Chọn má hồng hồng đào hoặc hồng san hô, đánh theo đường xương gò má.
4.  **Son môi:** Sử dụng son hồng trùng với sắc độ má hồng hoặc đậm hơn một chút.

Kỹ thuật này giúp khuôn mặt trông tươi tắn, trẻ trung và có sức sống.
"
Làm sao để nhận diện chai xịt cố định makeup có SPF qua hình ảnh?,"Để nhận diện chai xịt cố định makeup có SPF qua hình ảnh, bạn hãy chú ý các điểm sau:

1. **Nhãn mác:** Tìm các ký hiệu như ""SPF"", ""PA+"" hoặc dòng chữ ""Sun Protection"" trên bao bì.
2. **Mô tả sản phẩm:** Đọc kỹ phần mô tả, thường sẽ ghi rõ chỉ số SPF và công dụng bảo vệ da.
3. **Thành phần:** Kiểm tra danh sách thành phần, các chất chống nắng như Zinc Oxide, Titanium Dioxide sẽ có mặt.
4. **Màu sắc:** Một số sản phẩm có thể có màu đục nhẹ do chứa khoáng chất chống nắng.
"
Tại sao nên dùng son dưỡng có chứa dầu jojoba trước makeup?,"Chào bạn,

Son dưỡng chứa dầu jojoba là bước chuẩn bị tuyệt vời trước khi trang điểm son môi. Dầu jojoba có cấu trúc tương tự sebum tự nhiên của da môi, giúp dưỡng ẩm sâu, làm mềm môi và giảm tình trạng bong tróc. 

Khi môi đủ ẩm, lớp son màu sẽ lên màu chuẩn hơn, mịn màng hơn và không bị vón cục. Đồng thời, dầu jojoba tạo một lớp màng bảo vệ, giúp son môi bám lâu hơn và không làm khô môi trong suốt quá trình sử dụng.
"
Làm sao để nhận diện lọ kem dưỡng mắt có chứa caffeine qua hình ảnh?,"Để nhận diện kem dưỡng mắt chứa caffeine qua hình ảnh, bạn hãy chú ý các điểm sau:

1. **Bao bì:** Sản phẩm thường ghi rõ ""Caffeine"", ""Coffee Seed Extract"" hoặc tương tự trên tuýp/lọ.
2. **Màu sắc:** Bao bì thường sử dụng tông màu năng lượng như xanh lá cây đậm, nâu đất hoặc đen, gợi liên tưởng đến cà phê.
3. **Hình ảnh:** Một số sản phẩm có thể in hình hạt cà phê hoặc biểu tượng năng lượng để nhấn mạnh thành phần caffeine.
4. **Mô tả:** Đọc kỹ mô tả sản phẩm, các từ khóa như ""giảm bọng mắt"", ""sáng da"", ""thức tỉnh vùng mắt"" thường đi kèm với caffeine.
"
Cách chọn son môi cho buổi đi chơi đêm với bạn bè?,"Để chọn son môi cho buổi đi chơi đêm với bạn bè, bạn nên ưu tiên các màu sắc nổi bật và có chút ""chất chơi"" nhé!

1.  **Chọn màu:** Đỏ tươi, hồng đất, cam cháy, hoặc thậm chí là các màu tím berry sẽ rất phù hợp với không khí tiệc tùng.
2.  **Chất son:** Son kem lì hoặc son velvet sẽ giữ màu tốt và không bị lem khi ăn uống.
3.  **Tông da:** Nếu da sáng, bạn có thể thử các màu đậm. Da ngăm nên chọn các màu ấm như đỏ cam hoặc hồng đất.

Chúc bạn có một buổi tối thật vui!
"
Tại sao nên dùng tẩy trang dạng gel cho da hỗn hợp?,"Chào bạn, với da hỗn hợp, tẩy trang dạng gel là lựa chọn lý tưởng vì một số lý do sau:

1. **Làm sạch sâu:** Gel tẩy trang có khả năng loại bỏ bụi bẩn, dầu thừa ở vùng chữ T (trán, mũi, cằm) mà không gây khô căng.
2. **Dịu nhẹ:** So với dầu tẩy trang, gel thường nhẹ nhàng hơn, không làm bí lỗ chân lông ở vùng da khô.
3. **Cân bằng độ ẩm:** Nhiều loại gel tẩy trang có thêm thành phần dưỡng ẩm, giúp cân bằng da sau khi làm sạch.
"
Cách tạo makeup cho buổi đi tham quan bảo tàng?,"Chào bạn, để có một lớp makeup phù hợp khi đi tham quan bảo tàng, bạn nên ưu tiên sự tự nhiên, nhẹ nhàng và bền lâu.

1.  **Chuẩn bị da:** Dưỡng ẩm kỹ lưỡng.
2.  **Nền:** Sử dụng kem nền mỏng nhẹ, che khuyết điểm vừa đủ.
3.  **Mắt:** Phấn mắt màu nude hoặc nâu nhạt, kẻ mắt mảnh và mascara.
4.  **Má:** Phấn má hồng đào hoặc cam đất nhẹ nhàng.
5.  **Môi:** Son dưỡng hoặc son màu nude/ hồng nhạt.

Lớp makeup này giúp bạn trông tươi tắn, thoải mái suốt chuyến tham quan mà không quá cầu kỳ.
"
Kỹ thuật makeup 'glitter glam' là gì?,"""Glitter glam"" là kỹ thuật trang điểm nhấn mạnh vào sự lấp lánh, thường được sử dụng cho các dịp đặc biệt. Các bước thực hiện bao gồm:

1.  **Chuẩn bị:** Tạo lớp nền hoàn hảo, khóa bằng phấn để glitter bám tốt.
2.  **Glitter:** Dùng keo chuyên dụng hoặc primer glitter, gắn glitter lên mắt, má, hoặc môi. Có thể dùng cọ hoặc ngón tay.
3.  **Hoàn thiện:** Thêm các lớp trang điểm khác như mắt mèo, son môi đậm để tăng hiệu ứng lộng lẫy.

Glitter glam tạo vẻ ngoài nổi bật, thu hút, nhưng cần lưu ý chọn glitter chất lượng để an toàn cho da.
"
Cách chọn cọ để tán phấn mắt cho mắt nhỏ?,"Để tán phấn mắt cho mắt nhỏ, bạn nên ưu tiên các loại cọ nhỏ, đầu cọ vát hoặc tròn. Cọ đầu vát giúp tạo khối và nhấn chiều sâu cho mắt, còn cọ tròn giúp tán đều phấn. Nên chọn cọ lông mềm, mật độ vừa phải để dễ dàng kiểm soát lượng phấn và tránh gây kích ứng. Tránh cọ quá to sẽ làm mắt trông nhỏ hơn và khó thao tác chính xác.
"
Làm sao để nhận diện chai tẩy trang dạng sữa qua hình ảnh?,"Để nhận diện chai tẩy trang dạng sữa qua hình ảnh, bạn hãy chú ý các điểm sau:

1. **Kết cấu:** Chai thường có hình dáng đơn giản, thường là chai nhựa trắng đục hoặc trong suốt để thấy được chất lỏng màu trắng sữa bên trong.
2. **Nhãn mác:** Thường ghi rõ dòng chữ ""Makeup Remover"", ""Cleansing Milk"" hoặc ""Sữa Tẩy Trang"".
3. **Mô tả:** Hình ảnh sản phẩm có thể minh họa kết cấu lỏng nhẹ, dễ dàng thoa lên da.
4. **Thành phần:** Nhãn mác có thể liệt kê các thành phần dưỡng ẩm như dầu thực vật, glycerin.
"
Cách tạo makeup cho buổi đi xem triển lãm hoa?,"Chào bạn, để có một lớp makeup phù hợp đi xem triển lãm hoa, mình gợi ý các bước sau nhé:

1.  **Nền:** Chọn kem nền nhẹ nhàng, tự nhiên, che phủ vừa phải.
2.  **Mắt:** Phấn mắt màu hồng đào, cam đất hoặc tím lavender sẽ rất hợp với không khí hoa. Đừng quên mascara để mở rộng đôi mắt.
3.  **Má:** Sử dụng phấn má hồng tone đào hoặc hồng san hô để tạo vẻ tươi tắn.
4.  **Môi:** Son dưỡng hoặc son tint màu hồng nhẹ, cam san hô là lựa chọn lý tưởng.

Lưu ý ưu tiên sự tự nhiên, tươi trẻ để hòa mình vào không gian hoa nhé!
"
Kỹ thuật makeup 'nude glow' là gì?,"Kỹ thuật makeup ""nude glow"" tập trung vào việc tạo lớp nền tự nhiên, khỏe khoắn như da thật nhưng có thêm độ căng bóng. 

**Các bước chính:**

1.  **Dưỡng ẩm kỹ:** Da đủ ẩm là nền tảng.
2.  **Sử dụng kem nền mỏng nhẹ:** Ưu tiên các loại có độ che phủ thấp hoặc BB/CC cream.
3.  **Highlight ở các vị trí bắt sáng:** Gò má, sống mũi, nhân trung, khóe mắt.
4.  **Má hồng tone nude hoặc đào:** Tạo ửng hồng tự nhiên.
5.  **Son dưỡng hoặc son nude:** Hoàn thiện vẻ ngoài tươi tắn.

Mục đích là để tôn lên vẻ đẹp tự nhiên của làn da, không che đậy hoàn toàn mà làm nổi bật sự khỏe khoắn.
"
Cách chọn son môi cho buổi đi ăn tối lãng mạn vào mùa thu?,"Để chọn son môi cho buổi tối lãng mạn mùa thu, bạn nên ưu tiên các tông màu ấm áp và trầm. Đỏ gạch, cam đất, hồng đất hoặc nude đào là những lựa chọn tuyệt vời, tạo cảm giác ấm cúng, dịu dàng mà vẫn nổi bật. Chất son lì hoặc satin sẽ giữ màu tốt hơn trong suốt bữa tối. Tránh các màu quá sáng hoặc quá tối, vì chúng có thể không phù hợp với không khí lãng mạn.
"
Tại sao nên dùng cọ sạch để tán phấn highlighter?,"Chào bạn,

Việc sử dụng cọ sạch để tán phấn highlighter rất quan trọng vì một số lý do sau:

1.  **Đảm bảo độ chính xác:** Cọ sạch giúp highlighter lên da chuẩn màu, không bị lẫn màu từ các sản phẩm trang điểm khác.
2.  **Tránh vón cục:** Cọ bẩn có thể làm phấn bị vón cục, khó tán đều và làm mất đi hiệu ứng glow đẹp tự nhiên.
3.  **Vệ sinh da:** Cọ bẩn chứa vi khuẩn có thể gây kích ứng da, đặc biệt là vùng da nhạy cảm như gò má.

Hãy vệ sinh cọ highlighter thường xuyên để có một làn da khỏe mạnh và lớp trang điểm hoàn hảo nhé!"
Cách tạo makeup cho buổi đi xem phim hài?,"Để có một lớp trang điểm phù hợp cho buổi xem phim hài, bạn nên ưu tiên sự tự nhiên, thoải mái nhưng vẫn tươi tắn.

1.  **Chuẩn bị da:** Dưỡng ẩm nhẹ nhàng.
2.  **Nền:** Sử dụng BB cream hoặc cushion mỏng nhẹ, che khuyết điểm ở vùng cần thiết.
3.  **Màu mắt:** Phấn mắt màu nude hoặc hồng nhạt.
4.  **Má hồng:** Chọn màu hồng đào hoặc cam san hô để tạo vẻ tươi tắn.
5.  **Son:** Son tint hoặc son bóng màu hồng hoặc cam.

Tránh trang điểm quá đậm để không gây khó chịu khi xem phim và vẫn xinh xắn trong mọi khung hình ""tự sướng"" nhé!
"
Làm sao để nhận diện lọ xịt dưỡng da có chứa collagen qua hình ảnh?,"Để nhận diện xịt dưỡng da chứa collagen qua hình ảnh, bạn hãy chú ý các điểm sau:

1. **Nhãn mác:** Tìm các từ khóa như ""Collagen"", ""Hydrolyzed Collagen"" hoặc ""Peptide"" trong thành phần.
2. **Mô tả:** Sản phẩm thường nhấn mạnh khả năng ""căng bóng"", ""giảm nếp nhăn"" hoặc ""tăng độ đàn hồi"" nhờ collagen.
3. **Hình ảnh:** Bao bì có thể hiển thị hình ảnh sợi collagen hoặc mô tả cấu trúc da cải thiện.
4. **Kết cấu:** Xịt dưỡng chứa collagen thường có độ đặc nhẹ hơn so với xịt nước thông thường.
"
Cách chọn cọ để tán kem nền cho da khô?,"Chào bạn, với da khô, việc chọn cọ tán kem nền rất quan trọng để tránh làm lộ vân da và giữ ẩm tốt. Bạn nên ưu tiên các loại cọ đầu bằng, lông mềm mại (lông tổng hợp hoặc lông dê) để kem nền bám đều, không gây ma sát. Cọ đầu bằng giúp bạn kiểm soát lượng kem tốt hơn, tránh gây cakey. Tránh cọ đầu vát hoặc lông thô ráp vì sẽ làm da khô hơn và dễ tạo vệt.
"
Tại sao nên dùng son dưỡng có chứa vitamin E trước son bóng?,"Chào bạn,

Việc sử dụng son dưỡng có vitamin E trước son bóng là một bước chuẩn bị rất tốt cho đôi môi. Vitamin E là chất chống oxy hóa mạnh, giúp dưỡng ẩm, làm mềm môi và bảo vệ môi khỏi tác hại của môi trường. Khi môi đủ ẩm, son bóng sẽ lên màu đẹp hơn, không bị vón cục hay lộ rãnh môi. Hơn nữa, vitamin E còn giúp môi khỏe mạnh, giảm thâm và bong tróc.
"
Cách tạo makeup cho buổi đi công viên giải trí vào ban đêm?,"Để có một lớp makeup phù hợp cho buổi đi công viên giải trí đêm, bạn nên ưu tiên sự bền vững và lấp lánh nhẹ nhàng.

1.  **Chuẩn bị da:** Dưỡng ẩm kỹ để da không bị khô khi trời mát.
2.  **Nền:** Chọn foundation lì, độ che phủ vừa phải, kết hợp phấn phủ để giữ lớp nền lâu trôi.
3.  **Mắt:** Sử dụng phấn mắt màu tối (nâu, tím than) tán nhạt, thêm chút nhũ lấp lánh ở khóe mắt.
4.  **Má:** Phấn má hồng màu cam đào hoặc hồng san hô để khuôn mặt tươi tắn.
5.  **Môi:** Son lì hoặc son tint màu berry hoặc đỏ cam.

Lý do: Công viên giải trí thường có nhiều hoạt động, cần lớp makeup bền. Nhũ lấp lánh tạo điểm nhấn dưới ánh đèn.
"
Kỹ thuật makeup 'coral blush' là gì?,"Kỹ thuật ""coral blush"" là đánh má hồng màu san hô, tập trung vào vùng gò má cao nhất, hướng về thái dương. Điểm đặc biệt là thoa nhẹ nhàng, hòa trộn đều để tạo hiệu ứng ửng hồng tự nhiên, khỏe khoắn. Màu san hô phù hợp nhiều tông da, đặc biệt là da trung bình và da ngăm, giúp khuôn mặt tươi sáng và tràn đầy sức sống. Kỹ thuật này tạo vẻ đẹp trẻ trung, năng động, phù hợp với phong cách trang điểm hàng ngày.
"
Tại sao nên dùng kem lót có chứa ceramide cho da khô?,"Kem lót chứa ceramide là lựa chọn tuyệt vời cho da khô vì ceramide là thành phần lipid tự nhiên của da, giúp củng cố hàng rào bảo vệ da. Da khô thường yếu và dễ mất nước, dẫn đến khô ráp, bong tróc. Ceramide giúp khóa ẩm, ngăn ngừa mất nước, làm mềm da và hỗ trợ các bước trang điểm sau bám tốt hơn, tránh tình trạng mốc hay cakey. Việc sử dụng kem lót có ceramide giúp da đủ ẩm, khỏe mạnh và căng mọng.
"
Làm sao để nhận diện cây cọ tán phấn tạo khối dạng nhỏ qua hình ảnh?,"Để nhận diện cọ tán phấn tạo khối dạng nhỏ qua hình ảnh, bạn hãy chú ý các điểm sau:

1. **Hình dáng:** Cọ thường vát chéo, đầu cọ nhỏ và thuôn.
2. **Kích thước:** Nhỏ gọn, vừa vặn để tán phấn vào các vùng hốc má, sống mũi.
3. **Lông cọ:** Lông mềm, dày dặn nhưng không quá xốp để dễ dàng kiểm soát lượng phấn.
4. **Màu sắc:** Thường có màu đen, nâu hoặc màu gỗ tự nhiên.

Những đặc điểm này giúp cọ tán phấn tạo khối nhỏ dễ dàng tạo đường nét sắc sảo cho khuôn mặt.
"
Cách tạo makeup cho buổi đi ăn tối với gia đình?,"Để có một lớp trang điểm nhẹ nhàng, phù hợp cho buổi tối ấm cúng bên gia đình, bạn hãy thực hiện các bước sau:

1. **Chuẩn bị da:** Dưỡng ẩm kỹ để lớp nền mịn màng.
2. **Nền:** Dùng kem nền mỏng, nhẹ, tán đều.
3. **Mắt:** Phấn mắt màu nude hoặc nâu nhạt, chuốt mascara.
4. **Má:** Phấn má hồng đào hoặc cam đất, đánh nhẹ nhàng.
5. **Môi:** Son dưỡng hoặc son màu nude/ hồng pastel.

Lưu ý: Ưu tiên sự tự nhiên, tránh trang điểm quá đậm.
"
Kỹ thuật makeup 'smokey purple' là gì?,"Kỹ thuật ""Smokey Purple"" là kiểu trang điểm mắt tập trung vào sắc tím huyền bí, tạo chiều sâu và vẻ lôi cuốn.

**Các bước thực hiện:**

1.  **Chuẩn bị:** Phủ phấn mắt màu tím nhạt toàn bộ bầu mắt.
2.  **Tạo khối:** Dùng màu tím đậm hơn tán vào hốc mắt, tập trung ở đuôi mắt và mi dưới.
3.  **Pha trộn:** Mờ dần các đường viền bằng cọ mềm để tạo hiệu ứng ""khói"".
4.  **Hoàn thiện:** Kẻ eyeliner đen và chuốt mascara để tăng độ sắc sảo.

Màu tím phù hợp với nhiều tông da, nhưng cần chọn sắc độ phù hợp để tránh làm mắt trông sưng.
"
Làm sao để nhận diện lọ kem dưỡng ẩm ban ngày có chứa niacinamide qua hình ảnh?,"Để nhận diện kem dưỡng ẩm ban ngày chứa niacinamide qua hình ảnh, bạn hãy chú ý các điểm sau:

1. **Thành phần:** Tìm dòng chữ ""Niacinamide"" hoặc ""Vitamin B3"" trên bao bì.
2. **Mục đích sử dụng:** Sản phẩm thường ghi rõ công dụng như ""dưỡng sáng da"", ""giảm lỗ chân lông"", ""cải thiện tông màu da"" - đây là lợi ích của niacinamide.
3. **Kết cấu:** Kem chứa niacinamide thường có kết cấu nhẹ, dễ thẩm thấu, không gây nhờn dính.
4. **Bao bì:** Một số thương hiệu sẽ nổi bật thành phần niacinamide trên bao bì để thu hút khách hàng.
"
Cách chọn cọ để tán phấn mắt cho mắt to?,"Để tán phấn mắt cho mắt to, bạn nên chọn các loại cọ sau:

1. **Cọ đầu dẹt, nhỏ:** Dùng để đánh phấn màu mắt chính lên bầu mắt, giúp kiểm soát lượng phấn và tạo hình dễ dàng.
2. **Cọ blending (cọ tán):** Đầu cọ mềm, tròn giúp tán đều các đường màu, tạo chiều sâu cho mắt.
3. **Cọ highlight (cọ nhấn sáng):** Nhỏ, đầu vát hoặc tròn để đánh highlight dưới chân mày và đầu mắt, giúp mắt trông to và có sức sống hơn.

Lý do: Mắt to cần sự tỉ mỉ trong từng bước trang điểm để tránh làm mắt trông bị nặng nề.
"
Cách tạo makeup cho buổi đi xem triển lãm tranh?,"Chào bạn, để có một lớp makeup phù hợp đi xem triển lãm tranh, bạn nên ưu tiên sự tự nhiên, tinh tế.

1.  **Chuẩn bị da:** Dưỡng ẩm kỹ để lớp nền mịn màng.
2.  **Nền:** Dùng kem nền mỏng nhẹ, che khuyết điểm vừa đủ.
3.  **Mắt:** Phấn mắt màu nude hoặc nâu nhạt, kẻ eyeliner mảnh và chuốt mascara.
4.  **Má:** Phấn má hồng đào hoặc cam đất nhẹ nhàng.
5.  **Môi:** Son nude hoặc màu hồng san hô.

Lớp makeup này giúp bạn trông tươi tắn, thanh lịch mà không quá nổi bật, để tập trung vào các tác phẩm nghệ thuật."
Kỹ thuật makeup 'soft peach' là gì?,"Kỹ thuật makeup ""soft peach"" tập trung vào việc tạo vẻ ngoài tươi trẻ, rạng rỡ với tông màu đào nhẹ nhàng. 

**Các bước thực hiện:**

1.  **Nền:** Sử dụng kem nền có độ che phủ nhẹ, màu da tự nhiên.
2.  **Má hồng:** Chọn phấn má hồng màu đào, tán đều lên gò má.
3.  **Mắt:** Sử dụng phấn mắt màu đào hoặc cam đất, tán nhẹ nhàng.
4.  **Môi:** Son môi màu đào san hô hoặc hồng đào.

**Lý do:** Màu đào giúp da trông ấm áp, khỏe mạnh và tươi sáng hơn. Kỹ thuật này phù hợp với nhiều tông da, đặc biệt là da trung bình và da trắng.
"
Làm sao để nhận diện chai xịt dưỡng da ban đêm qua hình ảnh?,"Để nhận diện chai xịt dưỡng da ban đêm qua hình ảnh, bạn hãy chú ý các yếu tố sau:

1. **Màu sắc:** Thường có màu tối như xanh đậm, tím, đen hoặc nâu để bảo vệ công thức khỏi ánh sáng.
2. **Nhãn mác:** Ghi rõ ""Night"", ""Overnight"", ""Sleeping Mist"" hoặc các từ tương tự.
3. **Dung tích:** Thường lớn hơn các sản phẩm dưỡng da khác vì dùng cho nhiều vùng da.
4. **Vòi xịt:** Vòi xịt phun sương mịn, giúp sản phẩm dễ dàng hấp thụ vào da.
"
Tại sao nên dùng kem lót có chứa vitamin B5 trước makeup?,"Kem lót chứa Vitamin B5 (Panthenol) là bước chuẩn bị tuyệt vời trước makeup vì nhiều lý do. Vitamin B5 có khả năng cấp ẩm sâu, giúp da căng mọng, làm dịu da kích ứng và giảm đỏ. Điều này tạo nên lớp nền mịn màng, giúp makeup bám tốt hơn, không bị mốc hay bong tróc. Hơn nữa, B5 còn hỗ trợ phục hồi hàng rào bảo vệ da, giúp da khỏe mạnh hơn dưới lớp trang điểm.
"
Làm sao để nhận diện cây cọ tán highlighter dạng nhỏ qua hình ảnh?,"Để nhận diện cọ tán highlighter dạng nhỏ qua hình ảnh, bạn hãy chú ý các điểm sau:

1. **Kích thước:** Cọ highlighter nhỏ thường có kích thước nhỏ gọn, lông cọ ngắn và đầu cọ thon, tròn hoặc vát nhẹ.
2. **Lông cọ:** Lông cọ thường mềm, tơi và có độ dày vừa phải để lấy và tán đều highlighter dạng bột hoặc kem.
3. **Hình dáng:** Tay cầm cọ thường ngắn, dễ cầm nắm và xoay chuyển.
4. **Màu sắc:** Thường có màu trắng, bạc hoặc các màu pastel nhẹ nhàng.
"
Cách tạo makeup cho buổi đi ăn sáng với bạn thân?,"Chào bạn! Để có một lớp makeup nhẹ nhàng cho buổi ăn sáng với bạn thân, bạn có thể làm theo các bước sau:

1.  **Chuẩn bị da:** Dưỡng ẩm nhẹ nhàng để da căng mọng.
2.  **Che khuyết điểm:** Dùng che khuyết điểm cho vùng mắt thâm và các vết mụn nhỏ.
3.  **Phấn nền:** Chọn phấn nền mỏng nhẹ, tán đều để có lớp nền tự nhiên.
4.  **Má hồng:** Thêm một chút má hồng đào hoặc hồng san hô để khuôn mặt tươi tắn.
5.  **Son môi:** Chọn son màu nude, hồng baby hoặc cam đất để hoàn thiện.

Lưu ý: Ưu tiên các sản phẩm có kết cấu nhẹ, tránh makeup quá đậm để giữ vẻ tự nhiên, thoải mái."
Làm sao để nhận diện lọ kem chống nắng dạng sữa qua hình ảnh?,"Để nhận diện kem chống nắng dạng sữa qua hình ảnh, bạn hãy chú ý các điểm sau:

1. **Kết cấu:** Kem sữa thường có vẻ lỏng nhẹ, không đặc như kem thông thường.
2. **Màu sắc:** Thường có màu trắng hoặc trắng ngà, đôi khi hơi vàng nhạt.
3. **Bao bì:** Thường được đựng trong chai pump hoặc tuýp, có ghi rõ dòng chữ ""lotion"" hoặc ""milk"".
4. **Độ bóng:** Khi nhìn gần, có thể thấy độ bóng nhẹ do thành phần dưỡng ẩm.
"
Tại sao nên dùng son dưỡng có chứa dầu argan trước son kem?,"Chào bạn,

Son dưỡng có dầu argan là bước chuẩn bị tuyệt vời trước son kem vì nhiều lý do. Dầu argan giàu vitamin E và axit béo, giúp môi mềm mịn, làm dịu da môi khô hoặc bong tróc. Điều này tạo một lớp nền hoàn hảo cho son kem bám dính tốt hơn, lên màu chuẩn và không bị vón cục. Hơn nữa, dầu argan còn giúp son kem giữ ẩm cho môi, tránh tình trạng môi bị khô sau khi trang điểm.
"
Làm sao để nhận diện hộp phấn mắt dạng gel lỏng qua hình ảnh?,"Để nhận diện hộp phấn mắt dạng gel lỏng qua hình ảnh, bạn hãy chú ý các điểm sau:

1. **Kết cấu:** Phấn mắt gel lỏng thường có vẻ ẩm ướt, bóng nhẹ, không khô ráo như phấn bột.
2. **Hộp đựng:** Thường được đựng trong lọ thủy tinh nhỏ hoặc tuýp, có nắp đậy kín để giữ độ ẩm.
3. **Màu sắc:** Màu sắc thường đậm đà, sắc nét hơn so với phấn mắt bột.
4. **Dung tích:** Dung tích thường ít hơn phấn mắt bột, khoảng 3-5ml.
"
Tại sao nên dùng kem lót có chứa chiết xuất lô hội cho da dầu?,"Kem lót chứa lô hội rất tốt cho da dầu vì lô hội có đặc tính làm dịu và cấp ẩm tuyệt vời mà không gây bóng nhờn. Nó giúp kiểm soát dầu thừa, thu nhỏ lỗ chân lông và làm dịu các vùng da bị kích ứng. Lô hội còn tạo một lớp nền mịn màng, giúp kem nền bám tốt hơn và bền màu hơn, đồng thời bảo vệ da khỏi tác động của mỹ phẩm.
"
Làm sao để nhận diện cây cọ tán phấn mắt dạng vát nhỏ qua hình ảnh?,"Để nhận diện cọ tán phấn mắt dạng vát nhỏ qua hình ảnh, bạn hãy chú ý các điểm sau:

1. **Hình dáng:** Đầu cọ có hình dạng vát chéo, không tròn hoặc dẹt đều.
2. **Kích thước:** Lông cọ nhỏ, mảnh, thường ngắn hơn các loại cọ khác.
3. **Mục đích sử dụng:** Cọ vát nhỏ thường dùng để tạo khối, highlight hoặc tán phấn mắt ở vùng khó như đuôi mắt.
4. **Lông cọ:** Lông có thể là tự nhiên hoặc tổng hợp, nhưng thường mềm mại để dễ dàng thao tác.
"
Kỹ thuật makeup 'champagne glow' là gì?,"Kỹ thuật makeup ""champagne glow"" tập trung tạo hiệu ứng da căng bóng, rạng rỡ như ánh champagne. Đầu tiên, dưỡng ẩm kỹ lưỡng. Sau đó, dùng kem nền nhẹ nhàng, kết hợp highlighter dạng lỏng hoặc kem ở các vị trí bắt sáng: gò má, sống mũi, nhân trung, khóe mắt. Cuối cùng, phủ một lớp phấn highlight bột mịn để tăng độ tỏa sáng. Kỹ thuật này phù hợp với mọi tông da, giúp khuôn mặt tươi tắn, trẻ trung.
"
Làm sao để nhận diện lọ kem dưỡng da ban ngày có chứa retinol qua hình ảnh?,"Để nhận diện kem dưỡng da ban ngày chứa retinol qua hình ảnh, bạn hãy chú ý các điểm sau:

1. **Bao bì:** Thường có ghi rõ ""Retinol"", ""Vitamin A"" hoặc ""Vitamin Retinyl"".
2. **Màu sắc:** Kem retinol dễ bị oxy hóa nên thường có màu vàng nhạt hoặc cam. Tuy nhiên, nhiều sản phẩm đã được công thức hóa để ổn định màu.
3. **Kết cấu:** Thường đặc hơn các kem dưỡng ẩm thông thường.
4. **Lưu ý:** Nên tìm mua ở các thương hiệu uy tín để đảm bảo chất lượng sản phẩm.
"
Làm sao để nhận diện hộp phấn má hồng dạng kem lỏng qua hình ảnh?,"Để nhận diện phấn má hồng kem lỏng qua hình ảnh, bạn hãy chú ý các điểm sau:

1. **Kết cấu:** Quan sát xem sản phẩm có vẻ ẩm ướt, bóng nhẹ, không phải dạng bột khô.
2. **Bao bì:** Thường được đựng trong tuýp, chai nhỏ có vòi pump hoặc lọ thủy tinh với applicator.
3. **Màu sắc:** Màu sắc thường tươi tắn, đậm đà hơn phấn má hồng bột.
4. **Độ bóng:** Khi nhìn gần, bạn sẽ thấy độ bóng nhẹ tự nhiên, khác với độ lì của phấn bột.
"
Cách tạo makeup cho buổi đi xem triển lãm kiến trúc?,"Chào bạn, để có một lớp makeup phù hợp khi đi xem triển lãm kiến trúc, bạn nên ưu tiên sự tự nhiên, tinh tế.

1.  **Chuẩn bị da:** Dưỡng ẩm kỹ để lớp nền mịn màng.
2.  **Nền:** Chọn foundation mỏng nhẹ, che khuyết điểm vừa đủ.
3.  **Mắt:** Phấn mắt màu nude hoặc nâu nhạt, kẻ eyeliner mảnh, mascara nhẹ nhàng.
4.  **Má:** Phấn má hồng đào hoặc cam đất để khuôn mặt tươi tắn.
5.  **Môi:** Son nude hoặc màu hồng san hô.

Lớp makeup này giúp bạn trông thanh lịch, không quá nổi bật mà vẫn tôn lên vẻ đẹp tự nhiên, phù hợp với không gian nghệ thuật."
Kỹ thuật makeup 'smokey emerald' là gì?,"Kỹ thuật ""Smokey Emerald"" là kiểu trang điểm mắt khói sử dụng màu ngọc lục bảo (emerald) làm chủ đạo. Đầu tiên, bạn dùng phấn mắt màu ngọc lục bảo đậm tán đều lên bầu mắt, sau đó mờ dần ra ngoài. Tiếp theo, dùng màu ngọc lục bảo sáng hơn ở hốc mắt và đầu mắt để tạo chiều sâu. Kẻ mắt đen hoặc nâu sẫm và chuốt mascara đen sẽ làm nổi bật đôi mắt. Màu ngọc lục bảo hợp với nhiều tông da, đặc biệt là da trung bình và da ngăm.
"
Cách chọn son môi cho buổi đi chơi công viên giải trí vào ban ngày?,"Để chọn son môi phù hợp cho buổi đi chơi công viên giải trí ban ngày, bạn nên ưu tiên những màu sắc tươi tắn, tự nhiên và có độ bền màu tốt. 

**Bước 1:** Chọn màu son hồng san hô, cam đào hoặc đỏ cam. Những màu này năng động, trẻ trung và phù hợp với không khí vui chơi.
**Bước 2:** Ưu tiên chất son lì hoặc son kem lì để son lâu trôi, ít bị lem khi ăn uống và vận động.
**Bước 3:** Đừng quên thoa son dưỡng trước khi đánh son màu để môi không bị khô.
"
Làm sao để nhận diện cây cọ tán phấn highlighter dạng lớn qua hình ảnh?,"Để nhận diện cọ tán phấn highlighter dạng lớn qua hình ảnh, bạn hãy chú ý các điểm sau:

1. **Kích thước:** Cọ lớn hơn các loại cọ khác, thường dài khoảng 15-20cm.
2. **Hình dáng:** Lông cọ thường xòe rộng, mềm mại và tròn trịa, không quá dày đặc.
3. **Lông cọ:** Thường là lông tổng hợp hoặc lông tự nhiên mềm, giúp tán highlighter nhẹ nhàng, đều màu.
4. **Màu sắc:** Thường có màu trắng, bạc hoặc các màu pastel để dễ dàng nhận biết và phù hợp với highlighter.
"
Cách tạo makeup cho buổi đi ăn tối với bạn trai?,"Để có một buổi tối lãng mạn với bạn trai, hãy tập trung vào vẻ đẹp tự nhiên, tinh tế.

1.  **Chuẩn bị da:** Dưỡng ẩm kỹ lưỡng để lớp nền mịn màng.
2.  **Nền:** Sử dụng kem nền mỏng nhẹ, che khuyết điểm vừa đủ.
3.  **Mắt:** Phấn mắt màu nude hoặc nâu nhạt, kẻ eyeliner mảnh, mascara nhẹ nhàng.
4.  **Má:** Hồng đào hoặc cam đất để tạo vẻ tươi tắn.
5.  **Môi:** Son màu nude, hồng san hô hoặc đỏ cam tùy theo sở thích.

Lưu ý: Đừng quên khóa lớp trang điểm để giữ bền màu suốt buổi tối nhé!
"
Làm sao để nhận diện lọ kem nền dạng bơm qua hình ảnh?,"Để nhận diện kem nền dạng bơm qua hình ảnh, bạn hãy chú ý các điểm sau:

1. **Hình dáng bao bì:** Thường là chai trụ tròn hoặc vuông vức, không phải tuýp hoặc lọ nắp xoay.
2. **Đầu bơm:** Đây là đặc điểm dễ nhận biết nhất. Đầu bơm có dạng vòi, có thể xoay hoặc ấn xuống để lấy kem.
3. **Kết cấu sản phẩm:** Kem nền dạng bơm thường có kết cấu lỏng, mịn, dễ dàng tán đều.
4. **Nhãn mác:** Các sản phẩm này thường ghi rõ ""Foundation Pump"" hoặc có hình ảnh minh họa đầu bơm.
"
Tại sao nên dùng son dưỡng có chứa bơ ca cao trước son tint?,"Chào bạn,

Son dưỡng có bơ ca cao nên được dùng trước son tint vì môi cần được cung cấp độ ẩm và làm mềm mịn. Bơ ca cao giàu chất dưỡng ẩm, giúp môi không bị khô bong tróc khi son tint bám vào, đồng thời tạo một lớp đệm nhẹ, giúp son tint lên màu đều và tự nhiên hơn. Việc này cũng giúp son tint bám lâu hơn và giảm thiểu tình trạng lộ vân môi.
"
Làm sao để nhận diện chai tẩy trang dạng nước qua hình ảnh?,"Để nhận diện chai tẩy trang dạng nước qua hình ảnh, bạn hãy chú ý các điểm sau:

1. **Hình dáng chai:** Thường là chai nhựa trong suốt hoặc mờ, có vòi nhấn (pump) hoặc nắp bật.
2. **Nhãn mác:** Ghi rõ dòng chữ ""cleansing water"", ""micellar water"" hoặc ""makeup remover"".
3. **Màu sắc dung dịch:** Chất lỏng trong suốt, không màu hoặc màu xanh nhạt.
4. **Thành phần:** Thường có các thành phần như nước, glycerin, chất hoạt động bề mặt nhẹ dịu.
"
Làm sao để nhận diện cây cọ tán phấn mắt dạng bút chì qua hình ảnh?,"Để nhận diện cọ tán phấn mắt dạng bút chì qua hình ảnh, bạn hãy chú ý các điểm sau:

1. **Hình dáng:** Cọ có hình dáng thon dài, mảnh như bút chì, khác với cọ tán phấn mắt tròn hoặc dẹt.
2. **Đầu cọ:** Đầu cọ thường nhỏ, có thể vát hoặc tròn, giúp dễ dàng thao tác trong các chi tiết nhỏ của mắt.
3. **Lông cọ:** Lông cọ thường mềm, mịn và dày đặc để đảm bảo khả năng tán phấn đều và không gây kích ứng.
4. **Tay cầm:** Tay cầm thường thuôn dài, dễ cầm nắm và điều khiển.
"
Làm sao để nhận diện lọ kem dưỡng ẩm có chứa vitamin C qua hình ảnh?,"Để nhận diện kem dưỡng ẩm chứa Vitamin C qua hình ảnh, bạn hãy chú ý các điểm sau:

1. **Màu sắc:** Kem thường có màu vàng nhạt hoặc cam, do Vitamin C có màu đặc trưng.
2. **Bao bì:** Các sản phẩm Vitamin C thường ghi rõ ""Vitamin C"", ""Ascorbic Acid"" hoặc ""L-Ascorbic Acid"" trên bao bì.
3. **Kết cấu:** Một số dạng Vitamin C có thể khiến kem hơi đặc hơn hoặc có các hạt nhỏ li ti.
4. **Chai lọ:** Vitamin C dễ bị oxy hóa bởi ánh sáng, nên thường được đóng trong chai tối màu hoặc kín khí.
"
Cách tạo makeup cho buổi đi ăn tối ở nhà hàng hải sản?,"Để có một lớp trang điểm phù hợp cho buổi tối tại nhà hàng hải sản, bạn nên tập trung vào sự tươi tắn và tự nhiên.

1.  **Nền:** Sử dụng kem nền nhẹ nhàng, che khuyết điểm vừa đủ.
2.  **Mắt:** Phấn mắt màu đồng hoặc nâu nhạt, kết hợp chút nhũ để tăng sự lấp lánh. Kẻ mắt mảnh và mascara.
3.  **Má:** Hồng đào hoặc cam san hô để tạo vẻ khỏe khoắn.
4.  **Môi:** Son màu nude, hồng san hô hoặc cam đất.

Lý do: Hải sản thường đi kèm không gian ấm cúng, nên trang điểm quá đậm sẽ không phù hợp."
Làm sao để nhận diện lọ kem nền dạng stick qua hình ảnh?,"Để nhận diện kem nền dạng stick qua hình ảnh, bạn hãy chú ý những điểm sau:

1. **Hình dáng:** Kem nền stick thường có hình trụ tròn hoặc hình bút chì, giống như một thỏi son môi lớn.
2. **Vỏ:** Thường được đựng trong vỏ kim loại hoặc nhựa có thể xoay lên xuống để lộ phần kem.
3. **Kết cấu:** Khi nhìn kỹ, bạn sẽ thấy kem nền được nén chặt thành khối rắn, không lỏng như kem nền dạng lỏng.
4. **Màu sắc:** Màu sắc đa dạng, trùng với các tông da khác nhau.
"
Tại sao nên dùng son dưỡng có chứa dầu dừa trước son lì?,"Chào bạn,

Son dưỡng có dầu dừa là bước chuẩn bị tuyệt vời trước khi đánh son lì. Dầu dừa giúp môi mềm mịn, làm đầy các rãnh môi, giúp son lì bám đều và không bị vón cục. Đồng thời, nó tạo một lớp màng bảo vệ, giảm thiểu tình trạng môi bị khô, bong tróc do son lì gây ra. Việc này giúp đôi môi luôn căng mọng và khỏe mạnh, đồng thời kéo dài thời gian giữ màu son.
"
Tại sao nên dùng kem lót có chứa chiết xuất hoa oải hương cho da nhạy cảm?,"Kem lót chứa chiết xuất hoa oải hương rất lý tưởng cho da nhạy cảm vì một số lý do. Oải hương nổi tiếng với đặc tính làm dịu và chống viêm, giúp giảm kích ứng và mẩn đỏ. Nó cũng có khả năng làm mềm da, tạo một lớp nền mịn màng cho trang điểm. Kem lót có oải hương giúp bảo vệ da khỏi các tác nhân gây hại từ môi trường, đồng thời hỗ trợ làm dịu da trong suốt cả ngày.
"
Làm sao để nhận diện lọ kem dưỡng da ban ngày có chứa peptide qua hình ảnh?,"Để nhận diện kem dưỡng da ban ngày chứa peptide qua hình ảnh, bạn hãy chú ý các điểm sau:

1. **Thành phần:** Tìm các từ khóa như ""peptide"", ""acetyl hexapeptide-8"", ""palmitoyl pentapeptide-4"" trên bao bì.
2. **Chữ in:** Các sản phẩm chứa peptide thường nhấn mạnh công dụng ""chống lão hóa"", ""giảm nếp nhăn"" hoặc ""tăng độ đàn hồi"".
3. **Kết cấu:** Kem peptide thường có kết cấu mịn, nhẹ, dễ thẩm thấu, không quá đặc.
4. **Màu sắc:** Màu sắc có thể đa dạng, nhưng thường thấy các màu trắng ngà, kem hoặc màu be nhạt.
"
Cách chọn cọ để tán phấn mắt nhũ cho mắt nhỏ?,"Để tán phấn mắt nhũ cho mắt nhỏ, bạn nên chọn cọ nhỏ, đầu cọ dẹt hoặc vát nhẹ. Cọ dẹt giúp phủ phấn đều trên bầu mắt, còn cọ vát giúp tạo chiều sâu ở hốc mắt. Chất lông cọ nên mềm mại, dày dặn để dễ dàng lấy và tán phấn, tránh làm rơi vụn nhũ gây khó chịu. Tránh cọ quá to sẽ làm mắt trông nhỏ hơn và khó kiểm soát lượng phấn.
"
Tại sao nên dùng tẩy trang dạng dầu nhẹ cho makeup nhẹ?,"Chào bạn,

Với makeup nhẹ nhàng hàng ngày, tẩy trang dạng dầu nhẹ là lựa chọn lý tưởng vì một số lý do:

1. **Hiệu quả:** Dầu hòa tan tốt các sản phẩm makeup gốc dầu như kem nền, son lì, giúp loại bỏ chúng dễ dàng mà không cần chà xát mạnh.
2. **Dịu nhẹ:** Công thức nhẹ nhàng không gây kích ứng da, phù hợp với mọi loại da, kể cả da nhạy cảm.
3. **Dưỡng ẩm:** Dầu tẩy trang thường chứa các thành phần dưỡng ẩm, giúp da không bị khô căng sau khi làm sạch.

Nên chọn loại dầu nhẹ để tránh gây bí bách lỗ chân lông.
"
Tại sao nên dùng kem lót có chứa chiết xuất trà xanh cho da nhạy cảm?,"Kem lót chứa chiết xuất trà xanh rất lý tưởng cho da nhạy cảm vì một số lý do. Trà xanh giàu chất chống oxy hóa, giúp bảo vệ da khỏi tác hại của môi trường và làm dịu kích ứng. Ngoài ra, trà xanh có đặc tính kháng viêm, giúp giảm đỏ và sưng tấy. Kem lót có chứa trà xanh sẽ tạo một lớp bảo vệ nhẹ nhàng, giúp làm dịu da và chuẩn bị cho lớp trang điểm tiếp theo, đồng thời giảm thiểu nguy cơ kích ứng.
"
Làm sao để nhận diện chai tẩy trang dạng bọt nhẹ qua hình ảnh?,"Để nhận diện chai tẩy trang dạng bọt nhẹ qua hình ảnh, bạn hãy chú ý các điểm sau:

1. **Kết cấu:** Hình ảnh sản phẩm thường mô tả bọt mịn, nhỏ li ti, không phải bọt khí lớn.
2. **Màu sắc:** Thường trong suốt hoặc trắng sữa, không quá đặc.
3. **Nhãn mác:** Các từ khóa như ""foam"", ""mousse"", ""bọt"", ""nhẹ nhàng"" thường xuất hiện.
4. **Dung tích:** Thường đóng gói trong chai có vòi pump để tạo bọt dễ dàng.
"
Làm sao để nhận diện cây cọ tán phấn mắt dạng blending nhỏ qua hình ảnh?,"Để nhận diện cọ tán phấn mắt blending nhỏ qua hình ảnh, bạn chú ý các điểm sau:

1. **Hình dáng:** Đầu cọ tròn, xoe, lông cọ mềm mại, không quá dày.
2. **Kích thước:** Nhỏ, thường từ 1-2cm đường kính, phù hợp tán phấn trong hốc mắt.
3. **Lông cọ:** Thường làm từ lông tự nhiên hoặc sợi tổng hợp chất lượng cao, giúp tán phấn mượt mà, không gây kích ứng.
4. **Màu sắc:** Thường thấy màu trắng, đen hoặc kết hợp.

Cọ blending nhỏ giúp tạo hiệu ứng chuyển màu mềm mại, tự nhiên cho đôi mắt.
"
Làm sao để nhận diện hộp phấn má hồng dạng lỏng nhẹ qua hình ảnh?,"Để nhận diện phấn má hồng dạng lỏng nhẹ qua hình ảnh, bạn hãy chú ý các điểm sau:

1. **Kết cấu:** Sản phẩm thường có vẻ lỏng, bóng nhẹ, không phải dạng bột mịn như phấn má thông thường.
2. **Bao bì:** Thường được đựng trong lọ thủy tinh hoặc tuýp nhỏ, có vòi pump hoặc applicator để lấy sản phẩm dễ dàng.
3. **Màu sắc:** Màu sắc thường trong trẻo, tươi tắn, có thể có ánh nhũ nhẹ.
4. **Độ bóng:** Khi thoa lên da, phấn má hồng lỏng nhẹ sẽ tạo hiệu ứng glowy, tự nhiên, không gây khô da.
"
Làm sao để nhận diện cây cọ tán phấn highlighter dạng vát nhỏ qua hình ảnh?,"Để nhận diện cọ tán phấn highlighter dạng vát nhỏ qua hình ảnh, bạn hãy chú ý các điểm sau:

1. **Hình dáng:** Cọ có hình dáng vát chéo, đầu cọ nhỏ và thuôn.
2. **Lông cọ:** Lông cọ thường mềm, tơi và có thể là lông tự nhiên hoặc tổng hợp.
3. **Kích thước:** So với các loại cọ khác, cọ highlighter vát nhỏ có kích thước nhỏ gọn hơn, phù hợp tán highlight ở các vị trí nhỏ như sống mũi, gò má.
4. **Màu sắc:** Thường có màu trắng, bạc hoặc vàng đồng.
"
Cách chọn màu son môi cho buổi hẹn hò ban ngày vào mùa xuân?,"Chào bạn! Để chọn son cho buổi hẹn hò ngày xuân, ưu tiên các màu tươi tắn, tự nhiên. 

**Bước 1:** Xác định tông da. Da sáng hợp hồng đào, cam san hô. Da trung bình chọn hồng đất, cam cháy. Da ngăm hợp đỏ gạch, nâu đất.
**Bước 2:** Chọn chất son mềm mịn, ẩm mượt (son kem, son dưỡng có màu) để tạo vẻ ngoài tươi trẻ.
**Bước 3:** Tránh các màu quá đậm hoặc quá tối. Màu nude, hồng baby, cam pastel là lựa chọn an toàn và lãng mạn cho buổi hẹn hò ban ngày.
"
Kỹ thuật makeup 'dewy coral' là gì?,"Kỹ thuật makeup ""dewy coral"" tập trung vào vẻ ngoài tươi tắn, rạng rỡ với tông cam san hô chủ đạo và hiệu ứng ẩm mọng tự nhiên. 

**Các bước chính:**

1.  **Dưỡng ẩm:** Cấp ẩm kỹ lưỡng để da căng bóng.
2.  **Kem nền:** Chọn loại nền nhẹ, có độ ẩm, hoặc trộn thêm serum/dầu dưỡng.
3.  **Màu cam san hô:** Sử dụng phấn má, son môi, hoặc phấn mắt màu cam san hô.
4.  **Highlight:** Tập trung highlight ở gò má, sống mũi, và nhân trung để tăng độ glow.
5.  **Xịt khóa:** Xịt khóa để giữ lớp makeup bền lâu và tăng hiệu ứng dewy.

Kỹ thuật này phù hợp với mọi tông da, đặc biệt là da thường đến khô.
"
Tại sao nên dùng phấn mắt dạng bột nén cho người mới bắt đầu?,"Phấn mắt dạng bột nén là lựa chọn tuyệt vời cho người mới bắt đầu vì dễ dàng thao tác và kiểm soát lượng phấn. Chất phấn mịn, bám dính tốt, ít bị rơi rụng giúp tạo đôi mắt đẹp tự nhiên mà không cần kỹ thuật cao. Màu sắc lên chuẩn, dễ dàng blend (tán) màu, phù hợp với nhiều phong cách trang điểm khác nhau. So với phấn mắt dạng kem hay lỏng, bột nén thân thiện hơn với người mới làm quen.
"
Làm sao để nhận diện bút kẻ mày dạng bột qua hình ảnh?,"Để nhận diện bút kẻ mày dạng bột qua hình ảnh, bạn hãy chú ý các điểm sau:

1. **Kết cấu:** Bột kẻ mày thường có kết cấu mịn, giống như phấn mắt hơn là dạng sáp hoặc gel.
2. **Đầu bút:** Đầu bút thường dẹt hoặc vát xéo, dùng để lấy và tán bột.
3. **Màu sắc:** Màu sắc thường không quá đậm nét như bút chì, mà thiên hướng tự nhiên, mềm mại.
4. **Bao bì:** Thường đi kèm cọ nhỏ để tán bột, hoặc có ngăn chứa bột và cọ trong cùng một sản phẩm.
"
Tại sao nên dùng kem lót có chứa chiết xuất cây phỉ trước makeup?,"Kem lót chứa chiết xuất cây phỉ là lựa chọn tuyệt vời trước khi trang điểm vì nhiều lý do. Cây phỉ có tính năng se khít lỗ chân lông, giúp bề mặt da mịn màng hơn, từ đó lớp nền bám tốt và bền lâu hơn. Đồng thời, nó còn giúp kiểm soát dầu thừa, giảm bóng nhờn, đặc biệt phù hợp với da dầu hoặc hỗn hợp. Ngoài ra, chiết xuất này còn có tác dụng làm dịu da, giảm kích ứng nhẹ, tạo cảm giác thoải mái khi trang điểm.
"
Làm sao để nhận diện chai xịt dưỡng da có chứa chiết xuất trà xanh qua hình ảnh?,"Để nhận diện chai xịt dưỡng da chứa chiết xuất trà xanh qua hình ảnh, bạn hãy chú ý các yếu tố sau:

1. **Màu sắc:** Bao bì thường có màu xanh lá cây, gợi liên tưởng đến trà xanh.
2. **Hình ảnh:** Thường có hình ảnh lá trà xanh hoặc dòng chữ ""Green Tea"", ""Matcha"" (trà xanh Nhật Bản).
3. **Thành phần:** Kiểm tra danh sách thành phần, tìm các từ khóa như ""Camellia Sinensis Leaf Extract"" (chiết xuất lá trà xanh).
4. **Nhãn hiệu:** Một số thương hiệu nổi tiếng với sản phẩm trà xanh như Innisfree, Nature Republic.
"
Cách tạo makeup cho buổi đi ăn sáng với gia đình?,"Chào bạn, để có một lớp makeup nhẹ nhàng cho buổi ăn sáng cùng gia đình, bạn hãy thực hiện các bước sau:

1. **Dưỡng ẩm:** Dưỡng ẩm da là bước quan trọng để lớp makeup mịn màng.
2. **Kem nền/BB cream:** Chọn loại có độ che phủ nhẹ để da trông tự nhiên.
3. **Phấn má hồng:** Tô nhẹ nhàng để khuôn mặt tươi tắn.
4. **Mascara:** Chuốt mascara để đôi mắt trông to hơn.
5. **Son dưỡng/son tint:** Chọn màu sắc nhẹ nhàng, phù hợp với màu da.

Lưu ý: Ưu tiên các sản phẩm có thành phần lành tính, không gây kích ứng da."
Kỹ thuật makeup 'smokey peach' là gì?,"Kỹ thuật makeup ""Smokey Peach"" là xu hướng trang điểm mắt lấy cảm hứng từ đôi mắt ""smokey eyes"" cổ điển, nhưng sử dụng các tông màu đào, cam san hô thay vì đen hay xám. 

**Các bước thực hiện:**

1.  **Tạo lớp nền:** Sử dụng phấn mắt màu đào nhạt làm lớp nền.
2.  **Tạo chiều sâu:** Thêm các tông đào đậm hơn vào hốc mắt và đuôi mắt, blend kỹ.
3.  **Tạo điểm nhấn:** Sử dụng màu cam san hô hoặc đồng ở giữa bầu mắt.
4.  **Hoàn thiện:** Kẻ eyeliner và mascara để tăng độ sắc sảo.

Smokey Peach mang đến vẻ đẹp nhẹ nhàng, nữ tính và tươi trẻ hơn so với smokey eyes truyền thống.
"
Cách chọn son môi cho buổi tiệc tối ngoài trời?,"Để chọn son môi cho buổi tiệc tối ngoài trời, bạn nên ưu tiên các màu đậm và có độ bám tốt.

**Bước 1:** Chọn màu son hợp với tông da và trang phục. Đỏ rượu, hồng đất, cam đất hoặc tím berry là những lựa chọn tuyệt vời.
**Bước 2:** Ưu tiên chất son lì hoặc bán lì để giữ màu lâu hơn, đặc biệt khi ăn uống.
**Bước 3:** Mang theo son để dặm lại trong suốt buổi tiệc, đảm bảo đôi môi luôn tươi tắn.
"
Làm sao để nhận diện hộp phấn mắt dạng palette trung qua hình ảnh?,"Để nhận diện phấn mắt palette trung tính qua hình ảnh, bạn hãy chú ý các yếu tố sau:

1. **Màu sắc:** Palette thường chứa các tông màu be, nâu, xám, và trắng. Các màu này có thể từ nhạt đến đậm, nhưng không có màu sắc nổi bật như hồng, cam, hay xanh.
2. **Kết cấu:** Phấn có thể có nhiều kết cấu khác nhau (mờ, nhũ, ánh kim), nhưng thường thiên về các tông màu mờ (matte) để dễ dàng phối hợp.
3. **Bố cục:** Các ô màu thường được sắp xếp theo hàng hoặc khối, tạo sự hài hòa và dễ nhìn.
"
Cách tạo makeup cho buổi đi công viên nước vào mùa hè?,"Chào bạn, để có lớp makeup tươi tắn, bền vững khi đi công viên nước mùa hè, bạn nên:

1. **Dưỡng ẩm kỹ:** Dùng kem dưỡng ẩm nhẹ nhàng, chống nước.
2. **Kiểm soát dầu:** Thoa lớp kem lót kiềm dầu để makeup bám lâu hơn.
3. **Makeup nhẹ nhàng:** Ưu tiên BB cream hoặc cushion thay phấn nền dày.
4. **Chống nước:** Dùng mascara, eyeliner, son lì chống nước.
5. **Tạo khối nhẹ nhàng:** Để khuôn mặt có chiều sâu hơn.
6. **Xịt khóa makeup:** Giúp lớp makeup bền vững suốt cả ngày.

Lưu ý tránh dùng quá nhiều sản phẩm để tránh gây bí da và dễ trôi.
"
Kỹ thuật makeup 'glitter mauve' là gì?,"""Glitter mauve"" là kỹ thuật trang điểm tập trung vào tông màu tím hồng (mauve) kết hợp với ánh nhũ (glitter) để tạo hiệu ứng lấp lánh, nữ tính. 

**Các bước thực hiện:**

1.  **Phấn mắt:** Sử dụng phấn mắt mauve làm chủ đạo, có thể ombre với các tông tím đậm hơn.
2.  **Nhũ:** Thêm nhũ mắt lấp lánh ở giữa bầu mắt hoặc hốc mắt.
3.  **Má hồng:** Chọn má hồng mauve hoặc hồng đào để tạo sự hài hòa.
4.  **Son:** Sử dụng son mauve hoặc son bóng có nhũ nhẹ.

Kỹ thuật này phù hợp với các buổi tiệc hoặc sự kiện đặc biệt."
Làm sao để nhận diện lọ kem chống nắng dạng kem lỏng qua hình ảnh?,"Để nhận diện kem chống nắng dạng kem lỏng qua hình ảnh, bạn hãy chú ý các điểm sau:

1. **Kết cấu:** Kem lỏng thường có vẻ ngoài mịn mượt, không quá đặc như kem chống nắng dạng kem thông thường.
2. **Độ bóng:** Thường có độ bóng nhẹ, cho thấy khả năng thẩm thấu tốt.
3. **Bao bì:** Thường được đựng trong tuýp hoặc chai có vòi pump để dễ dàng lấy lượng sản phẩm vừa đủ.
4. **Màu sắc:** Màu sắc đa dạng, từ trắng sữa đến vàng nhạt, tùy thuộc vào công thức.
"
Tại sao nên dùng son dưỡng có chứa dầu hạt mắc ca trước son lì?,"Chào bạn,

Son dưỡng chứa dầu hạt mắc ca là bước chuẩn bị tuyệt vời trước khi đánh son lì vì một số lý do:

1. **Dưỡng ẩm sâu:** Dầu hạt mắc ca giàu axit béo, giúp môi mềm mại, giảm khô bong tróc.
2. **Tạo lớp nền mịn:** Son dưỡng giúp son lì bám đều hơn, tránh tình trạng vón cục hay lộ vân môi.
3. **Bảo vệ môi:** Dầu hạt mắc ca có khả năng chống oxy hóa, bảo vệ môi khỏi tác hại của môi trường và các thành phần gây khô trong son lì.

Việc này giúp son lì lên màu chuẩn, bền đẹp và không gây khó chịu cho môi.
"
Kỹ thuật makeup 'bronze glow' là gì?,"Kỹ thuật ""bronze glow"" là xu hướng trang điểm tạo hiệu ứng làn da rám nắng khỏe khoắn, rạng rỡ tự nhiên. 

**Các bước thực hiện:**

1.  **Che khuyết điểm & nền:** Sử dụng kem nền và che khuyết điểm phù hợp với tông da.
2.  **Bronzer:** Dùng cọ lớn, đánh bronzer màu ấm lên các vị trí bắt sáng như gò má, trán, sống mũi và đường viền hàm.
3.  **Highlight:** Thêm highlight ở gò má, sống mũi, nhân trung để tăng độ bắt sáng.
4.  **Blush:** Sử dụng phấn má hồng màu đào hoặc cam san hô để tăng thêm vẻ tươi tắn.

Kỹ thuật này giúp khuôn mặt trông ấm áp, có chiều sâu và tràn đầy sức sống.
"
Cách chọn son môi cho buổi họp văn phòng vào mùa đông?,"Để chọn son môi phù hợp cho buổi họp văn phòng mùa đông, bạn nên ưu tiên những màu sắc tự nhiên, trung tính. Các lựa chọn tốt bao gồm:

1.  **Màu nude:** Tạo vẻ thanh lịch, chuyên nghiệp.
2.  **Màu hồng đào:** Mang đến sự tươi tắn, trẻ trung nhưng vẫn lịch sự.
3.  **Màu cam đất:** Ấm áp, phù hợp với thời tiết đông và không quá nổi bật.

Chất son nên chọn loại có dưỡng ẩm để tránh môi bị khô nứt do thời tiết lạnh. Tránh các màu son quá sặc sỡ hoặc bóng bẩy.
"
Tại sao nên dùng phấn phủ dạng bột không màu cho da nhạy cảm?,"Phấn phủ dạng bột không màu là lựa chọn lý tưởng cho da nhạy cảm vì một số lý do:

1. **Ít gây kích ứng:** Công thức thường đơn giản, ít thành phần gây dị ứng như hương liệu, dầu khoáng.
2. **Kiểm soát dầu thừa:** Giúp da khô thoáng, giảm bóng nhờn mà không làm bít tắc lỗ chân lông.
3. **Nhẹ nhàng:** Kết cấu bột mịn, không gây nặng mặt hay làm lộ vân da.
4. **Không màu:** Tránh tình trạng da bị lệch tông do phấn không phù hợp với màu da.
"
Cách tạo makeup cho buổi đi dạo phố mua sắm vào mùa thu?,"Để có một lớp trang điểm nhẹ nhàng, phù hợp đi dạo phố mua sắm mùa thu, bạn hãy thực hiện các bước sau:

1. **Kem nền:** Chọn loại kem nền mỏng nhẹ, có độ che phủ vừa phải để da trông tự nhiên.
2. **Màu mắt:** Sử dụng phấn mắt tông màu ấm như cam đất, nâu hoặc vàng mù tạt.
3. **Má hồng:** Thêm chút má hồng đào hoặc hồng san hô để khuôn mặt tươi tắn.
4. **Son môi:** Chọn son màu nude, cam cháy hoặc đỏ gạch.
5. **Kẻ lông mày:** Kẻ lông mày tự nhiên, không quá sắc nét.

Lớp trang điểm này giúp bạn trông tươi tắn, rạng rỡ mà vẫn thoải mái, không bị quá cầu kỳ.
"
Làm sao để nhận diện lọ kem nền dạng cushion nhẹ qua hình ảnh?,"Để nhận diện kem nền cushion nhẹ qua hình ảnh, bạn hãy chú ý các điểm sau:

1. **Bao bì:** Cushion thường có hộp vuông hoặc tròn, thiết kế nhỏ gọn, kèm gương và bông phấn.
2. **Kết cấu:** Hình ảnh swatch (lấy sản phẩm ra) sẽ cho thấy texture mỏng nhẹ, không quá đặc.
3. **Độ che phủ:** Cushion nhẹ thường để lộ lỗ chân lông tự nhiên, không che phủ hoàn toàn như kem nền thông thường.
4. **Thành phần:** Các cushion nhẹ thường ghi chú ""lightweight"", ""hydrating"" hoặc chứa thành phần dưỡng ẩm.
"
Cách chọn cọ để tán phấn mắt nhũ cho buổi tiệc tối?,"Để tán phấn mắt nhũ cho buổi tiệc tối, bạn nên chọn cọ đầu nhỏ, dẹt và lông cọ mềm, dày dặn. Cọ dẹt giúp bạn dễ dàng kiểm soát lượng phấn và tán đều trên bầu mắt. Lông mềm, dày dặn giúp giữ phấn nhũ bám tốt, hạn chế rơi rụng và tạo hiệu ứng lấp lánh đẹp mắt. Nên ưu tiên cọ đầu vát chéo để dễ dàng tán phấn vào hốc mắt và tạo chiều sâu.
"
Tại sao nên dùng xịt khoáng có chứa chiết xuất hoa cúc trước makeup?,"Xịt khoáng chứa chiết xuất hoa cúc trước makeup là bước chuẩn bị lý tưởng vì nhiều lý do. Hoa cúc có tính chất làm dịu da, giảm kích ứng và mẩn đỏ, đặc biệt hữu ích cho da nhạy cảm. Xịt khoáng giúp cân bằng độ pH, làm mềm da và tạo một lớp nền ẩm mịn, giúp lớp makeup bám tốt hơn, hạn chế tình trạng cakey và khô mốc. Đồng thời, nó còn giúp khóa ẩm nhẹ nhàng, bảo vệ da trước tác động của mỹ phẩm.
"
Làm sao để nhận diện hộp phấn highlighter dạng kem lỏng qua hình ảnh?,"Để nhận diện highlighter kem lỏng qua hình ảnh, bạn hãy chú ý các điểm sau:

1. **Kết cấu:** Nhìn kỹ bề mặt sản phẩm, highlighter kem lỏng thường có vẻ bóng mượt, ẩm ướt hơn so với highlighter dạng bột.
2. **Bao bì:** Thường được đựng trong tuýp, chai nhỏ có vòi pump hoặc applicator để dễ dàng lấy sản phẩm.
3. **Màu sắc:** Màu sắc đa dạng, từ champagne, hồng ngọc trai đến vàng ánh kim, thường có độ bắt sáng cao.
4. **Độ phản chiếu:** Khi có ánh sáng chiếu vào, highlighter kem lỏng sẽ cho hiệu ứng glowy, căng bóng rõ rệt.
"
Cách tạo makeup cho buổi đi xem múa đương đại?,"Để trang điểm cho buổi xem múa đương đại, bạn nên ưu tiên vẻ đẹp tự nhiên, tinh tế.

1.  **Nền:** Dùng kem nền mỏng nhẹ, che khuyết điểm vừa đủ.
2.  **Mắt:** Phấn mắt màu nude hoặc nâu nhạt, tán đều. Kẻ mắt mảnh, không quá sắc sảo.
3.  **Má:** Phấn má hồng đào hoặc cam đất, đánh nhẹ nhàng để có vẻ ửng hồng tự nhiên.
4.  **Môi:** Son nude hoặc son màu hồng san hô, đánh lòng môi để tạo hiệu ứng mềm mại.

Tránh trang điểm quá đậm, cầu kỳ để không làm phân tâm người xem và phù hợp với không khí nghệ thuật của buổi biểu diễn.
"
Cách chọn son môi cho buổi đi công tác dài ngày?,"Để chọn son môi cho chuyến công tác dài ngày, bạn nên ưu tiên những màu sắc trung tính, dễ phối đồ như hồng nude, cam đất, hoặc đỏ gạch. Chất son lì hoặc son kem lì sẽ bền màu hơn, hạn chế tình trạng lem hay phải dặm lại liên tục. Nên chọn son có thêm dưỡng chất để môi không bị khô trong suốt hành trình. Mang theo 2-3 màu để thay đổi tùy theo trang phục và hoàn cảnh nhé!
"
Tại sao nên dùng kem lót có chứa chiết xuất trà xanh cho da mụn?,"Kem lót chứa chiết xuất trà xanh rất tốt cho da mụn vì trà xanh có đặc tính kháng viêm, giúp giảm sưng đỏ và kích ứng do mụn gây ra. Đồng thời, trà xanh còn là một chất chống oxy hóa mạnh, bảo vệ da khỏi các tác nhân gây hại từ môi trường. Việc sử dụng kem lót này giúp làm dịu da, tạo một lớp nền mịn màng và hỗ trợ các bước trang điểm tiếp theo bám tốt hơn, không gây bí tắc lỗ chân lông.
"
Làm sao để nhận diện lọ serum có chứa niacinamide qua hình ảnh?,"Để nhận diện serum chứa niacinamide qua hình ảnh, bạn có thể chú ý các điểm sau:

1. **Bao bì:** Sản phẩm thường ghi rõ ""Niacinamide"" hoặc ""Vitamin B3"" trên thân chai.
2. **Màu sắc:** Serum niacinamide thường trong suốt hoặc hơi vàng nhạt, ít khi có màu sắc sặc sỡ.
3. **Kết cấu:** Thường lỏng nhẹ, dễ dàng thẩm thấu, không gây cảm giác nhờn dính.
4. **Thành phần:** Kiểm tra danh sách thành phần, niacinamide thường nằm ở vị trí cao trong danh sách.
"
Tại sao nên dùng son dưỡng có chứa dầu jojoba trước son bóng?,"Chào bạn,

Dầu jojoba trong son dưỡng là một bước chuẩn bị tuyệt vời trước khi dùng son bóng. Dầu jojoba có cấu trúc tương tự sebum tự nhiên của da môi, giúp dưỡng ẩm sâu, làm mềm môi và tạo một lớp màng bảo vệ. Điều này giúp son bóng bám tốt hơn, không bị lem và giữ cho môi không bị khô khi sử dụng son bóng trong thời gian dài. Đồng thời, dầu jojoba còn giúp son bóng lên màu chuẩn hơn.
"
Cách chọn son môi cho buổi đi chơi đêm ở quán bar?,"Để chọn son môi cho buổi đi chơi đêm ở quán bar, bạn nên ưu tiên các màu đậm và có độ bám tốt.

1.  **Màu sắc:** Đỏ rượu, đỏ cam, hồng đất, hoặc tím berry là những lựa chọn tuyệt vời, tạo sự quyến rũ và nổi bật trong ánh đèn.
2.  **Chất son:** Son kem lì hoặc son thỏi có kết cấu mịn, lâu trôi sẽ giúp bạn không cần dặm son liên tục.
3.  **Độ bám:** Ưu tiên các dòng son có khả năng chống lem, giữ màu tốt để tự tin tận hưởng buổi tối.
"
Cách tạo makeup cho buổi đi tham quan bảo tàng lịch sử?,"Để có một lớp trang điểm phù hợp khi đi tham quan bảo tàng lịch sử, bạn nên ưu tiên sự tự nhiên, nhẹ nhàng.

1.  **Chuẩn bị da:** Dưỡng ẩm kỹ để da không bị khô căng.
2.  **Nền:** Sử dụng BB cream hoặc cushion mỏng nhẹ, che khuyết điểm vừa đủ.
3.  **Mắt:** Phấn mắt màu nude hoặc nâu nhạt, kẻ mắt mảnh và mascara tự nhiên.
4.  **Má:** Phấn má hồng đào hoặc cam đất nhẹ nhàng.
5.  **Môi:** Son dưỡng hoặc son màu nude/ hồng pastel.

Tránh trang điểm quá đậm để không gây mất tập trung khi chiêm ngưỡng các hiện vật lịch sử.
"
Tại sao nên dùng son dưỡng có chứa vitamin E trước son kem?,"Chào bạn,

Việc sử dụng son dưỡng có vitamin E trước son kem là một bước chuẩn bị môi rất quan trọng. Vitamin E là chất chống oxy hóa mạnh, giúp dưỡng ẩm sâu, làm mềm môi và bảo vệ môi khỏi các tác nhân gây hại. 

Khi môi đủ ẩm, son kem sẽ lên màu chuẩn hơn, không bị vón cục hay lộ vân môi. Vitamin E còn giúp son kem bám lâu hơn và giảm tình trạng môi bị khô, bong tróc sau khi tẩy trang.
"
Cách chọn son môi cho buổi đi công viên giải trí vào ban ngày?,"Để chọn son môi phù hợp cho buổi đi công viên giải trí ban ngày, bạn nên ưu tiên những màu sắc tươi tắn, tự nhiên và có độ bền màu tốt. 

**Bước 1:** Chọn màu son hồng đào, cam san hô hoặc đỏ cam. Những màu này tạo cảm giác trẻ trung, năng động và phù hợp với không khí vui chơi.
**Bước 2:** Ưu tiên chất son lì hoặc son kem lì để son lâu trôi, không dễ bị lem khi ăn uống hoặc vận động.
**Bước 3:** Đừng quên thoa son dưỡng trước khi đánh son màu để bảo vệ môi và giúp son lên màu chuẩn hơn.
"
Làm sao để chọn màu son cho buổi đi xem triển lãm tranh phong cảnh vào ban ngày?,"Để chọn son cho buổi đi xem triển lãm tranh phong cảnh ban ngày, bạn nên ưu tiên các màu son tự nhiên, nhẹ nhàng. Các lựa chọn tốt bao gồm:

1.  **Son nude:** Tạo vẻ thanh lịch, tinh tế, không làm phân tâm khỏi tranh.
2.  **Son hồng đào/hồng san hô:** Mang đến vẻ tươi trẻ, phù hợp với không khí trong lành của tranh phong cảnh.
3.  **Son cam đất:** Lựa chọn trung tính, dễ phối hợp với nhiều trang phục.

Tránh các màu son quá nổi bật như đỏ tươi hoặc tím đậm, vì có thể gây chú ý hơn cả tác phẩm nghệ thuật.
"
Cách nhận biết lọ serum có chứa chiết xuất hoa diên vĩ qua hình ảnh?,"Để nhận biết serum chứa chiết xuất hoa diên vĩ (Iris) qua hình ảnh, bạn có thể chú ý các điểm sau:

1. **Màu sắc:** Serum thường có màu vàng nhạt hoặc trong suốt, đôi khi hơi ánh tím do sắc tố tự nhiên của hoa diên vĩ.
2. **Thành phần:** Kiểm tra danh sách thành phần trên bao bì, tìm các từ khóa như ""Iris Extract"", ""Iris Florentina Root Extract"" hoặc ""Orris Root"".
3. **Bao bì:** Một số thương hiệu sẽ in hình hoa diên vĩ lên bao bì để nhấn mạnh thành phần này.
"
Kỹ thuật makeup 'sunset shimmer' là gì?,"""Sunset shimmer"" là kỹ thuật trang điểm mắt lấy cảm hứng từ vẻ đẹp hoàng hôn. Đầu tiên, bạn tán màu cam đào hoặc hồng cam lên bầu mắt, tập trung ở hốc mắt. Sau đó, thêm chút màu tím hồng hoặc đỏ san hô ở đuôi mắt và hốc mắt sâu hơn để tạo chiều sâu. Cuối cùng, dùng phấn nhũ vàng hoặc đồng ở giữa bầu mắt để bắt sáng, tạo hiệu ứng lấp lánh như ánh mặt trời. Kỹ thuật này giúp đôi mắt trông ấm áp, cuốn hút và có chiều sâu.
"
Tại sao nên dùng phấn má hồng dạng gel cho da hỗn hợp?,"Phấn má hồng dạng gel là lựa chọn tuyệt vời cho da hỗn hợp vì kết cấu mỏng nhẹ, không gây bí da như phấn bột. Gel bám dính tốt hơn, giúp màu má bền lâu, đặc biệt là trên vùng da dầu. Đồng thời, nhiều sản phẩm gel má hồng có chứa thành phần dưỡng ẩm, phù hợp với vùng da khô, giúp cân bằng và mang lại vẻ tươi tắn tự nhiên.
"
Cách tạo makeup cho buổi đi ngắm hoa đào vào mùa xuân?,"Để có makeup dịu dàng ngắm hoa đào, bạn nên ưu tiên vẻ tự nhiên, tươi tắn.

1.  **Nền:** Dùng kem nền nhẹ nhàng, che khuyết điểm vừa đủ.
2.  **Mắt:** Phấn mắt hồng đào hoặc cam san hô, tán nhẹ nhàng. Kẻ eyeliner mảnh, cong nhẹ.
3.  **Má:** Phấn má hồng đào, đánh nhẹ lên gò má.
4.  **Môi:** Son hồng đào hoặc cam nude, chất son ẩm mịn.

Lý do: Màu sắc này hòa hợp với sắc hồng đào của hoa, tạo cảm giác tươi trẻ, nữ tính."
Cách nhận biết cây cọ tán phấn mắt dạng tapered blending qua hình ảnh?,"Để nhận biết cọ tán phấn mắt dạng *tapered blending* qua hình ảnh, bạn hãy chú ý các điểm sau:

1. **Hình dáng:** Đầu cọ thon nhỏ, hơi vát và mềm mại, giống hình nón cụt.
2. **Lông cọ:** Lông thường mềm, xốp và không quá dày.
3. **Mục đích sử dụng:** Cọ này dùng để làm mờ đường viền phấn mắt, tạo chiều sâu cho đôi mắt. Hình dáng thon giúp dễ dàng thao tác trong hốc mắt và tán đều phấn.
"
Tại sao nên dùng xịt khoáng có chứa chiết xuất cây liễu trước makeup?,"Xịt khoáng chứa chiết xuất cây liễu là bước chuẩn bị tuyệt vời trước makeup vì nhiều lý do. Salicylic acid trong cây liễu là BHA giúp làm sạch sâu lỗ chân lông, loại bỏ tế bào chết nhẹ nhàng, giúp da thông thoáng. Điều này giúp lớp nền sau đó bám dính tốt hơn, mịn màng hơn và tránh tình trạng bí da, gây mụn. Đồng thời, xịt khoáng còn cân bằng độ pH, làm dịu da và cấp ẩm nhẹ, tạo lớp màng bảo vệ da.
"
Cách nhận biết chai sữa rửa mặt có chứa chiết xuất hạt chia qua hình ảnh?,"Để nhận biết sữa rửa mặt chứa chiết xuất hạt chia qua hình ảnh, bạn có thể chú ý các điểm sau:

1. **Màu sắc:** Sữa rửa mặt hạt chia thường có màu trắng đục hoặc hơi xám, do hạt chia có màu tối.
2. **Kết cấu:** Sản phẩm có thể chứa các hạt li ti màu đen hoặc trắng, đó chính là hạt chia.
3. **Nhãn mác:** Kiểm tra thành phần trên bao bì, tìm từ khóa ""hạt chia"" (chia seed), ""Salvia hispanica"" (tên khoa học của hạt chia).
4. **Hình ảnh:** Một số sản phẩm sẽ in hình hạt chia trên bao bì để nhấn mạnh thành phần này.
"
Cách tạo makeup cho buổi đi xem lễ hội ánh sáng neon?,"Để có makeup nổi bật khi đi lễ hội ánh sáng neon, bạn nên tập trung vào sự tương phản và bắt sáng.

1.  **Nền:** Sử dụng kem nền lì, che phủ tốt để làm nổi bật các chi tiết khác.
2.  **Mắt:** Chọn phấn mắt neon hoặc màu pastel sáng, tán đều và nhấn nhá bằng nhũ lấp lánh. Kẻ eyeliner trắng hoặc neon để mở rộng mắt.
3.  **Má:** Sử dụng phấn má hồng neon hoặc highlight lấp lánh.
4.  **Môi:** Son môi neon hoặc màu sáng như hồng, cam.

Lý do: Ánh sáng neon sẽ làm nổi bật các màu sắc tươi sáng và lấp lánh, giúp bạn tỏa sáng trong đám đông.
"
Kỹ thuật makeup 'velvet plum' là gì?,"Kỹ thuật makeup ""velvet plum"" (hồng nhung) tập trung vào đôi mắt với tông màu mận chín ấm áp, mềm mại như nhung. 

**Các bước thực hiện:**

1.  **Màu mắt:** Bắt đầu với phấn mắt màu hồng đào làm lớp nền, sau đó nhấn nhá bằng màu mận đậm ở đuôi mắt và hốc mắt.
2.  **Blending:** Tán đều các màu để tạo hiệu ứng chuyển màu mượt mà, không vón cục.
3.  **Highlight:** Sử dụng highlight nhũ ngọc trai ở khóe mắt và dưới chân mày để đôi mắt thêm sáng.
4.  **Son môi:** Chọn son màu hồng mận hoặc nude đào để hoàn thiện vẻ ngoài dịu dàng, nữ tính."
Cách chọn son môi cho buổi tiệc tối tại bãi biển?,"Để chọn son môi cho tiệc tối trên bãi biển, bạn nên ưu tiên các màu sắc tươi tắn, nổi bật nhưng vẫn tự nhiên. Các lựa chọn lý tưởng bao gồm:

1.  **Màu cam san hô:** Phù hợp với không khí biển, tạo cảm giác tươi trẻ, năng động.
2.  **Màu hồng đào:** Nhấn nhá vẻ nữ tính, dịu dàng, hợp với trang phục trắng hoặc pastel.
3.  **Màu đỏ cam:** Nếu muốn nổi bật, đây là lựa chọn hoàn hảo, nhưng nên chọn chất son mềm mịn, tránh quá khô.

Nên chọn son có chất dưỡng ẩm để môi không bị khô do gió biển.
"
Cách nhận biết hộp phấn highlighter dạng bột nén qua hình ảnh?,"Để nhận biết hộp phấn highlighter dạng bột nén qua hình ảnh, bạn hãy chú ý các điểm sau:

1. **Bề mặt:** Phấn thường có bề mặt mịn, có thể thấy rõ các hạt phấn nhỏ li ti.
2. **Màu sắc:** Màu sắc đa dạng, từ trắng ngà, vàng champagne, hồng ngọc trai đến các tông màu đào.
3. **Kết cấu:** Nhìn chung, highlighter bột nén có kết cấu khô ráo, không bóng dầu như highlighter kem.
4. **Hình dáng:** Thường được đóng gói trong hộp tròn hoặc vuông nhỏ gọn, có thể có gương bên trong.
"
Tại sao nên dùng tẩy trang dạng dầu hạt nho cho da nhạy cảm?,"Dầu hạt nho là lựa chọn tuyệt vời cho da nhạy cảm vì nhiều lý do. Thành phần này giàu axit béo thiết yếu và vitamin E, giúp làm dịu và nuôi dưỡng da, đồng thời hòa tan hiệu quả các sản phẩm trang điểm và bụi bẩn. Dầu hạt nho cũng có kết cấu nhẹ, ít gây bít tắc lỗ chân lông so với các loại dầu khác, giảm nguy cơ kích ứng và mụn. Quan trọng nhất, nó có tính axit tự nhiên tương đồng với da, giúp duy trì cân bằng pH tự nhiên.
"
Cách tạo makeup cho buổi đi xem đua thuyền vào ban ngày?,"Chào bạn, để có một lớp makeup phù hợp cho buổi đi xem đua thuyền ban ngày, bạn nên ưu tiên sự tươi tắn và tự nhiên, đồng thời đảm bảo độ bền màu dưới ánh nắng.

1.  **Chuẩn bị da:** Dưỡng ẩm kỹ lưỡng và dùng kem chống nắng.
2.  **Nền:** Chọn kem nền mỏng nhẹ, có chỉ số SPF, tán đều.
3.  **Mắt:** Phấn mắt màu nude hoặc cam đào, kết hợp mascara chống thấm nước.
4.  **Má:** Sử dụng phấn má hồng màu cam san hô để tạo vẻ khỏe khoắn.
5.  **Môi:** Son dưỡng có màu hoặc son tint nhẹ nhàng.

Tránh makeup quá đậm để không bị ""lố"" dưới ánh nắng nhé!
"
Kỹ thuật makeup 'starry night' là gì?,"Kỹ thuật makeup ""starry night"" (đêm đầy sao) lấy cảm hứng từ bức tranh cùng tên của Van Gogh, tập trung vào việc tạo hiệu ứng bầu trời đêm trên khuôn mặt. 

**Các bước thực hiện:**

1.  **Nền:** Sử dụng nền tối màu hoặc contour để tạo chiều sâu.
2.  **Mắt:** Phủ màu xanh đậm, tím, đen trên bầu mắt, sau đó dùng cọ nhỏ hoặc tăm bông tán các chấm trắng, bạc lấp lánh như những ngôi sao.
3.  **Highlight:** Thêm highlight trắng ở vùng xương gò má, sống mũi để tăng hiệu ứng lấp lánh.
"
Cách nhận biết lọ kem dưỡng da có chứa chiết xuất hoa cúc La Mã qua hình ảnh?,"Để nhận biết kem dưỡng da có chiết xuất hoa cúc La Mã qua hình ảnh, bạn hãy chú ý các điểm sau:

1. **Màu sắc:** Kem thường có màu trắng ngà hoặc vàng nhạt, gợi liên tưởng đến màu hoa cúc.
2. **Hình ảnh trên bao bì:** Các sản phẩm thường in hình hoa cúc La Mã (Chamomile) rõ ràng trên bao bì.
3. **Thành phần (INCI):** Tìm các từ khóa như ""Chamomile"", ""Anthemis nobilis flower extract"" trong danh sách thành phần.
4. **Mô tả sản phẩm:** Các sản phẩm có chiết xuất cúc La Mã thường nhấn mạnh khả năng làm dịu, giảm kích ứng.
"
Cách nhận biết cây cọ tán phấn mắt dạng flat shader qua hình ảnh?,"Để nhận biết cọ tán phấn mắt dạng flat shader qua hình ảnh, bạn hãy chú ý các điểm sau:

1. **Hình dáng:** Đầu cọ dẹt, rộng và có hình vuông hoặc chữ nhật.
2. **Lông cọ:** Lông thường dày, mềm và được cắt bằng phẳng.
3. **Mục đích sử dụng:** Cọ này dùng để tán phấn đều trên toàn bộ bầu mắt hoặc những vùng rộng, nên cần diện tích tiếp xúc lớn.

So với các loại cọ khác, flat shader brush có bề mặt tán phấn lớn hơn, giúp quá trình đánh phấn nhanh và hiệu quả hơn.
"
Cách chọn son môi cho buổi họp mặt bạn bè tại quán cà phê?,"Để chọn son môi cho buổi họp mặt bạn bè tại quán cà phê, bạn nên ưu tiên sự tự nhiên, thoải mái.

1.  **Chọn màu sắc:** Các màu nude, hồng đào, cam đất hoặc đỏ cam là lựa chọn an toàn, phù hợp với không gian quán cà phê ấm cúng.
2.  **Chất son:** Son dưỡng, son tint hoặc son kem lì nhẹ sẽ giúp môi mềm mại, không bị khô.
3.  **Độ bám màu:** Ưu tiên son có độ bám màu vừa phải để không cần dặm lại liên tục khi uống cà phê.

"
Cách nhận biết chai xịt cố định makeup có chứa chiết xuất lô hội qua hình ảnh?,"Để nhận biết chai xịt cố định makeup có chứa chiết xuất lô hội qua hình ảnh, bạn hãy chú ý các điểm sau:

1. **Kiểm tra thành phần:** Xem kỹ danh sách thành phần trên bao bì, tìm các từ như ""Aloe Barbadensis Leaf Juice"" (nước ép lá lô hội) hoặc ""Aloe Vera Extract"" (chiết xuất lô hội).
2. **Màu sắc:** Sản phẩm có thể có màu xanh nhạt hoặc trong suốt, đôi khi hơi đục nhẹ do lô hội.
3. **Hình ảnh trên bao bì:** Một số nhãn hàng sẽ in hình lá lô hội hoặc ghi rõ ""có chứa lô hội"" để thu hút khách hàng.
"
Tại sao nên dùng phấn phủ dạng bột nén cho da dầu?,"Phấn phủ dạng bột nén là lựa chọn lý tưởng cho da dầu vì khả năng kiểm soát dầu thừa hiệu quả. So với phấn phủ dạng lỏng hay kem, phấn bột nén có kết cấu khô ráo, giúp hấp thụ dầu trên da, mang lại lớp nền mịn lì, không gây bóng nhờn. Đồng thời, phấn nén còn giúp khóa lớp nền, tăng độ bền và hạn chế tình trạng lem trôi do dầu thừa gây ra. Nên chọn phấn không chứa dầu (oil-free) để đạt hiệu quả tốt nhất.
"
Cách tạo makeup cho buổi đi ngắm hoa sen vào mùa hè?,"Để có một lớp trang điểm tươi tắn khi đi ngắm hoa sen mùa hè, bạn nên ưu tiên sự nhẹ nhàng, tự nhiên.

1.  **Chuẩn bị da:** Dưỡng ẩm kỹ để da căng bóng.
2.  **Nền:** Dùng kem nền mỏng nhẹ hoặc BB cream, che khuyết điểm vừa đủ.
3.  **Màu mắt:** Chọn phấn mắt màu hồng đào, cam san hô để tạo cảm giác tươi trẻ.
4.  **Má hồng:** Tô má hồng tone hồng baby để khuôn mặt ửng hồng tự nhiên.
5.  **Son:** Son dưỡng có màu hoặc son tint màu hồng san hô là lựa chọn hoàn hảo.

Tránh trang điểm quá đậm để không làm mất đi vẻ đẹp tinh khiết của hoa sen và sự thoải mái trong thời tiết hè.
"
Kỹ thuật makeup 'soft amethyst' là gì?,"Kỹ thuật makeup ""soft amethyst"" (tím ngọc bích nhẹ nhàng) tập trung vào việc tạo đôi mắt tím lãng mờ, không quá đậm. 

**Các bước thực hiện:**

1.  **Màu mắt:** Sử dụng phấn mắt tím nhạt làm base, sau đó blend dần các tông tím đậm hơn vào hốc mắt.
2.  **Nhũ:** Thêm chút nhũ tím hoặc bạc ở khóe mắt để tăng chiều sâu.
3.  **Kẻ mắt:** Kẻ mắt màu nâu hoặc tím đậm, kiểu dáng mảnh mai.
4.  **Môi:** Chọn son nude hoặc hồng đào để cân bằng.

Kỹ thuật này phù hợp với mọi màu da, mang đến vẻ đẹp dịu dàng, nữ tính.
"
Cách nhận biết lọ kem nền dạng lỏng medium coverage qua hình ảnh?,"Để nhận biết kem nền lỏng medium coverage qua hình ảnh, bạn hãy chú ý các điểm sau:

1. **Kết cấu:** Kem nền lỏng thường có vẻ nhẹ, chảy động, không đặc quánh như kem nền dạng kem.
2. **Độ che phủ:** Medium coverage nghĩa là kem nền có khả năng che phủ vừa phải, bạn có thể thấy vẫn lộ một chút texture da tự nhiên qua lớp kem.
3. **Độ bóng:** Kem nền lỏng thường có độ bóng nhẹ, không hoàn toàn lì mà cũng không quá bóng bẩy.
4. **Lớp kem:** Khi swatch lên da, lớp kem nền medium coverage sẽ mỏng, mịn và đều màu, không dày cộm.
"
Cách chọn cọ để tán phấn mắt nhũ cho buổi tiệc cưới?,"Để tán phấn mắt nhũ cho tiệc cưới, bạn nên chọn cọ đầu nhỏ, dẹt và lông mềm mại. Cọ đầu dẹt giúp bạn dễ dàng kiểm soát lượng phấn và tán đều trên bầu mắt. Lông mềm mại sẽ giúp phấn bám dính tốt hơn, hạn chế rơi rụng và tránh gây kích ứng. Nên ưu tiên cọ sợi tổng hợp vì chúng dễ vệ sinh và không hút phấn nhiều như lông tự nhiên.
"
Tại sao nên dùng xịt khoáng có chứa chiết xuất trà trắng trước makeup?,"Xịt khoáng chứa chiết xuất trà trắng là bước chuẩn bị tuyệt vời trước makeup vì nhiều lý do. Trà trắng giàu chất chống oxy hóa, giúp bảo vệ da khỏi tác hại của gốc tự do từ môi trường và ô nhiễm. Nó còn có khả năng làm dịu da, giảm kích ứng và kiểm soát dầu thừa, tạo bề mặt da mịn màng, giúp lớp nền bám tốt hơn và bền lâu hơn. Đồng thời, trà trắng giúp cấp ẩm nhẹ nhàng, cho làn da căng mọng tự nhiên.
"
Cách nhận biết hộp phấn highlighter dạng cream lỏng qua hình ảnh?,"Để nhận biết highlighter kem lỏng qua hình ảnh, bạn hãy chú ý các điểm sau:

1. **Kết cấu:** Nhìn kỹ bề mặt sản phẩm, highlighter kem lỏng thường có vẻ bóng mượt, không phải dạng bột mịn như highlighter phấn.
2. **Bao bì:** Thường được đựng trong tuýp, chai nhỏ có vòi pump hoặc applicator để dễ dàng lấy sản phẩm.
3. **Màu sắc:** Màu sắc thường tươi sáng, có ánh ngọc trai hoặc kim tuyến lấp lánh, nhưng không quá rõ ràng như highlighter phấn.
4. **Độ trong suốt:** Một số loại highlighter kem lỏng có độ trong suốt nhất định, cho hiệu ứng glow tự nhiên.
"
Cách tạo makeup cho buổi đi xem ballet vào ban đêm?,"Để có một lớp trang điểm phù hợp khi đi xem ballet vào buổi tối, bạn nên tập trung vào sự thanh lịch và tinh tế.

1.  **Nền:** Sử dụng kem nền nhẹ nhàng, che khuyết điểm vừa đủ.
2.  **Mắt:** Phấn mắt màu nude hoặc hồng nhạt, đánh nhũ nhẹ ở bầu mắt. Kẻ mắt mảnh, mascara đen.
3.  **Má:** Hồng đào nhẹ nhàng để tạo vẻ tươi tắn.
4.  **Môi:** Son môi màu hồng san hô hoặc đỏ cam đất.

Lý do: Ballet là nghệ thuật cổ điển, trang điểm nên hài hòa, không quá nổi bật.
"
Kỹ thuật makeup 'smokey rose gold' là gì?,"Kỹ thuật ""Smokey Rose Gold"" là sự kết hợp giữa hiệu ứng mắt khói (smokey eyes) và tông màu hồng vàng (rose gold) lãng mạn.

**Các bước thực hiện:**

1.  **Tạo lớp nền:** Phủ phấn mắt màu hồng nhạt làm lớp lót.
2.  **Đánh màu đậm:** Dùng màu hồng vàng đồng đánh vào hốc mắt, tập trung vào đuôi mắt.
3.  **Nhũ:** Thêm chút phấn nhũ rose gold ở giữa bầu mắt để tạo điểm nhấn.
4.  **Pha trộn:** Pha trộn kỹ các màu để tạo hiệu ứng chuyển màu mềm mại.
5.  **Hoàn thiện:** Kẻ eyeliner và mascara để đôi mắt thêm sâu sắc.

Kỹ thuật này phù hợp với nhiều màu da và tạo vẻ đẹp quyến rũ, ngọt ngào.
"
Cách nhận biết cây cọ tán phấn má hồng dạng dome nhỏ qua hình ảnh?,"Để nhận biết cọ tán phấn má hồng dạng dome nhỏ qua hình ảnh, bạn hãy chú ý các điểm sau:

1. **Hình dáng:** Đầu cọ có hình vòm tròn (dome) nhưng kích thước nhỏ, thường nhỏ hơn cả lòng bàn tay.
2. **Lông cọ:** Lông cọ mềm mại, dày dặn và thường có màu hồng hoặc trắng.
3. **Kích thước:** So với các loại cọ má hồng khác, cọ dome nhỏ có kích thước tổng thể nhỏ gọn hơn.

Cọ này lý tưởng để tạo khối nhẹ nhàng, tán phấn má hồng lên gò má một cách chính xác.
"
Tại sao nên dùng kem lót có chứa chiết xuất hạt lanh cho da nhạy cảm?,"Kem lót chứa chiết xuất hạt lanh rất lý tưởng cho da nhạy cảm vì hạt lanh giàu axit béo omega-3 và omega-6. Những axit béo này giúp làm dịu, giảm viêm và tăng cường hàng rào bảo vệ da, giảm kích ứng. Đồng thời, hạt lanh còn có khả năng cấp ẩm, giúp da mềm mại và mịn màng hơn. Việc sử dụng kem lót này giúp lớp nền trang điểm bám tốt hơn mà không gây khó chịu cho da nhạy cảm.
"
Cách nhận biết lọ serum có chứa chiết xuất hoa phong lan qua hình ảnh?,"Để nhận biết serum chứa chiết xuất hoa phong lan qua hình ảnh, bạn có thể chú ý các điểm sau:

1. **Màu sắc:** Serum phong lan thường có màu trắng ngà, hoặc trong suốt với ánh vàng nhạt, gợi nhớ màu sắc tự nhiên của hoa.
2. **Kết cấu:** Thường lỏng nhẹ, dễ dàng thẩm thấu, đôi khi có chứa các hạt li ti (nếu có thêm dưỡng chất khác).
3. **Bao bì:** Các thương hiệu thường in hình hoa phong lan hoặc ghi rõ ""Orchid Extract"" trên bao bì để nhấn mạnh thành phần.
4. **Nhãn mác:** Kiểm tra thành phần (Ingredients) để tìm các tên như ""Orchid Extract"", ""Orchid Stem Cell Extract"" hoặc tên khoa học của các loại lan.
"
Cách tạo makeup cho buổi tiệc tối tại nhà hàng sang trọng?,"Để có lớp trang điểm phù hợp buổi tiệc tối sang trọng tại nhà hàng, bạn nên tập trung vào sự tinh tế và quyến rũ.

1.  **Chuẩn bị da:** Dưỡng ẩm kỹ lưỡng.
2.  **Nền:** Chọn kem nền có độ che phủ vừa phải, tán đều.
3.  **Mắt:** Phấn mắt tông màu trầm ấm (nâu, đồng), đánh nhũ nhẹ ở bầu mắt. Kẻ eyeliner mảnh, chuốt mascara.
4.  **Má:** Sử dụng phấn má hồng màu đào hoặc hồng cam.
5.  **Môi:** Son đỏ rượu hoặc màu nude đất.
6.  **Hoàn thiện:** Phấn phủ để giữ lớp trang điểm bền lâu."
Cách nhận biết chai xịt dưỡng da có chứa chiết xuất việt quất qua hình ảnh?,"Để nhận biết chai xịt dưỡng da chứa chiết xuất việt quất qua hình ảnh, bạn hãy chú ý các điểm sau:

1. **Màu sắc:** Sản phẩm thường có màu tím nhạt hoặc xanh lam, gợi liên tưởng đến màu quả việt quất.
2. **Hình ảnh:** Chai thường in hình quả việt quất hoặc các họa tiết liên quan đến thiên nhiên, vườn tược.
3. **Thành phần:** Kiểm tra danh sách thành phần (ingredients) trên bao bì, tìm các từ khóa như ""Blueberry extract"", ""Vaccinium myrtillus fruit extract"" (chiết xuất quả việt quất).
"
Tại sao nên dùng son dưỡng có chứa dầu hạt chùm ngây trước son bóng?,"Chào bạn,

Son dưỡng có dầu hạt chùm ngây là bước chuẩn bị tuyệt vời trước son bóng vì nhiều lý do. Dầu hạt chùm ngây giàu vitamin và chất chống oxy hóa, giúp dưỡng ẩm sâu và làm mềm môi, khắc phục tình trạng khô bong tróc. Khi môi đủ ẩm, son bóng sẽ lên màu chuẩn hơn, không bị vón cục hay lộ rãnh môi. Hơn nữa, lớp dưỡng này tạo một hàng rào bảo vệ nhẹ nhàng, giảm tác động của son bóng lên môi.
"
Cách tạo makeup cho buổi đi xem nhạc kịch Broadway?,"Để có một lớp trang điểm phù hợp khi đi xem nhạc kịch Broadway, bạn nên tập trung vào sự tự nhiên, bền đẹp và có chút lấp lánh.

1.  **Nền:** Sử dụng kem nền có độ che phủ vừa phải, kết hợp phấn phủ để giữ lớp nền lâu trôi.
2.  **Mắt:** Phấn mắt tông màu ấm như nâu, đồng hoặc tím nhạt. Thêm chút nhũ mắt để đôi mắt thêm nổi bật dưới ánh đèn sân khấu.
3.  **Môi:** Son môi màu nude, hồng đào hoặc đỏ san hô.
4.  **Má:** Phấn má hồng nhẹ nhàng để khuôn mặt tươi tắn.

Lý do: Trang điểm nhẹ nhàng giúp bạn tự tin và không bị ""lố"" khi ngồi gần sân khấu."
Kỹ thuật makeup 'smokey citrine' là gì?,"Smokey Citrine là kỹ thuật trang điểm mắt kết hợp giữa tông khói (smokey) truyền thống với màu vàng cam của đá Citrine. Bắt đầu bằng việc đánh phấn mắt màu cam đất làm lớp nền, sau đó nhấn nhá với màu nâu đồng hoặc vàng kim ở đuôi mắt. Cuối cùng, dùng màu đen hoặc xám than tán đều để tạo hiệu ứng smoky, nhưng vẫn giữ được tông màu ấm áp, rạng rỡ. Kỹ thuật này phù hợp với những cô nàng có mắt nâu hoặc xanh lá, giúp đôi mắt trông sâu và cuốn hút hơn.
"
Cách nhận biết lọ kem dưỡng mắt có chứa chiết xuất lô hội qua hình ảnh?,"Để nhận biết kem dưỡng mắt có chứa chiết xuất lô hội qua hình ảnh, bạn hãy chú ý các điểm sau:

1. **Màu sắc:** Kem lô hội thường có màu xanh nhạt hoặc trong suốt, không quá trắng.
2. **Kết cấu:** Thường lỏng nhẹ, dễ dàng thấm thấu, không quá đặc.
3. **Thành phần:** Kiểm tra bảng thành phần, lô hội sẽ được ghi là ""Aloe Barbadensis Leaf Juice"" hoặc ""Aloe Vera"".
4. **Bao bì:** Một số sản phẩm sẽ ghi rõ ""lô hội"" hoặc hình ảnh lá lô hội trên bao bì.
"
Cách chọn son môi cho buổi đi club vào tối thứ bảy?,"Để chọn son môi cho buổi đi club tối thứ bảy, bạn nên ưu tiên các màu sắc nổi bật và có độ bền màu cao.

**Bước 1:** Chọn màu sắc: Đỏ đậm, hồng fuchsia, cam đất hoặc các màu tím berry là những lựa chọn tuyệt vời. Chúng giúp bạn trông cuốn hút dưới ánh đèn club.

**Bước 2:** Ưu tiên chất son lì hoặc kem lì: Chất son này giữ màu tốt hơn, ít bị lem khi ăn uống và ít dính vào ly.

**Bước 3:** Đừng quên dùng son dưỡng trước khi đánh son màu để môi không bị khô.
"
Tại sao nên dùng tẩy trang dạng dầu hạt mắc ca cho makeup đậm?,"Dầu hạt mắc ca là lựa chọn tuyệt vời để tẩy trang makeup đậm vì khả năng hòa tan dầu ấn tượng. Makeup, đặc biệt là các sản phẩm chống thấm nước, thường chứa dầu. Dầu hạt mắc ca có cấu trúc dầu tương đồng, giúp ""hút"" sạch lớp trang điểm hiệu quả mà không gây kích ứng. 

Ngoài ra, dầu hạt mắc ca giàu vitamin và axit béo, giúp dưỡng ẩm da, tránh tình trạng khô căng sau khi tẩy trang, đặc biệt quan trọng khi bạn tẩy trang đậm.
"
Cách nhận biết hộp phấn phủ dạng bột nén qua hình ảnh?,"Để nhận biết hộp phấn phủ dạng bột nén qua hình ảnh, bạn có thể dựa vào các đặc điểm sau:

1. **Hình dáng:** Thường là hộp tròn hoặc vuông vắn, có nắp đậy kín.
2. **Bề mặt:** Bột phấn được nén chặt thành khối, có thể nhìn thấy các lỗ nhỏ hoặc hoa văn trên bề mặt.
3. **Dụng cụ:** Đi kèm với bông phấn hoặc cọ để lấy và tán phấn.
4. **Kết cấu:** Phấn có màu sắc đồng nhất, mịn và không bị vón cục.
"
Cách tạo makeup cho buổi đi thăm làng nghề truyền thống?,"Chào bạn, để có một lớp trang điểm phù hợp khi đi thăm làng nghề truyền thống, bạn nên ưu tiên sự tự nhiên, nhẹ nhàng.

1.  **Chuẩn bị da:** Dưỡng ẩm kỹ để da căng bóng, khỏe mạnh.
2.  **Nền:** Dùng kem nền mỏng, nhẹ, che khuyết điểm vừa đủ.
3.  **Mắt:** Phấn mắt màu nude hoặc nâu nhạt, kẻ mắt mảnh, mascara nhẹ nhàng.
4.  **Má:** Phấn má hồng đào hoặc cam đất để tạo vẻ tươi tắn.
5.  **Môi:** Son dưỡng hoặc son màu nude/cam san hô.

Tránh trang điểm quá đậm để tôn trọng văn hóa địa phương và tạo cảm giác thoải mái khi di chuyển, tham quan."
Kỹ thuật makeup 'glitter turquoise' là gì?,"Kỹ thuật makeup ""glitter turquoise"" (ánh nhũ xanh ngọc lam) tập trung vào việc tạo điểm nhấn lấp lánh với màu xanh ngọc lam trên đôi mắt. 

**Các bước thực hiện:**

1.  **Chuẩn bị:** Phủ phấn mắt màu nude lên toàn bộ bầu mắt.
2.  **Tạo khối:** Dùng phấn mắt xanh ngọc lam đậm đánh vào hốc mắt và đuôi mắt.
3.  **Ánh nhũ:** Thoa keo dán mắt và tán đều phấn nhũ xanh ngọc lam lên bầu mắt.
4.  **Hoàn thiện:** Kẻ eyeliner và mascara để tăng độ sâu cho mắt.

Màu xanh ngọc lam mang lại vẻ tươi trẻ, năng động và phù hợp với nhiều tông da.
"
Cách nhận biết chai sữa rửa mặt có chứa chiết xuất hoa hồng qua hình ảnh?,"Để nhận biết sữa rửa mặt có chiết xuất hoa hồng qua hình ảnh, bạn có thể chú ý các điểm sau:

1. **Màu sắc:** Sản phẩm thường có màu hồng nhạt hoặc trong suốt với ánh hồng.
2. **Hình ảnh:** Bao bì thường in hình hoa hồng hoặc các chi tiết liên quan đến hoa hồng.
3. **Thành phần:** Kiểm tra danh sách thành phần, tìm các từ khóa như ""Rosa Damascena Flower Water"" (nước hoa hồng Damask), ""Rose Extract"" (chiết xuất hoa hồng), hoặc ""Rose Oil"" (dầu hoa hồng).
"
Cách tạo makeup cho buổi đi ngắm hoa cúc họa mi vào mùa thu?,"Để có một makeup dịu dàng cho buổi đi ngắm hoa cúc họa mi mùa thu, bạn nên tập trung vào sự tự nhiên, tươi tắn.

1.  **Nền:** Dùng kem nền nhẹ nhàng, độ che phủ vừa phải để giữ vẻ tự nhiên cho da.
2.  **Mắt:** Phấn mắt màu cam đất hoặc nâu nhạt, tán đều. Kẻ eyeliner mảnh, màu nâu.
3.  **Má:** Phấn má hồng đào hoặc cam san hô, đánh nhẹ nhàng lên gò má.
4.  **Môi:** Son dưỡng có màu hoặc son tint màu hồng đào, cam đất.

Sử dụng các gam màu ấm áp, nhẹ nhàng sẽ giúp bạn hòa mình vào không khí lãng mạn của mùa thu và sắc trắng tinh khôi của hoa cúc họa mi.
"
Cách nhận biết lọ serum có chứa chiết xuất hoa nhài qua hình ảnh?,"Để nhận biết serum chứa chiết xuất hoa nhài qua hình ảnh, bạn có thể dựa vào những yếu tố sau:

1. **Màu sắc:** Serum hoa nhài thường có màu vàng nhạt hoặc trong suốt, đôi khi hơi ánh vàng.
2. **Thành phần:** Kiểm tra danh sách thành phần, tìm các từ khóa như ""jasmine extract"", ""jasmine absolute"", ""jasminum officinale flower extract"".
3. **Hình ảnh hoa nhài:** Bao bì sản phẩm có thể in hình hoa nhài để nhấn mạnh thành phần này.
4. **Mô tả sản phẩm:** Các sản phẩm có chiết xuất hoa nhài thường được mô tả có mùi hương đặc trưng, tinh tế.
"
Kỹ thuật makeup 'golden dusk' là gì?,"Kỹ thuật makeup ""Golden Dusk"" (Hoàng Hôn Vàng) tập trung vào tông màu ấm áp, lãng mạn lấy cảm hứng từ ánh hoàng hôn. 

**Các bước thực hiện:**

1.  **Mắt:** Sử dụng phấn mắt màu vàng đồng, cam đất, nâu nhạt để tạo chiều sâu.
2.  **Má:** Đánh má hồng màu đào hoặc cam san hô.
3.  **Môi:** Son màu nude đào, cam cháy hoặc nâu đất.
4.  **Da:** Nền makeup tự nhiên, kết hợp highlight vàng champagne để bắt sáng.

Kỹ thuật này phù hợp với nhiều tông da, đặc biệt là da trung bình đến tối, giúp khuôn mặt trở nên ấm áp, quyến rũ và có chiều sâu.
"
Tại sao nên dùng phấn phủ dạng bột rời cho da nhạy cảm?,"Phấn phủ dạng bột rời thường là lựa chọn tốt hơn cho da nhạy cảm vì một số lý do. Thứ nhất, công thức của phấn bột thường đơn giản hơn, ít chứa các thành phần gây kích ứng như dầu khoáng, hương liệu hay chất bảo quản có trong phấn nén. Thứ hai, phấn bột giúp kiểm soát dầu thừa nhẹ nhàng hơn, tránh làm bít tắc lỗ chân lông - nguyên nhân gây mụn và kích ứng da. Cuối cùng, phấn bột dễ dàng điều chỉnh lượng sản phẩm, tránh tình trạng lớp trang điểm quá dày gây khó chịu.
"
Cách nhận biết cây cọ tán phấn highlighter dạng quạt lớn qua hình ảnh?,"Để nhận biết cọ tán phấn highlighter dạng quạt lớn qua hình ảnh, bạn hãy chú ý các điểm sau:

1. **Hình dáng:** Cọ có hình dáng quạt xòe rộng, lông cọ mềm mại và thường vát nhẹ.
2. **Kích thước:** Lông cọ dài và dày hơn so với các loại cọ quạt nhỏ dùng để đánh má hồng.
3. **Màu sắc:** Thường có màu trắng, bạc hoặc vàng ánh kim, phù hợp với các sản phẩm highlighter.
4. **Mục đích sử dụng:** Cọ này dùng để tán highlighter lên các vùng gồ ghề trên khuôn mặt như gò má, sống mũi, trán, nhân trung.
"
Cách tạo makeup cho buổi đi công viên giải trí vào mùa xuân?,"Chào bạn, để có một lớp makeup phù hợp đi công viên giải trí mùa xuân, bạn nên ưu tiên sự tự nhiên, tươi tắn và bền lâu.

1.  **Chuẩn bị da:** Dưỡng ẩm kỹ để da không bị khô ráp dưới nắng.
2.  **Nền:** Dùng kem nền nhẹ nhàng, có chỉ số SPF để bảo vệ da.
3.  **Màu mắt:** Chọn gam màu pastel như hồng đào, cam san hô để tạo vẻ tươi trẻ.
4.  **Má hồng:** Tô má hồng nhẹ nhàng, tập trung lên gò má để khuôn mặt rạng rỡ.
5.  **Son:** Son tint hoặc son dưỡng có màu là lựa chọn lý tưởng, giúp môi mềm mại và không bị dính.
"
Kỹ thuật makeup 'soft sapphire' là gì?,"Kỹ thuật makeup ""soft sapphire"" (xanh sapphire dịu nhẹ) tập trung vào việc tạo đôi mắt lấp lánh với tông xanh lam pastel hoặc xanh sapphire nhạt. 

**Các bước thực hiện:**

1.  **Phủ phấn mắt:** Sử dụng phấn mắt màu be hoặc trắng ngà làm lớp nền.
2.  **Tạo chiều sâu:** Thêm chút phấn mắt xanh lam nhạt vào hốc mắt, tán đều.
3.  **Highlight:** Dùng phấn nhũ trắng hoặc bạc ở khóe mắt và dưới chân mày.
4.  **Mascara:** Chuốt mascara đen hoặc xanh navy để tăng độ sâu cho mắt.
5.  **Hoàn thiện:** Kẻ eyeliner mảnh màu nâu hoặc xanh navy.

Kỹ thuật này phù hợp với mọi màu da và tạo vẻ đẹp tinh tế, cuốn hút.
"
Cách nhận biết hộp phấn mắt dạng cream qua hình ảnh?,"Để nhận biết hộp phấn mắt dạng cream qua hình ảnh, bạn hãy chú ý các điểm sau:

1. **Kết cấu:** Phấn cream thường có vẻ mềm mịn, ẩm ướt, không khô ráo như phấn bột.
2. **Bao bì:** Thường được đựng trong hũ thủy tinh hoặc nhựa nhỏ, có nắp đậy kín để bảo quản độ ẩm.
3. **Màu sắc:** Màu sắc thường đậm đà, bóng bẩy hơn so với phấn bột.
4. **Độ phản sáng:** Phấn cream có độ phản sáng nhẹ, tạo hiệu ứng căng mọng cho mắt.
"
Cách tạo makeup cho buổi đi xem phim khoa học viễn tưởng?,"Để có makeup phù hợp buổi xem phim khoa học viễn tưởng, bạn nên tập trung vào đôi mắt lấp lánh và làn da hoàn hảo.

1.  **Nền:** Sử dụng kem nền nhẹ nhàng, che khuyết điểm để có làn da mịn màng.
2.  **Mắt:** Chọn phấn mắt màu xanh dương, tím, bạc hoặc ánh kim. Vẽ eyeliner mắt mèo hoặc sử dụng nhũ để tạo điểm nhấn.
3.  **Môi:** Son nude hoặc màu berry nhẹ nhàng sẽ cân bằng với mắt.
4.  **Highlight:** Thêm highlight ở gò má, sống mũi để tăng vẻ tương lai."
Cách nhận biết chai tẩy trang dạng micellar qua hình ảnh?,"Để nhận biết chai tẩy trang dạng micellar qua hình ảnh, bạn hãy chú ý các điểm sau:

1. **Dung tích:** Thường từ 125ml - 400ml, lớn hơn các sản phẩm tẩy trang khác.
2. **Chất lỏng trong suốt:** Micellar có màu trong suốt, không màu hoặc màu xanh nhạt.
3. **Nhãn mác:** Ghi rõ dòng chữ ""Micellar Water"" hoặc ""Eau Micellaire"".
4. **Hình ảnh:** Thường có hình ảnh bông tẩy trang thấm dung dịch để minh họa.
5. **Thành phần:** Có chứa các ""micelle"" - các phân tử dầu nhỏ giúp hòa tan bụi bẩn và makeup.
"
Tại sao nên dùng son dưỡng có chứa bơ ca cao trước son kem?,"Chào bạn,

Son dưỡng có bơ ca cao là bước chuẩn bị tuyệt vời trước son kem vì nhiều lý do. Bơ ca cao giàu chất dưỡng ẩm, giúp môi mềm mịn, làm đầy các rãnh môi, tạo bề mặt mịn màng cho son kem bám dính tốt hơn. Điều này giúp son kem lên màu chuẩn, không bị vón cục hay lộ vân môi. Hơn nữa, bơ ca cao còn bảo vệ môi khỏi tình trạng khô ráp do son kem gây ra.
"
Cách nhận biết cây cọ tán phấn mắt dạng pencil qua hình ảnh?,"Để nhận biết cọ tán phấn mắt dạng pencil qua hình ảnh, bạn hãy chú ý các điểm sau:

1. **Hình dáng:** Đầu cọ nhỏ, thuôn dài như bút chì, khác với cọ tán tròn hoặc dẹt.
2. **Lông cọ:** Thường mềm, mịn và dày đặc để dễ dàng lấy và tán phấn vào hốc mắt.
3. **Kích thước:** Nhỏ gọn, phù hợp để tạo điểm nhấn hoặc tán phấn ở vùng khó tiếp cận như đuôi mắt.
4. **Màu sắc:** Thường có màu đen hoặc màu sắc tương phản với phấn mắt để dễ quan sát.
"
Cách nhận biết lọ kem dưỡng da ban ngày có chứa vitamin C qua hình ảnh?,"Để nhận biết kem dưỡng da ban ngày có chứa Vitamin C qua hình ảnh, bạn có thể dựa vào những dấu hiệu sau:

1. **Màu sắc:** Kem thường có màu vàng nhạt hoặc cam, do đặc tính của Vitamin C.
2. **Bao bì:** Sản phẩm thường ghi rõ ""Vitamin C"", ""Ascorbic Acid"" hoặc các dẫn xuất của Vitamin C (Sodium Ascorbyl Phosphate, Magnesium Ascorbyl Phosphate...).
3. **Độ trong suốt:** Một số loại Vitamin C ổn định có thể làm kem trong suốt hơn.
4. **Lưu ý:** Màu sắc có thể thay đổi theo nồng độ và công thức của sản phẩm.
"
Cách nhận biết chai xịt dưỡng da có chứa hyaluronic acid qua hình ảnh?,"Để nhận biết chai xịt dưỡng da chứa hyaluronic acid qua hình ảnh, bạn hãy chú ý các điểm sau:

1. **Thành phần:** Tìm từ khóa ""Hyaluronic Acid"", ""Sodium Hyaluronate"" hoặc ""HA"" trên nhãn.
2. **Mô tả:** Sản phẩm thường ghi ""dưỡng ẩm"", ""cấp nước"", ""giữ ẩm"" hoặc ""plumping"" (làm đầy).
3. **Kết cấu:** Xịt dưỡng chứa HA thường trong suốt, lỏng nhẹ, không màu.
4. **Bao bì:** Một số sản phẩm sẽ nổi bật ""Hyaluronic Acid"" trên bao bì để thu hút khách hàng.
"
Cách nhận biết cây cọ tán phấn highlighter dạng quạt nhỏ qua hình ảnh?,"Để nhận biết cọ tán phấn highlighter dạng quạt nhỏ qua hình ảnh, bạn hãy chú ý các điểm sau:

1. **Hình dáng:** Cọ có hình dáng quạt xòe rộng, lông cọ mềm mại và thường ngắn.
2. **Kích thước:** Nhỏ gọn, vừa vặn trong lòng bàn tay, dễ dàng thao tác trên các vùng gò má, sống mũi, nhân trung.
3. **Lông cọ:** Thường làm từ sợi tổng hợp hoặc lông tự nhiên mềm, giúp tán highlighter mịn màng, không gây kích ứng.
4. **Màu sắc:** Thường có màu trắng, đen hoặc các màu pastel nhẹ nhàng.
"
Cách nhận biết lọ kem nền dạng lỏng nhẹ qua hình ảnh?,"Để nhận biết kem nền dạng lỏng nhẹ qua hình ảnh, bạn hãy chú ý các điểm sau:

1. **Kết cấu:** Kem nền lỏng nhẹ thường có vẻ ""nước"", không đặc sánh như kem.
2. **Độ che phủ:** Hình ảnh sản phẩm thường ghi rõ ""light coverage"" (che phủ nhẹ) hoặc ""sheer"" (mỏng nhẹ).
3. **Bao bì:** Thường được đựng trong chai thủy tinh hoặc nhựa có pump (bơm) để dễ dàng lấy lượng sản phẩm vừa đủ.
4. **Màu sắc:** Màu sắc thường trong trẻo, không quá đục.
"
Cách nhận biết hộp phấn mắt dạng nhũ bột qua hình ảnh?,"Để nhận biết hộp phấn mắt dạng nhũ bột qua hình ảnh, bạn hãy chú ý các điểm sau:

1. **Bề mặt:** Phấn nhũ bột thường có bề mặt lấp lánh, nhiều hạt phấn nhỏ li ti.
2. **Ánh sáng:** Khi có ánh sáng chiếu vào, phấn sẽ bắt sáng và tạo hiệu ứng óng ánh rõ rệt.
3. **Kết cấu:** Nhìn gần, bạn sẽ thấy kết cấu không đồng đều, có các hạt phấn lỏng lẻo hơn so với phấn mắt thông thường.
4. **Màu sắc:** Màu sắc có thể đậm hơn hoặc có tông màu ngọc trai, bạc, vàng.
"
Cách nhận biết chai tẩy trang dạng gel nhẹ qua hình ảnh?,"Để nhận biết tẩy trang dạng gel nhẹ qua hình ảnh, bạn hãy chú ý các điểm sau:

1. **Kết cấu:** Gel thường trong suốt hoặc hơi đục, sánh mịn, không đặc như kem.
2. **Bao bì:** Thường là tuýp hoặc chai có pump, giúp dễ dàng lấy lượng sản phẩm vừa đủ.
3. **Màu sắc:** Màu sắc phổ biến là xanh dương, trắng hoặc không màu.
4. **Nhãn mác:** Tìm các từ khóa như ""gel cleanser"", ""makeup remover gel"", ""dành cho da nhạy cảm"" để xác định.
"
Cách nhận biết cây cọ tán phấn mắt dạng lớn qua hình ảnh?,"Để nhận biết cọ tán phấn mắt dạng lớn qua hình ảnh, bạn hãy chú ý các điểm sau:

1. **Kích thước:** Cọ lớn hơn đáng kể so với cọ tán phấn mắt thông thường, thường có chiều dài từ 15-20cm.
2. **Hình dáng:** Đầu cọ thường tròn, xù và mềm mại, không quá dày đặc lông.
3. **Mục đích sử dụng:** Cọ này dùng để tán phấn mắt trên toàn bộ bầu mắt hoặc để đánh phấn highlight ở vùng xương gò má, nên kích thước lớn giúp thao tác nhanh chóng.
"
Cách nhận biết lọ kem dưỡng da ban ngày có chứa niacinamide qua hình ảnh?,"Để nhận biết kem dưỡng da ban ngày có chứa niacinamide qua hình ảnh, bạn hãy chú ý các điểm sau:

1. **Bao bì:** Sản phẩm thường ghi rõ ""Niacinamide"" hoặc ""Vitamin B3"" trên bao bì.
2. **Màu sắc:** Kem chứa niacinamide thường có màu trắng đục hoặc hơi vàng nhạt.
3. **Kết cấu:** Niacinamide giúp kem có kết cấu nhẹ, dễ thẩm thấu, không quá đặc.
4. **Thành phần:** Kiểm tra danh sách thành phần, niacinamide thường nằm ở vị trí càng đầu thì nồng độ càng cao.
"
Cách nhận biết hộp phấn má hồng dạng bột nén qua hình ảnh?,"Để nhận biết hộp phấn má hồng dạng bột nén qua hình ảnh, bạn hãy chú ý các điểm sau:

1. **Hình dáng:** Thường là hộp tròn hoặc vuông vức, nhỏ gọn, dễ mang theo.
2. **Bề mặt:** Bột phấn mịn, có thể thấy rõ màu sắc (hồng, cam, đào...) khi nhìn vào.
3. **Kết cấu:** Thường có hoa văn hoặc logo của thương hiệu được dập nổi trên bề mặt phấn.
4. **Đi kèm:** Thường đi kèm với cọ nhỏ hoặc miếng mút để lấy và tán phấn.
"
Cách nhận biết chai xịt dưỡng da có chứa chiết xuất hoa anh đào qua hình ảnh?,"Để nhận biết chai xịt dưỡng da chứa chiết xuất hoa anh đào qua hình ảnh, bạn có thể chú ý các điểm sau:

1. **Màu sắc:** Sản phẩm thường có màu hồng nhạt hoặc trong suốt với ánh hồng.
2. **Hình ảnh:** Chai thường in hình hoa anh đào (Sakura) hoặc các họa tiết liên quan đến mùa xuân Nhật Bản.
3. **Chữ viết:** Tìm các từ khóa như ""Sakura"", ""Cherry Blossom"", ""Hoa Anh Đào"" trên bao bì.
4. **Thành phần:** Kiểm tra danh sách thành phần, tìm ""Prunus Avium Flower Extract"" (chiết xuất hoa anh đào).
"
Tại sao nên dùng kem lót có chứa chiết xuất hạt quinoa cho da khô?,"Kem lót chứa chiết xuất hạt quinoa rất lý tưởng cho da khô vì quinoa giàu protein và axit amin thiết yếu. Những thành phần này giúp tăng cường hàng rào bảo vệ da, giữ ẩm sâu và làm dịu da bị kích ứng. Đồng thời, quinoa còn có khả năng làm mềm da, giúp lớp nền trang điểm bám dính tốt hơn, tránh tình trạng bong tróc và mốc do da khô gây ra.
"
Cách nhận biết cây cọ tán phấn mắt dạng vát nhỏ qua hình ảnh?,"Để nhận biết cọ tán phấn mắt dạng vát nhỏ qua hình ảnh, bạn hãy chú ý các điểm sau:

1. **Hình dáng:** Đầu cọ có hình dạng vát chéo, không phải tròn hoặc dẹt.
2. **Kích thước:** Lông cọ nhỏ, mảnh, thường ngắn hơn các loại cọ khác.
3. **Mục đích sử dụng:** Cọ vát nhỏ thường dùng để tạo khối, highlight hoặc tán phấn mắt ở vùng khó như đuôi mắt.
4. **Lông cọ:** Lông cọ có thể là lông tự nhiên hoặc tổng hợp, tùy thuộc vào chất lượng và giá cả.
"
Cách nhận biết lọ kem dưỡng ẩm có chứa chiết xuất trà xanh qua hình ảnh?,"Để nhận biết kem dưỡng ẩm có chứa chiết xuất trà xanh qua hình ảnh, bạn hãy chú ý các điểm sau:

1. **Màu sắc:** Kem thường có màu xanh nhạt hoặc trắng ngà, đôi khi hơi trong.
2. **Hình ảnh trên bao bì:** Các sản phẩm thường in hình lá trà xanh, búp trà hoặc dòng chữ ""Green Tea"", ""Matcha"" (trà xanh Nhật Bản).
3. **Thành phần:** Kiểm tra danh sách thành phần, tìm các từ khóa như ""Camellia Sinensis Leaf Extract"" (chiết xuất lá trà xanh), ""Green Tea Extract"" (chiết xuất trà xanh).
"
Tại sao nên dùng tẩy trang dạng bọt cho da hỗn hợp?,"Chào bạn, với da hỗn hợp, tẩy trang dạng bọt là lựa chọn lý tưởng vì nhiều lý do. Bọt giúp làm sạch sâu lỗ chân lông, loại bỏ bụi bẩn, dầu thừa ở vùng chữ T (trán, mũi, cằm) mà không gây khô căng vùng da còn lại. Đồng thời, công thức thường chứa các thành phần dưỡng ẩm nhẹ, cân bằng độ pH, giúp da sạch thoáng nhưng vẫn đủ ẩm, tránh tình trạng mất nước và kích ứng.
"
Cách nhận biết hộp phấn má hồng dạng kem lỏng qua hình ảnh?,"Để nhận biết phấn má hồng dạng kem lỏng qua hình ảnh, bạn hãy chú ý các điểm sau:

1. **Kết cấu:** Quan sát xem sản phẩm có vẻ ẩm ướt, bóng nhẹ, không phải dạng bột khô.
2. **Bao bì:** Thường được đựng trong tuýp, chai nhỏ có vòi pump hoặc lọ thủy tinh với applicator.
3. **Màu sắc:** Màu sắc thường tươi tắn, đậm đà hơn phấn má hồng bột.
4. **Độ bóng:** Khi nhìn gần, bạn sẽ thấy độ bóng nhẹ tự nhiên, khác với phấn bột lì.
"
Cách nhận biết chai xịt dưỡng da có chứa chiết xuất cam qua hình ảnh?,"Để nhận biết chai xịt dưỡng da có chứa chiết xuất cam qua hình ảnh, bạn có thể chú ý các điểm sau:

1. **Màu sắc:** Sản phẩm thường có màu vàng nhạt hoặc cam, gợi liên tưởng đến trái cam.
2. **Hình ảnh:** Chai xịt có thể in hình quả cam, hoa cam hoặc các yếu tố liên quan đến cam.
3. **Thành phần:** Kiểm tra danh sách thành phần, tìm các từ khóa như ""Citrus Sinensis (Cam ngọt) Fruit Extract"", ""Orange Peel Oil"" (dầu vỏ cam), hoặc ""Vitamin C"" (cam giàu Vitamin C).
"
Cách nhận biết cây cọ tán phấn highlighter dạng vát nhỏ qua hình ảnh?,"Để nhận biết cọ tán phấn highlighter dạng vát nhỏ qua hình ảnh, bạn hãy chú ý các điểm sau:

1. **Hình dáng:** Cọ có hình dáng vát chéo, đầu cọ nhỏ và thuôn.
2. **Lông cọ:** Lông cọ thường mềm, tơi và có thể là lông tự nhiên hoặc tổng hợp.
3. **Kích thước:** So với các loại cọ khác, cọ highlighter vát nhỏ có kích thước nhỏ gọn hơn, phù hợp tán highlight ở các vị trí nhỏ như sống mũi, gò má.
4. **Màu sắc:** Thường có màu trắng, bạc hoặc vàng đồng.
"
Cách nhận biết lọ kem nền dạng lỏng có SPF qua hình ảnh?,"Để nhận biết kem nền lỏng có SPF qua hình ảnh, bạn hãy chú ý các điểm sau:

1. **Nhãn sản phẩm:** Tìm các ký hiệu như ""SPF"", ""PA+"" (chống UVA) hoặc ""Broad Spectrum"" (phổ rộng).
2. **Mô tả:** Các từ khóa như ""Sunscreen"", ""Sun Protection"" thường xuất hiện.
3. **Bao bì:** Một số sản phẩm có biểu tượng mặt trời hoặc hình ảnh liên quan đến bảo vệ da.
4. **Màu sắc:** Kem nền có SPF thường có tông màu ngà hoặc hơi vàng để tăng khả năng chống nắng.
"
Tại sao nên dùng son dưỡng có chứa dầu hạt argan trước son tint?,"Chào bạn,

Son dưỡng có dầu hạt argan là bước chuẩn bị tuyệt vời trước son tint vì nhiều lý do. Dầu argan giàu vitamin E và axit béo, giúp môi mềm mịn, làm dịu da môi khô hoặc bong tróc. Điều này tạo một lớp nền hoàn hảo cho son tint bám dính tốt hơn, lên màu chuẩn và không bị vón cục. Hơn nữa, dầu argan còn giúp bảo vệ môi khỏi tác động gây khô của son tint, giữ cho đôi môi luôn căng mọng.
"
Cách nhận biết hộp phấn mắt dạng gel qua hình ảnh?,"Để nhận biết hộp phấn mắt dạng gel qua hình ảnh, bạn hãy chú ý các điểm sau:

1. **Kết cấu:** Phấn mắt gel thường có vẻ ẩm ướt, bóng nhẹ, không khô ráo như phấn bột.
2. **Bao bì:** Thường được đựng trong hũ thủy tinh hoặc nhựa nhỏ, có nắp đậy kín để giữ độ ẩm.
3. **Màu sắc:** Màu sắc thường đậm đà, sắc nét và có độ tương phản cao.
4. **Hình dáng:** Có thể thấy rõ lớp gel mịn màng bên trong hũ, khác với phấn bột tơi xốp.
"
Cách nhận biết chai tẩy trang dạng nước nhẹ qua hình ảnh?,"Để nhận biết chai tẩy trang dạng nước nhẹ qua hình ảnh, bạn hãy chú ý các điểm sau:

1. **Kết cấu:** Chai thường trong suốt, có thể nhìn thấy chất lỏng bên trong.
2. **Nhãn mác:** Thường ghi rõ ""micellar water"" (nước micelle), ""cleansing water"" (nước tẩy trang) hoặc có hình ảnh bông tẩy trang.
3. **Dung tích:** Phổ biến từ 100ml - 300ml, dễ dàng mang theo.
4. **Nắp chai:** Thường là nắp nhấn (pump) hoặc nắp bật để lấy sản phẩm dễ dàng.
"
Tại sao nên dùng kem lót có chứa chiết xuất hoa anh đào cho da khô?,"Kem lót chứa chiết xuất hoa anh đào rất lý tưởng cho da khô vì nhiều lý do. Hoa anh đào giàu axit béo và vitamin, giúp cung cấp độ ẩm sâu, làm dịu da và tăng cường hàng rào bảo vệ da. Điều này giúp da giữ nước tốt hơn, giảm tình trạng khô ráp, bong tróc. Đồng thời, kem lót có chiết xuất hoa anh đào còn giúp làm mịn da, tạo lớp nền hoàn hảo cho lớp trang điểm tiếp theo, giúp lớp nền bám lâu hơn và không bị mốc.
"
Cách nhận biết cây cọ tán phấn mắt dạng bút chì qua hình ảnh?,"Để nhận biết cọ tán phấn mắt dạng bút chì qua hình ảnh, bạn hãy chú ý các điểm sau:

1. **Hình dáng:** Cọ có hình dáng thon dài, mảnh như bút chì, khác với cọ tán phấn mắt tròn hoặc dẹt thông thường.
2. **Đầu cọ:** Đầu cọ nhỏ, thường vát hoặc tròn, giúp dễ dàng thao tác trong các chi tiết nhỏ của mắt.
3. **Lông cọ:** Lông cọ thường mềm, mịn và có thể là lông tự nhiên hoặc tổng hợp.
4. **Tay cầm:** Tay cầm thường dài, mảnh, giúp cầm nắm chắc chắn và dễ điều khiển.
"
Cách nhận biết lọ kem dưỡng da ban ngày có chứa vitamin E qua hình ảnh?,"Để nhận biết kem dưỡng da ban ngày có chứa Vitamin E qua hình ảnh, bạn có thể chú ý các điểm sau:

1. **Bao bì:** Sản phẩm thường ghi rõ ""Vitamin E"" hoặc ""Tocopherol"" trên bao bì.
2. **Màu sắc:** Kem Vitamin E thường có màu vàng nhạt hoặc hơi cam do đặc tính của vitamin này.
3. **Kết cấu:** Vitamin E giúp kem dưỡng ẩm tốt hơn, nên kem có thể đặc hơn, mịn màng hơn so với các loại kem khác.
4. **Nhãn mác:** Tìm các ký hiệu chứng nhận về thành phần tự nhiên hoặc hữu cơ.
"
Tại sao nên dùng tẩy trang dạng dầu hạt bơ cho makeup chống nước?,"Tẩy trang dạng dầu hạt bơ là lựa chọn tuyệt vời cho makeup chống nước vì dầu hòa tan dầu. Son phấn chống nước thường chứa các thành phần không thấm nước, và dầu hạt bơ có khả năng ""bám"" vào chúng, nhẹ nhàng loại bỏ mà không gây kích ứng. Hơn nữa, dầu hạt bơ giàu vitamin E và axit béo, giúp dưỡng ẩm da, tránh tình trạng khô căng sau khi tẩy trang, đặc biệt quan trọng khi dùng sản phẩm waterproof.
"
Cách nhận biết hộp phấn má hồng dạng bột rời qua hình ảnh?,"Để nhận biết hộp phấn má hồng dạng bột rời qua hình ảnh, bạn hãy chú ý các điểm sau:

1. **Kết cấu:** Phấn bột rời thường có bề mặt mịn, tơi, không nén chặt như phấn nén.
2. **Vỏ hộp:** Thường là hộp tròn hoặc vuông, có lỗ thông hơi để lấy phấn.
3. **Dụng cụ đi kèm:** Thường đi kèm với cọ phấn má hồng mềm, xốp để lấy và tán phấn.
4. **Màu sắc:** Màu sắc phấn có thể nhìn rõ ràng, không bị lớp phủ bóng như phấn nén.
"
Kỹ thuật makeup 'smokey ruby' là gì?,"Smokey Ruby là kỹ thuật trang điểm mắt lấy cảm hứng từ sắc đỏ ruby quyến rũ. Đầu tiên, bạn tán phấn mắt màu đỏ ruby lên toàn bộ bầu mắt. Sau đó, dùng phấn màu nâu hoặc tím đậm để làm nổi bật hốc mắt, tạo chiều sâu. Cuối cùng, kẻ eyeliner đen và mascara để hoàn thiện đôi mắt ""smokey"" lôi cuốn. Kỹ thuật này phù hợp với các buổi tiệc tối hoặc sự kiện đặc biệt, giúp đôi mắt trở nên sắc sảo và thu hút.
"
Cách nhận biết chai xịt dưỡng da ban đêm có chứa peptide qua hình ảnh?,"Để nhận biết chai xịt dưỡng da ban đêm chứa peptide qua hình ảnh, bạn hãy chú ý các điểm sau:

1. **Thành phần:** Tìm các từ khóa như ""peptide"", ""acetyl hexapeptide-8"", ""palmitoyl pentapeptide-4"" trên bao bì.
2. **Mô tả:** Sản phẩm thường nhấn mạnh khả năng ""chống lão hóa"", ""phục hồi da"", ""giảm nếp nhăn"" do peptide mang lại.
3. **Kết cấu:** Xịt dưỡng chứa peptide thường có kết cấu lỏng nhẹ, dễ hấp thụ.
4. **Màu sắc:** Màu sắc có thể khác nhau, nhưng thường trong suốt hoặc trắng đục nhẹ.
"
Cách chọn son môi cho buổi đi ăn tối tại nhà hàng Nhật?,"Để chọn son môi phù hợp cho buổi đi ăn tối tại nhà hàng Nhật, bạn nên ưu tiên những màu sắc tự nhiên, tinh tế. Các lựa chọn lý tưởng bao gồm:

1.  **Son nude:** Tạo vẻ thanh lịch, nhẹ nhàng.
2.  **Son hồng đào:** Phù hợp với không khí ấm cúng, lãng mạn.
3.  **Son đỏ cam đất:** Sang trọng, tôn da mà không quá nổi bật.

Tránh các màu son quá sặc sỡ hoặc bóng bẩy. Chất son lì hoặc semi-matte sẽ giúp bạn thoải mái ăn uống mà không lo bị lem.
"
Cách nhận biết cây cọ tán phấn highlighter dạng tròn lớn qua hình ảnh?,"Để nhận biết cọ tán phấn highlighter tròn lớn qua hình ảnh, bạn hãy chú ý các điểm sau:

1. **Hình dáng:** Đầu cọ tròn, phồng và lớn hơn các loại cọ khác (như cọ má hồng).
2. **Lông cọ:** Lông mềm, tơi và thường có màu trắng hoặc vàng nhạt.
3. **Kích thước:** So với các vật thể xung quanh, cọ highlighter sẽ có kích thước tương đối lớn, phù hợp để tán phấn trên các vùng rộng như gò má, trán.
4. **Mật độ lông:** Lông cọ không quá dày, giúp phấn highlighter bám nhẹ nhàng và tự nhiên.
"
Kỹ thuật makeup 'glitter amethyst' là gì?,"Kỹ thuật makeup ""Glitter Amethyst"" lấy cảm hứng từ sắc tím thạch anh, tạo vẻ đẹp lấp lánh, huyền ảo.

**Các bước thực hiện:**

1.  **Mắt:** Sử dụng phấn mắt tím nhạt làm lớp nền, sau đó nhấn nhá với tím đậm hơn ở đuôi mắt.
2.  **Glitter:** Thêm glitter tím hoặc bạc lên bầu mắt, tập trung ở giữa.
3.  **Highlight:** Highlight vùng đầu mắt và dưới chân mày.
4.  **Môi:** Son môi màu hồng tím hoặc tím nude.
5.  **Da:** Trang điểm da sáng mịn, tự nhiên.

Kỹ thuật này phù hợp với các buổi tiệc hoặc sự kiện đặc biệt.
"
Cách nhận biết lọ kem nền dạng stick qua hình ảnh?,"Để nhận biết kem nền dạng stick qua hình ảnh, bạn hãy chú ý những điểm sau:

1. **Hình dáng:** Kem nền stick thường có hình trụ tròn hoặc hình bút chì, giống như một thỏi son môi lớn.
2. **Vỏ:** Thường được đựng trong vỏ nhựa hoặc kim loại có thể xoay lên xuống để lộ phần kem.
3. **Kết cấu:** Khi nhìn vào, bạn sẽ thấy kem nền được nén chặt thành khối rắn, không lỏng như kem nền dạng lỏng.
4. **Màu sắc:** Màu sắc kem nền sẽ tương ứng với tông da.
"
Cách chọn son môi cho buổi đi xem lễ hội âm nhạc EDM?,"Để chọn son môi phù hợp cho lễ hội âm nhạc EDM, bạn nên ưu tiên sự thoải mái và bền màu.

1.  **Chất son:** Chọn son kem lì hoặc son tint có khả năng bám tốt, không dễ lem khi vận động.
2.  **Màu son:** Các màu nổi bật như đỏ tươi, hồng fuchsia, cam đất hoặc tím berry sẽ rất phù hợp với không khí lễ hội. Bạn có thể thử các màu son có ánh nhũ nhẹ để thêm phần lấp lánh.
3.  **Độ bền màu:** Đảm bảo son có độ bền màu cao để bạn không cần dặm lại thường xuyên.
"
Tại sao nên dùng tẩy trang dạng dầu hạt lanh cho da khô?,"Dầu hạt lanh là lựa chọn tuyệt vời cho da khô vì nhiều lý do. Thành phần chính là axit béo omega-3, omega-6 giúp cấp ẩm sâu, làm mềm da và phục hồi hàng rào bảo vệ da bị tổn thương. Khả năng hòa tan dầu của dầu hạt lanh giúp loại bỏ hiệu quả lớp trang điểm, bụi bẩn và bã nhờn mà không gây khô căng. So với các loại tẩy trang khác, dầu hạt lanh dịu nhẹ, ít gây kích ứng, phù hợp với làn da nhạy cảm và dễ bị kích ứng.
"
Cách nhận biết hộp phấn mắt dạng bột nén qua hình ảnh?,"Để nhận biết hộp phấn mắt dạng bột nén qua hình ảnh, bạn hãy chú ý các điểm sau:

1. **Hình dáng:** Thường là hộp vuông hoặc tròn, có nắp đậy.
2. **Bề mặt:** Bột phấn được nén chặt thành các ô vuông/tròn riêng biệt, có thể thấy rõ màu sắc.
3. **Kết cấu:** Bề mặt phấn không lỏng lẻo như phấn rôm, mà có độ cứng nhất định khi chạm vào.
4. **Ánh nhũ (nếu có):** Một số hộp phấn mắt có ánh nhũ, lấp lánh khi nhìn dưới ánh sáng.
"
Cách tạo makeup cho buổi đi thăm chợ nổi vào sáng sớm?,"Chào bạn, để có một lớp makeup phù hợp cho buổi đi chợ nổi sáng sớm, bạn nên ưu tiên sự tự nhiên, nhẹ nhàng và bền màu.

1.  **Dưỡng ẩm:** Bước quan trọng để lớp nền mịn màng.
2.  **Kem chống nắng:** Bảo vệ da khỏi ánh nắng mặt trời.
3.  **BB cream/Kem nền mỏng nhẹ:** Che phủ vừa đủ, không gây bí bách.
4.  **Má hồng tone cam đào:** Tạo vẻ tươi tắn.
5.  **Son dưỡng/Son tint nhẹ màu:** Giữ môi ẩm và có màu sắc tự nhiên.

Tránh makeup quá đậm vì không phù hợp với không khí buổi sáng và có thể dễ bị trôi khi tiếp xúc với thời tiết."
Kỹ thuật makeup 'smokey topaz' là gì?,"Kỹ thuật makeup ""Smokey Topaz"" là một biến thể của smokey eyes cổ điển, lấy cảm hứng từ màu sắc của đá topaz. Thay vì sử dụng màu đen hoặc xám, bạn sẽ tập trung vào các tông màu nâu vàng, đồng, cam đất và có thể thêm chút ánh kim. 

**Các bước thực hiện:**

1.  **Tạo khối:** Sử dụng màu nâu vàng đậm nhất ở đuôi mắt và hốc mắt.
2.  **Phủ màu:** Phủ màu đồng hoặc cam đất lên bầu mắt, hòa trộn nhẹ nhàng.
3.  **Highlight:** Thêm chút ánh kim ở khóe mắt và dưới chân mày để tạo chiều sâu.
4.  **Hoàn thiện:** Kẻ eyeliner và mascara để tăng độ sắc sảo.

Kỹ thuật này phù hợp với mọi màu da và tạo vẻ đẹp ấm áp, quyến rũ.
"
Cách nhận biết chai xịt cố định makeup có chứa chiết xuất trà xanh qua hình ảnh?,"Để nhận biết chai xịt cố định makeup có chứa chiết xuất trà xanh qua hình ảnh, bạn hãy chú ý các điểm sau:

1. **Màu sắc:** Sản phẩm thường có màu xanh lá cây nhạt hoặc trong suốt với ánh xanh.
2. **Hình ảnh/Chữ in:** Bao bì thường in hình lá trà xanh, hoặc có các dòng chữ như ""Green Tea"", ""Matcha"", ""Trà xanh"" rõ ràng.
3. **Thành phần:** Kiểm tra danh sách thành phần (ingredients) trên bao bì, tìm các thành phần như ""Camellia Sinensis Leaf Extract"" (chiết xuất lá trà xanh).
"
Cách chọn son môi cho buổi đi ăn tối với gia đình tại nhà hàng?,"Để chọn son môi cho buổi tối ấm cúng bên gia đình tại nhà hàng, bạn nên ưu tiên sự tự nhiên, thanh lịch.

1.  **Chọn màu:** Các màu hồng đào, cam san hô, hoặc đỏ cam đất sẽ rất phù hợp. Tránh các màu quá nổi bật như đỏ tươi hoặc tím đậm.
2.  **Chất son:** Son kem hoặc son dưỡng có màu sẽ giúp môi mềm mại, không bị khô.
3.  **Độ bám màu:** Ưu tiên son có độ bám màu tốt để bạn không cần dặm lại nhiều trong bữa ăn.

Mục đích là để bạn trông tươi tắn, rạng rỡ nhưng vẫn thoải mái và gần gũi.
"
Tại sao nên dùng phấn phủ dạng bột rời cho da mụn?,"Chào bạn, với da mụn, phấn phủ dạng bột rời là lựa chọn tốt hơn so với phấn nén vì một số lý do:

1. **Khả năng kiểm soát dầu:** Bột rời hấp thụ dầu thừa hiệu quả, giảm bóng nhờn và hạn chế tắc nghẽn lỗ chân lông - nguyên nhân chính gây mụn.
2. **Kết cấu nhẹ tênh:** Phấn bột rời mỏng nhẹ, không gây bí da, giúp da ""thở"" và giảm kích ứng.
3. **Dễ dàng điều chỉnh:** Bạn có thể tự điều chỉnh lượng phấn phù hợp, tránh làm dày lớp trang điểm và che phủ quá mức, gây nặng mặt.
"
Cách nhận biết cây cọ tán phấn mắt dạng small shader qua hình ảnh?,"Để nhận biết cọ tán phấn mắt dạng small shader qua hình ảnh, bạn hãy chú ý các điểm sau:

1. **Kích thước:** Đầu cọ nhỏ, thường đường kính dưới 1cm, giúp tán phấn vào hốc mắt hoặc những vùng nhỏ cần chi tiết.
2. **Hình dáng:** Đầu cọ thường tròn hoặc hơi dẹt, lông cọ dày dặn nhưng vẫn mềm mại.
3. **Lông cọ:** Lông cọ thường ngắn, giúp kiểm soát lượng phấn tốt hơn.

Cọ small shader lý tưởng để tạo chiều sâu cho mắt hoặc đánh highlight ở khóe mắt.
"
Cách tạo makeup cho buổi đi ngắm hoa hướng dương vào mùa hè?,"Chào bạn, để có makeup phù hợp đi ngắm hoa hướng dương mùa hè, mình gợi ý các bước sau:

1.  **Kem chống nắng:** Bảo vệ da khỏi tia UV là bước quan trọng nhất.
2.  **Makeup nhẹ nhàng:** Dùng kem nền mỏng, che khuyết điểm vừa đủ.
3.  **Màu cam/vàng:** Phấn mắt màu cam đất hoặc vàng nhạt, kết hợp chút nâu để tạo chiều sâu.
4.  **Má hồng đào:** Thêm chút má hồng đào để khuôn mặt tươi tắn.
5.  **Son cam/ hồng san hô:** Hoàn thiện với son màu cam tươi hoặc hồng san hô.

Lưu ý ưu tiên sự tự nhiên, tươi trẻ để hòa hợp với vẻ đẹp của hoa hướng dương nhé!
"
Kỹ thuật makeup 'velvet sapphire' là gì?,"Kỹ thuật makeup ""velvet sapphire"" (nhung sapphire) là xu hướng trang điểm lấy cảm hứng từ vẻ đẹp huyền bí, sang trọng. Bước 1: Tạo lớp nền mịn lì như nhung. Bước 2: Sử dụng phấn mắt màu xanh sapphire (xanh ngọc bích đậm) tán đều bầu mắt, nhấn nhá bằng nhũ. Bước 3: Kẻ eyeliner sắc sảo và chuốt mascara. Bước 4: Đánh son môi màu nude hoặc berry để cân bằng. Kỹ thuật này tạo hiệu ứng đôi mắt sâu thẳm, cuốn hút.
"
Cách nhận biết lọ serum có chứa chiết xuất hoa hồng dại qua hình ảnh?,"Để nhận biết serum chứa chiết xuất hoa hồng dại qua hình ảnh, bạn có thể dựa vào các yếu tố sau:

1. **Màu sắc:** Serum thường có màu hồng nhạt hoặc trong suốt, đôi khi hơi vàng nếu có thêm các thành phần khác. Màu sắc này xuất phát từ sắc tố tự nhiên của hoa hồng dại.
2. **Thành phần:** Kiểm tra danh sách thành phần trên bao bì, tìm các tên như ""Rosa Canina Seed Extract"", ""Rosehip Oil"" hoặc ""Chiết xuất hạt hoa hồng dại"".
3. **Hình ảnh:** Một số sản phẩm sẽ in hình hoa hồng dại trên bao bì để nhấn mạnh thành phần này.
"
Tại sao nên dùng xịt khoáng có chứa chiết xuất hoa nhài trước makeup?,"Xịt khoáng chứa chiết xuất hoa nhài trước makeup là một bước chuẩn bị da tuyệt vời. Hoa nhài có đặc tính làm dịu da, giảm kích ứng và cân bằng độ pH, giúp da mềm mại hơn. Xịt khoáng cung cấp độ ẩm tức thì, giúp lớp nền bám tốt hơn, mịn màng hơn và tránh tình trạng cakey. Đồng thời, hương thơm hoa nhài còn mang lại cảm giác thư giãn, dễ chịu khi trang điểm.
"
Cách nhận biết hộp phấn highlighter dạng gel qua hình ảnh?,"Để nhận biết highlighter dạng gel qua hình ảnh, bạn hãy chú ý các điểm sau:

1. **Kết cấu:** Highlighter gel thường có vẻ bóng mượt, ẩm ướt hơn so với highlighter bột.
2. **Bao bì:** Thường được đựng trong tuýp, lọ nhỏ có vòi hoặc hũ thủy tinh.
3. **Màu sắc:** Màu sắc thường đậm và có độ phản quang cao, dễ thấy ngay cả khi không mở nắp.
4. **Độ trong suốt:** Một số loại highlighter gel có thể trong suốt hoặc có chứa các hạt nhũ li ti lấp lánh.
"
Cách tạo makeup cho buổi đi xem nhạc jazz?,"Để có một lớp trang điểm phù hợp với buổi xem nhạc jazz, bạn nên tập trung vào vẻ đẹp tự nhiên, tinh tế.

1.  **Nền:** Sử dụng kem nền nhẹ nhàng, che khuyết điểm vừa đủ.
2.  **Mắt:** Phấn mắt màu nude hoặc nâu trầm, tán nhẹ nhàng. Kẻ mắt mảnh, không quá sắc sảo.
3.  **Má:** Phấn má hồng đào hoặc cam đất, tạo gò má nhẹ nhàng.
4.  **Môi:** Son môi màu nude, hồng đất hoặc đỏ rượu nhẹ nhàng.

Lý do: Nhạc jazz thường diễn ra trong không gian ấm cúng, ánh sáng dịu, nên trang điểm quá đậm sẽ không phù hợp."
Kỹ thuật makeup 'stardust shimmer' là gì?,"Kỹ thuật ""stardust shimmer"" là xu hướng trang điểm mắt tạo hiệu ứng lấp lánh như sao trời. Đầu tiên, bạn dùng phấn mắt nhũ (glitter) hoặc nhũ lỏng tán đều lên bầu mắt, tập trung ở giữa và hốc mắt. Có thể dùng cọ nhỏ hoặc ngón tay để tăng độ bám. Tiếp theo, dùng phấn mắt tối màu ở đuôi mắt để tạo chiều sâu. Cuối cùng, chuốt mascara để hoàn thiện. Kỹ thuật này giúp đôi mắt trông nổi bật và thu hút.
"
Cách nhận biết lọ kem dưỡng mắt có chứa chiết xuất dưa leo qua hình ảnh?,"Để nhận biết kem dưỡng mắt có chứa chiết xuất dưa leo qua hình ảnh, bạn có thể chú ý các điểm sau:

1. **Màu sắc:** Kem thường có màu xanh nhạt hoặc trắng hơi xanh, gợi liên tưởng đến màu dưa leo.
2. **Hình ảnh trên bao bì:** Các sản phẩm thường in hình quả dưa leo hoặc mô tả ""chiết xuất dưa leo"" rõ ràng.
3. **Thành phần:** Kiểm tra danh sách thành phần, tìm các từ khóa như ""Cucumber Extract"", ""Chiết xuất dưa leo"", hoặc ""Cucumis Sativus Fruit Extract"".
"
Cách chọn son môi cho buổi đi bar vào tối thứ sáu?,"Để chọn son môi cho buổi đi bar tối thứ Sáu, bạn nên ưu tiên các màu sắc nổi bật và có độ bền màu cao.

1.  **Màu sắc:** Đỏ đậm, cam đất, hồng berry hoặc tím plum là những lựa chọn tuyệt vời. Chúng giúp bạn trông cuốn hút dưới ánh đèn bar.
2.  **Chất son:** Son kem lì hoặc son thỏi có kết cấu mịn, lâu trôi sẽ giúp bạn không phải dặm lại son thường xuyên.
3.  **Lớp nền:** Đảm bảo môi đủ ẩm bằng cách thoa son dưỡng trước khi đánh son màu."
Tại sao nên dùng tẩy trang dạng dầu hạt hướng dương cho makeup lâu trôi?,"Dầu hạt hướng dương là lựa chọn tuyệt vời để tẩy trang makeup lâu trôi vì một số lý do:

1. **Khả năng hòa tan:** Dầu có khả năng hòa tan các sản phẩm makeup gốc dầu (như kem nền, son lì, mascara chống thấm nước) hiệu quả hơn nước, giúp loại bỏ chúng dễ dàng.
2. **Dịu nhẹ:** Dầu hạt hướng dương giàu vitamin E và axit béo, giúp làm mềm da, không gây kích ứng hay khô căng.
3. **An toàn:** So với các loại dầu khoáng, dầu hạt hướng dương tự nhiên hơn, ít gây bít tắc lỗ chân lông.
"
Cách nhận biết hộp phấn phủ dạng bột rời qua hình ảnh?,"Để nhận biết hộp phấn phủ dạng bột rời qua hình ảnh, bạn hãy chú ý các điểm sau:

1. **Kết cấu:** Phấn bột rời thường có bề mặt mịn, tơi, không nén chặt như phấn nén.
2. **Vỏ hộp:** Thường có nhiều lỗ nhỏ li ti trên nắp hộp để lấy phấn bằng cọ.
3. **Dạng phấn:** Khi nhìn kỹ, bạn sẽ thấy các hạt phấn rời rạc, không thành khối liền mạch.
4. **Phụ kiện:** Thường đi kèm với bông phấn hoặc cọ để lấy và tán phấn.
"
Cách tạo makeup cho buổi đi thăm di tích văn hóa?,"Chào bạn, để có một lớp makeup phù hợp khi đi thăm di tích văn hóa, bạn nên ưu tiên sự tự nhiên, nhẹ nhàng.

1.  **Chuẩn bị da:** Dưỡng ẩm kỹ để da không bị khô ráp.
2.  **Nền:** Dùng kem nền mỏng, nhẹ, che khuyết điểm vừa đủ.
3.  **Mắt:** Phấn mắt màu nude hoặc nâu nhạt, kẻ mắt mảnh, mascara nhẹ nhàng.
4.  **Má:** Phấn má hồng đào hoặc cam đất để có vẻ tươi tắn.
5.  **Môi:** Son nude hoặc màu hồng pastel.

Tránh makeup quá đậm để thể hiện sự tôn trọng với di tích và không làm mình bị ""lạc lõng"" trong không gian lịch sử."
Cách nhận biết chai sữa rửa mặt có chứa chiết xuất cây trà qua hình ảnh?,"Để nhận biết sữa rửa mặt có chiết xuất cây trà qua hình ảnh, bạn hãy chú ý các điểm sau:

1. **Màu sắc:** Sản phẩm thường có màu xanh lá cây nhạt hoặc trong suốt, gợi liên tưởng đến lá trà.
2. **Hình ảnh trên bao bì:** Các nhà sản xuất thường in hình lá trà (tea tree leaves) hoặc dòng chữ ""Tea Tree Oil"" rõ ràng.
3. **Thành phần (ingredients):** Kiểm tra danh sách thành phần, tìm các từ khóa như ""Melaleuca alternifolia leaf extract"" (chiết xuất lá cây trà) hoặc ""Tea Tree Oil"".
"
Cách tạo makeup cho buổi đi ngắm hoa lavender vào mùa hè?,"Để có makeup dịu dàng cho buổi đi ngắm hoa lavender mùa hè, bạn nên ưu tiên vẻ tự nhiên, tươi tắn.

1.  **Chuẩn bị da:** Dưỡng ẩm kỹ để da căng bóng.
2.  **Nền:** Dùng kem nền mỏng nhẹ, hoặc BB cream để lớp nền trong trẻo.
3.  **Mắt:** Phấn mắt tím lavender nhạt tán đều, kết hợp chút ánh nhũ.
4.  **Má:** Hồng đào hoặc cam đào nhẹ nhàng.
5.  **Môi:** Son dưỡng ẩm hoặc son tint màu hồng baby.

Lý do: Màu tím lavender nên được làm điểm nhấn nhẹ nhàng, tránh quá đậm để không lấn át vẻ đẹp của hoa.
"
Tại sao nên dùng kem lót có chứa chiết xuất hạt bơ cho da khô?,"Kem lót chứa chiết xuất hạt bơ rất lý tưởng cho da khô vì một số lý do: Hạt bơ giàu vitamin E và axit béo, giúp dưỡng ẩm sâu và làm mềm da ngay lập tức. Điều này tạo một lớp nền mịn màng, giúp kem nền bám tốt hơn, tránh tình trạng bong tróc hoặc mốc. Ngoài ra, chiết xuất hạt bơ còn có khả năng làm dịu da, giảm kích ứng, phù hợp với những làn da nhạy cảm, dễ bị khô căng.
"
Cách chọn cọ để tán phấn mắt cho mắt dài?,"Với mắt dài, bạn nên chọn cọ tán phấn mắt có hình dáng dẹt, đầu cọ hơi vát và không quá to. Cọ này giúp bạn dễ dàng kiểm soát lượng phấn và tán đều màu trên bầu mắt, tránh tạo cảm giác mắt bị kéo dài thêm. Nên ưu tiên cọ sợi tự nhiên mềm mại để phấn lên màu chuẩn và không gây kích ứng da. Bạn có thể dùng thêm cọ blending nhỏ để làm mờ đường viền, tạo chiều sâu cho mắt.
"
Cách nhận biết lọ serum có chứa chiết xuất hoa cúc vạn thọ qua hình ảnh?,"Để nhận biết serum chứa chiết xuất hoa cúc vạn thọ qua hình ảnh, bạn có thể dựa vào những dấu hiệu sau:

1. **Màu sắc:** Serum thường có màu vàng nhạt hoặc cam vàng, đặc trưng của hoa cúc vạn thọ.
2. **Thành phần:** Kiểm tra danh sách thành phần, tìm các tên như ""Marigold Extract"", ""Calendula Officinalis Flower Extract"" hoặc ""Cúc Vạn Thọ"".
3. **Hình ảnh trên bao bì:** Nhiều sản phẩm sẽ in hình hoa cúc vạn thọ lên bao bì để nhấn mạnh thành phần này.
"
Kỹ thuật makeup 'midnight sparkle' là gì?,"Kỹ thuật makeup ""Midnight Sparkle"" tập trung vào đôi mắt lấp lánh, tạo hiệu ứng lung linh như bầu trời đêm. 

**Các bước thực hiện:**

1.  **Phấn mắt:** Sử dụng phấn mắt màu tối (đen, xám, xanh navy) làm nền.
2.  **Nhũ:** Thêm nhũ lấp lánh (bạc, xanh, tím) lên bầu mắt, tập trung ở giữa và hốc mắt.
3.  **Kẻ mắt:** Kẻ mắt mèo sắc sảo với eyeliner đen.
4.  **Mascara:** Chải mascara dày và dài.
5.  **Highlight:** Đánh highlight ở khóe mắt và dưới chân mày để tăng độ sáng.

Kỹ thuật này phù hợp với các buổi tiệc tối hoặc sự kiện đặc biệt.
"
Cách tạo makeup cho buổi đi xem lễ hội đèn lồng vào ban đêm?,"Để có makeup phù hợp đi lễ hội đèn lồng đêm, bạn nên ưu tiên sự lấp lánh và nổi bật.

1.  **Nền:** Chọn nền có độ che phủ vừa phải, kết hợp highlighter ở gò má, sống mũi để bắt sáng.
2.  **Mắt:** Sử dụng phấn mắt màu đồng, cam hoặc tím, thêm nhũ lấp lánh. Kẻ eyeliner và mascara để đôi mắt thêm sâu.
3.  **Môi:** Son màu đỏ cam, hồng san hô hoặc màu berry sẽ rất hợp.
4.  **Má:** Phấn má hồng màu đào hoặc cam san hô để khuôn mặt tươi tắn.

Lưu ý: Giữ lớp makeup nhẹ nhàng, tránh quá dày để không bị bí bách khi trời tối.
"
Cách chọn son môi cho buổi tiệc tối trên du thuyền?,"Để chọn son môi cho buổi tiệc tối trên du thuyền, bạn nên ưu tiên các màu son đậm và có chút ánh nhũ để nổi bật dưới ánh đèn. Đỏ ruby, hồng đất, hoặc cam đất là những lựa chọn an toàn và sang trọng.

**Bước 1:** Chọn màu son phù hợp với tông da.
**Bước 2:** Ưu tiên chất son lì hoặc bán lì để giữ màu lâu, tránh tình trạng son lem khi ăn uống.
**Bước 3:** Nếu muốn, bạn có thể dùng thêm son bóng có nhũ nhẹ để đôi môi thêm căng mọng và thu hút.
"
Tại sao nên dùng phấn má hồng dạng cream cho da khô?,"Với da khô, phấn má hồng dạng kem là lựa chọn tuyệt vời vì một số lý do:

1. **Độ ẩm:** Công thức kem chứa dầu và dưỡng chất giúp cấp ẩm, tránh làm da bị khô căng.
2. **Hiệu ứng tự nhiên:** Chất kem dễ dàng hòa quyện vào da, tạo hiệu ứng má ửng hồng tự nhiên, khỏe khoắn hơn so với phấn bột.
3. **Độ bám tốt:** Dễ dàng bám dính trên da khô, giúp màu má bền lâu.

Nên chọn loại có thành phần dưỡng ẩm như hyaluronic acid hoặc glycerin để đạt hiệu quả tốt nhất.
"
Cách nhận biết cây cọ tán phấn mắt dạng blending lớn qua hình ảnh?,"Để nhận biết cọ tán phấn mắt blending lớn qua hình ảnh, bạn hãy chú ý các điểm sau:

1. **Hình dáng:** Đầu cọ tròn, xoe và mềm mại, lông cọ dài và thưa.
2. **Kích thước:** Lớn hơn các cọ tán phấn mắt khác, thường có đường kính từ 1.5cm trở lên.
3. **Lông cọ:** Lông tự nhiên hoặc tổng hợp mềm mại, không gây kích ứng da.

Cọ blending lớn dùng để làm mờ đường viền phấn, tạo chiều sâu cho mắt và giúp phấn hòa quyện vào nhau tự nhiên hơn.
"
Cách tạo makeup cho buổi đi trượt tuyết vào ban ngày?,"Để có lớp makeup đi trượt tuyết ban ngày hoàn hảo, bạn cần ưu tiên sự bền vững và bảo vệ da.

1. **Dưỡng ẩm:** Thoa kem dưỡng ẩm đậm đặc để bảo vệ da khỏi khô ráp do thời tiết lạnh.
2. **Chống nắng:** Sử dụng kem chống nắng phổ rộng, chỉ số SPF cao (30+) ngay cả khi trời nhiều mây.
3. **Makeup nhẹ nhàng:** Chọn BB cream hoặc phấn nền mỏng nhẹ, kết hợp với má hồng kem để tạo vẻ tươi tắn.
4. **Chống thấm nước:** Sử dụng mascara và eyeliner chống thấm nước để tránh lem.
5. **Son dưỡng:** Đừng quên son dưỡng ẩm có SPF để bảo vệ môi.
"
Cách nhận biết lọ kem dưỡng da có chứa chiết xuất hoa sen qua hình ảnh?,"Để nhận biết kem dưỡng da có chiết xuất hoa sen qua hình ảnh, bạn có thể chú ý các điểm sau:

1. **Hình ảnh hoa sen:** Bao bì thường in hình hoa sen trắng, hồng hoặc xanh.
2. **Màu sắc sản phẩm:** Kem có thể có màu trắng ngà, hoặc hơi ánh hồng như màu hoa sen.
3. **Từ khóa:** Tìm các từ như ""Lotus"", ""Hoa Sen"", ""Nelumbo nucifera"" trên bao bì.
4. **Mô tả:** Đọc kỹ mô tả thành phần, thường ghi rõ ""chiết xuất hoa sen"" hoặc công dụng liên quan đến làm dịu, cấp ẩm.
"
Cách nhận biết chai xịt dưỡng da có chứa chiết xuất táo qua hình ảnh?,"Để nhận biết chai xịt dưỡng da có chứa chiết xuất táo qua hình ảnh, bạn có thể chú ý các điểm sau:

1. **Màu sắc:** Sản phẩm thường có màu trong suốt hoặc vàng nhạt, gợi liên tưởng đến màu của táo.
2. **Hình ảnh trên bao bì:** Các nhà sản xuất thường in hình quả táo hoặc các yếu tố liên quan đến vườn táo để nhấn mạnh thành phần.
3. **Từ khóa:** Tìm các từ như ""Apple extract"", ""Chiết xuất táo"", ""Táo xanh"" trên nhãn sản phẩm.
4. **Mô tả:** Đọc kỹ mô tả sản phẩm để xem có đề cập đến công dụng từ chiết xuất táo như cấp ẩm, làm dịu da hay không.
"
Cách tạo makeup cho buổi đi xem phim lãng mạn vào buổi tối?,"Để có lớp trang điểm nhẹ nhàng, lãng mạn cho buổi xem phim tối, bạn hãy thực hiện các bước sau:

1. **Chuẩn bị da:** Dưỡng ẩm kỹ để da căng mịn.
2. **Nền:** Dùng kem nền mỏng, nhẹ để che khuyết điểm, tạo lớp da tự nhiên.
3. **Mắt:** Phủ phấn mắt màu hồng đào hoặc nâu nhạt, kẻ eyeliner mảnh và chuốt mascara.
4. **Má:** Thêm chút má hồng đào để khuôn mặt ửng hồng.
5. **Môi:** Chọn son bóng hoặc son kem màu hồng san hô, nude để đôi môi căng mọng.

Lưu ý: Ưu tiên sự tự nhiên, tránh trang điểm quá đậm.
"
Kỹ thuật makeup 'smokey garnet' là gì?,"Kỹ thuật makeup ""Smokey Garnet"" là một biến thể của smokey eyes cổ điển, nhưng sử dụng các tông màu đỏ garnet (đỏ ruby đậm) thay vì đen hoặc xám. 

**Các bước thực hiện:**

1.  **Tạo lớp nền:** Phủ phấn mắt màu nude nhạt toàn bầu mắt.
2.  **Đánh màu đậm:** Dùng cọ blending đánh màu đỏ garnet đậm vào hốc mắt và đuôi mắt.
3.  **Xoá viền:** Mờ dần màu đỏ ra ngoài để tạo hiệu ứng chuyển màu mềm mại.
4.  **Highlight:** Thêm chút phấn nhũ vàng hoặc champagne ở khóe mắt và dưới chân mày.
5.  **Hoàn thiện:** Kẻ eyeliner và mascara để tăng độ sâu cho đôi mắt.

Smokey Garnet mang đến vẻ đẹp quyến rũ, ấm áp và khác biệt.
"
Cách chọn son môi cho buổi họp mặt bạn bè tại nhà?,"Chào bạn! Để chọn son cho buổi họp mặt bạn bè tại nhà, ưu tiên sự thoải mái và tự nhiên nhé.

1.  **Chọn chất son:** Son dưỡng, son tint hoặc son kem lì ẩm là lựa chọn tốt, tránh son lì quá khô.
2.  **Màu sắc:** Các màu hồng đào, cam san hô, hoặc màu nude gần với màu môi tự nhiên sẽ giúp bạn trông tươi tắn mà không quá nổi bật.
3.  **Độ bám màu:** Ưu tiên son có độ bám màu vừa phải, để bạn thoải mái ăn uống, trò chuyện mà không cần dặm lại liên tục."
Tại sao nên dùng phấn phủ dạng bột nén cho da hỗn hợp?,"Phấn phủ dạng bột nén là lựa chọn lý tưởng cho da hỗn hợp vì khả năng kiểm soát dầu thừa ở vùng chữ T (trán, mũi, cằm) hiệu quả, đồng thời vẫn đủ ẩm để không làm khô vùng da còn lại. Kết cấu mỏng nhẹ giúp lớp trang điểm không bị cakey, tự nhiên hơn. Nên chọn phấn không chứa dầu (oil-free) và có chỉ số SPF để bảo vệ da nhé!
"
Cách nhận biết lọ kem nền dạng lỏng có SPF 30 qua hình ảnh?,"Để nhận biết kem nền lỏng có SPF 30 qua hình ảnh, bạn hãy chú ý các điểm sau:

1. **Nhãn mác:** Tìm dòng chữ ""SPF 30"" hoặc ""Broad Spectrum"" (phổ rộng) trên bao bì.
2. **Kết cấu:** Kem nền lỏng thường có texture nhẹ, dễ dàng đổ ra từ vòi hoặc ống.
3. **Dung tích:** Kem nền có SPF thường có dung tích nhỏ hơn các loại kem nền thông thường (khoảng 30ml).
4. **Mô tả:** Các từ khóa như ""kem nền dưỡng da"", ""kem nền chống nắng"" cũng là dấu hiệu nhận biết.
"
Cách tạo makeup cho buổi đi ngắm hoa cải vàng vào mùa đông?,"Để có makeup dịu dàng, phù hợp ngắm hoa cải vàng mùa đông, bạn nên ưu tiên vẻ tự nhiên.

1.  **Nền:** Dưỡng ẩm kỹ, dùng kem nền mỏng nhẹ, che khuyết điểm vừa đủ.
2.  **Mắt:** Phấn mắt tone cam đất, nâu vàng ấm áp. Kẻ mắt mảnh, dùng mascara nâu hoặc đen tự nhiên.
3.  **Má:** Phấn má hồng đào hoặc cam san hô, đánh nhẹ nhàng để có gò má ửng hồng.
4.  **Môi:** Son dưỡng hoặc son tint màu cam san hô, hồng đào.

Lý do: Màu sắc này hài hòa với sắc vàng của hoa cải, tạo cảm giác ấm áp, tươi trẻ."
Kỹ thuật makeup 'soft opal' là gì?,"Kỹ thuật makeup ""soft opal"" tập trung tạo vẻ ngoài trong trẻo, tự nhiên với ánh ngọc trai óng ánh. 

**Các bước chính:**

1.  **Da:** Dưỡng ẩm kỹ, dùng kem nền mỏng nhẹ, che khuyết điểm vừa đủ.
2.  **Mắt:** Phủ phấn mắt màu ngọc trai/hồng nhạt lên bầu mắt, nhấn nhá bằng chút nhũ.
3.  **Má:** Sử dụng phấn má hồng đào/hồng san hô, đánh nhẹ nhàng để có vẻ ửng hồng tự nhiên.
4.  **Môi:** Son dưỡng hoặc son tint màu hồng baby/cam đào.

Mục đích là làm nổi bật vẻ đẹp tự nhiên, không quá cầu kỳ, tạo cảm giác tươi tắn, thanh khiết.
"
Cách nhận biết chai tẩy trang dạng dầu kép qua hình ảnh?,"Để nhận biết tẩy trang dạng dầu kép qua hình ảnh, bạn chú ý các điểm sau:

1. **Hai lớp màu:** Chai tẩy trang dầu kép thường có hai lớp chất lỏng tách biệt rõ ràng - một lớp dầu trong suốt và một lớp màu sữa hoặc trắng đục.
2. **Nhãn sản phẩm:** Nhãn thường ghi rõ ""Biphase"" (hai pha) hoặc ""Oil-based makeup remover"" (tẩy trang gốc dầu).
3. **Hướng dẫn lắc:** Chai thường có hướng dẫn ""Lắc đều trước khi dùng"" để trộn lẫn hai lớp dầu.
"
Cách chọn son môi cho buổi đi xem triển lãm thời trang cao cấp?,"Để chọn son môi phù hợp cho buổi xem triển lãm thời trang cao cấp, bạn nên ưu tiên sự tinh tế và sang trọng. 

**Bước 1:** Xác định tông da. Da sáng hợp các màu hồng đào, cam san hô. Da trung bình hợp đỏ gạch, hồng đất. Da ngăm hợp đỏ rượu, nâu đất.
**Bước 2:** Chọn chất son lì hoặc satin để giữ màu lâu và tạo vẻ đẳng cấp.
**Bước 3:** Màu sắc nên trung tính hoặc trầm ấm như đỏ burgundy, nude, hoặc hồng nude để không làm phân tâm khỏi bộ trang phục và tổng thể sự kiện.
"
Tại sao nên dùng xịt khoáng có chứa chiết xuất chanh trước makeup?,"Xịt khoáng chứa chiết xuất chanh trước makeup là một bước chuẩn bị da tuyệt vời! Axit citric trong chanh giúp cân bằng độ pH, làm dịu da và se khít lỗ chân lông tạm thời, tạo bề mặt mịn màng cho lớp nền bám tốt hơn. Đồng thời, chanh còn có khả năng làm sáng da nhẹ nhàng, giúp lớp makeup tươi tắn hơn. Tuy nhiên, cần lưu ý chọn sản phẩm có nồng độ phù hợp để tránh gây kích ứng.
"
Cách nhận biết hộp phấn mắt dạng cream lỏng qua hình ảnh?,"Để nhận biết hộp phấn mắt dạng cream lỏng qua hình ảnh, bạn hãy chú ý các điểm sau:

1. **Kết cấu:** Phấn mắt cream lỏng thường có bề mặt bóng nhẹ, không phải dạng bột khô.
2. **Hộp đựng:** Thường được đựng trong lọ thủy tinh hoặc hộp nhựa nhỏ với nắp kín để giữ độ ẩm.
3. **Màu sắc:** Màu sắc thường đậm đà, sắc nét hơn so với phấn mắt bột.
4. **Dung tích:** Thường có dung tích nhỏ (từ 2-5ml) vì chất lỏng dễ sử dụng hết.
"
Cách tạo makeup cho buổi đi ăn trưa ở nhà hàng Pháp?,"Để có một lớp trang điểm tinh tế cho buổi ăn trưa tại nhà hàng Pháp, hãy bắt đầu với lớp nền nhẹ nhàng, che khuyết điểm vừa đủ. Tiếp theo, đánh má hồng đào hoặc hồng san hô để tạo vẻ tươi tắn. Mắt nên tập trung vào sự tự nhiên với phấn mắt màu nude hoặc nâu nhạt, kết hợp mascara nhẹ nhàng. Son môi màu hồng đất hoặc đỏ cam sẽ hoàn thiện vẻ đẹp thanh lịch, phù hợp với không gian nhà hàng Pháp.
"
Kỹ thuật makeup 'smokey aquamarine' là gì?,"Kỹ thuật ""Smokey Aquamarine"" là kiểu trang điểm mắt khói sử dụng tông màu xanh ngọc lam (aquamarine) thay vì các màu truyền thống như đen, xám. 

**Các bước thực hiện:**

1.  **Tạo lớp nền:** Sử dụng phấn mắt màu trắng ngà hoặc kem để làm sáng vùng mắt.
2.  **Xây dựng màu:** Bắt đầu với màu xanh ngọc lam nhạt ở hốc mắt, tăng dần độ đậm về phía đuôi mắt.
3.  **Pha trộn:** Dùng cọ hòa trộn để làm mờ ranh giới màu, tạo hiệu ứng chuyển màu mềm mại.
4.  **Hoàn thiện:** Kẻ mắt nước hoặc chì đen, chuốt mascara và có thể thêm chút nhũ để tăng độ lấp lánh.

Kiểu trang điểm này phù hợp với những cô nàng có đôi mắt sáng màu.
"
Cách nhận biết lọ kem dưỡng mắt có chứa chiết xuất trà đen qua hình ảnh?,"Để nhận biết kem dưỡng mắt có chiết xuất trà đen qua hình ảnh, bạn hãy chú ý các điểm sau:

1. **Màu sắc:** Kem thường có màu từ trắng ngà đến nâu nhạt, đôi khi hơi xám do sắc tố tự nhiên của trà đen.
2. **Thành phần:** Kiểm tra danh sách thành phần trên bao bì, tìm các từ khóa như ""Camellia Sinensis Leaf Extract"" (chiết xuất lá trà đen), ""Black Tea Extract"" hoặc ""Thea Sinensis Leaf Extract"".
3. **Hình ảnh:** Một số sản phẩm sẽ có hình ảnh lá trà đen hoặc tách trà trên bao bì để nhấn mạnh thành phần này.
"
Cách chọn son môi cho buổi đi ăn tối ở nhà hàng trên cao?,"Để chọn son môi cho buổi đi ăn tối ở nhà hàng trên cao, bạn nên ưu tiên những màu son có chiều sâu và sự sang trọng.

1.  **Chọn màu:** Đỏ rượu, đỏ gạch, hồng đất, hoặc nude đào là những lựa chọn tuyệt vời. Tránh các màu quá sặc sỡ hoặc quá nhạt.
2.  **Chất son:** Son kem lì hoặc son satin sẽ giúp đôi môi trông đầy đặn và giữ màu lâu hơn trong suốt bữa tối.
3.  **Lý do:** Ánh sáng trong nhà hàng thường khá dịu, những màu son trầm ấm sẽ giúp bạn nổi bật và thu hút hơn.
"
Cách nhận biết hộp phấn highlighter dạng bột rời qua hình ảnh?,"Để nhận biết hộp phấn highlighter dạng bột rời qua hình ảnh, bạn hãy chú ý các điểm sau:

1. **Kết cấu:** Phấn bột rời thường có vẻ mịn, tơi và không nén chặt như phấn nén.
2. **Bao bì:** Thường là hộp tròn hoặc vuông với nắp đậy, có thể có kèm cọ hoặc không.
3. **Màu sắc:** Màu sắc đa dạng, từ trắng ngà, champagne, hồng ngọc đến vàng gold, thường có ánh nhũ.
4. **Ánh nhũ:** Quan sát kỹ, phấn highlighter bột rời sẽ có các hạt nhũ lấp lánh rõ ràng.
"
Cách tạo makeup cho buổi đi xem concert ngoài trời?,"Để có makeup phù hợp đi concert ngoài trời, bạn cần ưu tiên sự bền vững và nổi bật.

1.  **Chuẩn bị da:** Dưỡng ẩm kỹ để lớp nền bám tốt.
2.  **Nền:** Chọn foundation lì, chống thấm nước, thoa mỏng và dùng thêm phấn phủ để khóa.
3.  **Mắt:** Sử dụng mắt nhũ lấp lánh hoặc màu đậm, kết hợp eyeliner và mascara chống lem.
4.  **Má & Môi:** Má hồng và son môi tone màu nổi bật, bền màu.
5.  **Khóa lớp makeup:** Xịt khóa makeup để giữ lớp trang điểm lâu trôi dưới ánh nắng và nhiệt độ cao."
Kỹ thuật makeup 'peach shimmer' is gì?,"""Peach shimmer"" là kỹ thuật trang điểm tạo hiệu ứng làn da căng bóng, khỏe khoắn với tông màu đào ấm áp. 

**Các bước thực hiện:**

1.  **Chuẩn bị da:** Dưỡng ẩm kỹ lưỡng.
2.  **Kem nền:** Chọn kem nền có độ che phủ nhẹ đến trung bình.
3.  **Highlight:** Sử dụng highlighter màu đào (peach) ở gò má, sống mũi, nhân trung, và khóe mắt.
4.  **Phấn má hồng:** Thêm một chút phấn má hồng đào để tăng độ ấm áp.
5.  **Xịt khóa:** Xịt khóa để giữ lớp makeup bền lâu và tăng độ bóng khỏe.

Kỹ thuật này phù hợp với mọi tông da, đặc biệt là da ngăm, giúp da trông tươi sáng và rạng rỡ hơn.
"
Cách nhận biết chai xịt dưỡng da có chứa chiết xuất hoa phong lan qua hình ảnh?,"Để nhận biết chai xịt dưỡng da có chứa chiết xuất hoa phong lan qua hình ảnh, bạn có thể chú ý các điểm sau:

1. **Hình ảnh trên bao bì:** Các sản phẩm thường in hình hoa phong lan (lan hồ điệp, lan Cattleya...) trực quan trên chai.
2. **Tên gọi:** Tìm các từ khóa như ""Orchid"", ""Lan"", ""Orchid Extract"" trong tên sản phẩm hoặc mô tả.
3. **Màu sắc:** Bao bì thường sử dụng các gam màu liên quan đến hoa lan như tím, trắng, hồng nhạt.
4. **Thành phần:** Kiểm tra danh sách thành phần, tìm các chiết xuất từ hoa lan (Orchid Extract, Cymbidium Grandiflorum Flower Extract...).
"
Cách chọn cọ để tán kem che khuyết điểm cho vùng mụn nhỏ?,"Để tán kem che khuyết điểm lên vùng mụn nhỏ, bạn nên chọn cọ nhỏ, đầu bằng và lông mềm mại. Cọ đầu bằng giúp bạn kiểm soát lượng sản phẩm tốt hơn, tránh làm dày lớp kem. Lông mềm mại sẽ không gây kích ứng da mụn nhạy cảm. Bạn có thể dùng cọ che khuyết điểm (concealer brush) hoặc cọ mắt nhỏ, tỉa vát nhẹ để dễ dàng che phủ các nốt mụn một cách chính xác.
"
Tại sao nên dùng son dưỡng có chứa dầu hạt mè trước son bóng?,"Chào bạn,

Việc sử dụng son dưỡng có dầu hạt mè trước son bóng là một mẹo nhỏ hữu ích đấy! Dầu hạt mè giàu vitamin E và axit béo, giúp làm mềm môi, giảm tình trạng khô bong tróc. Khi môi đủ ẩm, son bóng sẽ lên màu chuẩn hơn, bám lâu hơn và không bị ""nhấn"" vào các rãnh môi gây lộ khuyết điểm. Đồng thời, lớp dầu này còn tạo một lớp đệm bảo vệ môi khỏi các thành phần có thể gây khô của son bóng.
"
Cách nhận biết lọ kem dưỡng da ban ngày có chứa chiết xuất trà trắng qua hình ảnh?,"Để nhận biết kem dưỡng da ban ngày có chiết xuất trà trắng qua hình ảnh, bạn có thể chú ý các điểm sau:

1. **Màu sắc:** Kem thường có màu trắng ngà hoặc trong suốt, đôi khi hơi ánh xanh nhạt.
2. **Bao bì:** Sản phẩm thường ghi rõ ""trà trắng"", ""white tea"" hoặc tên khoa học *Camellia sinensis* trên bao bì.
3. **Hình ảnh:** Một số sản phẩm sẽ in hình lá trà trắng hoặc hoa trà trên bao bì để nhấn mạnh thành phần.
4. **Kết cấu:** Kem thường mỏng nhẹ, dễ thẩm thấu, phù hợp sử dụng ban ngày.
"
Cách chọn son môi cho buổi đi ăn sáng ở quán trà sữa?,"Để chọn son môi phù hợp cho buổi đi ăn sáng ở quán trà sữa, bạn nên ưu tiên những màu sắc tự nhiên, tươi tắn. Các lựa chọn lý tưởng bao gồm:

1.  **Son nude:** Nhẹ nhàng, thanh lịch, phù hợp với mọi loại trang phục.
2.  **Son hồng đào/hồng san hô:** Tạo cảm giác trẻ trung, năng động, rất hợp với không khí quán trà sữa.
3.  **Son cam đất:** Màu sắc trendy, dễ phối đồ, giúp bạn trông ấm áp và gần gũi hơn.

Chất son nên chọn loại có dưỡng ẩm để đôi môi luôn căng mọng, tránh bị khô.
"
Cách nhận biết cây cọ tán phấn mắt dạng precision qua hình ảnh?,"Để nhận biết cọ tán phấn mắt dạng precision qua hình ảnh, bạn hãy chú ý các điểm sau:

1. **Kích thước:** Cọ precision thường nhỏ, đầu cọ thon, mảnh.
2. **Hình dáng lông:** Lông cọ thường được cắt vát hoặc tròn, giúp tập trung phấn vào vùng mắt nhỏ.
3. **Mật độ lông:** Lông cọ dày vừa phải, không quá thưa cũng không quá dày.
4. **Tay cầm:** Thường có tay cầm ngắn để dễ kiểm soát.

Những đặc điểm này giúp cọ precision tán phấn mắt chính xác, tạo chiều sâu cho đôi mắt.
"
Cách tạo makeup cho buổi đi xem phim tình cảm vào ban ngày?,"Để có lớp trang điểm nhẹ nhàng, phù hợp đi xem phim tình cảm ban ngày, bạn hãy thực hiện các bước sau:

1. **Kem nền/BB cream:** Chọn loại có độ che phủ nhẹ, giúp da đều màu tự nhiên.
2. **Phấn má hồng:** Tô nhẹ nhàng màu hồng đào hoặc cam san hô để khuôn mặt tươi tắn.
3. **Mascara:** Chuốt nhẹ nhàng để mở to đôi mắt.
4. **Son môi:** Chọn son tint hoặc son dưỡng có màu nhẹ nhàng như hồng baby, cam đất.

Lý do: Trang điểm quá đậm có thể không thoải mái khi xem phim, còn kiểu trang điểm này giúp bạn trông tự nhiên, xinh xắn và tươi tắn.
"
Kỹ thuật makeup 'velvet coral' là gì?,"Kỹ thuật makeup ""velvet coral"" là xu hướng trang điểm tập trung vào vẻ đẹp mềm mại, ấm áp với tông màu san hô làm chủ đạo. 

**Các bước thực hiện:**

1.  **Nền:** Sử dụng kem nền ẩm mịn, nhẹ nhàng.
2.  **Màu mắt:** Phủ màu san hô nhạt lên bầu mắt, nhấn nhá bằng nâu đất.
3.  **Má hồng:** Chọn má hồng san hô, tán đều để tạo độ ửng hồng tự nhiên.
4.  **Son môi:** Sử dụng son san hô hoặc cam san hô, chất son lì hoặc satin.

Kỹ thuật này tạo hiệu ứng ""da nhung"" mềm mại, tươi trẻ và phù hợp với nhiều tông da.
"
Cách nhận biết chai tẩy trang dạng micellar nhẹ qua hình ảnh?,"Để nhận biết tẩy trang micellar nhẹ qua hình ảnh, bạn hãy chú ý các điểm sau:

1. **Kết cấu:** Chai thường trong suốt, thấy rõ chất lỏng màu xanh nhạt hoặc không màu.
2. **Bao bì:** Thường có chữ ""Micellar Water"" hoặc ""Eau Micellaire"" nổi bật.
3. **Nhãn mác:** Ghi rõ công dụng ""dành cho da nhạy cảm"", ""không cồn"", ""không hương liệu"" nếu là loại dịu nhẹ.
4. **Dung tích:** Thường có các dung tích nhỏ (100-200ml) để dùng thử.
"
Tại sao nên dùng phấn phủ dạng bột nén cho da mụn?,"Phấn phủ dạng bột nén là lựa chọn tốt cho da mụn vì khả năng kiểm soát dầu thừa hiệu quả, giúp hạn chế tình trạng bít tắc lỗ chân lông – nguyên nhân chính gây mụn. Kết cấu mỏng nhẹ của phấn không gây nặng mặt, đồng thời nhiều sản phẩm còn chứa các thành phần kháng viêm, giúp làm dịu da. Nên chọn phấn không chứa dầu (oil-free) và có chỉ số SPF để bảo vệ da nhé!
"
Cách nhận biết hộp phấn mắt dạng powder nhũ qua hình ảnh?,"Để nhận biết hộp phấn mắt powder nhũ qua hình ảnh, bạn hãy chú ý các điểm sau:

1. **Bề mặt:** Phấn nhũ thường có bề mặt lấp lánh, ánh nhũ rõ ràng ngay cả khi nhìn trực diện.
2. **Ánh sáng:** Khi có ánh sáng chiếu vào, phấn nhũ sẽ bắt sáng và tạo ra hiệu ứng lấp lánh, lung linh.
3. **Màu sắc:** Màu sắc của phấn nhũ thường có chiều sâu và đa dạng hơn do sự phản xạ của ánh sáng từ các hạt nhũ.
4. **Kết cấu:** Quan sát kỹ, bạn sẽ thấy các hạt phấn nhỏ li ti có ánh nhũ.
"
Cách tạo makeup cho buổi đi ngắm hoa mai vào mùa xuân?,"Để có một lớp trang điểm tươi tắn đi ngắm hoa mai, bạn nên ưu tiên vẻ tự nhiên, rạng rỡ.

1.  **Chuẩn bị da:** Dưỡng ẩm kỹ để da căng bóng.
2.  **Nền:** Dùng kem nền mỏng nhẹ, che khuyết điểm vừa đủ.
3.  **Màu mắt:** Chọn phấn mắt tone hồng đào, cam đất nhẹ nhàng.
4.  **Má hồng:** Tô má hồng tone hồng san hô để tăng độ ửng hồng tự nhiên.
5.  **Son:** Son hồng baby hoặc cam san hô sẽ hoàn thiện vẻ ngoài tươi trẻ.

Tránh makeup quá đậm, hãy để vẻ đẹp tự nhiên của bạn hòa quyện cùng sắc xuân!
"
Cách nhận biết chai xịt dưỡng da có chứa chiết xuất hoa hồng qua hình ảnh?,"Để nhận biết chai xịt dưỡng da có chứa chiết xuất hoa hồng qua hình ảnh, bạn có thể chú ý các điểm sau:

1. **Màu sắc:** Sản phẩm thường có màu hồng nhạt hoặc trong suốt với ánh hồng.
2. **Hình ảnh:** Bao bì thường in hình hoa hồng hoặc các họa tiết liên quan đến hoa hồng.
3. **Thành phần:** Kiểm tra danh sách thành phần, tìm các từ khóa như ""Rosa Damascena Flower Water"" (nước hoa hồng Damask), ""Rose Extract"" (chiết xuất hoa hồng), hoặc ""Rose Oil"" (dầu hoa hồng).
"
Cách chọn son môi cho buổi đi ăn tối ở nhà hàng rooftop?,"Để chọn son môi cho buổi đi ăn tối ở nhà hàng rooftop, bạn nên ưu tiên những màu sắc sang trọng, có chút bí ẩn.

1.  **Chọn màu:** Đỏ rượu, đỏ gạch, hồng đất hoặc nude đào là những lựa chọn tuyệt vời. Chúng tôn da và phù hợp với không khí lãng mạn.
2.  **Chất son:** Son kem lì hoặc son satin sẽ giữ màu tốt và không bị lem khi ăn uống.
3.  **Lưu ý:** Nếu trang phục của bạn nổi bật, hãy chọn son màu trung tính. Ngược lại, nếu trang phục đơn giản, bạn có thể chọn son màu đậm hơn."
Cách nhận biết cây cọ tán phấn highlighter dạng dome lớn qua hình ảnh?,"Để nhận biết cọ tán phấn highlighter dạng dome lớn qua hình ảnh, bạn hãy chú ý các điểm sau:

1. **Hình dáng:** Đầu cọ có hình bán cầu (dome) tròn trịa, lớn hơn các loại cọ highlighter thông thường.
2. **Kích thước:** Lông cọ dày, mềm mại và có đường kính lớn, thường từ 3-5cm.
3. **Màu sắc:** Thường có màu trắng, bạc hoặc vàng ánh kim, phù hợp với các sản phẩm highlighter.
4. **Mục đích:** Cọ này dùng để tán highlighter trên các vùng gò má, trán, sống mũi, giúp tạo hiệu ứng bắt sáng rõ rệt.
"
Cách tạo makeup cho buổi đi xem opera vào buổi tối?,"Để có một lớp trang điểm phù hợp khi đi xem opera vào buổi tối, bạn nên tập trung vào sự sang trọng và tinh tế.

1.  **Nền:** Sử dụng kem nền lì, che phủ tốt để có làn da hoàn hảo.
2.  **Mắt:** Phấn mắt màu trầm ấm như nâu, đồng hoặc tím burgundy, kết hợp với eyeliner đen và mascara.
3.  **Má:** Tô má hồng màu hồng đào hoặc cam đất để tạo vẻ ấm áp.
4.  **Môi:** Son môi đỏ ruby hoặc màu berry trầm sẽ là lựa chọn hoàn hảo.

Lưu ý: Opera thường diễn ra trong không gian lớn, cần trang điểm đậm hơn bình thường để đảm bảo khuôn mặt vẫn nổi bật.
"
Cách nhận biết lọ kem dưỡng da ban ngày có chứa chiết xuất lô hội qua hình ảnh?,"Để nhận biết kem dưỡng da ban ngày có chứa chiết xuất lô hội qua hình ảnh, bạn hãy chú ý các điểm sau:

1. **Màu sắc:** Kem lô hội thường có màu xanh nhạt hoặc trong suốt, không quá trắng.
2. **Thành phần:** Kiểm tra danh sách thành phần, lô hội thường được ghi là ""Aloe Barbadensis Leaf Juice"" hoặc ""Aloe Vera"".
3. **Hình ảnh trên bao bì:** Nhiều sản phẩm sẽ in hình lá lô hội để nhấn mạnh thành phần này.
4. **Kết cấu:** Kem lô hội thường có kết cấu mỏng nhẹ, dễ thẩm thấu.
"
Tại sao nên dùng tẩy trang dạng dầu hạt argan cho makeup chống nước?,"Dầu argan là lựa chọn tuyệt vời để tẩy trang makeup chống nước vì một số lý do:

1. **Khả năng hòa tan:** Dầu argan có cấu trúc dầu tự nhiên, giúp hòa tan các thành phần chống nước trong mỹ phẩm (như silicone, sáp) hiệu quả hơn so với các sản phẩm tẩy trang gốc nước.
2. **Dưỡng ẩm:** Dầu argan giàu vitamin E và axit béo, giúp làm mềm da, tránh tình trạng khô căng sau khi tẩy trang.
3. **Nhẹ dịu:** Dầu argan ít gây kích ứng, phù hợp với nhiều loại da, kể cả da nhạy cảm.
"
Cách tạo makeup cho buổi đi thăm chợ hoa truyền thống?,"Để có một lớp trang điểm phù hợp khi đi thăm chợ hoa, bạn nên ưu tiên sự tự nhiên, tươi tắn.

1.  **Chuẩn bị da:** Dưỡng ẩm kỹ để da căng bóng, mịn màng.
2.  **Nền:** Sử dụng kem nền mỏng nhẹ, che khuyết điểm vừa đủ.
3.  **Màu mắt:** Chọn gam màu pastel nhẹ nhàng như hồng đào, cam đất.
4.  **Má hồng:** Tô má hồng đào hoặc hồng san hô để tăng vẻ tươi tắn.
5.  **Son:** Son bóng hoặc son tint màu hồng, cam san hô là lựa chọn hoàn hảo.

Tránh trang điểm quá đậm để giữ được vẻ tự nhiên, thoải mái khi dạo chợ."
Cách nhận biết chai xịt dưỡng da có chứa chiết xuất chanh qua hình ảnh?,"Để nhận biết chai xịt dưỡng da chứa chiết xuất chanh qua hình ảnh, bạn có thể chú ý các điểm sau:

1. **Màu sắc:** Sản phẩm thường có màu vàng nhạt hoặc trong suốt với ánh vàng.
2. **Hình ảnh:** Bao bì có thể in hình quả chanh tươi, cây chanh hoặc các họa tiết liên quan đến cam quýt.
3. **Từ khóa:** Tìm các từ như ""Lemon"", ""Citrus"", ""Chanh"" trên nhãn sản phẩm.
4. **Thành phần:** Kiểm tra danh sách thành phần, tìm ""Citrus limon"" (tên khoa học của chanh) hoặc ""Lemon extract"".
"
Cách chọn son môi cho buổi đi ăn trưa ở quán cà phê ngoài trời?,"Để chọn son cho buổi đi ăn trưa cà phê ngoài trời, bạn nên ưu tiên những màu sắc tự nhiên, tươi tắn. Son nude, hồng đào, cam san hô hoặc đỏ cam sẽ là lựa chọn tuyệt vời. Chất son nên là son dưỡng, son tint hoặc son kem lì nhẹ để thoải mái khi ăn uống, tránh bị lem. Tránh các màu quá đậm hoặc chất son bóng vì có thể không phù hợp với không gian ngoài trời và dễ bị trôi.
"
Tại sao nên dùng kem lót có chứa chiết xuất hoa phong lan cho da nhạy cảm?,"Kem lót chứa chiết xuất hoa phong lan rất lý tưởng cho da nhạy cảm vì một số lý do. Phong lan giàu chất chống oxy hóa, giúp bảo vệ da khỏi các tác nhân gây hại từ môi trường. Đồng thời, chiết xuất này có khả năng làm dịu da, giảm kích ứng và mẩn đỏ. Kết cấu kem lót thường nhẹ, không gây bí bách, giúp làm mịn da và tạo lớp nền hoàn hảo cho trang điểm mà không làm nặng mặt.
"
Cách nhận biết cây cọ tán phấn mắt dạng flat blending qua hình ảnh?,"Để nhận biết cọ tán phấn mắt dạng flat blending qua hình ảnh, bạn hãy chú ý các điểm sau:

1. **Hình dáng:** Đầu cọ dẹt, bản rộng vừa phải, không quá to cũng không quá nhỏ.
2. **Lông cọ:** Lông cọ thường dày, mềm mại và được cắt thẳng, tạo mặt phẳng.
3. **Mục đích sử dụng:** Cọ này dùng để tán đều phấn mắt trên bầu mắt, tạo chuyển màu mờ ảo, nên hình dáng dẹt giúp dễ dàng kiểm soát và tán phấn.
"
Cách nhận biết lọ kem dưỡng da ban ngày có chứa chiết xuất trà xanh qua hình ảnh?,"Để nhận biết kem dưỡng da ban ngày có chứa chiết xuất trà xanh qua hình ảnh, bạn có thể chú ý các điểm sau:

1. **Màu sắc:** Kem thường có màu xanh nhạt hoặc trắng ngà, đôi khi hơi trong suốt.
2. **Hình ảnh trên bao bì:** Các sản phẩm thường in hình lá trà xanh, búp trà hoặc dòng chữ ""Green Tea"", ""Matcha"" (trà xanh Nhật Bản).
3. **Thành phần:** Kiểm tra danh sách thành phần, tìm các từ khóa như ""Camellia Sinensis Leaf Extract"" (chiết xuất lá trà xanh), ""Green Tea Extract"" (chiết xuất trà xanh).
"
Cách nhận biết hộp phấn mắt dạng nhũ lỏng qua hình ảnh?,"Để nhận biết hộp phấn mắt dạng nhũ lỏng qua hình ảnh, bạn hãy chú ý các điểm sau:

1. **Bề mặt:** Phấn nhũ lỏng thường có bề mặt bóng, ướt át, không khô ráo như phấn bột.
2. **Độ phản quang:** Nhũ lỏng có độ phản quang cao, lấp lánh ngay cả khi không có ánh sáng trực tiếp.
3. **Kết cấu:** Quan sát kỹ, bạn sẽ thấy kết cấu lỏng, có thể hơi đặc dính, khác với phấn mắt dạng bột mịn.
4. **Thành phần:** Nếu có thông tin, hãy tìm các từ khóa như ""liquid shimmer"", ""cream eyeshadow"" hoặc ""gel glitter"".
"
Cách tạo makeup cho buổi đi ngắm hoa cúc vào mùa thu?,"Để có một lớp trang điểm nhẹ nhàng, phù hợp đi ngắm hoa cúc mùa thu, bạn hãy thử các bước sau:

1.  **Nền:** Dùng kem nền mỏng nhẹ, màu nude hoặc hồng đào để da tự nhiên.
2.  **Mắt:** Phấn mắt màu cam đất, nâu vàng hoặc tím oải hương nhẹ nhàng. Kẻ mắt nâu mảnh, tránh đường kẻ quá sắc.
3.  **Má:** Phấn má hồng đào hoặc cam san hô để tạo vẻ tươi tắn.
4.  **Môi:** Son dưỡng có màu hoặc son tint màu hồng san hô, cam đất.

Lớp trang điểm này sẽ giúp bạn trông tươi trẻ, hòa hợp với khung cảnh mùa thu lãng mạn."
Cách nhận biết chai xịt dưỡng da có chứa chiết xuất hoa cúc qua hình ảnh?,"Để nhận biết xịt dưỡng da có chiết xuất hoa cúc qua hình ảnh, bạn hãy chú ý các điểm sau:

1. **Màu sắc:** Sản phẩm thường có màu vàng nhạt hoặc trắng đục, gợi liên tưởng đến màu hoa cúc.
2. **Hình ảnh trên bao bì:** Các nhà sản xuất thường in hình hoa cúc (chamomile) lên bao bì để nhấn mạnh thành phần.
3. **Từ khóa:** Tìm các từ như ""chamomile"", ""hoa cúc"", ""bisabolol"" (một thành phần có trong cúc) trên nhãn.
4. **Độ trong suốt:** Một số loại xịt chứa tinh dầu cúc có thể hơi đục.
"
Cách chọn son môi cho buổi đi ăn tối ở nhà hàng sang trọng?,"Để chọn son môi cho buổi đi ăn tối ở nhà hàng sang trọng, bạn nên ưu tiên những màu son tinh tế, trang nhã. 

**Bước 1:** Xác định tông da. Da sáng hợp đỏ tươi, hồng san hô; da trung bình hợp hồng đất, cam đất; da ngăm hợp đỏ rượu, nâu đất.
**Bước 2:** Chọn chất son lì hoặc satin để giữ màu lâu và tạo cảm giác sang trọng.
**Bước 3:** Tránh các màu quá nổi bật như neon hay quá nhạt như nude hoàn toàn. Một chút màu sắc trầm ấm sẽ giúp bạn thêm phần quyến rũ.
"
Cách nhận biết cây cọ tán phấn mắt dạng nhỏ qua hình ảnh?,"Để nhận biết cọ tán phấn mắt dạng nhỏ qua hình ảnh, bạn hãy chú ý các điểm sau:

1. **Kích thước:** Cọ thường nhỏ gọn, chiều dài lông cọ khoảng 0.8-1.5cm.
2. **Hình dáng:** Đầu cọ có thể tròn, dẹt hoặc vát xéo, tùy mục đích tán phấn (tán toàn bộ bầu mắt, nhấn mí, hoặc highlight).
3. **Lông cọ:** Lông cọ mềm mại, thường làm từ sợi tổng hợp hoặc lông tự nhiên.
4. **Tay cầm:** Tay cầm ngắn, dễ thao tác trên vùng mắt nhỏ.

Quan sát tổng thể, cọ tán phấn mắt nhỏ sẽ có vẻ mảnh mai, tinh tế so với các loại cọ khác.
"
Cách tạo makeup cho buổi đi xem ballet vào buổi tối?,"Để có một lớp trang điểm phù hợp khi đi xem ballet vào buổi tối, bạn nên tập trung vào sự thanh lịch và tinh tế.

1.  **Nền:** Sử dụng kem nền nhẹ nhàng, che khuyết điểm vừa đủ.
2.  **Mắt:** Phấn mắt màu nude hoặc hồng nhạt, đánh nhũ nhẹ ở bầu mắt. Kẻ mắt mảnh, mascara nhẹ nhàng.
3.  **Má:** Phấn má hồng đào hoặc hồng san hô, đánh nhẹ nhàng để tạo vẻ tươi tắn.
4.  **Môi:** Son môi màu hồng nude hoặc đỏ cam nhạt.

Lưu ý: Ánh sáng trong nhà hát thường dịu, nên tránh trang điểm quá đậm."
Làm sao để chọn màu son môi cho buổi đi xem triển lãm tranh trừu tượng vào ban ngày?,"Để chọn son cho buổi xem triển lãm tranh trừu tượng ban ngày, bạn nên ưu tiên sự tự nhiên, tinh tế.

1.  **Chọn màu nude, hồng đào hoặc cam đất:** Những màu này không quá nổi bật, giúp bạn hòa mình vào không gian nghệ thuật mà không làm phân tâm.
2.  **Chất son:** Ưu tiên son dưỡng hoặc son có chất lì nhẹ để đôi môi trông tự nhiên, không quá bóng bẩy.
3.  **Tránh:** Son quá sặc sỡ hoặc đậm, vì có thể gây ấn tượng mạnh và không phù hợp với không khí trang trọng của triển lãm."
Cách nhận diện lọ serum có chứa chiết xuất hoa mẫu đơn qua hình ảnh?,"Để nhận diện serum chứa chiết xuất hoa mẫu đơn qua hình ảnh, bạn có thể chú ý các điểm sau:

1. **Màu sắc:** Serum thường có màu hồng nhạt hoặc trong suốt, đôi khi hơi vàng, gợi liên tưởng đến màu hoa mẫu đơn.
2. **Hình ảnh trên bao bì:** Các sản phẩm thường in hình hoa mẫu đơn hoặc sử dụng tông màu hồng, trắng chủ đạo.
3. **Thành phần:** Kiểm tra danh sách thành phần, tìm các từ khóa như ""Paonia Suffruticosa Root Extract"" (chiết xuất rễ hoa mẫu đơn) hoặc ""Paeonia Lactiflora Extract"" (chiết xuất hoa mẫu đơn).
"
Kỹ thuật makeup 'twilight glow' là gì?,"Kỹ thuật ""twilight glow"" (hào quang hoàng hôn) là xu hướng trang điểm tạo hiệu ứng da căng bóng, khỏe mạnh như được chiếu sáng từ bên trong. 

**Các bước thực hiện:**

1.  **Dưỡng ẩm kỹ:** Đây là bước quan trọng nhất.
2.  **Sử dụng kem nền mỏng nhẹ:** Chọn loại có độ che phủ vừa phải.
3.  **Highlight ở các điểm cao:** Gò má, sống mũi, trán, nhân trung.
4.  **Tạo khối nhẹ nhàng:** Định hình khuôn mặt mà không quá sắc sảo.
5.  **Son dưỡng ẩm:** Chọn màu son nude hoặc hồng đào.

Kỹ thuật này tập trung vào việc phản xạ ánh sáng, giúp da trông tự nhiên và rạng rỡ.
"
Tại sao nên dùng phấn má hồng dạng bột rời cho da dầu?,"Phấn má hồng dạng bột rời là lựa chọn lý tưởng cho da dầu vì một số lý do:

1. **Khả năng kiểm soát dầu:** Công thức bột giúp hấp thụ dầu thừa trên da, giữ cho lớp trang điểm không bị trôi hoặc bóng nhờn.
2. **Độ bám tốt:** Phấn bột bám dính tốt hơn trên da dầu so với phấn kem, giúp màu má hồng giữ được lâu hơn.
3. **Kết cấu nhẹ:** Không gây bí da, tránh tình trạng tắc nghẽn lỗ chân lông và nổi mụn.
"
Cách tạo makeup cho buổi đi ngắm hoa tulip vào mùa xuân?,"Để có một lớp trang điểm tươi trẻ, phù hợp đi ngắm hoa tulip mùa xuân, bạn hãy thử các bước sau nhé:

1.  **Nền:** Dùng kem nền nhẹ nhàng, ẩm mịn để có làn da tự nhiên.
2.  **Màu mắt:** Chọn phấn mắt màu hồng đào, cam san hô hoặc tím lavender để tạo cảm giác tươi sáng.
3.  **Má hồng:** Thêm chút má hồng tone hồng baby để khuôn mặt ửng hồng tự nhiên.
4.  **Son:** Son bóng hoặc son tint màu hồng san hô, cam đào sẽ hoàn thiện vẻ ngoài ngọt ngào.

Lưu ý ưu tiên sự nhẹ nhàng, tự nhiên để hòa mình vào vẻ đẹp của hoa tulip nhé!
"
Làm sao để nhận diện cây cọ tán phấn mắt dạng domed shader qua hình ảnh?,"Để nhận diện cọ tán phấn mắt dạng *domed shader* qua hình ảnh, bạn hãy chú ý các điểm sau:

1. **Hình dáng:** Đầu cọ tròn, vòm (dome) và hơi dẹt.
2. **Kích thước:** Thường nhỏ gọn, vừa vặn để tán phấn lên bầu mắt.
3. **Lông cọ:** Lông mềm, dày dặn, giúp lấy và tán phấn mịn màng.

Cọ này lý tưởng để tán phấn màu lên toàn bộ bầu mắt, làm nổi bật hốc mắt hoặc blend màu một cách tự nhiên.
"
Cách chọn cọ để tán kem nền cho da hỗn hợp?,"Để tán kem nền cho da hỗn hợp, bạn nên chọn cọ có 2 đầu: một đầu dẹt để tán kem nền dạng lỏng/kem lên vùng da dầu (thường là vùng T) và một đầu nhỏ, vát xéo để tán kem nền dạng kem/stick lên vùng da khô. 

Lý do: Đầu dẹt giúp kiểm soát lượng sản phẩm, tránh gây bí da dầu. Đầu vát xéo giúp tán đều kem nền, che phủ tốt hơn cho vùng da khô, hạn chế tình trạng mốc da. Chất lông cọ nên là sợi tổng hợp mềm mại.
"
Tại sao nên dùng xịt khoáng có chứa chiết xuất hạt lúa mạch trước makeup?,"Xịt khoáng chứa chiết xuất hạt lúa mạch trước makeup là một bước chuẩn bị da tuyệt vời. Hạt lúa mạch giàu vitamin B, E và các axit amin giúp tăng cường độ ẩm, làm dịu da và tạo một lớp màng bảo vệ tự nhiên. Điều này giúp lớp nền bám tốt hơn, mịn màng hơn và hạn chế tình trạng da bị khô, bong tróc trong quá trình trang điểm. Đồng thời, nó còn giúp khóa ẩm, giúp da căng mọng và tươi tắn hơn.
"
Cách nhận diện chai sữa rửa mặt có chứa chiết xuất hoa hướng dương qua hình ảnh?,"Để nhận diện sữa rửa mặt có chiết xuất hoa hướng dương qua hình ảnh, bạn hãy chú ý các điểm sau:

1. **Màu sắc:** Bao bì thường có tông vàng, cam hoặc nâu - gợi liên tưởng đến màu hoa hướng dương.
2. **Hình ảnh:** Chai thường in hình hoa hướng dương rõ ràng, có thể là toàn bộ bông hoa hoặc chỉ cánh hoa.
3. **Từ khóa:** Tìm các từ như ""Sunflower"", ""Hoa hướng dương"", ""Helianthus Annuus"" trên nhãn.
4. **Mô tả:** Đọc kỹ thành phần, nếu có ""Sunflower Seed Oil"" (dầu hạt hướng dương) thì chắc chắn có chiết xuất hướng dương.
"
Cách tạo makeup cho buổi đi xem lễ hội ánh sáng ban đêm?,"Để có makeup phù hợp đi lễ hội ánh sáng đêm, bạn nên tập trung vào đôi mắt lấp lánh.

1.  **Phấn mắt:** Chọn tông màu tối như nâu, tím than, hoặc xanh navy làm base, sau đó nhấn nhá bằng phấn nhũ hoặc glitter ở giữa bầu mắt.
2.  **Kẻ mắt:** Kẻ mắt nước hoặc chì đen, có thể vẽ thêm đường line lấp lánh.
3.  **Mascara:** Chuốt mascara dày và dài để mở to mắt.
4.  **Son:** Chọn son màu berry, đỏ rượu hoặc nude để hoàn thiện.
5.  **Highlight:** Đừng quên highlight gò má, sống mũi để bắt sáng."
Kỹ thuật makeup 'velvet orchid' là gì?,"Kỹ thuật makeup ""Velvet Orchid"" lấy cảm hứng từ vẻ đẹp của hoa lan hồ điệp, tập trung vào sự mềm mại, quyến rũ và tông màu tím hồng chủ đạo. 

**Các bước chính:**

1.  **Da:** Nền mịn lì, tự nhiên.
2.  **Mắt:** Phủ màu tím hồng nhạt làm base, nhấn nhá bằng tím đậm hơn ở đuôi mắt, blend kỹ để tạo hiệu ứng chuyển màu mượt mà.
3.  **Má:** Hồng đào hoặc tím hồng nhạt, đánh nhẹ nhàng để có vẻ ửng hồng tự nhiên.
4.  **Môi:** Son hồng đào hoặc tím hồng, có thể dùng son bóng để tăng độ căng mọng.

Kỹ thuật này tạo nên vẻ đẹp thanh lịch, nữ tính và có phần bí ẩn.
"
Làm sao để chọn màu son môi cho buổi tiệc tối tại khách sạn 5 sao?,"Để chọn son môi cho tiệc tối tại khách sạn 5 sao, bạn nên ưu tiên các màu son sang trọng và tinh tế.

1.  **Xác định tông da:** Da sáng hợp đỏ tươi, hồng san hô; da trung bình hợp đỏ cam, hồng đất; da ngăm hợp đỏ rượu, nâu đất.
2.  **Chọn chất son:** Son kem lì hoặc son satin giúp bền màu và tạo cảm giác quyến rũ.
3.  **Màu sắc gợi ý:** Đỏ ruby, đỏ burgundy, hoặc nude đào là những lựa chọn an toàn và thanh lịch.

Lý do: Màu son trầm ấm, chất son mịn sẽ giúp bạn tỏa sáng trong không gian sang trọng.
"
Tại sao nên dùng tẩy trang dạng dầu hạt chùm ngây cho makeup lâu trôi?,"Dầu hạt chùm ngây là lựa chọn tuyệt vời để tẩy trang makeup lâu trôi vì khả năng hòa tan dầu vượt trội. Makeup chống nước, đặc biệt là các sản phẩm như mascara, eyeliner, và foundation lì, thường chứa các thành phần gốc dầu. Dầu hạt chùm ngây giúp phá vỡ liên kết của chúng, nhẹ nhàng loại bỏ makeup mà không gây kích ứng hay ma sát mạnh, bảo vệ da. Bên cạnh đó, dầu hạt chùm ngây còn giàu vitamin và dưỡng chất, giúp làm dịu và nuôi dưỡng da sau khi tẩy trang.
"
Cách tạo makeup để đi xem lễ hội ánh sáng vào ban đêm?,"Để có makeup phù hợp đi lễ hội ánh sáng đêm, bạn nên tập trung vào đôi mắt lấp lánh và làn da glowy.

1.  **Nền:** Dùng kem nền nhẹ nhàng, kết hợp highlighter ở gò má, sống mũi để da căng bóng.
2.  **Mắt:** Chọn phấn mắt màu tối (đen, xám, tím than) tán nhạt, nhấn nhá bằng glitter hoặc nhũ lấp lánh ở bầu mắt và đầu mắt.
3.  **Môi:** Son bóng hoặc son kem lì màu trầm sẽ tạo điểm nhấn.
4.  **Má:** Phấn má hồng tone hồng đào nhẹ nhàng.

Lý do: Ánh sáng yếu cần makeup tập trung vào điểm nhấn, giúp bạn nổi bật.
"
Kỹ thuật makeup 'lunar sparkle' là gì?,"""Lunar Sparkle"" là kỹ thuật trang điểm lấy cảm hứng từ vẻ đẹp lung linh của ánh trăng. Bước 1: Tạo lớp nền mịn màng, tự nhiên. Bước 2: Sử dụng phấn mắt màu ngọc trai, bạc hoặc tím nhạt để tạo chiều sâu cho mắt. Bước 3: Điểm nhấn là phấn nhũ hoặc đá lấp lánh nhỏ, tập trung ở khóe mắt và dưới chân mày. Bước 4: Hoàn thiện với son môi màu nude hoặc hồng pastel để tôn lên vẻ đẹp thanh khiết. Kỹ thuật này giúp khuôn mặt bừng sáng, tạo cảm giác huyền ảo và tinh tế.
"
Làm sao để nhận diện lọ kem dưỡng da có chứa chiết xuất hoa cúc vàng qua hình ảnh?,"Để nhận diện kem dưỡng da có chiết xuất hoa cúc vàng qua hình ảnh, bạn hãy chú ý các điểm sau:

1. **Màu sắc:** Sản phẩm thường có màu vàng nhạt hoặc kem vàng, gợi liên tưởng đến màu hoa cúc.
2. **Hình ảnh trên bao bì:** Các nhãn hiệu thường in hình hoa cúc vàng (calendula) hoặc sử dụng tông màu vàng chủ đạo.
3. **Thành phần:** Kiểm tra danh sách thành phần, tìm các từ khóa như ""Calendula Extract"", ""Chiết xuất hoa cúc vàng"", hoặc ""Bisabolol"" (một hợp chất có trong hoa cúc).
"
Tại sao nên dùng son dưỡng có chứa dầu hạt lanh trước son tint?,"Chào bạn,

Dùng son dưỡng có dầu hạt lanh trước son tint là một bước chuẩn bị tuyệt vời! Dầu hạt lanh giàu axit béo omega-3, giúp môi mềm mịn, làm dịu da môi bị khô bong tróc. Điều này tạo một lớp nền ẩm mượt, giúp son tint lên màu chuẩn hơn, không bị vón cục hay lộ vân môi. Hơn nữa, dầu hạt lanh còn giúp son tint bám lâu hơn, giữ cho đôi môi căng mọng suốt cả ngày.
"
Làm sao để nhận diện cây cọ tán phấn mắt dạng small blending qua hình ảnh?,"Để nhận diện cọ tán phấn mắt dạng small blending qua hình ảnh, bạn hãy chú ý các điểm sau:

1. **Kích thước:** Cọ nhỏ, thường từ 8-12cm.
2. **Hình dáng:** Đầu cọ tròn, mềm mại, lông cọ xoe rộng, không quá dày.
3. **Lông cọ:** Lông tự nhiên hoặc tổng hợp mềm, mịn để tán phấn mượt mà.
4. **Màu sắc:** Thường thấy màu lông cọ trắng, đen hoặc nâu nhạt.

Cọ blending nhỏ dùng để tán phấn ở hốc mắt, tạo chiều sâu và hiệu ứng chuyển màu nhẹ nhàng.
"
Cách tạo makeup cho buổi đi xem phim tình cảm vào buổi tối?,"Để có một lớp trang điểm nhẹ nhàng, lãng mạn cho buổi xem phim tình cảm, bạn hãy bắt đầu với lớp nền mỏng nhẹ, che khuyết điểm vừa đủ. Tiếp theo, dùng phấn mắt màu hồng đào hoặc cam đất tán đều, thêm chút nhũ mắt lấp lánh ở khóe mắt. Kẻ eyeliner mảnh, chuốt mascara và đánh son bóng màu hồng san hô hoặc đỏ cam để đôi môi căng mọng. Cuối cùng, thoa một chút má hồng phớt nhẹ để khuôn mặt thêm ửng hồng tự nhiên.
"
Làm sao để chọn son môi cho buổi họp mặt bạn bè tại quán trà sữa?,"Để chọn son cho buổi trà sữa với bạn bè, bạn nên ưu tiên sự thoải mái và tự nhiên. Son tint hoặc son kem lì nhẹ là lựa chọn tốt, giúp màu son bền mà không gây khô môi.

**Màu sắc:** Các màu hồng đào, cam san hô, hoặc đỏ cam sẽ rất phù hợp với không khí trẻ trung, năng động của quán trà sữa. Tránh các màu quá đậm hoặc quá tối, vì có thể không phù hợp với không gian sáng sủa và tạo cảm giác ""lố"".

**Lời khuyên:** Hãy thử son trước khi mua để đảm bảo màu sắc hài hòa với làn da và phong cách của bạn nhé!
"
Làm sao để nhận diện chai xịt cố định makeup có chứa chiết xuất hoa nhài?,"Để nhận diện chai xịt cố định makeup có chiết xuất hoa nhài, bạn có thể dựa vào những yếu tố sau:

1. **Kiểm tra thành phần:** Tìm từ khóa ""jasmine extract"", ""jasmine flower water"" hoặc ""jasminum officinale"" trên nhãn sản phẩm.
2. **Mùi hương:** Xịt thử (nếu có thể) và cảm nhận mùi hương hoa nhài đặc trưng, ngọt ngào và tinh tế.
3. **Mô tả sản phẩm:** Các sản phẩm có chiết xuất hoa nhài thường được quảng cáo về khả năng làm dịu da, cân bằng độ ẩm và mang lại hương thơm thư giãn.
"
Cách tạo makeup cho buổi đi ngắm hoa cúc vàng vào mùa thu?,"Để có một makeup dịu dàng cho buổi đi ngắm hoa cúc vàng mùa thu, bạn nên tập trung vào tông màu ấm áp.

1.  **Nền:** Chọn kem nền nhẹ nhàng, tự nhiên.
2.  **Mắt:** Phủ phấn mắt màu cam đất hoặc nâu vàng, tán đều. Kẻ eyeliner mảnh và chuốt mascara.
3.  **Má:** Sử dụng phấn má hồng màu đào hoặc cam san hô để tạo vẻ tươi tắn.
4.  **Môi:** Son màu cam cháy hoặc hồng đất sẽ hoàn thiện vẻ đẹp dịu ngọt, hài hòa với sắc vàng của hoa cúc."
Kỹ thuật makeup 'soft orchid' là gì?,"Kỹ thuật makeup ""soft orchid"" (hoa lan mềm mại) là xu hướng trang điểm tập trung vào vẻ đẹp tự nhiên, trong trẻo, lấy cảm hứng từ vẻ đẹp tinh tế của hoa lan. 

**Các bước chính:**

1.  **Da:** Ưu tiên lớp nền mỏng nhẹ, ẩm mượt, tập trung vào dưỡng da.
2.  **Mắt:** Sử dụng phấn mắt màu hồng đào, tím lavender nhạt, tán đều và mềm mại.
3.  **Má:** Hồng đào hoặc cam san hô nhẹ nhàng, đánh cao trên gò má.
4.  **Môi:** Son dưỡng ẩm hoặc son tint màu hồng baby, cam đào.

Kỹ thuật này tạo hiệu ứng đôi mắt to tròn, làn da khỏe khoắn và vẻ ngoài thanh thoát.
"
Làm sao để nhận diện lọ kem nền dạng lỏng có độ che phủ cao qua hình ảnh?,"Để nhận diện kem nền lỏng che phủ cao qua hình ảnh, bạn hãy chú ý các điểm sau:

1. **Kết cấu:** Kem nền che phủ cao thường đặc hơn các loại kem nền mỏng nhẹ, có thể thấy rõ độ sánh khi nhìn gần.
2. **Màu sắc:** Màu sắc thường đậm đà, sắc nét hơn, không trong suốt như kem nền sheer.
3. **Bao bì:** Thường được đóng gói trong chai thủy tinh hoặc nhựa tối màu, có vòi pump để kiểm soát lượng sản phẩm.
4. **Mô tả:** Các từ khóa như ""full coverage"", ""high coverage"" thường xuất hiện trên bao bì.
"
Cách chọn cọ để tán phấn mắt nhũ cho buổi tiệc sinh nhật?,"Để tán phấn mắt nhũ cho buổi tiệc, bạn nên chọn cọ đầu nhỏ, dẹt và lông cọ mềm, dày dặn. Cọ đầu dẹt giúp bạn dễ dàng kiểm soát lượng phấn và tán đều trên bầu mắt. Lông cọ mềm, dày dặn sẽ giúp nhũ bám dính tốt hơn, hạn chế rơi rụng và tạo hiệu ứng lấp lánh đẹp mắt. Bạn có thể dùng cọ đầu vát để tạo điểm nhấn ở đuôi mắt.
"
Làm sao để chọn màu son môi cho buổi đi xem triển lãm tranh thủy mặc vào ban ngày?,"Để chọn son môi phù hợp đi xem triển lãm tranh thủy mặc ban ngày, bạn nên ưu tiên các màu son tự nhiên, nhẹ nhàng. Các lựa chọn tốt bao gồm:

1.  **Son nude:** Tạo vẻ thanh lịch, tinh tế, không làm phân tâm khỏi tác phẩm.
2.  **Son hồng đào:** Mang đến vẻ tươi trẻ, dịu dàng, phù hợp với không khí nghệ thuật.
3.  **Son cam đất:** Lựa chọn hiện đại, vẫn đảm bảo sự hài hòa với tông màu trầm của tranh thủy mặc.

Tránh các màu son quá nổi bật như đỏ tươi hoặc tím đậm để không ""lấn át"" vẻ đẹp của tranh.
"
Cách nhận diện lọ serum có chứa chiết xuất hoa dâm bụt qua hình ảnh?,"Để nhận diện serum chứa chiết xuất hoa dâm bụt qua hình ảnh, bạn có thể chú ý các điểm sau:

1. **Màu sắc:** Serum thường có màu đỏ hồng hoặc đỏ cam, tùy thuộc vào nồng độ chiết xuất.
2. **Thành phần:** Kiểm tra danh sách thành phần, tìm các từ khóa như ""Hibiscus extract"", ""hoa dâm bụt"", hoặc tên khoa học ""Hibiscus sabdariffa"".
3. **Hình ảnh trên bao bì:** Một số sản phẩm sẽ in hình hoa dâm bụt để nhấn mạnh thành phần này.
4. **Độ sánh:** Serum dâm bụt thường có độ sánh nhẹ, không quá đặc hay lỏng.
"
Kỹ thuật makeup 'dawn radiance' là gì?,"Kỹ thuật makeup ""dawn radiance"" (tỏa sáng bình minh) tập trung tạo lớp nền trong trẻo, ẩm mọng như sương sớm. 

**Các bước chính:**

1.  **Dưỡng ẩm kỹ:** Đây là bước quan trọng nhất, giúp da căng bóng tự nhiên.
2.  **Sử dụng kem nền mỏng nhẹ:** Ưu tiên các loại có chứa dưỡng ẩm, độ che phủ thấp.
3.  **Highlight ở các vị trí bắt sáng:** Gò má, sống mũi, nhân trung, khóe mắt để tạo hiệu ứng tỏa sáng.
4.  **Má hồng tone đào/cam san hô:** Tạo vẻ tươi trẻ, khỏe khoắn.

Kỹ thuật này phù hợp với những cô nàng yêu thích vẻ đẹp tự nhiên, trong trẻo.
"
Tại sao nên dùng phấn má hồng dạng bột nén cho da mụn?,"Phấn má hồng dạng bột nén là lựa chọn tốt cho da mụn vì một số lý do:

1. **Ít gây bí da:** So với phấn kem, phấn bột nén nhẹ hơn, giúp lỗ chân lông thông thoáng, giảm nguy cơ tắc nghẽn và hình thành mụn.
2. **Khả năng kiểm soát dầu:** Phấn bột nén thường có khả năng hút dầu tốt, giúp giữ cho lớp trang điểm bền lâu và hạn chế bóng nhờn.
3. **Dễ dàng tán đều:** Kết cấu mịn của phấn nén giúp dễ dàng tán đều trên da, không làm lộ vân texture hoặc làm nặng mặt.
"
Cách tạo makeup cho buổi đi ngắm hoa cẩm chướng vào mùa xuân?,"Để có một lớp trang điểm tươi trẻ, phù hợp đi ngắm hoa cẩm chướng mùa xuân, bạn hãy thử các bước sau:

1.  **Nền:** Dùng kem nền nhẹ nhàng, ẩm mịn để có làn da tự nhiên.
2.  **Màu mắt:** Chọn phấn mắt màu hồng đào, cam san hô hoặc tím lavender để hòa hợp với sắc hoa.
3.  **Má hồng:** Thêm chút má hồng hồng phấn để tăng vẻ ửng hồng.
4.  **Son:** Son bóng hoặc son tint màu hồng baby, cam tươi sẽ hoàn thiện vẻ ngoài ngọt ngào.

Lưu ý ưu tiên sự nhẹ nhàng, tự nhiên để tôn lên vẻ đẹp tươi tắn của mùa xuân nhé!
"
Làm sao để nhận diện cây cọ tán phấn mắt dạng angled shader qua hình ảnh?,"Để nhận diện cọ tán phấn mắt dạng angled shader qua hình ảnh, bạn hãy chú ý đến những điểm sau:

1. **Hình dáng:** Đầu cọ có hình dạng vát chéo, không phải tròn hoặc dẹt.
2. **Kích thước:** Thường nhỏ gọn, vừa đủ để thao tác trên vùng mắt.
3. **Lông cọ:** Lông cọ dày dặn, mềm mại, có thể hơi xéo theo góc vát của đầu cọ.

Cọ angled shader lý tưởng để tán phấn mắt vào hốc mắt, tạo chiều sâu và đường nét sắc sảo.
"
Tại sao nên dùng xịt khoáng có chứa chiết xuất hạt mè trước makeup?,"Xịt khoáng chứa chiết xuất hạt mè trước makeup là một bước chuẩn bị da tuyệt vời. Hạt mè giàu vitamin E và các axit béo thiết yếu, giúp cấp ẩm sâu, làm mềm da và tăng cường hàng rào bảo vệ da. Điều này giúp lớp nền mịn màng hơn, bám dính tốt hơn và giảm thiểu tình trạng cakey (mốc da). Đồng thời, chiết xuất hạt mè còn có khả năng làm dịu da, giảm kích ứng, đặc biệt phù hợp với da nhạy cảm.
"
Làm sao để nhận diện chai sữa rửa mặt có chứa chiết xuất hạt lanh qua hình ảnh?,"Để nhận diện sữa rửa mặt chứa chiết xuất hạt lanh qua hình ảnh, bạn hãy chú ý các điểm sau:

1. **Kiểm tra thành phần:** Tìm các từ khóa như ""Linum Usitatissimum Seed Extract"", ""Flaxseed Extract"" hoặc ""chiết xuất hạt lanh"" trên bao bì.
2. **Màu sắc sản phẩm:** Sữa rửa mặt hạt lanh thường có màu xanh nhạt hoặc trong suốt, đôi khi hơi đục do dầu hạt lanh.
3. **Hình ảnh hạt lanh:** Một số sản phẩm sẽ in hình hạt lanh nhỏ trên bao bì để nhấn mạnh thành phần này.
"
Cách tạo makeup cho buổi đi xem lễ hội ánh sáng laser vào ban đêm?,"Để makeup cho buổi đi xem lễ hội ánh sáng laser vào ban đêm, bạn nên tập trung vào đôi mắt lấp lánh và làn da glowy.

1.  **Nền:** Sử dụng kem nền có độ che phủ vừa phải, thêm chút highlighter để da căng bóng dưới ánh đèn laser.
2.  **Mắt:** Chọn phấn mắt màu đậm như xanh navy, tím hoặc đen, kết hợp nhũ lấp lánh. Vẽ eyeliner và mascara để đôi mắt thêm thu hút.
3.  **Môi:** Son màu nude hoặc hồng đào sẽ cân bằng với mắt makeup đậm.

Lý do: Ánh sáng laser sẽ làm nổi bật những điểm nhấn trên khuôn mặt, đặc biệt là mắt và da.
"
Cách chọn son môi cho buổi tiệc tối tại nhà hàng trên cao?,"Để chọn son môi cho buổi tiệc tối tại nhà hàng trên cao, bạn nên ưu tiên các màu son trầm ấm, quyến rũ như đỏ ruby, đỏ burgundy, hoặc nude đào. Những màu này phù hợp với ánh đèn lung linh và tạo cảm giác sang trọng. Chất son nên là lì hoặc semi-matte để giữ màu lâu và tránh bị lem khi ăn uống. Tránh các màu quá sáng hoặc quá sặc sỡ, vì có thể trông hơi quá đà trong không gian trang trọng.
"
Làm sao để nhận diện hộp phấn highlighter dạng gel lỏng qua hình ảnh?,"Để nhận diện highlighter dạng gel lỏng qua hình ảnh, bạn hãy chú ý các điểm sau:

1. **Kết cấu:** Sản phẩm thường có vẻ bóng, ẩm ướt, không phải dạng bột khô.
2. **Bao bì:** Thường được đựng trong tuýp, chai nhỏ có vòi pump hoặc applicator (cọ) để dễ dàng lấy sản phẩm.
3. **Màu sắc:** Màu sắc thường là champagne, hồng ngọc trai hoặc bạc, có ánh nhũ mịn.
4. **Độ trong suốt:** Gel lỏng thường có độ trong suốt nhất định, không hoàn toàn đục như phấn bột.
"
Cách tạo makeup cho buổi đi ngắm tuyết rơi vào mùa đông?,"Để có một lớp trang điểm phù hợp khi đi ngắm tuyết, hãy ưu tiên sự tự nhiên và giữ ẩm cho da.

1.  **Dưỡng ẩm:** Dưỡng ẩm kỹ lưỡng để da không bị khô ráp do thời tiết lạnh.
2.  **Nền:** Sử dụng kem nền ẩm mịn, độ che phủ vừa phải.
3.  **Màu mắt:** Chọn tông màu ấm như nâu, cam đất hoặc ánh kim để tạo điểm nhấn ấm áp.
4.  **Má hồng:** Sử dụng má hồng hồng đào hoặc cam san hô để đôi má ửng hồng tự nhiên.
5.  **Son:** Son dưỡng có màu hoặc son lì màu berry, đỏ đất sẽ rất phù hợp.
"
Kỹ thuật makeup 'celestial glow' là gì?,"Kỹ thuật makeup ""celestial glow"" (tỏa sáng thiên thể) tập trung vào việc tạo hiệu ứng da căng bóng, lấp lánh như được chiếu sáng từ bên trong. 

**Các bước chính:**

1.  **Dưỡng ẩm:** Cấp ẩm kỹ lưỡng là nền tảng.
2.  **Highlight:** Sử dụng highlight dạng lỏng hoặc kem ở những vị trí bắt sáng (gò má, sống mũi, nhân trung, khóe mắt).
3.  **Phấn bắt sáng:** Thêm một lớp phấn bắt sáng mịn để tăng độ rạng rỡ.
4.  **Son bóng:** Chọn son bóng hoặc son dưỡng có nhũ để hoàn thiện vẻ ngoài ""thiên thần"".

Kỹ thuật này phù hợp với các dịp đặc biệt, giúp bạn tỏa sáng và thu hút.
"
Làm sao để nhận diện lọ kem dưỡng da có chứa chiết xuất hoa lan Nam Phi qua hình ảnh?,"Để nhận diện kem dưỡng da có chiết xuất hoa lan Nam Phi qua hình ảnh, bạn hãy chú ý các điểm sau:

1. **Bao bì:** Các sản phẩm thường có hình ảnh hoa lan Nam Phi (Protea) nổi bật, hoặc sử dụng màu sắc lấy cảm hứng từ loài hoa này như hồng phớt, trắng kem.
2. **Thành phần:** Kiểm tra danh sách thành phần, tìm các từ khóa như ""Protea extract"", ""Protea nivalis"", hoặc tên khoa học của hoa lan Nam Phi.
3. **Logo/Nhãn hiệu:** Một số thương hiệu chuyên về chiết xuất hoa lan Nam Phi sẽ có logo đặc trưng liên quan đến loài hoa này.
"
Làm sao để nhận diện cây cọ tán phấn mắt dạng precision shader qua hình ảnh?,"Để nhận diện cọ tán phấn mắt Precision Shader qua hình ảnh, bạn hãy chú ý các điểm sau:

1. **Hình dáng:** Cọ có đầu nhỏ, hình trụ hoặc hơi dẹt, lông cọ được cắt vát tinh tế.
2. **Kích thước:** Thường nhỏ gọn, chiều dài lông cọ khoảng 0.8-1.2cm.
3. **Lông cọ:** Lông cọ mềm, dày dặn, thường làm từ sợi tổng hợp hoặc lông tự nhiên chất lượng cao.
4. **Màu sắc:** Thân cọ thường màu đen hoặc bạc, có thể có chi tiết màu vàng đồng.

Cọ Precision Shader dùng để tán phấn mắt chi tiết, tạo khối mắt hoặc đánh highlight khóe mắt.
"
Kỹ thuật makeup 'smokey orchid' là gì?,"Kỹ thuật makeup ""Smokey Orchid"" là sự kết hợp giữa đôi mắt smoky truyền thống với tông màu tím lan (orchid) chủ đạo. 

**Các bước thực hiện:**

1.  **Tạo khối:** Sử dụng phấn mắt tím nhạt làm lớp nền, sau đó tăng dần độ đậm với tím đậm hơn ở đuôi mắt.
2.  **Pha trộn:** Nhấn nhá chút màu hồng tím để tạo chiều sâu và sự mềm mại.
3.  **Hoàn thiện:** Kẻ eyeliner đen hoặc tím, chuốt mascara và tô son nude hoặc hồng đào để cân bằng.

Kỹ thuật này tạo vẻ đẹp lãng mạn, bí ẩn và phù hợp với nhiều tông da.
"
Cách chọn son môi cho buổi họp mặt bạn bè tại quán trà chiều?,"Để chọn son cho buổi trà chiều với bạn bè, ưu tiên sự nhẹ nhàng, tươi tắn. 

1. **Chọn màu:** Các màu hồng đào, cam san hô, hoặc nude hồng là lựa chọn tuyệt vời, tạo cảm giác trẻ trung, dễ chịu. Tránh các màu quá đậm hoặc ""tây"" như đỏ tươi, tím thẫm.
2. **Chọn chất son:** Son dưỡng có màu hoặc son kem lì nhẹ sẽ phù hợp hơn son thỏi lì hoàn toàn, giúp môi mềm mại, tự nhiên.
3. **Lý do:** Buổi trà chiều thường mang tính chất thư giãn, nên son môi nên hài hòa với không gian và trang phục.
"
Làm sao để nhận diện chai xịt cố định makeup có chứa chiết xuất hoa cúc qua hình ảnh?,"Để nhận diện chai xịt cố định makeup có chiết xuất hoa cúc qua hình ảnh, bạn hãy chú ý các điểm sau:

1. **Màu sắc:** Sản phẩm thường có màu trắng đục hoặc trong suốt, đôi khi hơi vàng nhạt tự nhiên của hoa cúc.
2. **Hình ảnh trên bao bì:** Các nhà sản xuất thường in hình hoa cúc hoặc ghi rõ ""chiết xuất hoa cúc"" (chamomile extract) trên thân chai.
3. **Thành phần:** Kiểm tra danh sách thành phần, tìm các từ khóa như ""chamomile"", ""bisabolol"" (một thành phần có trong cúc).
"
Tại sao nên dùng phấn phủ dạng bột rời cho da hỗn hợp?,"Chào bạn, với da hỗn hợp, phấn phủ dạng bột rời là lựa chọn lý tưởng vì khả năng kiểm soát dầu thừa hiệu quả ở vùng chữ T (trán, mũi, cằm) mà không gây khô da ở vùng còn lại. Phấn bột rời nhẹ tênh, không gây bí tắc lỗ chân lông, giúp lớp nền bền vững hơn. Bạn nên dùng cọ để đánh phấn, tập trung vào vùng chữ T và đánh nhẹ nhàng để tránh làm dày lớp trang điểm.
"
Cách tạo makeup cho buổi đi ngắm hoa anh đào vào mùa xuân?,"Để có một lớp trang điểm nhẹ nhàng, tươi tắn cho buổi đi ngắm hoa anh đào, bạn hãy bắt đầu với lớp nền ẩm mịn, sử dụng kem dưỡng ẩm và kem nền nhẹ. Tiếp theo, đánh má hồng đào hoặc hồng san hô để tạo vẻ ửng hồng tự nhiên. Mắt nên trang điểm đơn giản với phấn mắt màu hồng nhạt hoặc cam đào, kết hợp mascara để mở rộng đôi mắt. Son môi màu hồng baby hoặc cam san hô sẽ hoàn thiện vẻ ngoài dịu dàng, nữ tính.
"
Tại sao nên dùng xịt khoáng có chứa chiết xuất hoa hồng trước makeup?,"Xịt khoáng hoa hồng trước makeup là bước chuẩn bị lý tưởng vì nhiều lý do. Đầu tiên, nó giúp cân bằng độ pH của da, tạo lớp nền mịn màng hơn. Chiết xuất hoa hồng có tính cấp ẩm, làm dịu da, giảm kích ứng, đặc biệt với da nhạy cảm. Hơn nữa, xịt khoáng giúp khóa ẩm, khiến lớp makeup bám dính tốt hơn, hạn chế tình trạng cakey và tăng độ bền cho lớp trang điểm.
"
Làm sao để nhận diện hộp phấn highlighter dạng cream qua hình ảnh?,"Để nhận diện highlighter dạng kem qua hình ảnh, bạn hãy chú ý các điểm sau:

1. **Kết cấu:** Highlighter kem thường có vẻ mềm mịn, ẩm ướt, không lấp lánh khô như highlighter bột.
2. **Bao bì:** Thường được đựng trong tuýp, hũ nhỏ hoặc lọ có vòi pump để dễ dàng lấy sản phẩm.
3. **Màu sắc:** Màu sắc thường là các tông trắng ngọc trai, champagne hoặc hồng đào, có độ bóng nhẹ nhàng.
4. **Độ phản chiếu:** Khi nhìn gần, highlighter kem sẽ cho độ bóng mướt, tự nhiên hơn là lấp lánh rực rỡ.
"
Cách tạo makeup cho buổi đi xem nhạc kịch vào ban đêm?,"Để có lớp trang điểm phù hợp xem nhạc kịch vào ban đêm, bạn nên tập trung vào đôi mắt và đôi môi.

1.  **Nền:** Sử dụng kem nền có độ che phủ vừa phải, kết hợp phấn phủ để giữ lớp nền bền vững.
2.  **Mắt:** Chọn tông màu mắt tối như nâu, tím hoặc đen, tán nhũ nhẹ ở bầu mắt. Kẻ eyeliner và mascara để làm nổi bật đôi mắt.
3.  **Môi:** Son màu đỏ rượu, hồng đất hoặc cam đất sẽ rất phù hợp.
4.  **Má:** Sử dụng phấn má hồng màu hồng đào hoặc cam san hô để tạo vẻ tươi tắn.

Lớp trang điểm này sẽ giúp bạn tỏa sáng trong không gian tối của nhà hát.
"
Làm sao để nhận diện cây cọ tán phấn má hồng dạng angled lớn qua hình ảnh?,"Để nhận diện cọ tán phấn má hồng angled lớn qua hình ảnh, bạn hãy chú ý các điểm sau:

1. **Hình dáng:** Đầu cọ vát chéo rõ rệt (angled), không phải tròn hoặc dẹt.
2. **Kích thước:** Lông cọ khá dày và dài, tổng thể cọ lớn hơn các loại cọ má hồng thông thường.
3. **Mật độ lông:** Lông cọ mềm mại, dày dặn để dễ dàng lấy và tán phấn.
4. **Mục đích sử dụng:** Cọ này thường dùng để tạo khối, highlight hoặc tán phấn má hồng cho những đường nét khuôn mặt rõ ràng.
"
Làm sao để nhận diện lọ serum có chứa chiết xuất hoa oải hương qua hình ảnh?,"Để nhận diện serum chứa chiết xuất hoa oải hương qua hình ảnh, bạn có thể chú ý các điểm sau:

1. **Màu sắc:** Serum oải hương thường có màu tím nhạt hoặc trong suốt.
2. **Nhãn mác:** Tìm các từ khóa như ""Lavender"", ""Oải hương"", ""Lavandula"" trên bao bì.
3. **Hình ảnh:** Bao bì có thể in hình hoa oải hương hoặc mô tả công dụng liên quan đến làm dịu, thư giãn.
4. **Thành phần:** Kiểm tra danh sách thành phần, oải hương có thể được ghi là ""Lavender Extract"" hoặc ""Lavandula Angustifolia Oil"".
"
Cách tạo makeup cho buổi tiệc tối tại biệt thự cổ?,"Để tạo makeup cho buổi tiệc tối tại biệt thự cổ, bạn nên tập trung vào vẻ đẹp cổ điển, sang trọng nhưng vẫn tinh tế.

1.  **Nền:** Chọn kem nền lì, che phủ tốt để có làn da hoàn hảo.
2.  **Mắt:** Sử dụng phấn mắt tông màu trầm ấm như nâu, đồng, hoặc burgundy. Đánh mắt mèo nhẹ nhàng và chuốt mascara.
3.  **Má:** Tạo khối nhẹ nhàng để khuôn mặt thêm sắc sảo, sau đó đánh má hồng đào hoặc hồng san hô.
4.  **Môi:** Son đỏ gạch hoặc đỏ rượu sẽ là lựa chọn hoàn hảo.

Lý do: Biệt thự cổ thường mang phong cách kiến trúc phương Tây, nên makeup theo hướng cổ điển sẽ rất phù hợp.
"
Kỹ thuật makeup 'peach glow' là gì?,"Kỹ thuật ""peach glow"" là xu hướng trang điểm tạo hiệu ứng làn da khỏe khoắn, rạng rỡ như được ""tắm nắng"" với tông cam đào ấm áp. 

**Các bước thực hiện:**

1.  **Base makeup:** Sử dụng kem nền nhẹ nhàng, ẩm mượt.
2.  **Highlight:** Tập trung highlight màu cam đào lên gò má, sống mũi, trán và cằm.
3.  **Blush:** Thêm má hồng cam đào để tăng độ ửng hồng tự nhiên.
4.  **Son:** Chọn son nude đào hoặc cam san hô.

Kỹ thuật này phù hợp với mọi tông da, đặc biệt là da ngăm, giúp da trông tươi sáng và tràn đầy sức sống.
"
Làm sao để nhận diện chai xịt dưỡng da có chứa chiết xuất cam qua hình ảnh?,"Để nhận diện chai xịt dưỡng da có chứa chiết xuất cam qua hình ảnh, bạn có thể chú ý các điểm sau:

1. **Màu sắc:** Sản phẩm thường có màu vàng nhạt hoặc cam, gợi liên tưởng đến trái cam.
2. **Hình ảnh:** Chai xịt có thể in hình quả cam, hoa cam hoặc các họa tiết liên quan đến cam.
3. **Thành phần:** Kiểm tra danh sách thành phần, tìm các từ khóa như ""Citrus Sinensis (Cam ngọt)"", ""Orange Extract"" (Chiết xuất cam) hoặc ""Vitamin C"".
4. **Mô tả:** Đọc mô tả sản phẩm, thường sẽ đề cập đến công dụng từ cam như làm sáng da, cấp ẩm.
"
Cách tạo makeup cho buổi đi xem concert acoustic?,"Chào bạn, để có makeup phù hợp buổi concert acoustic, mình gợi ý các bước sau:

1.  **Nền:** Dùng kem nền nhẹ nhàng, mỏng mịn, che phủ vừa phải để da tự nhiên.
2.  **Mắt:** Phấn mắt màu nude hoặc nâu nhạt, tán đều. Kẻ eyeliner mảnh, không quá đậm.
3.  **Má:** Phấn má hồng đào hoặc cam đất, đánh nhẹ nhàng để có vẻ tươi tắn.
4.  **Môi:** Son tint hoặc son thỏi màu nude, hồng san hô hoặc cam cháy.

Lưu ý ưu tiên sự tự nhiên, thoải mái để bạn có thể tận hưởng âm nhạc trọn vẹn!
"
Làm sao để nhận diện lọ kem dưỡng mắt có chứa chiết xuất trà xanh qua hình ảnh?,"Để nhận diện kem dưỡng mắt chứa chiết xuất trà xanh qua hình ảnh, bạn hãy chú ý các điểm sau:

1. **Màu sắc:** Bao bì thường có tông xanh lá cây, gợi liên tưởng đến trà xanh.
2. **Hình ảnh:** Thường có hình ảnh lá trà xanh hoặc các mảng màu xanh tươi mát.
3. **Từ khóa:** Tìm các từ như ""Green Tea"", ""Matcha"", ""Trà xanh"" trên bao bì.
4. **Thành phần:** Nếu có thể nhìn thấy danh sách thành phần, hãy tìm ""Camellia Sinensis Leaf Extract"" (chiết xuất lá trà xanh).
"
Cách chọn son môi cho buổi đi club vào tối thứ sáu?,"Để chọn son môi cho buổi đi club tối thứ Sáu, bạn nên ưu tiên các màu sắc nổi bật, thu hút dưới ánh đèn. Son đỏ tươi, hồng fuchsia, cam đất hoặc các màu son có ánh nhũ sẽ là lựa chọn tuyệt vời. Chất son lì hoặc semi-matte giúp son lâu trôi, hạn chế lem khi bạn vận động và ăn uống. Đừng quên dùng son dưỡng trước khi đánh son màu để môi không bị khô nhé!
"
Tại sao nên dùng tẩy trang dạng dầu hạt argan cho makeup đậm?,"Dầu tẩy trang hạt argan là lựa chọn tuyệt vời cho makeup đậm vì khả năng hòa tan dầu tốt. Makeup, đặc biệt là các sản phẩm chống thấm nước, thường chứa nhiều dầu và sáp. Dầu argan, với cấu trúc dầu tương đồng, dễ dàng ""hút"" sạch lớp trang điểm, kể cả mascara và son lì, mà không gây ma sát mạnh, bảo vệ da. Hơn nữa, dầu argan giàu vitamin E và axit béo, giúp làm dịu và dưỡng ẩm da sau khi tẩy trang.
"
Cách tạo makeup cho buổi đi thăm chợ truyền thống?,"Chào bạn, để có một lớp makeup phù hợp khi đi chợ truyền thống, bạn nên ưu tiên sự tự nhiên, nhẹ nhàng.

1.  **Chuẩn bị da:** Dưỡng ẩm kỹ để da không bị khô ráp.
2.  **Nền:** Dùng kem nền mỏng, nhẹ hoặc BB cream để che phủ vừa phải, tránh gây bí bách.
3.  **Mắt:** Phấn mắt màu nude hoặc nâu nhạt, chuốt mascara nhẹ nhàng.
4.  **Má:** Sử dụng phấn má hồng đào hoặc cam đất để có vẻ tươi tắn.
5.  **Môi:** Son dưỡng hoặc son tint màu nhẹ nhàng.

Tránh makeup quá đậm vì chợ thường có không gian mở và nhiều hoạt động."
Kỹ thuật makeup 'glitter sapphire' là gì?,"Kỹ thuật makeup ""Glitter Sapphire"" tập trung vào việc tạo hiệu ứng lấp lánh màu xanh sapphire trên đôi mắt. Đầu tiên, bạn dùng phấn mắt màu xanh navy làm base. Sau đó, đắp lớp glitter xanh sapphire (có thể là nhũ bột hoặc keo dán nhũ) lên bầu mắt, tập trung vào giữa mí mắt và hốc mắt. Cuối cùng, dùng cọ nhỏ tán nhẹ để glitter hòa quyện với base, tạo chiều sâu và độ lung linh. Kỹ thuật này phù hợp với các dịp đặc biệt, giúp đôi mắt trở nên thu hút và ấn tượng.
"
Làm sao để nhận diện chai sữa rửa mặt có chứa chiết xuất hoa cúc La Mã qua hình ảnh?,"Để nhận diện sữa rửa mặt chứa chiết xuất hoa cúc La Mã qua hình ảnh, bạn hãy chú ý các điểm sau:

1. **Màu sắc:** Sản phẩm thường có màu trắng sữa hoặc vàng nhạt, gợi liên tưởng đến màu hoa cúc.
2. **Hình ảnh trên bao bì:** Các nhãn hiệu thường in hình hoa cúc La Mã (hình dáng nhỏ, nhiều cánh) hoặc sử dụng tông màu vàng, trắng chủ đạo.
3. **Thành phần:** Kiểm tra danh sách thành phần, tìm các từ khóa như ""Chamomile"", ""Matricaria"" hoặc ""Bisabolol"" (một hợp chất có trong hoa cúc).
"
Cách tạo makeup cho buổi đi ngắm hoa phượng vào mùa hè?,"Để có một buổi đi ngắm hoa phượng thật tươi xinh, bạn nên ưu tiên makeup nhẹ nhàng, tự nhiên.

1.  **Kem chống nắng:** Bảo vệ da khỏi ánh nắng hè.
2.  **Kem nền/BB cream:** Che phủ nhẹ nhàng, chọn loại có độ ẩm.
3.  **Má hồng tone cam đào:** Tạo vẻ tươi tắn, trẻ trung.
4.  **Mắt:** Phấn mắt tone cam san hô hoặc hồng đào, chuốt mascara.
5.  **Môi:** Son dưỡng hoặc son tint màu cam san hô/ hồng baby.

Lý do: Hoa phượng rực rỡ, nên makeup nên hài hòa, không quá nổi bật."
Làm sao để nhận diện lọ serum có chứa chiết xuất hoa hồng qua hình ảnh?,"Để nhận diện serum chứa chiết xuất hoa hồng qua hình ảnh, bạn có thể chú ý các điểm sau:

1. **Màu sắc:** Serum hoa hồng thường có màu hồng nhạt hoặc trong suốt.
2. **Thành phần:** Kiểm tra danh sách thành phần, tìm các từ khóa như ""Rosa Damascena Flower Water"" (nước hoa hồng Damask), ""Rose Extract"" (chiết xuất hoa hồng), hoặc ""Rose Oil"" (dầu hoa hồng).
3. **Hình ảnh trên bao bì:** Các sản phẩm thường in hình hoa hồng hoặc sử dụng tông màu hồng chủ đạo để gợi liên tưởng.
4. **Kết cấu:** Serum hoa hồng thường lỏng nhẹ, dễ thẩm thấu.
"
Kỹ thuật makeup 'sunset radiance' là gì?,"Kỹ thuật makeup ""sunset radiance"" (tỏa sáng hoàng hôn) tập trung tạo hiệu ứng làn da khỏe khoắn, rạng rỡ như ánh hoàng hôn. 

**Các bước thực hiện:**

1.  **Base makeup:** Sử dụng kem nền nhẹ nhàng, tập trung vào dưỡng ẩm.
2.  **Highlight:** Thoa highlighter màu vàng cam, đào lên các vị trí bắt sáng như gò má, sống mũi, nhân trung.
3.  **Blush:** Sử dụng phấn má hồng màu cam san hô, đào, tán đều lên gò má.
4.  **Môi:** Chọn son màu cam đất, hồng đào để hoàn thiện.

Kỹ thuật này phù hợp với mọi tông da, giúp khuôn mặt tươi tắn, tràn đầy năng lượng.
"
Tại sao nên dùng phấn phủ dạng bột nén cho da nhạy cảm?,"Phấn phủ dạng bột nén thường là lựa chọn tốt hơn cho da nhạy cảm vì một số lý do. Thứ nhất, kết cấu của phấn nén mịn hơn, ít gây ma sát và kích ứng da so với phấn bột rời. Thứ hai, phấn nén thường chứa ít chất bảo quản và hương liệu hơn, giảm nguy cơ gây dị ứng. Cuối cùng, khả năng kiểm soát lượng phấn tốt hơn giúp tránh tình trạng ""cakey"" và bít tắc lỗ chân lông, hạn chế mụn và viêm da.
"
Cách tạo makeup cho buổi đi công viên giải trí vào mùa hè?,"Chào bạn, để có một lớp makeup phù hợp đi công viên giải trí mùa hè, bạn nên ưu tiên sự nhẹ nhàng, tự nhiên và bền vững.

1.  **Kem chống nắng:** Bắt đầu với kem chống nắng phổ rộng, chỉ số SPF 30 trở lên.
2.  **Kem nền/BB cream:** Chọn loại có độ che phủ nhẹ, kiềm dầu tốt.
3.  **Phấn mắt:** Sử dụng màu nude, cam đào hoặc hồng san hô.
4.  **Má hồng:** Tone cam đào hoặc hồng baby sẽ giúp bạn tươi tắn.
5.  **Son:** Son tint hoặc son dưỡng có màu là lựa chọn lý tưởng.
6.  **Kẻ mày:** Định hình lông mày tự nhiên.

Tránh makeup quá đậm vì thời tiết nóng có thể làm lớp trang điểm dễ bị lem.
"
Kỹ thuật makeup 'soft emerald' là gì?,"Kỹ thuật makeup ""soft emerald"" tập trung vào việc tạo đôi mắt xanh lục bảo dịu nhẹ, không quá nổi bật mà vẫn cuốn hút. 

**Các bước thực hiện:**

1.  **Màu mắt:** Sử dụng phấn mắt màu xanh lục bảo nhạt làm chủ đạo, tán đều từ hốc mắt lên đến đuôi mắt.
2.  **Nhấn nhá:** Thêm chút phấn mắt màu nâu đồng hoặc vàng đồng ở đuôi mắt để tạo chiều sâu.
3.  **Kẻ mắt:** Kẻ mắt liner màu nâu sẫm hoặc đen, đường kẻ mảnh để tăng độ sắc sảo.
4.  **Mascara:** Chuốt mascara đen hoặc nâu để làm dày và dài mi.

Kỹ thuật này phù hợp với mọi màu da và dễ dàng ứng dụng hàng ngày.
"
Cách tạo makeup cho buổi đi xem phim hành động?,"Để có makeup phù hợp khi xem phim hành động, bạn nên ưu tiên sự tự nhiên, bền lâu và không quá cầu kỳ.

1.  **Chuẩn bị da:** Dưỡng ẩm nhẹ nhàng.
2.  **Nền:** Dùng kem nền mỏng, nhẹ, có độ che phủ vừa phải.
3.  **Mắt:** Phấn mắt màu nude hoặc nâu nhạt, kẻ eyeliner mảnh, chuốt mascara.
4.  **Má:** Phấn má hồng màu đào hoặc cam đất nhẹ nhàng.
5.  **Môi:** Son nude hoặc son tint màu nhẹ.

Lý do: Makeup nhẹ giúp bạn thoải mái trong suốt quá trình xem phim, không bị lem hay trôi khi vận động nhẹ.
"
Làm sao để nhận diện chai tẩy trang dạng micellar qua hình ảnh?,"Để nhận diện chai tẩy trang dạng micellar qua hình ảnh, bạn hãy chú ý các điểm sau:

1. **Dung tích:** Thường từ 125ml - 400ml, đa dạng kích cỡ.
2. **Thành phần:** Trên bao bì sẽ có các từ khóa như ""micellar"", ""micelles"", ""nước micellar"".
3. **Kết cấu:** Chai thường trong suốt, thấy được dung dịch lỏng, màu sắc phổ biến là xanh lam hoặc trắng.
4. **Nhãn hiệu:** Các thương hiệu phổ biến như Bioderma, Garnier, La Roche-Posay thường có thiết kế đặc trưng.
"
Tại sao nên dùng son dưỡng có chứa bơ hạt mỡ trước son lì?,"Chào bạn,

Son dưỡng có bơ hạt mỡ là bước chuẩn bị tuyệt vời trước khi dùng son lì vì một số lý do:

1. **Dưỡng ẩm:** Bơ hạt mỡ giàu vitamin và axit béo, giúp môi mềm mại, giảm khô bong tróc.
2. **Tạo lớp nền:** Lớp dưỡng ẩm này giúp son lì bám dính tốt hơn, lên màu chuẩn và mịn màng hơn.
3. **Giảm tình trạng ""môi chết"":** Bơ hạt mỡ giúp loại bỏ tế bào chết nhẹ nhàng, giúp son lì không bị vón cục hay lộ rãnh môi.

Nói tóm lại, dùng son dưỡng bơ hạt mỡ giúp đôi môi khỏe mạnh và làm nền hoàn hảo cho son lì.
"
Làm sao để nhận diện cây cọ tán phấn mắt dạng pencil qua hình ảnh?,"Để nhận diện cọ tán phấn mắt dạng pencil qua hình ảnh, bạn hãy chú ý các đặc điểm sau:

1. **Hình dáng:** Đầu cọ nhỏ, thuôn dài như bút chì (pencil).
2. **Kích thước:** Thường nhỏ gọn hơn các loại cọ tán phấn mắt khác.
3. **Lông cọ:** Lông cọ mềm, dày dặn, có thể thẳng hoặc hơi vát.
4. **Mục đích sử dụng:** Cọ này lý tưởng để tán phấn mắt vào hốc mắt, đường mi dưới hoặc tạo điểm nhấn nhỏ.
"
Làm sao để nhận diện lọ kem dưỡng da có chứa vitamin C qua hình ảnh?,"Để nhận diện kem dưỡng da chứa Vitamin C qua hình ảnh, bạn hãy chú ý các điểm sau:

1. **Màu sắc:** Vitamin C dễ bị oxy hóa nên kem thường có màu vàng nhạt hoặc cam. Tuy nhiên, một số sản phẩm ổn định hơn có thể trong suốt.
2. **Bao bì:** Các sản phẩm Vitamin C thường ghi rõ ""Vitamin C"", ""Ascorbic Acid"" hoặc các dẫn xuất của nó trên bao bì.
3. **Kết cấu:** Kem có thể hơi đặc hơn so với các loại kem dưỡng thông thường do chứa các phân tử Vitamin C.
"
Tại sao nên dùng tẩy trang dạng dầu nhẹ cho makeup mỏng?,"Chào bạn,

Với makeup mỏng như kem nền nhẹ, phấn nước hoặc chỉ dùng kem chống nắng, tẩy trang dạng dầu nhẹ là lựa chọn lý tưởng vì:

1. **Khả năng hòa tan tốt:** Dầu hòa tan dầu, giúp loại bỏ hiệu quả các sản phẩm makeup gốc dầu mà không gây ma sát mạnh, bảo vệ da.
2. **Dịu nhẹ:** Công thức nhẹ nhàng không làm khô da, phù hợp với sử dụng hàng ngày.
3. **Duy trì hàng rào bảo vệ da:** Không làm mất đi lớp dầu tự nhiên của da, giúp da luôn mềm mại và khỏe mạnh.
"
Làm sao để nhận diện chai xịt dưỡng da có chứa chiết xuất hoa anh đào qua hình ảnh?,"Để nhận diện chai xịt dưỡng da chứa chiết xuất hoa anh đào qua hình ảnh, bạn hãy chú ý các yếu tố sau:

1. **Màu sắc:** Thiết kế thường sử dụng tông hồng pastel, trắng hoặc tím nhạt gợi liên tưởng đến hoa anh đào.
2. **Hình ảnh:** Chai thường in hình hoa anh đào (Sakura) hoặc các họa tiết liên quan đến Nhật Bản.
3. **Chữ viết:** Tìm các từ khóa như ""Sakura"", ""Cherry Blossom"", ""Hoa Anh Đào"" trên bao bì.
4. **Thành phần:** Kiểm tra danh sách thành phần, tìm ""Prunus Avium (Cherry) Flower Extract"" hoặc các dẫn xuất của hoa anh đào.
"
Tại sao nên dùng kem lót có chứa chiết xuất hạt lanh cho da khô?,"Kem lót chứa chiết xuất hạt lanh rất lý tưởng cho da khô vì hạt lanh giàu axit béo omega-3, có khả năng cấp ẩm sâu và phục hồi hàng rào bảo vệ da. Điều này giúp da mềm mại, mịn màng hơn, giảm tình trạng bong tróc và khó chịu. Đồng thời, kem lót có hạt lanh còn giúp làm dịu da, giảm kích ứng và tạo lớp nền mịn màng cho lớp trang điểm tiếp theo bám dính tốt hơn.
"
Cách tạo makeup cho buổi đi ăn trưa ở quán cà phê?,"Để có một lớp trang điểm nhẹ nhàng cho buổi đi ăn trưa tại quán cà phê, bạn hãy thực hiện các bước sau:

1. **Chuẩn bị da:** Dưỡng ẩm nhẹ nhàng.
2. **Nền:** Sử dụng kem nền mỏng, hoặc BB cream để che phủ khuyết điểm vừa phải.
3. **Mắt:** Phấn mắt màu nude hoặc nâu nhạt, chuốt mascara.
4. **Má:** Phấn má hồng màu đào hoặc cam san hô để tạo vẻ tươi tắn.
5. **Môi:** Son dưỡng hoặc son tint màu nhẹ nhàng.

Lớp trang điểm này giúp bạn trông tươi tắn, tự nhiên mà không quá cầu kỳ.
"
Làm sao để nhận diện lọ kem dưỡng da có chứa chiết xuất trà xanh qua hình ảnh?,"Để nhận diện kem dưỡng da có chiết xuất trà xanh qua hình ảnh, bạn hãy chú ý các điểm sau:

1. **Màu sắc:** Bao bì thường có tông xanh lá cây, từ nhạt đến đậm, gợi liên tưởng đến trà xanh.
2. **Hình ảnh:** Thường có hình ảnh lá trà xanh, búp trà hoặc các họa tiết liên quan đến thiên nhiên, sự tươi mát.
3. **Từ khóa:** Tìm các từ như ""Green Tea"", ""Matcha"", ""Trà xanh"" trên bao bì.
4. **Thành phần:** Nếu có thể đọc được, hãy tìm ""Camellia Sinensis Leaf Extract"" (chiết xuất lá trà xanh) trong danh sách thành phần.
"
Làm sao để nhận diện chai xịt dưỡng da có chứa chiết xuất chanh qua hình ảnh?,"Để nhận diện chai xịt dưỡng da chứa chiết xuất chanh qua hình ảnh, bạn hãy chú ý các yếu tố sau:

1. **Màu sắc:** Sản phẩm thường có màu vàng nhạt hoặc trong suốt với ánh vàng.
2. **Hình ảnh:** Chai thường in hình quả chanh tươi hoặc các họa tiết liên quan đến cam quýt.
3. **Từ khóa:** Tìm các từ như ""Lemon"", ""Citrus"", ""Chanh"" trên nhãn.
4. **Thành phần:** Kiểm tra danh sách thành phần, tìm ""Citrus Limon (Lemon) Fruit Extract"" hoặc ""Chiết xuất chanh"".
"
Tại sao nên dùng son dưỡng có chứa dầu hạt nho trước son tint?,"Chào bạn,

Son dưỡng có dầu hạt nho là bước chuẩn bị tuyệt vời trước son tint vì một số lý do:

1. **Dưỡng ẩm:** Dầu hạt nho giàu vitamin E và axit béo, giúp môi mềm mịn, giảm tình trạng khô bong tróc.
2. **Tạo lớp nền:** Dầu hạt nho tạo một lớp màng mỏng, giúp son tint bám màu tốt hơn và không bị vón cục.
3. **Giảm thâm môi:** Chất chống oxy hóa trong dầu hạt nho giúp bảo vệ môi khỏi tác hại của môi trường, giảm nguy cơ thâm môi.

Việc này giúp son tint lên màu chuẩn, bền đẹp và đồng thời chăm sóc đôi môi khỏe mạnh.
"
Làm sao để nhận diện lọ kem dưỡng da ban ngày có chứa vitamin E qua hình ảnh?,"Để nhận diện kem dưỡng da ban ngày chứa Vitamin E qua hình ảnh, bạn hãy chú ý các điểm sau:

1. **Bao bì:** Sản phẩm thường ghi rõ ""Vitamin E"", ""Tocopherol"" hoặc biểu tượng Vitamin E trên bao bì.
2. **Màu sắc:** Kem Vitamin E thường có màu vàng nhạt hoặc hơi cam do đặc tính của Vitamin E.
3. **Kết cấu:** Thường đặc hơn các loại kem khác, nhưng vẫn dễ tán.
4. **Thành phần:** Kiểm tra danh sách thành phần, Vitamin E (Tocopherol) luôn có mặt.
"
Làm sao để nhận diện chai xịt dưỡng da ban đêm có chứa peptide qua hình ảnh?,"Để nhận diện chai xịt dưỡng da ban đêm chứa peptide qua hình ảnh, bạn hãy chú ý các điểm sau:

1. **Thành phần:** Tìm các từ khóa như ""peptide"", ""acetyl hexapeptide-8"", ""palmitoyl pentapeptide-4"" trên nhãn.
2. **Bao bì:** Sản phẩm peptide thường có thiết kế tối giản, màu sắc trung tính (xanh, trắng, đen) thể hiện sự chuyên nghiệp, khoa học.
3. **Mô tả:** Nhãn thường nhấn mạnh khả năng phục hồi da, chống lão hóa, làm săn chắc nhờ peptide.
"
Làm sao để nhận diện cây cọ tán phấn highlighter dạng tròn lớn qua hình ảnh?,"Để nhận diện cọ tán phấn highlighter tròn lớn qua hình ảnh, bạn hãy chú ý các điểm sau:

1. **Hình dáng:** Đầu cọ tròn, phồng và lớn hơn các loại cọ khác (như cọ má hồng).
2. **Lông cọ:** Lông mềm, tơi và thường có màu trắng hoặc vàng nhạt.
3. **Kích thước:** Thường dài khoảng 15-20cm, giúp dễ dàng thao tác trên các vùng gò má, trán, sống mũi.
4. **Mục đích:** Cọ này dùng để tán highlighter, tạo hiệu ứng bắt sáng, nên lông cọ phải đủ mềm để không làm xước da.
"
Làm sao để nhận diện chai xịt cố định makeup có chứa chiết xuất trà xanh qua hình ảnh?,"Để nhận diện chai xịt cố định makeup có chứa chiết xuất trà xanh qua hình ảnh, bạn hãy chú ý các điểm sau:

1. **Màu sắc:** Bao bì thường có tông xanh lá cây, gợi liên tưởng đến trà xanh.
2. **Hình ảnh:** Chai có thể in hình lá trà xanh hoặc các họa tiết liên quan đến thiên nhiên.
3. **Thành phần:** Kiểm tra danh sách thành phần (ingredients) trên bao bì, tìm các từ khóa như ""Camellia Sinensis Leaf Extract"" (chiết xuất lá trà xanh) hoặc ""Green Tea Extract"".
4. **Nhãn mác:** Một số sản phẩm sẽ ghi rõ ""Green Tea"" hoặc ""Trà xanh"" trên nhãn.
"
Làm sao để nhận diện cây cọ tán phấn mắt dạng small shader qua hình ảnh?,"Để nhận diện cọ tán phấn mắt dạng small shader qua hình ảnh, bạn hãy chú ý các điểm sau:

1. **Kích thước:** Đầu cọ nhỏ, thường ngắn và tròn hoặc hơi dẹt.
2. **Hình dáng:** Lông cọ dày, mềm mại, được cắt vát nhẹ để dễ dàng làm mịn phấn ở vùng mắt nhỏ như bọng mắt hoặc hốc mắt.
3. **Màu sắc:** Thường có màu đen hoặc đồng, nhưng cũng có thể gặp các màu khác.

Cọ small shader giúp bạn kiểm soát lượng phấn tốt hơn, tạo chiều sâu và sự sắc nét cho đôi mắt.
"
Làm sao để nhận diện lọ serum có chứa chiết xuất hoa hồng dại qua hình ảnh?,"Để nhận diện serum chứa chiết xuất hoa hồng dại qua hình ảnh, bạn có thể chú ý các điểm sau:

1. **Màu sắc:** Serum thường có màu hồng nhạt hoặc trong suốt, đôi khi hơi vàng nếu có thêm các thành phần khác.
2. **Nhãn mác:** Tìm các từ khóa như ""Wild Rose"", ""Rosa Canina"", ""chiết xuất hoa hồng dại"" trên bao bì.
3. **Hình ảnh:** Một số sản phẩm sẽ in hình hoa hồng dại trên bao bì để nhấn mạnh thành phần.
4. **Kết cấu:** Serum hoa hồng dại thường có kết cấu lỏng nhẹ, dễ dàng thấm vào da.
"
Làm sao để nhận diện hộp phấn highlighter dạng gel qua hình ảnh?,"Để nhận diện highlighter dạng gel qua hình ảnh, bạn hãy chú ý các điểm sau:

1. **Kết cấu:** Highlighter gel thường có vẻ bóng, ẩm ướt, không phải dạng bột mịn như phấn khô.
2. **Bao bì:** Thường được đựng trong tuýp, lọ nhỏ có vòi pump hoặc applicator để lấy sản phẩm dễ dàng.
3. **Màu sắc:** Màu sắc thường đậm và có độ ánh nhũ cao hơn so với highlighter bột.
4. **Độ phản chiếu:** Khi nhìn vào ảnh, highlighter gel sẽ cho hiệu ứng bắt sáng rõ rệt, ""ướt át"" hơn.
"
Làm sao để nhận diện lọ kem dưỡng mắt có chứa chiết xuất dưa leo qua hình ảnh?,"Để nhận diện kem dưỡng mắt chứa chiết xuất dưa leo qua hình ảnh, bạn có thể chú ý các điểm sau:

1. **Màu sắc:** Bao bì thường có màu xanh lá cây nhạt hoặc xanh da trời, gợi liên tưởng đến dưa leo.
2. **Hình ảnh:** Sản phẩm có thể in hình quả dưa leo tươi mát hoặc các họa tiết liên quan đến thiên nhiên, sự tươi mát.
3. **Từ khóa:** Tìm các từ như ""dưa leo"", ""cucumber"", ""cooling"" (làm mát) trên bao bì.
4. **Thành phần:** Kiểm tra danh sách thành phần, tìm ""Cucumber Extract"" (chiết xuất dưa leo).
"
Làm sao để nhận diện chai sữa rửa mặt có chứa chiết xuất cây trà qua hình ảnh?,"Để nhận diện sữa rửa mặt chứa chiết xuất cây trà qua hình ảnh, bạn hãy chú ý các điểm sau:

1. **Màu sắc:** Bao bì thường có màu xanh lá cây hoặc trắng, tượng trưng cho sự tươi mát, tự nhiên của trà.
2. **Hình ảnh:** Thường có hình ảnh lá trà hoặc cây trà (Melaleuca alternifolia) trên bao bì.
3. **Từ khóa:** Tìm các từ như ""Tea Tree"", ""Melaleuca"", ""Trà Tràm"" trên nhãn sản phẩm.
4. **Thành phần:** Kiểm tra danh sách thành phần, đảm bảo có ""Melaleuca alternifolia leaf oil"" hoặc ""Tea Tree Oil"".
"
Làm sao để nhận diện lọ serum có chứa chiết xuất hoa cúc vạn thọ qua hình ảnh?,"Để nhận diện serum chứa chiết xuất hoa cúc vạn thọ qua hình ảnh, bạn có thể chú ý các điểm sau:

1. **Màu sắc:** Serum thường có màu vàng nhạt hoặc cam vàng, đặc trưng từ màu sắc của hoa cúc vạn thọ.
2. **Thành phần:** Kiểm tra danh sách thành phần trên bao bì, tìm các từ khóa như ""Marigold extract"", ""Calendula officinalis flower extract"" hoặc ""chiết xuất hoa cúc vạn thọ"".
3. **Hình ảnh:** Một số sản phẩm sẽ in hình hoa cúc vạn thọ trên bao bì để nhấn mạnh thành phần này.
"
Làm sao để nhận diện lọ kem dưỡng da có chứa chiết xuất hoa sen qua hình ảnh?,"Để nhận diện kem dưỡng da có chiết xuất hoa sen qua hình ảnh, bạn có thể chú ý các điểm sau:

1. **Hình ảnh trên bao bì:** Thường sẽ có hình ảnh hoa sen rõ ràng, hoặc các bộ phận của hoa sen như lá, cánh hoa.
2. **Màu sắc chủ đạo:** Các sản phẩm này thường sử dụng màu xanh lam, trắng hoặc hồng nhạt - gợi liên tưởng đến màu sắc của hoa sen.
3. **Từ khóa:** Tìm các từ như ""hoa sen"", ""nelumbo nucifera"" (tên khoa học) trên bao bì.
4. **Thành phần:** Kiểm tra danh sách thành phần, tìm ""chiết xuất hoa sen"" hoặc ""lotus extract"".
"
Làm sao để nhận diện chai xịt dưỡng da có chứa chiết xuất táo qua hình ảnh?,"Để nhận diện chai xịt dưỡng da chứa chiết xuất táo qua hình ảnh, bạn hãy chú ý các yếu tố sau:

1. **Màu sắc:** Bao bì thường có tông màu xanh lá cây, đỏ hoặc vàng - gợi liên tưởng đến quả táo.
2. **Hình ảnh:** Chai có thể in hình quả táo, hoa táo hoặc lá táo.
3. **Từ khóa:** Tìm các từ như ""Apple"", ""Táo"", ""Malus Domestica Fruit Extract"" trên nhãn.
4. **Mô tả:** Đọc kỹ mô tả sản phẩm, thường sẽ đề cập đến công dụng từ chiết xuất táo như cấp ẩm, làm sáng da.
"
Làm sao để nhận diện lọ kem nền dạng lỏng có SPF 30 qua hình ảnh?,"Để nhận diện kem nền lỏng có SPF 30 qua hình ảnh, bạn hãy chú ý các điểm sau:

1. **Bao bì:** Thường có ghi rõ ""SPF 30"" hoặc ""PA+++"" (chỉ số chống nắng của Nhật Bản).
2. **Chất kem:** Kem nền lỏng thường có kết cấu nhẹ, lỏng, dễ dàng đổ ra tay.
3. **Dung tích:** Thường được đóng trong chai hoặc tuýp có dung tích từ 30ml trở lên.
4. **Nhãn hiệu:** Các thương hiệu mỹ phẩm uy tín thường ghi đầy đủ thông tin về chỉ số SPF trên sản phẩm.
"
Làm sao để nhận diện hộp phấn mắt dạng cream lỏng qua hình ảnh?,"Để nhận diện hộp phấn mắt dạng cream lỏng qua hình ảnh, bạn hãy chú ý các điểm sau:

1. **Kết cấu:** Phấn mắt cream lỏng thường có vẻ ẩm ướt, bóng nhẹ, không khô ráo như phấn bột.
2. **Hộp đựng:** Thường được đựng trong lọ thủy tinh nhỏ, có nắp đậy kín để bảo quản độ ẩm.
3. **Màu sắc:** Màu sắc thường đậm đà, sắc nét hơn so với phấn bột.
4. **Dung tích:** Dung tích thường nhỏ, khoảng 5-10ml vì chất kem đặc biệt dễ sử dụng.
"
Làm sao để nhận diện lọ kem dưỡng mắt có chứa chiết xuất trà đen qua hình ảnh?,"Để nhận diện kem dưỡng mắt chứa chiết xuất trà đen qua hình ảnh, bạn hãy chú ý các điểm sau:

1. **Màu sắc:** Bao bì thường có tông màu tối như đen, nâu hoặc xanh đậm, gợi liên tưởng đến trà đen.
2. **Hình ảnh:** Sản phẩm có thể in hình lá trà đen, tách trà hoặc các họa tiết liên quan đến trà.
3. **Từ khóa:** Tìm các từ như ""Black Tea"", ""Trà Đen"", ""Black Tea Extract"" trên bao bì.
4. **Thương hiệu:** Một số thương hiệu nổi tiếng với dòng sản phẩm trà đen như Origins, Fresh.
"
Làm sao để nhận diện hộp phấn highlighter dạng bột rời qua hình ảnh?,"Để nhận diện hộp phấn highlighter dạng bột rời qua hình ảnh, bạn hãy chú ý các điểm sau:

1. **Kết cấu:** Phấn bột rời thường có vẻ mịn, tơi và không nén chặt như phấn nén.
2. **Bao bì:** Thường là hộp tròn hoặc vuông với nắp đậy, có thể có kèm cọ hoặc không.
3. **Màu sắc:** Màu sắc đa dạng, từ trắng ngọc trai, vàng champagne đến hồng đào, thường có ánh nhũ.
4. **Ánh nhũ:** Quan sát kỹ, phấn highlighter bột rời sẽ có các hạt nhũ lấp lánh rõ ràng.
"
Làm sao để nhận diện chai xịt dưỡng da có chứa chiết xuất hoa phong lan qua hình ảnh?,"Để nhận diện chai xịt dưỡng da chứa chiết xuất hoa phong lan qua hình ảnh, bạn hãy chú ý các điểm sau:

1. **Hình ảnh hoa phong lan:** Chai thường in hình ảnh hoa phong lan rõ ràng trên bao bì.
2. **Từ khóa:** Tìm các từ như ""Orchid"", ""Phong Lan"", ""Orchid Extract"" trên nhãn.
3. **Màu sắc:** Bao bì thường sử dụng màu tím, trắng hoặc xanh lá cây nhạt - những màu liên quan đến sự tinh khiết và vẻ đẹp của phong lan.
4. **Mô tả:** Đọc kỹ mô tả sản phẩm để xác nhận thành phần chiết xuất phong lan.
"
Làm sao để nhận diện lọ kem dưỡng da ban ngày có chứa chiết xuất trà trắng qua hình ảnh?,"Để nhận diện kem dưỡng da ban ngày chứa chiết xuất trà trắng qua hình ảnh, bạn hãy chú ý các điểm sau:

1. **Màu sắc:** Bao bì thường có tông màu trắng, xanh lá cây nhạt hoặc be, gợi liên tưởng đến sự tươi mát của trà trắng.
2. **Hình ảnh:** Sản phẩm có thể in hình lá trà trắng, búp trà hoặc các họa tiết liên quan đến trà.
3. **Từ khóa:** Tìm các từ như ""White Tea"", ""Trà trắng"", ""Camellia Sinensis Leaf Extract"" trên bao bì.
4. **Thương hiệu:** Một số thương hiệu nổi tiếng với dòng sản phẩm trà trắng như Innisfree, The Body Shop.
"
Làm sao để nhận diện chai tẩy trang định dạng micellar nhẹ?,"Để nhận diện tẩy trang micellar nhẹ, bạn hãy chú ý đến kết cấu. Tẩy trang micellar thật sự sẽ có kết cấu lỏng, gần như nước, không gây cảm giác nhờn dính. Khi lắc nhẹ, bạn sẽ thấy có các hạt micelle (hạt dầu siêu nhỏ) lơ lửng. Thành phần thường chứa nước, glycerin, và các chất hoạt động bề mặt nhẹ dịu. Đọc kỹ bảng thành phần để tránh các loại cồn hoặc dầu khoáng nếu bạn có làn da nhạy cảm.
"
Làm sao để nhận diện chai xịt dưỡng da có chứa chiết xuất hoa hồng qua hình ảnh?,"Để nhận diện chai xịt dưỡng da chứa chiết xuất hoa hồng qua hình ảnh, bạn có thể chú ý các điểm sau:

1. **Màu sắc:** Sản phẩm thường có màu hồng nhạt hoặc trong suốt với ánh hồng.
2. **Hình ảnh:** Chai thường in hình hoa hồng hoặc có các họa tiết liên quan đến hoa hồng.
3. **Thành phần:** Kiểm tra danh sách thành phần, tìm các từ khóa như ""Rosa Damascena Flower Water"" (nước hoa hồng Damask), ""Rose Extract"" (chiết xuất hoa hồng), hoặc ""Rose Oil"" (dầu hoa hồng).
4. **Nhãn mác:** Một số sản phẩm ghi rõ ""Rose Toner"" hoặc ""Rose Mist"".
"
Làm sao để nhận diện cây cọ tán phấn highlighter dạng dome nhỏ qua hình ảnh?,"Để nhận diện cọ tán phấn highlighter dạng dome nhỏ qua hình ảnh, bạn hãy chú ý các điểm sau:

1. **Hình dáng:** Đầu cọ tròn, vòm (dome) và nhỏ nhắn, không quá to.
2. **Lông cọ:** Lông mềm, tơi, thường là sợi tổng hợp hoặc lông tự nhiên chất lượng cao để tán highlighter mịn màng.
3. **Kích thước:** Thường nhỏ hơn các loại cọ khác, vừa vặn để tán highlight lên các điểm cao trên khuôn mặt như gò má, sống mũi, nhân trung.
"
Làm sao để nhận diện lọ kem dưỡng da ban ngày có chứa chiết xuất lô hội qua hình ảnh?,"Để nhận diện kem dưỡng da ban ngày có chiết xuất lô hội qua hình ảnh, bạn hãy chú ý các điểm sau:

1. **Màu sắc:** Kem lô hội thường có màu xanh nhạt hoặc trắng trong, đôi khi hơi đục.
2. **Thành phần:** Kiểm tra danh sách thành phần, tìm các từ khóa như ""Aloe Barbadensis Leaf Juice"" (nước ép lá lô hội), ""Aloe Vera Extract"" (chiết xuất lô hội).
3. **Hình ảnh trên bao bì:** Nhiều sản phẩm sẽ in hình lá lô hội để nhấn mạnh thành phần này.
4. **Kết cấu:** Kem lô hội thường nhẹ, dễ thẩm thấu, không gây nhờn dính.
"
Cách tạo makeup cho buổi đi ăn trưa tại quán cà phê ngoài trời?,"Để có một lớp trang điểm nhẹ nhàng cho buổi ăn trưa tại quán cà phê ngoài trời, bạn hãy thực hiện các bước sau:

1.  **Kem dưỡng ẩm & Kem chống nắng:** Dưỡng ẩm và bảo vệ da là bước quan trọng nhất.
2.  **BB Cream/Kem nền mỏng:** Che phủ nhẹ nhàng các khuyết điểm.
3.  **Phấn má hồng tone đào/cam đất:** Tạo vẻ tươi tắn, khỏe khoắn.
4.  **Mascara:** Làm dài và cong mi, mở rộng đôi mắt.
5.  **Son dưỡng/Son tint tone nude/ hồng san hô:** Giữ môi ẩm và có màu sắc tự nhiên.

Lớp trang điểm này giúp bạn trông tươi tắn, tự tin mà vẫn thoải mái, phù hợp với không gian ngoài trời.
"
Làm sao để nhận diện lọ kem dưỡng da ban ngày có chứa chiết xuất trà xanh qua hình ảnh?,"Để nhận diện kem dưỡng da ban ngày có chiết xuất trà xanh qua hình ảnh, bạn hãy chú ý các điểm sau:

1. **Màu sắc:** Bao bì thường có tông xanh lá cây, từ nhạt đến đậm, gợi liên tưởng đến trà xanh.
2. **Hình ảnh:** Thường có hình ảnh lá trà xanh, búp trà hoặc các họa tiết liên quan đến thiên nhiên, sự tươi mát.
3. **Từ khóa:** Tìm các từ như ""Green Tea"", ""Trà xanh"", ""Matcha"" trên bao bì.
4. **Thành phần:** Nếu có thể nhìn thấy danh sách thành phần, hãy tìm ""Camellia Sinensis Leaf Extract"" (chiết xuất lá trà xanh).
"
Cách chọn son môi để đi làm vào mùa xuân?,"Để chọn son môi đi làm mùa xuân, ưu tiên các màu sắc tươi tắn nhưng vẫn thanh lịch. Các lựa chọn lý tưởng bao gồm:

1.  **Hồng đào:** Nhẹ nhàng, nữ tính, phù hợp với nhiều tông da.
2.  **Cam san hô:** Mang đến vẻ tươi trẻ, năng động.
3.  **Đỏ cam:** Tươi sáng, giúp khuôn mặt trông rạng rỡ hơn.
4.  **Nude:** Tự nhiên, tinh tế, phù hợp với phong cách trang điểm tối giản.

Nên chọn chất son mềm mịn, có dưỡng ẩm để đôi môi không bị khô trong thời tiết giao mùa.
"
Làm sao để nhận diện chai tẩy trang định dạng micellar nhẹ qua hình ảnh?,"Để nhận diện chai tẩy trang micellar, bạn hãy chú ý các điểm sau:

1. **Dung tích:** Thường từ 100ml - 400ml, nhỏ gọn, tiện dụng.
2. **Chất lỏng:** Màu sắc trong suốt hoặc hơi đục nhẹ, không sánh đặc như dầu tẩy trang.
3. **Nhãn mác:** Ghi rõ ""Micellar Water"", ""Nước Micelle"" hoặc các từ tương tự, kèm mô tả ""dành cho mọi loại da"" hoặc phân loại da cụ thể.
4. **Bao bì:** Thường là chai nhựa trong suốt hoặc mờ, có vòi pump hoặc nắp bật.
"
Làm sao để nhận diện cây cọ tán phấn mắt dạng nhỏ qua hình?,"Để nhận diện cọ tán phấn mắt dạng nhỏ qua hình, bạn hãy chú ý các điểm sau:

1. **Kích thước:** Cọ nhỏ, thường từ 5-7cm.
2. **Hình dáng:** Đầu cọ tròn hoặc hơi dẹt, lông cọ mềm mại, thường thuôn.
3. **Màu sắc:** Thân cọ đa dạng, lông cọ thường trắng hoặc màu tự nhiên.
4. **Công dụng:** Hình dung cọ dùng để tán phấn mắt lên bầu mắt, hốc mắt hoặc đường viền mắt.

So sánh với các loại cọ khác (cọ má hồng, cọ kem nền) để thấy sự khác biệt về kích thước và hình dáng.
"
Làm sao để nhận diện chai xịt dưỡng da có chứa chiết xuất hoa cúc qua hình ảnh?,"Để nhận diện chai xịt dưỡng da chứa chiết xuất hoa cúc qua hình ảnh, bạn hãy chú ý các điểm sau:

1. **Màu sắc:** Sản phẩm thường có màu xanh nhạt hoặc trắng, gợi liên tưởng đến màu hoa cúc.
2. **Hình ảnh:** Chai thường in hình hoa cúc (chamomile) hoặc có chữ ""chamomile"", ""calendula"" (cúc vạn thọ) trên bao bì.
3. **Thành phần:** Kiểm tra danh sách thành phần, tìm các từ khóa như ""chamomile extract"", ""bisabolol"" (chất làm dịu từ cúc).
4. **Nhãn hiệu:** Một số nhãn hiệu nổi tiếng với dòng sản phẩm hoa cúc như Kiehl's, Weleda.
"
Làm sao để chọn màu son môi cho buổi đi xem triển lãm gốm sứ vào ban ngày?,"Để chọn son cho buổi đi xem triển lãm gốm sứ ban ngày, bạn nên ưu tiên các màu son tự nhiên, nhẹ nhàng. Các lựa chọn tốt bao gồm:

1.  **Son nude:** Tạo vẻ thanh lịch, tinh tế, không làm phân tâm khỏi các tác phẩm gốm.
2.  **Son hồng đào/hồng san hô:** Mang đến vẻ tươi trẻ, nữ tính, phù hợp với ánh sáng tự nhiên.
3.  **Son cam đất:** Lựa chọn hiện đại, ấm áp, dễ phối hợp với nhiều trang phục.

Tránh các màu son quá nổi bật như đỏ tươi hoặc tím đậm, vì có thể gây ấn tượng mạnh và lấn át vẻ đẹp của gốm sứ.
"
Cách nhận diện lọ serum có chứa chiết xuất hoa kim ngân qua hình ảnh?,"Để nhận diện serum chứa chiết xuất hoa kim ngân qua hình ảnh, bạn có thể chú ý các điểm sau:

1. **Màu sắc:** Serum thường có màu vàng nhạt hoặc trong suốt, đôi khi hơi ánh vàng do chiết xuất tự nhiên.
2. **Thành phần:** Kiểm tra danh sách thành phần trên bao bì, tìm các từ khóa như ""hoa kim ngân"", ""honeysuckle extract"", ""Lonicera japonica"".
3. **Hình ảnh:** Một số sản phẩm sẽ in hình hoa kim ngân trên bao bì để nhấn mạnh thành phần này.
4. **Kết cấu:** Serum có kết cấu lỏng nhẹ, dễ dàng thẩm thấu vào da.
"
Kỹ thuật makeup 'aurora shimmer' là gì?,"Kỹ thuật makeup ""Aurora Shimmer"" lấy cảm hứng từ hiện tượng cực quang, tạo hiệu ứng da căng bóng, ửng hồng tự nhiên và lấp lánh tinh tế. 

**Các bước thực hiện:**

1.  **Dưỡng ẩm:** Dưỡng ẩm kỹ để da mịn màng.
2.  **Highlight:** Sử dụng highlight dạng lỏng hoặc kem với tông màu ngọc trai, hồng ngọc, thoa lên gò má, sống mũi, trán, cằm.
3.  **Phấn má hồng:** Thoa phấn má hồng màu hồng đào hoặc cam đào nhẹ nhàng.
4.  **Xịt khóa:** Xịt khóa để các lớp makeup hòa quyện, tăng độ bóng khỏe.

Kỹ thuật này phù hợp với các dịp đặc biệt, giúp bạn tỏa sáng rạng rỡ.
"
Tại sao nên dùng phấn má hồng dạng gel cho da khô?,"Phấn má hồng dạng gel là lựa chọn tuyệt vời cho da khô vì kết cấu mỏng nhẹ, chứa nhiều dưỡng chất và độ ẩm hơn so với phấn bột. Gel giúp khóa ẩm, tránh làm da bị khô căng, bong tróc. Khi thoa, gel bám chặt vào da, tạo hiệu ứng tự nhiên, khỏe khoắn mà không bị vón cục hay lộ vân da như phấn bột. Bạn nên chọn loại có thành phần dưỡng ẩm như hyaluronic acid hoặc glycerin để đạt hiệu quả tốt nhất.
"
Cách tạo makeup cho buổi đi ngắm hoa cúc dại vào mùa thu?,"Để có một lớp trang điểm nhẹ nhàng, phù hợp với buổi đi ngắm hoa cúc dại mùa thu, bạn nên tập trung vào sự tự nhiên.

1.  **Nền:** Sử dụng kem nền mỏng nhẹ, hoặc BB cream để giữ cho da thông thoáng.
2.  **Mắt:** Phấn mắt màu cam đất, nâu vàng sẽ rất hợp với không khí mùa thu.
3.  **Má:** Chọn phấn má hồng màu đào hoặc cam san hô để tạo vẻ tươi tắn.
4.  **Môi:** Son dưỡng có màu hoặc son tint màu cam cháy sẽ hoàn thiện vẻ ngoài dịu dàng.

Lưu ý: Ưu tiên các sản phẩm có kết cấu nhẹ, tránh makeup quá đậm.
"
Làm sao để nhận diện cây cọ tán phấn mắt dạng small domed qua hình ảnh?,"Để nhận diện cọ tán phấn mắt dạng small domed qua hình ảnh, bạn hãy chú ý các đặc điểm sau:

1. **Hình dáng:** Đầu cọ tròn, bo tròn như mái vòm nhỏ (dome).
2. **Kích thước:** Nhỏ gọn, thường nhỏ hơn các loại cọ tán phấn khác.
3. **Lông cọ:** Lông mềm, dày dặn, thường được vát nhẹ để dễ dàng tán phấn vào hốc mắt.

Cọ này lý tưởng để tán phấn màu tập trung vào vùng trung tâm mí mắt, làm nổi bật điểm nhấn và tạo chiều sâu cho đôi mắt.
"
Tại sao nên dùng xịt khoáng có chứa chiết xuất hạt hướng dương trước makeup?,"Xịt khoáng chứa chiết xuất hạt hướng dương là bước chuẩn bị tuyệt vời trước makeup vì nhiều lý do. Hạt hướng dương giàu vitamin E và các axit béo thiết yếu, giúp cấp ẩm sâu và tạo một lớp màng bảo vệ da. Điều này làm dịu da, giảm kích ứng và giúp lớp nền mịn màng hơn, bám dính tốt hơn. Ngoài ra, chiết xuất hướng dương còn có khả năng chống oxy hóa, bảo vệ da khỏi tác hại của môi trường.
"
Làm sao để nhận diện chai sữa rửa mặt có chứa chiết xuất hoa sen qua hình ảnh?,"Để nhận diện sữa rửa mặt có chiết xuất hoa sen qua hình ảnh, bạn hãy chú ý các điểm sau:

1. **Hình ảnh hoa sen:** Bao bì thường in hình hoa sen trắng hoặc hồng, có thể là hình ảnh thật hoặc cách điệu.
2. **Màu sắc chủ đạo:** Sản phẩm thường sử dụng màu xanh lam, trắng hoặc hồng nhạt, gợi liên tưởng đến sự thanh khiết của hoa sen.
3. **Từ khóa:** Tìm các từ như ""hoa sen"", ""lotus"", ""sen"" trên bao bì.
4. **Mô tả:** Đọc kỹ phần mô tả thành phần, sẽ có dòng chữ ghi rõ chiết xuất hoa sen.
"
Cách tạo makeup cho buổi đi xem lễ hội ánh sáng pháo hoa?,"Để có một lớp trang điểm phù hợp cho buổi xem pháo hoa, bạn nên ưu tiên sự lấp lánh và bền màu.

1.  **Nền:** Chọn kem nền có độ che phủ vừa phải, kết hợp phấn phủ dạng bột để giữ lớp nền lâu trôi.
2.  **Mắt:** Sử dụng phấn mắt màu tối (đen, xám, xanh navy) kết hợp nhũ lấp lánh. Kẻ eyeliner và mascara chống thấm nước.
3.  **Má & Môi:** Tô má hồng nhẹ nhàng và chọn son môi có màu đậm hoặc son bóng để nổi bật trong đêm tối.
4.  **Highlight:** Đừng quên highlight ở gò má, sống mũi để bắt sáng pháo hoa!"
Kỹ thuật makeup 'velvet amethyst' là gì?,"""Velvet Amethyst"" là kỹ thuật trang điểm lấy cảm hứng từ sắc tím amethyst (thạch anh tím) và kết cấu nhung mịn màng. 

**Các bước chính:**

1.  **Nền:** Sử dụng kem nền ẩm mịn, tạo lớp nền lì nhưng không gây khô da.
2.  **Mắt:** Phủ phấn mắt tím amethyst từ nhạt đến đậm, tập trung vào hốc mắt và đuôi mắt.
3.  **Má:** Sử dụng phấn má hồng tím nhạt hoặc hồng đào để tạo độ ửng hồng tự nhiên.
4.  **Môi:** Son môi màu tím berry hoặc nude hồng để cân bằng.

Kỹ thuật này tạo vẻ đẹp sang trọng, bí ẩn và quyến rũ.
"
Cách chọn son môi cho buổi tiệc tối tại nhà hàng ven sông?,"Để chọn son môi cho buổi tiệc tối tại nhà hàng ven sông, bạn nên ưu tiên các màu son ấm áp, có chút ánh đỏ hoặc hồng đất. Những màu này sẽ tôn da và phù hợp với không khí lãng mạn của buổi tối. 

**Gợi ý:**

1.  **Da sáng:** Đỏ cam, hồng san hô, hoặc nude đào.
2.  **Da trung bình:** Đỏ gạch, hồng đất, hoặc plum (màu mận chín).
3.  **Da tối:** Đỏ rượu, nâu đất, hoặc burgundy (màu đỏ tía).

Chất son nên chọn lì hoặc bán lì để giữ màu lâu và tránh bị lem khi ăn uống.
"
Tại sao nên dùng tẩy trang dạng dầu hạt mè cho makeup chống nước?,"Dầu hạt mè là lựa chọn tuyệt vời để tẩy trang makeup chống nước vì một số lý do. Đầu tiên, dầu có khả năng hòa tan các thành phần chống nước như silicone, polyme, và sáp, giúp làm mềm và loại bỏ chúng hiệu quả mà không cần chà xát mạnh. Thứ hai, dầu hạt mè giàu vitamin E và axit béo, giúp dưỡng ẩm và làm dịu da, giảm thiểu tình trạng khô căng sau khi tẩy trang. Cuối cùng, nó là một lựa chọn tự nhiên, lành tính cho da.
"
Cách tạo makeup cho buổi đi ngắm hoa tuyết vào mùa đông?,"Để có một lớp trang điểm phù hợp khi đi ngắm hoa tuyết mùa đông, bạn nên tập trung vào sự tươi tắn và giữ ẩm cho da.

1.  **Dưỡng ẩm:** Sử dụng kem dưỡng ẩm giàu ẩm để bảo vệ da khỏi khô ráp.
2.  **Nền:** Chọn foundation mỏng nhẹ, có độ che phủ vừa phải.
3.  **Màu má:** Sử dụng phấn má hồng tone đào hoặc hồng baby để tạo vẻ ửng hồng tự nhiên.
4.  **Môi:** Son dưỡng ẩm kết hợp son màu nhẹ nhàng như hồng san hô hoặc cam đất.
5.  **Mắt:** Phấn mắt tone nâu ấm hoặc champagne, kết hợp mascara chống thấm nước."
Kỹ thuật makeup 'starlit glow' là gì?,"Kỹ thuật makeup ""starlit glow"" (tỏa sáng như sao) tập trung vào việc tạo hiệu ứng da căng bóng, khỏe mạnh và lấp lánh tự nhiên. 

**Các bước chính:**

1.  **Dưỡng ẩm:** Cấp ẩm kỹ lưỡng là nền tảng.
2.  **Highlight:** Sử dụng highlight dạng lỏng hoặc kem ở những vị trí bắt sáng (gò má, sống mũi, nhân trung, khóe mắt).
3.  **Phấn bắt sáng:** Thêm một lớp phấn bắt sáng mịn để tăng độ lấp lánh.
4.  **Son bóng:** Chọn son bóng hoặc son dưỡng có nhũ nhẹ.

Mục đích là tạo vẻ ngoài rạng rỡ, như thể da đang phát sáng từ bên trong.
"
Làm sao để nhận diện lọ kem dưỡng da có chứa chiết xuất hoa anh thảo qua hình ảnh?,"Để nhận diện kem dưỡng da có chiết xuất hoa anh thảo qua hình ảnh, bạn hãy chú ý các điểm sau:

1. **Hình ảnh trên bao bì:** Các sản phẩm thường in hình hoa anh thảo (Evening Primrose) màu vàng tươi, cánh hoa nhỏ.
2. **Thành phần (Ingredients):** Tìm các từ khóa như ""Evening Primrose Oil"", ""Oenothera Biennis Seed Oil"" trong danh sách thành phần.
3. **Màu sắc sản phẩm:** Kem chứa chiết xuất hoa anh thảo thường có màu vàng nhạt tự nhiên do dầu thực vật.
"
Tại sao nên dùng son dưỡng có chứa dầu hạt bơ trước son tint?,"Chào bạn,

Son dưỡng có dầu hạt bơ là bước chuẩn bị tuyệt vời trước son tint vì một số lý do:

1. **Dưỡng ẩm:** Dầu hạt bơ giàu vitamin E và axit béo, giúp môi mềm mại, giảm khô bong tróc.
2. **Tạo lớp nền:** Son dưỡng tạo một lớp nền mịn màng, giúp son tint bám dính tốt hơn, lên màu chuẩn hơn.
3. **Giảm thâm môi:** Dưỡng ẩm đầy đủ giúp môi khỏe mạnh, giảm tình trạng thâm môi do khô ráp.

Việc này giúp son tint không bị ""ăn"" vào rãnh môi, giữ màu lâu hơn và không gây cảm giác khó chịu.
"
Làm sao để nhận diện cây cọ tán phấn mắt dạng flat precision qua hình ảnh?,"Để nhận diện cọ tán phấn mắt flat precision qua hình ảnh, bạn hãy chú ý các điểm sau:

1. **Hình dáng:** Đầu cọ dẹt, mỏng và có hình vuông hoặc chữ nhật.
2. **Lông cọ:** Lông thường dày, ngắn và được cắt tỉa thẳng, giúp lấy và tán phấn chính xác.
3. **Kích thước:** Thường nhỏ gọn, phù hợp để tán phấn trong các vùng hẹp như mí mắt.

Cọ này lý tưởng để đánh phấn mắt lên toàn bộ bầu mắt, tạo khối hoặc đánh phấn màu đậm nét.
"
Cách tạo makeup cho buổi đi xem phim tình cảm với bạn bè?,"Để có makeup nhẹ nhàng, xinh xắn cho buổi xem phim tình cảm với bạn bè, bạn hãy thử các bước sau nhé:

1.  **Chuẩn bị da:** Dưỡng ẩm kỹ để da căng mịn.
2.  **Nền:** Dùng BB cream hoặc cushion mỏng nhẹ, che khuyết điểm nếu cần.
3.  **Mắt:** Phấn mắt màu hồng đào hoặc cam đất, tán nhẹ nhàng. Kẻ eyeliner mảnh và chuốt mascara.
4.  **Má:** Phấn má hồng tone hồng baby để có vẻ ngoài tươi tắn.
5.  **Môi:** Son tint hoặc son thỏi màu hồng san hô hoặc nude.

Lưu ý: Ưu tiên sự tự nhiên, tránh makeup quá đậm nhé!
"
Cách chọn son môi cho buổi họp mặt bạn bè tại quán trà sữa?,"Để chọn son cho buổi họp mặt trà sữa với bạn bè, bạn nên ưu tiên sự tự nhiên, tươi tắn. Các màu như hồng san hô, cam đào, hoặc hồng baby sẽ rất phù hợp. Chất son nên là son tint hoặc son kem lì nhẹ, giúp giữ màu lâu mà vẫn thoải mái khi uống trà sữa. Tránh các màu quá đậm hoặc bóng, vì có thể không phù hợp với không gian quán trà sữa ấm cúng, thân mật.
"
Làm sao để nhận diện chai xịt cố định makeup có chứa chiết xuất trà trắng qua hình ảnh?,"Để nhận diện chai xịt cố định makeup chứa chiết xuất trà trắng qua hình ảnh, bạn hãy chú ý các điểm sau:

1. **Màu sắc:** Bao bì thường có tông màu xanh lá cây nhạt hoặc trắng, gợi liên tưởng đến trà trắng và sự tươi mát.
2. **Hình ảnh:** Chai xịt có thể in hình lá trà trắng hoặc có dòng chữ ""White Tea"" rõ ràng.
3. **Thành phần:** Kiểm tra danh sách thành phần in trên bao bì, tìm các từ khóa như ""Camellia Sinensis Leaf Extract"" (chiết xuất lá trà trắng).
"
Cách tạo makeup cho buổi đi ngắm hoa mận vào mùa xuân?,"Để có một lớp trang điểm nhẹ nhàng, tươi tắn khi đi ngắm hoa mận, bạn nên tập trung vào sự tự nhiên.

1.  **Dưỡng ẩm:** Bước quan trọng để lớp nền mịn màng.
2.  **Nền:** Dùng kem nền mỏng, nhẹ, hoặc BB cream.
3.  **Màu má:** Chọn tone hồng đào hoặc cam san hô để tươi tắn.
4.  **Mắt:** Phấn mắt màu hồng nhạt, cam đất, hoặc nâu tây. Kẻ eyeliner mảnh và chuốt mascara.
5.  **Môi:** Son dưỡng hoặc son tint màu hồng baby, cam san hô.

Lớp trang điểm này sẽ giúp bạn nổi bật giữa khung cảnh hoa mận mà vẫn giữ được vẻ thanh tú, dịu dàng.
"
Làm sao để nhận diện lọ kem nền dạng lỏng medium coverage qua hình ảnh?,"Để nhận diện kem nền lỏng medium coverage qua hình ảnh, bạn hãy chú ý các điểm sau:

1. **Kết cấu:** Kem nền lỏng sẽ có vẻ ""ướt át"" hơn so với kem nền đặc, không bị đặc quánh hay vón cục.
2. **Độ che phủ:** Medium coverage thường không hoàn toàn che hết khuyết điểm, bạn vẫn có thể thấy một chút lỗ chân lông hoặc vết thâm mờ.
3. **Thành phần:** Thường có nhiều nước và các hạt sắc tố tán đều, không quá dày đặc.
4. **Bao bì:** Thường được đựng trong chai có pump hoặc nắp đậy kín để bảo quản độ lỏng.
"
Tại sao nên dùng xịt khoáng có chứa chiết xuất hoa cúc La Mã trước makeup?,"Xịt khoáng chứa chiết xuất hoa cúc La Mã là bước chuẩn bị tuyệt vời trước makeup vì nhiều lý do. Hoa cúc La Mã nổi tiếng với khả năng làm dịu da, giảm kích ứng và mẩn đỏ, đặc biệt hữu ích cho da nhạy cảm. Xịt khoáng giúp cân bằng độ pH, cung cấp độ ẩm nhẹ nhàng, giúp lớp nền mịn màng, bám dính tốt hơn và hạn chế tình trạng cakey. Đồng thời, nó còn tạo cảm giác thư giãn, sảng khoái cho da.
"
Cách tạo makeup cho buổi đi xem hòa nhạc acoustic vào ban đêm?,"Để có makeup phù hợp buổi hòa nhạc acoustic đêm, bạn nên ưu tiên vẻ tự nhiên nhưng vẫn nổi bật.

1.  **Nền:** Dùng kem nền mỏng nhẹ, che khuyết điểm vừa đủ.
2.  **Mắt:** Phấn mắt màu nude hoặc nâu nhạt, tán đều. Kẻ eyeliner mảnh, chuốt mascara.
3.  **Má:** Phấn má hồng đào hoặc cam đất, đánh nhẹ nhàng.
4.  **Môi:** Son dưỡng hoặc son màu nude/ hồng san hô.

Lý do: Ánh sáng yếu nên makeup quá đậm sẽ phản tác dụng. Ưu tiên sự thoải mái, tự tin để tận hưởng âm nhạc!
"
Làm sao để nhận diện cây cọ tán phấn má hồng dạng dome lớn qua hình ảnh?,"Để nhận diện cọ tán phấn má hồng dạng dome lớn qua hình ảnh, bạn hãy chú ý các điểm sau:

1. **Hình dáng:** Đầu cọ tròn, phồng như mái vòm (dome) và lớn hơn các loại cọ má hồng khác.
2. **Lông cọ:** Lông thường mềm, dày và xoe rộng, giúp tán phấn đều và nhẹ nhàng.
3. **Kích thước:** So với các cọ má hồng khác, cọ dome lớn có kích thước tổng thể lớn hơn, phù hợp với việc tạo khối và highlight nhẹ nhàng.
"
Tại sao nên dùng kem lót có chứa chiết xuất hạt chia cho da nhạy cảm?,"Kem lót chứa chiết xuất hạt chia rất lý tưởng cho da nhạy cảm vì nhiều lý do. Hạt chia giàu axit béo omega-3 và chất chống oxy hóa, giúp làm dịu và giảm viêm, xoa dịu các kích ứng thường gặp ở da nhạy cảm. Đồng thời, hạt chia tạo một lớp màng bảo vệ nhẹ nhàng, giúp khóa ẩm và tăng cường hàng rào bảo vệ da, hạn chế tác động từ môi trường và các sản phẩm trang điểm khác.
"
Làm sao để nhận diện lọ serum có chứa chiết xuất hoa hướng dương qua hình ảnh?,"Để nhận diện serum chứa chiết xuất hoa hướng dương qua hình ảnh, bạn có thể chú ý các điểm sau:

1. **Màu sắc:** Serum thường có màu vàng nhạt hoặc trong suốt, đôi khi hơi vàng do chứa tinh dầu hướng dương.
2. **Hình ảnh trên bao bì:** Các sản phẩm thường in hình hoa hướng dương hoặc sử dụng màu vàng làm chủ đạo.
3. **Thành phần:** Kiểm tra danh sách thành phần, tìm các từ khóa như ""Sunflower Seed Oil"" (dầu hạt hướng dương), ""Helianthus Annuus Seed Extract"" (chiết xuất hạt hướng dương).
"
Cách tạo makeup cho buổi tiệc tối tại nhà hàng Ý?,"Để có makeup phù hợp buổi tiệc tối tại nhà hàng Ý, bạn nên tập trung vào sự quyến rũ, tinh tế.

1.  **Nền:** Chọn nền lì, che phủ vừa phải, tạo lớp nền mịn màng.
2.  **Mắt:** Phấn mắt tông màu ấm như nâu, đồng, hoặc burgundy. Đánh nhũ mắt nhẹ ở bầu mắt. Kẻ eyeliner mảnh, chuốt mascara.
3.  **Má:** Sử dụng phấn má hồng đào hoặc cam đất để tạo vẻ ấm áp.
4.  **Môi:** Son đỏ rượu hoặc màu nude đất sẽ rất hợp với không gian nhà hàng Ý.
"
Kỹ thuật makeup 'coral radiance' là gì?,"Kỹ thuật ""Coral Radiance"" là xu hướng trang điểm tập trung vào sắc cam san hô ấm áp, mang đến vẻ tươi tắn, rạng rỡ cho khuôn mặt. 

**Các bước thực hiện:**

1.  **Phấn má hồng:** Chọn phấn má hồng màu cam san hô, đánh lên gò má theo hướng từ thái dương về vùng mắt.
2.  **Son môi:** Sử dụng son màu cam san hô hoặc hồng san hô.
3.  **Highlight:** Thêm chút highlight màu ngọc trai ở gò má, sống mũi để tăng độ bắt sáng.
4.  **Mắt:** Phủ nhẹ phấn mắt màu cam đào hoặc san hô.

Kỹ thuật này phù hợp với nhiều tông da, đặc biệt là da trung bình và da ngăm.
"
Tại sao nên dùng son dưỡng có chứa dầu hạt lanh trước son bóng?,"Chào bạn,

Dùng son dưỡng có dầu hạt lanh trước son bóng là một mẹo nhỏ giúp đôi môi căng mọng và giữ màu son lâu hơn. Dầu hạt lanh giàu axit béo omega-3, giúp dưỡng ẩm sâu, làm mềm môi và giảm tình trạng bong tróc. Khi môi đủ ẩm, son bóng sẽ bám tốt hơn, không bị lem và tạo hiệu ứng căng mọng tự nhiên, khỏe khoắn hơn so với việc đánh trực tiếp lên môi khô.
"
Làm sao để nhận diện lọ kem dưỡng mắt có chứa chiết xuất lô hội qua hình ảnh?,"Để nhận diện kem dưỡng mắt chứa chiết xuất lô hội qua hình ảnh, bạn hãy chú ý các điểm sau:

1. **Thành phần:** Kiểm tra danh sách thành phần trên bao bì, tìm các từ như ""Aloe Barbadensis Leaf Juice"" (nước ép lá lô hội) hoặc ""Aloe Vera Extract"" (chiết xuất lô hội).
2. **Màu sắc:** Kem lô hội thường có màu xanh nhạt hoặc trong suốt, do chứa chlorophyll từ lá lô hội.
3. **Bao bì:** Một số sản phẩm sẽ ghi rõ ""lô hội"" hoặc hình ảnh lá lô hội trên bao bì để thu hút khách hàng.
"
Tại sao nên dùng tẩy trang dạng dầu hạt chùm ngây cho makeup đậm?,"Dầu hạt chùm ngây là lựa chọn tuyệt vời để tẩy trang makeup đậm vì khả năng hòa tan dầu vượt trội. Makeup, đặc biệt là các sản phẩm chống thấm nước như mascara, foundation lì, thường chứa dầu. Dầu hạt chùm ngây ""khóa"" các phân tử dầu này, nhẹ nhàng loại bỏ chúng mà không cần chà xát mạnh, giúp bảo vệ da. Bên cạnh đó, dầu chùm ngây giàu vitamin và axit béo, giúp làm dịu và dưỡng ẩm da sau khi tẩy trang.
"
Cách tạo makeup cho buổi đi thăm làng nghề gốm?,"Chào bạn, để có một lớp makeup phù hợp khi đi thăm làng nghề gốm, bạn nên ưu tiên sự tự nhiên, thoải mái và bền màu.

1.  **Chuẩn bị da:** Dưỡng ẩm kỹ để da không bị khô ráp do thời tiết.
2.  **Nền:** Dùng kem nền mỏng nhẹ, che khuyết điểm vừa đủ.
3.  **Màu mắt:** Chọn tone màu đất, cam đất hoặc nâu nhẹ nhàng.
4.  **Má hồng:** Tô nhẹ nhàng màu hồng đào hoặc cam san hô.
5.  **Son:** Son nude hoặc màu cam san hô sẽ phù hợp nhất.
6.  **Khóa lớp makeup:** Dùng xịt khóa để giữ lớp trang điểm bền lâu.

Lưu ý: Nên tránh makeup quá cầu kỳ, lấp lánh để phù hợp với không gian làng nghề."
Làm sao để nhận diện chai sữa rửa mặt có chứa chiết xuất hoa oải hương qua hình ảnh?,"Để nhận diện sữa rửa mặt có chiết xuất hoa oải hương qua hình ảnh, bạn hãy chú ý các điểm sau:

1. **Màu sắc:** Sản phẩm thường có màu tím nhạt hoặc xanh tím, gợi liên tưởng đến hoa oải hương.
2. **Hình ảnh:** Bao bì thường in hình ảnh hoa oải hương hoặc các họa tiết liên quan.
3. **Từ khóa:** Tìm các từ như ""Lavender"", ""Oải hương"", ""Lavender Extract"" trên nhãn.
4. **Mô tả:** Đọc kỹ mô tả thành phần, chiết xuất oải hương thường được làm nổi bật.
"
Cách tạo makeup cho buổi đi ngắm hoa cải trắng vào mùa đông?,"Để có makeup dịu dàng cho buổi đi ngắm hoa cải trắng mùa đông, bạn nên ưu tiên vẻ đẹp tự nhiên, trong trẻo.

1.  **Nền:** Dưỡng ẩm kỹ, dùng kem nền mỏng nhẹ, che khuyết điểm vừa đủ.
2.  **Mắt:** Phấn mắt màu hồng đào hoặc cam đất, tán nhẹ nhàng. Kẻ mắt mảnh, dùng mascara nâu hoặc đen tự nhiên.
3.  **Má:** Phấn má hồng đào hoặc hồng san hô, đánh nhẹ lên gò má.
4.  **Môi:** Son dưỡng hoặc son tint màu hồng baby, cam san hô.

Lý do: Màu sắc tươi sáng, nhẹ nhàng sẽ hòa hợp với vẻ đẹp tinh khiết của hoa cải trắng và không gian mùa đông.
"
Làm sao để nhận diện lọ serum có chứa chiết xuất hoa cúc qua hình ảnh?,"Để nhận diện serum chứa chiết xuất hoa cúc qua hình ảnh, bạn có thể chú ý các điểm sau:

1. **Màu sắc:** Serum hoa cúc thường có màu vàng nhạt hoặc trong suốt, đôi khi hơi xanh nhẹ do chứa tinh dầu.
2. **Thành phần:** Kiểm tra danh sách thành phần, tìm các từ khóa như ""Chamomile"", ""Bisabolol"" (chất làm dịu từ hoa cúc), hoặc tên khoa học của hoa cúc (Matricaria chamomilla).
3. **Hình ảnh trên bao bì:** Nhiều sản phẩm sẽ in hình hoa cúc để nhấn mạnh thành phần này.
4. **Kết cấu:** Serum hoa cúc thường lỏng nhẹ, dễ thẩm thấu.
"
Làm sao chọn son môi để đi làm vào mùa hè?,"Để chọn son môi đi làm mùa hè, bạn nên ưu tiên những màu sắc tự nhiên, nhẹ nhàng. Các lựa chọn tốt bao gồm:

1.  **Son nude:** Tạo vẻ thanh lịch, tinh tế.
2.  **Son hồng đào:** Phù hợp với nhiều tông da, mang đến vẻ tươi trẻ.
3.  **Son cam đất:** Hiện đại, năng động nhưng vẫn lịch sự.

Chất son nên chọn loại có dưỡng ẩm, bền màu để không cần dặm lại nhiều lần. Tránh các màu quá sặc sỡ hoặc bóng loáng để giữ vẻ chuyên nghiệp.
"
Làm sao chọn son môi cho buổi đi ăn tối tại nhà hàng Nhật?,"Để chọn son môi phù hợp cho buổi đi ăn tối tại nhà hàng Nhật, bạn nên ưu tiên những màu sắc tự nhiên, tinh tế. Các lựa chọn lý tưởng bao gồm:

1.  **Son nude:** Tạo vẻ thanh lịch, nhẹ nhàng.
2.  **Son hồng đào:** Phù hợp với không khí ấm cúng, lãng mạn.
3.  **Son đỏ cam đất:** Sang trọng, tôn da mà không quá nổi bật.

Tránh các màu son quá sặc sỡ hoặc bóng bẩy. Chất son lì hoặc semi-matte sẽ giúp bạn thoải mái ăn uống mà không lo bị lem.
"
Làm sao chọn son môi để đi xem lễ hội âm nhạc EDM?,"Để chọn son môi phù hợp đi lễ hội EDM, bạn nên ưu tiên sự thoải mái và bền màu.

1.  **Chọn chất son lì hoặc kem lì:** Chất son này ít bị lem khi vận động, mồ hôi nhiều.
2.  **Màu sắc nổi bật:** Đỏ, cam, hồng fuchsia hoặc các màu neon sẽ giúp bạn nổi bật trong đám đông và lên hình đẹp.
3.  **Độ bám cao:** Ưu tiên các dòng son có khả năng giữ màu tốt, hoặc dùng thêm son dưỡng làm lớp lót để son bám lâu hơn.
4.  **Nhỏ gọn, tiện mang theo:** Chọn son mini hoặc son thỏi để dễ dàng bỏ túi và dặm lại khi cần."
Cách tạo makeup để đi thăm chợ nổi vào sáng sớm?,"Chào bạn, để có một lớp makeup nhẹ nhàng, tươi tắn khi đi chợ nổi sáng sớm, bạn nên ưu tiên sự tự nhiên.

1.  **Dưỡng ẩm:** Bước quan trọng để da không bị khô.
2.  **Kem chống nắng:** Bảo vệ da khỏi ánh nắng sớm.
3.  **BB cream/Kem nền mỏng:** Che nhẹ khuyết điểm, không cần quá kỹ.
4.  **Má hồng tone cam đào:** Tạo vẻ tươi tắn.
5.  **Son dưỡng/Son tint nhẹ màu:** Giữ môi ẩm và có chút sắc màu.

Tránh makeup quá đậm vì không phù hợp với không khí buổi sáng và dễ bị trôi khi đổ mồ hôi."
Làm sao chọn son môi để chọn son môi cho buổi đi ăn tối với gia đình tại nhà hàng?,"Để chọn son môi cho buổi tối ấm cúng bên gia đình tại nhà hàng, bạn nên ưu tiên sự tự nhiên, thanh lịch.

1.  **Màu sắc:** Chọn các tông màu nude, hồng đào, cam đất hoặc đỏ cam trầm. Tránh các màu quá nổi bật như đỏ tươi, hồng neon.
2.  **Chất son:** Son kem lì hoặc son satin sẽ giữ màu tốt mà vẫn mềm môi, thoải mái khi ăn uống.
3.  **Độ bám màu:** Ưu tiên son có độ bám màu khá để không cần dặm lại liên tục.

Lý do: Màu sắc nhẹ nhàng thể hiện sự tôn trọng với không gian gia đình, chất son mềm mại tạo cảm giác dễ chịu.
"
Tại sao nên sử dụng phấn phủ dạng bột rời cho da mụn?,"Phấn phủ dạng bột rời là lựa chọn tốt cho da mụn vì khả năng kiểm soát dầu thừa hiệu quả, giúp hạn chế tình trạng bít tắc lỗ chân lông – nguyên nhân chính gây mụn. Hơn nữa, kết cấu phấn mịn nhẹ không gây nặng mặt, tránh làm tăng độ ẩm và nhiệt, tạo điều kiện cho vi khuẩn phát triển. Nên chọn phấn không chứa talc và có thành phần kháng viêm để hỗ trợ quá trình điều trị mụn.
"
Cách chọn son môi để đi bar vào tối thứ sáu?,"Để chọn son môi đi bar tối thứ Sáu, bạn nên ưu tiên các màu đậm, nổi bật và có độ bền màu cao. Đỏ tươi, hồng berry, cam đất hoặc tím đậm là những lựa chọn tuyệt vời. Nên chọn chất son lì hoặc kem lì để tránh tình trạng son lem, trôi khi vận động và giữ màu lâu hơn. Đừng quên dùng son dưỡng trước khi đánh son màu để môi không bị khô nhé!
"
Cách tạo makeup để đi thăm di tích văn hóa?,"Để trang điểm khi đi thăm di tích văn hóa, bạn nên ưu tiên sự tự nhiên, thanh lịch.

1.  **Chuẩn bị da:** Dưỡng ẩm kỹ để lớp nền mịn màng.
2.  **Nền:** Chọn BB cream hoặc cushion mỏng nhẹ, che khuyết điểm vừa đủ.
3.  **Mắt:** Phấn mắt màu nude hoặc nâu nhạt, kẻ mắt mảnh, mascara nhẹ nhàng.
4.  **Má:** Phấn má hồng đào hoặc cam đất, đánh nhẹ nhàng để có vẻ tươi tắn.
5.  **Môi:** Son nude hoặc màu hồng san hô, chất son mềm mịn.

Tránh trang điểm quá đậm để thể hiện sự tôn trọng với di tích và sự thoải mái trong suốt chuyến đi.
"
Cách tạo makeup để đi ngắm hoa lavender vào mùa hè?,"Để có makeup dịu dàng ngắm hoa lavender mùa hè, bạn nên ưu tiên vẻ tự nhiên, trong trẻo.

1.  **Chuẩn bị da:** Dưỡng ẩm kỹ để lớp nền mịn màng.
2.  **Nền:** Dùng kem nền mỏng nhẹ, hoặc BB cream để da thông thoáng.
3.  **Mắt:** Phấn mắt tím lavender nhạt tán đều, kết hợp chút nâu vàng để tạo chiều sâu.
4.  **Má:** Hồng đào hoặc cam đào nhẹ nhàng.
5.  **Môi:** Son dưỡng ẩm hoặc son tint màu hồng baby.

Lý do: Màu tím lavender vốn đã rất nổi bật, nên makeup nên nhẹ nhàng để cân bằng."
Cách tạo makeup để đi xem lễ hội đèn lồng vào ban đêm?,"Để có makeup đi lễ hội đèn lồng ban đêm, bạn nên tập trung vào đôi mắt lấp lánh và đôi môi nổi bật.

1.  **Mắt:** Dùng phấn mắt màu đồng, cam hoặc tím, tán đều. Đừng quên highlight phần đầu mắt và xương chân mày. Kẻ eyeliner mảnh và chuốt mascara. Có thể thêm chút nhũ mắt để tăng hiệu ứng lung linh.
2.  **Môi:** Chọn son màu đỏ cam, hồng đất hoặc màu berry.
3.  **Da:** Trang điểm nhẹ nhàng, tập trung vào che khuyết điểm và tạo lớp nền mịn màng."
Làm sao chọn son môi để đi tiệc tối trên du thuyền?,"Để chọn son môi phù hợp cho tiệc tối trên du thuyền, bạn nên ưu tiên các màu son trầm ấm, quyến rũ như đỏ ruby, đỏ burgundy, hoặc hồng đất. Những màu này sẽ nổi bật trong ánh đèn lung linh và tạo vẻ ngoài sang trọng. Chất son lì hoặc semi-matte sẽ bền màu hơn, giúp bạn tự tin suốt buổi tiệc mà không cần dặm lại thường xuyên. Đừng quên cân nhắc màu da để chọn được sắc son hài hòa nhất nhé!
"
Tại sao nên dùng phấn má hồng dạng cream để makeup cho da khô?,"Chào bạn, với làn da khô, phấn má hồng dạng kem là lựa chọn tuyệt vời vì một số lý do sau:

1. **Độ ẩm:** Phấn kem chứa nhiều dưỡng chất, giúp cấp ẩm và làm mềm da, khắc phục tình trạng khô ráp.
2. **Hiệu ứng tự nhiên:** Chất kem dễ dàng hòa quyện vào da, tạo hiệu ứng má ửng hồng tự nhiên, không bị bột hay lộ vân da như phấn bột.
3. **Độ bám tốt:** Phấn kem bám da tốt hơn, giúp màu má bền lâu mà không cần dặm lại nhiều lần.

Hãy chọn các sản phẩm có thành phần dưỡng ẩm như hyaluronic acid hoặc glycerin để đạt hiệu quả tốt nhất nhé!
"
Cách tạo makeup để đi trượt tuyết vào ban ngày?,"Để có lớp makeup đi trượt tuyết ban ngày hoàn hảo, bạn cần ưu tiên sự bền vững và bảo vệ da.

1. **Dưỡng ẩm:** Dưỡng ẩm kỹ lưỡng là bước quan trọng nhất để chống lại tác động của thời tiết lạnh.
2. **Kem chống nắng:** Sử dụng kem chống nắng phổ rộng, chỉ số SPF cao (30+) để bảo vệ da khỏi tia UV mạnh mẽ trên tuyết.
3. **Makeup nhẹ nhàng:** Chọn lớp nền mỏng, tự nhiên, kết hợp với má hồng kem và son dưỡng có màu.
4. **Chống thấm nước:** Ưu tiên các sản phẩm chống thấm nước để tránh lem luốc.
"
Cách chọn cọ để tán kem nền tảng cho da mụn?,"Để tán kem nền cho da mụn, bạn nên ưu tiên cọ đầu bằng, sợi tổng hợp mềm mại. Loại cọ này giúp phân tán kem nền đều, không gây ma sát mạnh làm tổn thương nhân mụn. Tránh cọ đầu vát hoặc lông tự nhiên vì dễ bám vi khuẩn và làm tình trạng mụn thêm nghiêm trọng. Nên chọn cọ có mật độ lông vừa phải để kiểm soát lượng kem nền tốt hơn, tránh gây bí da.
"
Cách tạo makeup để đi xem phim lãng mạn vào buổi tối?,"Để có lớp trang điểm nhẹ nhàng, lãng mạn đi xem phim tối, bạn hãy thực hiện các bước sau:

1. **Chuẩn bị da:** Dưỡng ẩm kỹ để da căng mịn.
2. **Nền:** Dùng kem nền mỏng, nhẹ, che khuyết điểm vừa đủ.
3. **Mắt:** Phấn mắt màu hồng đào hoặc cam đất, tán nhẹ nhàng. Kẻ eyeliner mảnh, chuốt mascara.
4. **Má:** Phấn má hồng tone hồng baby, đánh nhẹ lên gò má.
5. **Môi:** Son dưỡng hoặc son tint màu hồng san hô, cam nude.

Lớp trang điểm này giúp bạn trông tươi tắn, tự nhiên mà vẫn đủ cuốn hút trong buổi hẹn hò lãng mạn.
"
Làm sao chọn son môi để đi họp mặt bạn bè tại nhà?,"Để chọn son môi cho buổi họp mặt bạn bè tại nhà, bạn nên ưu tiên sự thoải mái và tự nhiên. Một thỏi son tint hoặc son kem lì có màu hồng đào, cam san hô hoặc màu nude sẽ là lựa chọn tuyệt vời. Những màu này dễ phối đồ, không quá nổi bật nhưng vẫn giúp bạn trông tươi tắn, rạng rỡ. Tránh các màu son quá đậm hoặc bóng, vì có thể không phù hợp với không gian ấm cúng, thân mật.
"
Tại sao nên dùng phấn phủ dạng bột nén để makeup cho da hỗn hợp?,"Đối với da hỗn hợp, phấn phủ dạng bột nén là lựa chọn lý tưởng vì khả năng kiểm soát dầu thừa ở vùng chữ T (trán, mũi, cằm) hiệu quả, đồng thời vẫn giữ được độ ẩm cần thiết cho vùng da khô. Bột nén giúp làm mịn da, che phủ lỗ chân lông và làm đều màu da. Kết cấu mỏng nhẹ không gây bí bách, tránh làm tình trạng da trở nên tồi tệ hơn. Nên chọn loại có chỉ số SPF để bảo vệ da khỏi tác hại của ánh nắng mặt trời.
"
Cách tạo makeup để đi ngắm hoa cải vàng vào mùa đông?,"Để có makeup dịu dàng đi ngắm hoa cải vàng mùa đông, bạn nên ưu tiên vẻ tự nhiên, trong trẻo.

1.  **Nền:** Dưỡng ẩm kỹ, dùng kem nền mỏng nhẹ, che khuyết điểm vừa đủ.
2.  **Mắt:** Phấn mắt tone cam đào hoặc nâu đất ấm, tán đều. Kẻ eyeliner mảnh, chuốt mascara nhẹ nhàng.
3.  **Má:** Phấn má hồng tone cam san hô, đánh nhẹ nhàng lên gò má.
4.  **Môi:** Son dưỡng hoặc son tint màu cam đất, hồng đào.

Lý do: Màu sắc này hài hòa với sắc vàng của hoa cải, tạo cảm giác ấm áp, tươi tắn."
Cách tạo makeup để đi xem triển lãm thời trang cao cấp?,"Để makeup đi xem triển lãm thời trang cao cấp, bạn nên tập trung vào sự tinh tế và sang trọng.

1.  **Nền:** Chọn nền lì, che phủ vừa phải để da mịn màng tự nhiên.
2.  **Mắt:** Phấn mắt tông màu trung tính (nâu, be, champagne) hoặc màu sắc lấy cảm hứng từ bộ sưu tập. Đánh mắt nhẹ nhàng, có thể thêm chút nhũ.
3.  **Môi:** Son môi màu nude, hồng đào hoặc đỏ trầm.
4.  **Má:** Phấn má hồng nhẹ nhàng để tạo vẻ tươi tắn.

Lưu ý: Ưu tiên sự thanh lịch, tránh makeup quá lòe loẹt để không làm phân tâm từ bộ trang phục.
"
Cách tạo makeup để đi ăn trưa ở nhà hàng Pháp?,"Để có một lớp trang điểm tinh tế cho bữa trưa tại nhà hàng Pháp, hãy bắt đầu với lớp nền nhẹ nhàng, che khuyết điểm vừa đủ. Tiếp theo, đánh má hồng đào hoặc hồng san hô để tạo vẻ tươi tắn. Sử dụng phấn mắt màu nude hoặc nâu nhạt, kết hợp với mascara để mở rộng đôi mắt. Cuối cùng, tô son môi màu hồng đất hoặc đỏ cam để hoàn thiện vẻ ngoài thanh lịch, phù hợp với không gian lãng mạn của nhà hàng Pháp.
"
Làm sao chọn son môi để đi ăn tối ở nhà hàng trên cao?,"Để chọn son môi cho buổi tối lãng mạn tại nhà hàng trên cao, bạn nên ưu tiên các màu son trầm ấm, sang trọng. Đỏ rượu, đỏ gạch, hoặc hồng đất là những lựa chọn tuyệt vời, giúp tôn da và tạo vẻ quyến rũ. Chất son lì hoặc satin sẽ bền màu hơn trong suốt bữa ăn. Tránh các màu quá sặc sỡ hoặc bóng loáng, vì chúng có thể không phù hợp với không gian trang trọng và ánh sáng dịu nhẹ của nhà hàng.
"
Cách tạo makeup để đi xem concert ngoài trời?,"Để có makeup đi concert ngoài trời chuẩn chỉnh, bạn cần ưu tiên sự bền vững và nổi bật.

1.  **Chuẩn bị da:** Dưỡng ẩm kỹ để lớp nền bám tốt.
2.  **Nền:** Chọn foundation lì, chống thấm nước, thoa mỏng nhưng đủ che phủ.
3.  **Mắt:** Sử dụng phấn mắt màu nổi bật, có thể thêm nhũ. Kẻ eyeliner chống lem và mascara waterproof.
4.  **Má & Môi:** Má hồng và son kem lì để giữ màu lâu.
5.  **Khóa lớp:** Xịt khóa makeup để giữ lớp trang điểm bền vững suốt buổi concert."
Cách tạo makeup để đi xem triển lãm thời trang bền vững?,"Để có makeup phù hợp đi xem triển lãm thời trang bền vững, hãy ưu tiên vẻ đẹp tự nhiên, tinh tế.

1.  **Chuẩn bị da:** Dưỡng ẩm kỹ để lớp nền mịn màng, tự nhiên.
2.  **Nền:** Chọn BB cream hoặc cushion mỏng nhẹ, che khuyết điểm vừa đủ.
3.  **Mắt:** Phấn mắt màu nude hoặc nâu đất, đánh nhẹ nhàng. Kẻ eyeliner mảnh, mascara tự nhiên.
4.  **Má:** Phấn má hồng đào hoặc cam đất, tạo gò má nhẹ nhàng.
5.  **Môi:** Son dưỡng hoặc son màu nude, cam san hô.

Lưu ý: Ưu tiên các sản phẩm hữu cơ, thân thiện với môi trường để phù hợp với chủ đề bền vững của buổi triển lãm.
"
Làm sao chọn son môi để đi ăn sáng ở quán trà sữa?,"Để chọn son môi đi ăn sáng ở quán trà sữa, bạn nên ưu tiên những màu sắc nhẹ nhàng, tự nhiên. Các lựa chọn tốt bao gồm:

1.  **Son nude:** Tạo vẻ thanh lịch, tinh tế.
2.  **Son hồng đào:** Phù hợp với không khí buổi sáng, tươi trẻ.
3.  **Son cam san hô:** Năng động, tươi sáng, hợp với đồ uống màu cam.

Chất son nên là son dưỡng hoặc son có độ ẩm tốt để môi không bị khô trong quá trình ăn uống. Tránh các màu quá đậm hoặc nổi bật để phù hợp với không gian quán trà sữa thoải mái, thân thiện.
"
Cách tạo makeup để đi xem phim tình cảm vào ban ngày?,"Để có lớp makeup dịu dàng khi đi xem phim tình cảm ban ngày, bạn hãy thực hiện các bước sau:

1.  **Kem nền:** Chọn loại nhẹ, mỏng, giúp da đều màu tự nhiên.
2.  **Má hồng:** Tô nhẹ nhàng màu hồng đào hoặc cam san hô để tăng vẻ tươi tắn.
3.  **Mắt:** Phủ mắt bằng phấn màu nude hoặc hồng nhạt, thêm chút mascara để mắt to hơn.
4.  **Môi:** Sử dụng son tint hoặc son dưỡng có màu nhẹ nhàng như hồng baby hoặc cam đất.

Lưu ý: Ưu tiên sự tự nhiên, tránh makeup quá đậm để không làm mất đi vẻ tinh tế của buổi hẹn hò."
Cách tạo makeup để đi ngắm hoa mai vào mùa xuân?,"Để có makeup dịu dàng ngắm hoa mai ngày xuân, bạn nên ưu tiên vẻ tự nhiên, tươi tắn.

1.  **Nền:** Dùng kem nền nhẹ nhàng, che khuyết điểm vừa đủ.
2.  **Mắt:** Phấn mắt màu hồng đào hoặc cam san hô, tán nhẹ nhàng. Kẻ eyeliner mảnh, cong nhẹ.
3.  **Má:** Hồng đào phớt nhẹ lên gò má.
4.  **Môi:** Son hồng baby hoặc cam san hô, đánh lòng môi để tạo hiệu ứng tự nhiên.

Lý do: Màu sắc này tôn lên vẻ đẹp tươi trẻ, nữ tính, hòa hợp với sắc vàng rực rỡ của hoa mai."
Cách chọn son môi để đi ăn tối ở nhà hàng rooftop?,"Để chọn son môi phù hợp cho buổi tối ở nhà hàng rooftop, bạn nên ưu tiên các màu sắc sang trọng và có chút ""nổi bật"" để phù hợp với không khí lãng mạn và ánh đèn.

**Gợi ý:**

1.  **Màu sắc:** Đỏ rượu, hồng đất, cam đất, hoặc nude đào là những lựa chọn an toàn và đẹp.
2.  **Chất son:** Son kem lì hoặc son satin sẽ giữ màu tốt và tạo cảm giác quyến rũ.
3.  **Lưu ý:** Tránh các màu quá sặc sỡ hoặc bóng loáng, vì có thể không phù hợp với không gian trang trọng.
"
Làm sao để nhận diện cây cọ tán phấn highlighter dạng dome lớn qua hình ảnh?,"Để nhận diện cọ tán phấn highlighter dạng dome lớn qua hình ảnh, bạn hãy chú ý các điểm sau:

1. **Hình dáng:** Đầu cọ tròn, phồng như mái vòm (dome) và lớn hơn các cọ highlighter thông thường.
2. **Lông cọ:** Lông mềm, dày và thường có màu trắng hoặc vàng nhạt.
3. **Kích thước:** So với các cọ khác, cọ dome lớn sẽ có kích thước tổng thể to hơn, phù hợp tán highlighter trên các vùng rộng như gò má, trán.
"
Cách tạo makeup để đi xem opera vào buổi tối?,"Để trang điểm đi xem opera buổi tối, bạn nên ưu tiên vẻ đẹp sang trọng, tinh tế.

1.  **Nền:** Chọn kem nền lì, che phủ tốt nhưng vẫn nhẹ nhàng, kết hợp phấn phủ để giữ lớp nền bền vững.
2.  **Mắt:** Phấn mắt màu trầm ấm như nâu, đồng hoặc tím plum sẽ phù hợp. Đánh mắt khói nhẹ nhàng, thêm chút nhũ mắt ở khóe mắt để tăng điểm nhấn.
3.  **Môi:** Son đỏ ruby hoặc màu berry trầm là lựa chọn hoàn hảo.
4.  **Má:** Phấn má hồng đào hoặc hồng san hô đánh nhẹ nhàng để khuôn mặt có sức sống.

Lưu ý: Giữ cho lớp trang điểm hài hòa, không quá lòe loẹt để phù hợp với không gian trang trọng của nhà hát opera.
"
Cách chọn son môi để đi club vào tối thứ bảy?,"Để chọn son môi đi club tối thứ bảy, bạn nên ưu tiên các màu sắc nổi bật, thu hút dưới ánh đèn. Đỏ tươi, hồng fuchsia, cam đất hoặc các màu son có ánh nhũ sẽ là lựa chọn tuyệt vời. 

**Bước 1:** Chọn màu son phù hợp với tông da.
**Bước 2:** Ưu tiên chất son lì hoặc bán lì để giữ màu lâu trôi.
**Bước 3:** Nếu thích, bạn có thể dùng thêm son bóng để tạo hiệu ứng căng mọng.

Lý do: Ánh đèn club thường khá tối, nên son màu đậm sẽ giúp đôi môi bạn trở nên ấn tượng hơn.
"
Cách tạo makeup để đi thăm chợ hoa truyền thống?,"Để có một makeup nhẹ nhàng, phù hợp đi chợ hoa, bạn nên ưu tiên sự tự nhiên.

1.  **Chuẩn bị da:** Dưỡng ẩm kỹ để da căng bóng.
2.  **Nền:** Dùng BB cream hoặc cushion mỏng nhẹ, che khuyết điểm ở vùng cần thiết.
3.  **Màu mắt:** Phấn mắt màu hồng đào hoặc cam đất nhẹ nhàng.
4.  **Má hồng:** Chọn màu hồng baby hoặc cam san hô để khuôn mặt tươi tắn.
5.  **Son:** Son tint hoặc son thỏi màu hồng san hô, cam cháy.

Tránh makeup quá đậm để giữ vẻ tươi trẻ, năng động khi dạo chợ hoa nhé!
"
Cách chọn son môi để đi ăn trưa ở quán cà phê ngoài trời?,"Để chọn son môi phù hợp đi ăn trưa ở quán cà phê ngoài trời, bạn nên ưu tiên những màu sắc tự nhiên, tươi tắn. 

**Bước 1:** Chọn màu son nude, hồng đào, cam san hô hoặc đỏ cam. Những màu này nhẹ nhàng, phù hợp với không khí buổi trưa và dễ kết hợp với trang phục.
**Bước 2:** Ưu tiên chất son mềm mịn, có dưỡng ẩm để đôi môi không bị khô khi tiếp xúc với ánh nắng và gió.
**Bước 3:** Tránh các màu son quá đậm hoặc quá tối, vì có thể trông không tự nhiên dưới ánh sáng ban ngày.
"
Làm sao để nhận diện cây cọ tán phấn mắt dạng flat blending qua hình ảnh?,"Để nhận diện cọ tán phấn mắt flat blending qua hình ảnh, bạn hãy chú ý các điểm sau:

1. **Hình dáng:** Đầu cọ dẹt, bản rộng và mỏng.
2. **Lông cọ:** Lông thường dày, mềm mại và được cắt thẳng.
3. **Mục đích sử dụng:** Cọ này dùng để tán đều phấn mắt trên bầu mắt, tạo hiệu ứng chuyển màu mờ ảo.

So với cọ blending tròn, cọ flat blending có diện tích tiếp xúc lớn hơn, giúp tán phấn nhanh và đều hơn trên các vùng bầu mắt rộng.
"
Cách tạo makeup để đi xem phim khoa học viễn tưởng?,"Để có makeup phù hợp khi đi xem phim khoa học viễn tưởng, bạn có thể thử phong cách ""tương lai tối giản"".

1.  **Da:** Sử dụng kem nền lì, che khuyết điểm để có lớp nền hoàn hảo.
2.  **Mắt:** Chọn phấn mắt màu xám, bạc hoặc xanh dương ánh kim, tán đều. Kẻ eyeliner mắt mèo sắc sảo.
3.  **Môi:** Son nude hoặc màu berry trầm.
4.  **Điểm nhấn:** Thêm chút highlight ở gò má, sống mũi để tạo hiệu ứng ""kim loại"".

Phong cách này vừa hiện đại, lại không quá cầu kỳ, phù hợp với không khí phim khoa học viễn tưởng.
"
Cách tạo makeup để đi ngắm hoa cúc vào mùa thu?,"Để có một makeup dịu dàng ngắm hoa cúc mùa thu, bạn hãy bắt đầu với lớp nền nhẹ nhàng, tự nhiên. Tiếp theo, dùng phấn mắt màu cam đất, nâu vàng tán đều để tạo chiều sâu. Kẻ eyeliner mảnh, màu nâu hoặc xám, và chuốt mascara. Son môi màu cam san hô hoặc hồng đào sẽ hoàn thiện vẻ ngoài tươi trẻ. Đừng quên chút má hồng đào để khuôn mặt thêm ửng hồng tự nhiên nhé!
"
Cách chọn son môi để đi ăn tối ở nhà hàng sang trọng?,"Để chọn son môi phù hợp cho buổi tối sang trọng tại nhà hàng, bạn nên ưu tiên các màu son trầm ấm, quyến rũ như đỏ ruby, đỏ burgundy, hoặc hồng đất. Những màu này thể hiện sự tinh tế và sang trọng.

**Bước 1:** Chọn màu son hợp với tông da.
**Bước 2:** Ưu tiên chất son lì hoặc bán lì để giữ màu lâu và tạo cảm giác đầy đặn cho môi.
**Bước 3:** Tránh các màu son quá sặc sỡ hoặc bóng bẩy, vì chúng có thể không phù hợp với không gian trang trọng.
"
Cách tạo makeup để đi xem ballet vào buổi tối?,"Để trang điểm đi xem ballet buổi tối, bạn nên ưu tiên vẻ thanh lịch, tinh tế.

1.  **Nền:** Chọn kem nền mỏng nhẹ, che khuyết điểm vừa đủ để có làn da tự nhiên.
2.  **Mắt:** Phấn mắt màu nude hoặc hồng nhạt, tán đều. Kẻ mắt mảnh, không quá đậm. Mascara chuốt nhẹ nhàng.
3.  **Má:** Phấn má hồng đào hoặc hồng san hô, đánh nhẹ nhàng để tạo vẻ tươi tắn.
4.  **Môi:** Son môi màu hồng nude, cam đất hoặc đỏ san hô, đánh lòng môi để tạo hiệu ứng tự nhiên.

Lưu ý: Hạn chế trang điểm quá cầu kỳ, tập trung vào sự hài hòa và thanh lịch.
"
Làm sao để tạo lớp nền mịn cho da hỗn hợp mà không bị bóng dầu ở vùng chữ T?,"Để có lớp nền mịn cho da hỗn hợp, bạn cần:

1. **Dưỡng ẩm:** Chọn kem dưỡng ẩm nhẹ, không dầu cho toàn mặt.
2. **Kiểm soát dầu vùng chữ T:** Sử dụng primer kiềm dầu ở vùng trán, mũi, cằm.
3. **Chọn nền:** Foundation dạng lỏng hoặc kem, độ che phủ vừa phải, phù hợp da hỗn hợp.
4. **Áp nền:** Dùng cọ hoặc mút, tán đều, tập trung vào vùng da khô, mỏng ở vùng chữ T.
5. **Phấn phủ:** Dặm phấn bột nhẹ ở vùng chữ T để cố định lớp nền, tránh bóng dầu.
"
Cách chọn màu son môi cho buổi chụp ảnh chân dung trong studio?,"Để chọn son môi cho ảnh chân dung studio, hãy ưu tiên các màu trung tính, tự nhiên như hồng nude, cam đào hoặc đỏ cam trầm. Những màu này giúp tôn da, không gây xao nhãng và dễ dàng chỉnh sửa màu hậu kỳ. Tránh son quá sáng, quá tối hoặc có ánh nhũ vì có thể tạo bóng không mong muốn hoặc làm da trông xỉn màu. Quan trọng nhất, màu son nên hài hòa với tông da và trang phục của bạn.
"
Tại sao nên dùng cọ lông tổng hợp để thoa kem BB?,"Chào bạn,

Cọ lông tổng hợp là lựa chọn lý tưởng để thoa kem BB vì một số lý do:

1.  **Giảm thiểu lãng phí sản phẩm:** Lông tổng hợp ít hấp thụ kem BB hơn so với lông tự nhiên, giúp bạn tận dụng tối đa sản phẩm.
2.  **Dễ vệ sinh:** Cọ tổng hợp dễ làm sạch và khô nhanh, hạn chế sự phát triển của vi khuẩn.
3.  **Phù hợp với chất kem:** Kem BB thường có kết cấu lỏng nhẹ, cọ tổng hợp giúp tán đều mà không bị vón cục.
"
Làm sao để nhận diện lọ kem dưỡng ban ngày có SPF qua hình ảnh 2D?,"Để nhận diện kem dưỡng ban ngày có SPF qua ảnh 2D, bạn hãy chú ý các yếu tố sau:

1. **Nhãn mác:** Tìm các ký hiệu như ""SPF"", ""PA+"", ""Broad Spectrum"" hoặc chỉ số SPF (ví dụ: SPF 30).
2. **Mô tả sản phẩm:** Đọc kỹ phần mô tả, thường sẽ ghi rõ ""kem dưỡng ngày có chống nắng"".
3. **Bao bì:** Các sản phẩm có SPF thường có màu sắc tươi sáng, hình ảnh liên quan đến ánh nắng mặt trời hoặc bảo vệ da.
4. **Kết cấu:** Kem có SPF thường đặc hơn kem dưỡng thông thường.
"
Cách chọn cọ để tán phấn tạo khối cho khuôn mặt nhỏ?,"Với khuôn mặt nhỏ, bạn nên chọn cọ tạo khối có kích thước nhỏ, đầu vát chéo hoặc hình giọt nước. Cọ nhỏ giúp kiểm soát lượng phấn tốt hơn, tránh tạo khối quá đà. Đầu vát chéo hoặc giọt nước giúp dễ dàng xác định đường tạo khối tự nhiên dưới gò má, dọc sống mũi và viền hàm. Chất lông cọ nên mềm mại để tán đều phấn, không gây vệt.
"
Làm sao để makeup bền màu khi đi dưới trời mưa?,"Để makeup bền màu khi đi mưa, bạn cần chuẩn bị kỹ các bước sau:

1. **Dưỡng ẩm:** Da đủ ẩm giúp lớp nền bám tốt hơn.
2. **Sử dụng primer:** Primer tạo lớp màng bảo vệ, khóa ẩm và giúp makeup bám dính.
3. **Chọn sản phẩm waterproof:** Chọn kem nền, phấn mắt, mascara, son môi có khả năng chống nước.
4. **Set makeup:** Dùng phấn phủ dạng bột hoặc xịt khóa makeup để cố định lớp trang điểm.
5. **Tránh chạm tay vào mặt:** Hạn chế làm lem lớp makeup.
"
Tại sao nên dùng tẩy tế bào chết dạng enzyme trước khi makeup?,"Chào bạn,

Tẩy tế bào chết enzyme trước khi trang điểm là bước chuẩn bị da rất tốt. Enzyme giúp loại bỏ nhẹ nhàng tế bào chết, bụi bẩn, làm thông thoáng lỗ chân lông mà không gây kích ứng như tẩy tế bào chết vật lý. Da sạch sẽ giúp lớp nền mịn màng hơn, bám dính tốt hơn, hạn chế tình trạng cakey và giúp makeup trông tự nhiên, bền màu hơn. Đồng thời, enzyme còn hỗ trợ làm sáng da, cải thiện kết cấu da.
"
Làm sao để nhận diện son dưỡng môi dạng hũ qua hình ảnh?,"Để nhận diện son dưỡng môi dạng hũ qua hình ảnh, bạn hãy chú ý các điểm sau:

1. **Hình dáng:** Son thường đựng trong hũ tròn hoặc vuông nhỏ, nắp kín.
2. **Kết cấu:** Quan sát chất son, thường mềm mịn, hơi bóng.
3. **Màu sắc:** Màu sắc đa dạng, từ trong suốt đến các màu pastel nhẹ nhàng.
4. **Nhãn mác:** Tìm các từ khóa như ""lip balm"", ""lip treatment"" hoặc hình ảnh mô tả môi mềm mại.
5. **Dụng cụ lấy son:** Thường đi kèm với miếng lấy son hoặc yêu cầu dùng ngón tay.
"
Cách tạo makeup cho buổi đi xem triển lãm nghệ thuật?,"Để có một lớp makeup phù hợp khi đi xem triển lãm nghệ thuật, bạn nên ưu tiên sự tự nhiên, tinh tế.

1.  **Chuẩn bị da:** Dưỡng ẩm kỹ để lớp nền mịn màng.
2.  **Nền:** Chọn foundation mỏng nhẹ, che khuyết điểm vừa đủ.
3.  **Mắt:** Phấn mắt màu nude hoặc nâu nhạt, kẻ eyeliner mảnh, mascara nhẹ nhàng.
4.  **Má:** Phấn má hồng đào hoặc cam đất để khuôn mặt tươi tắn.
5.  **Môi:** Son nude hoặc màu hồng san hô.

Lớp makeup này giúp bạn trông thanh lịch, không quá nổi bật, để tập trung vào các tác phẩm nghệ thuật.
"
Kỹ thuật makeup 'golden bronze' là gì?,"Kỹ thuật makeup ""golden bronze"" là xu hướng trang điểm tạo hiệu ứng làn da rám nắng khỏe khoắn, kết hợp với tông màu vàng đồng ấm áp. 

**Các bước thực hiện:**

1.  **Nền:** Sử dụng kem nền và phấn nền tông màu trung bình, hơi ấm.
2.  **Bronzer:** Thoa bronzer màu vàng đồng lên các vị trí bắt sáng như gò má, trán, sống mũi.
3.  **Highlight:** Sử dụng highlighter vàng champagne để làm nổi bật các điểm trên khuôn mặt.
4.  **Mắt:** Phấn mắt màu đồng, nâu vàng, kết hợp với eyeliner và mascara.
5.  **Môi:** Son màu nude đào hoặc cam đất.

Kỹ thuật này phù hợp với mọi màu da, giúp khuôn mặt trông tươi tắn và tràn đầy sức sống.
"
Cách chọn son môi cho da nhạy cảm vào mùa đông?,"Chào bạn, với da nhạy cảm vào mùa đông, việc chọn son môi cần đặc biệt lưu ý.

**Bước 1:** Ưu tiên son có thành phần dưỡng ẩm cao như bơ hạt mỡ, dầu jojoba, vitamin E.
**Bước 2:** Tránh son chứa hương liệu, phẩm màu, cồn, paraben - những chất dễ gây kích ứng.
**Bước 3:** Chọn son dạng sáp hoặc son thỏi thay vì son kem lỏng, vì son kem có thể làm khô môi hơn.
**Bước 4:** Test son trên vùng da nhỏ trước khi dùng toàn môi để đảm bảo không bị dị ứng.
"
Làm sao để nhận diện bút chì kẻ mắt dạng gel qua hình ảnh?,"Để nhận diện bút chì kẻ mắt dạng gel qua hình ảnh, bạn hãy chú ý các điểm sau:

1. **Hình dáng:** Thường có hình trụ tròn hoặc hơi dẹt, không vặn xoay như bút chì kẻ mắt thông thường.
2. **Đóng gói:** Thường được đựng trong lọ nhỏ hoặc tuýp, có thể có cọ kèm hoặc dùng đầu ngón tay.
3. **Kết cấu:** Khi nhìn gần, bạn sẽ thấy chất gel đặc, mịn, không khô cứng như sáp.
4. **Độ bóng:** Bút gel thường có độ bóng nhất định, khác với bút chì kẻ mắt sáp lì.
"
Tại sao nên dùng mút tán nền hình giọt nước thay vì cọ?,"Mút tán nền hình giọt nước mang lại lớp nền tự nhiên, mỏng nhẹ hơn so với cọ. Thiết kế đặc biệt giúp dễ dàng tán kem nền vào các ngóc ngách trên khuôn mặt, đặc biệt là vùng dưới mắt và xung quanh mũi. Mút khi làm ướt sẽ giúp giảm thiểu lượng sản phẩm bị hấp thụ, tăng độ bền màu và tránh gây cakey. Cọ có thể để lại vệt, còn mút tạo hiệu ứng ""blend"" liền mạch, giúp da trông mịn màng hơn.
"
Cách tạo makeup cho buổi đi picnic ngoài trời?,"Chào bạn, để có một lớp makeup xinh xắn cho buổi picnic ngoài trời, bạn nên ưu tiên sự tự nhiên, nhẹ nhàng và bền lâu.

1.  **Chuẩn bị da:** Dưỡng ẩm kỹ lưỡng và dùng kem chống nắng phổ rộng.
2.  **Makeup nền:** Dùng BB cream hoặc cushion mỏng nhẹ thay phấn nền.
3.  **Màu mắt:** Chọn tone màu pastel hoặc nude, tán nhẹ nhàng.
4.  **Má hồng:** Sử dụng má hồng kem để tạo vẻ tươi tắn tự nhiên.
5.  **Son môi:** Son tint hoặc son dưỡng có màu là lựa chọn lý tưởng.

Tránh makeup quá đậm để phù hợp với không khí picnic nhé!
"
Kỹ thuật makeup 'pastel shimmer' là gì?,"""Pastel shimmer"" là kỹ thuật trang điểm tạo hiệu ứng lấp lánh nhẹ nhàng, sử dụng các tông màu pastel (hồng, xanh, tím nhạt...) kết hợp với phấn nhũ. 

**Các bước thực hiện:**

1.  **Chuẩn bị:** Phủ mắt một lớp kem lót mắt.
2.  **Màu pastel:** Thoa màu pastel lên bầu mắt, tập trung vào vùng giữa.
3.  **Nhũ:** Đánh nhẹ phấn nhũ lên trên màu pastel, đặc biệt ở vùng giữa và hốc mắt.
4.  **Hoàn thiện:** Có thể dùng thêm eyeliner mảnh và mascara để tăng độ sâu cho mắt.

Kỹ thuật này phù hợp với các dịp đặc biệt, tạo vẻ ngoài ngọt ngào, mơ màng."
Làm sao để nhận diện chai xịt dưỡng ẩm có SPF qua hình ảnh?,"Để nhận diện chai xịt dưỡng ẩm có SPF qua hình ảnh, bạn hãy chú ý các điểm sau:

1. **Tìm biểu tượng SPF:** Chai thường có ký hiệu ""SPF"" kèm số (ví dụ: SPF 30, SPF 50).
2. **Nhãn ""Broad Spectrum"":** Nếu có dòng chữ này, sản phẩm bảo vệ da khỏi cả tia UVA và UVB.
3. **Thông tin về chỉ số PA:** Ký hiệu PA+ (PA+, PA++, PA+++) cho biết khả năng chống tia UVA.
4. **Kiểm tra thành phần:** Các thành phần như Zinc Oxide, Titanium Dioxide là chất chống nắng vật lý.
"
Cách chọn cọ để tán phấn mắt dạng kem cho người mới tập makeup?,"Chào bạn, để tán phấn mắt kem cho người mới bắt đầu, nên ưu tiên cọ đầu bằng, nhỏ và dẹt. Cọ này giúp bạn dễ dàng kiểm soát lượng sản phẩm và tán đều phấn mắt trên bầu mắt. Chất liệu cọ nên là sợi tổng hợp mềm mại, tránh gây kích ứng da. Nên chọn cọ có độ dày vừa phải để dễ dàng blend màu và tạo chiều sâu cho đôi mắt.
"
Tại sao nên dùng kem dưỡng ẩm có chứa hyaluronic acid trước makeup?,"Hyaluronic acid (HA) là ""nam châm"" hút nước tuyệt vời, giúp da ngậm nước từ bên trong. Dùng kem dưỡng ẩm chứa HA trước makeup giúp:

1. **Cấp ẩm sâu:** HA lấp đầy các khoảng trống giữa các tế bào da, làm da căng mọng, mịn màng hơn.
2. **Giảm thiểu lỗ chân lông:** Da đủ ẩm sẽ trông lỗ chân lông nhỏ hơn, giúp lớp nền mịn màng.
3. **Giữ lớp makeup bền lâu:** HA tạo lớp màng bảo vệ, giúp lớp makeup bám dính tốt hơn, không bị cakey hay bong tróc.
"
Cách tạo makeup cho buổi đi xem phim ngoài trời ban đêm?,"Để có lớp makeup phù hợp đi xem phim ngoài trời ban đêm, bạn nên ưu tiên sự tự nhiên, thoải mái nhưng vẫn đủ nổi bật.

1.  **Chuẩn bị da:** Dưỡng ẩm kỹ để da không bị khô.
2.  **Nền:** Dùng kem nền mỏng nhẹ, che khuyết điểm vừa đủ.
3.  **Mắt:** Phấn mắt màu nude hoặc nâu nhạt, kẻ eyeliner mảnh và chuốt mascara.
4.  **Má:** Phấn má hồng đào hoặc cam đất nhẹ nhàng.
5.  **Môi:** Son dưỡng hoặc son tint màu nhẹ.

Lý do: Ánh sáng yếu nên makeup quá đậm sẽ bị ""lố"", còn makeup quá ít sẽ khó nhìn.
"
Cách chọn son môi cho buổi tiệc tối ngoài trời vào mùa hè?,"Để chọn son môi cho tiệc tối ngoài trời mùa hè, bạn nên ưu tiên các màu sắc tươi sáng, có chút ấm áp để khuôn mặt trông rạng rỡ hơn dưới ánh đèn. Các lựa chọn tốt bao gồm hồng san hô, cam đào, hoặc đỏ cam. Chất son nên là lì hoặc bán lì để bền màu, tránh son bóng dễ bị lem trong thời tiết nóng ẩm. Đừng quên thoa son dưỡng trước khi đánh son màu để môi luôn mềm mại.
"
Làm sao để nhận diện lọ kem che khuyết điểm dạng lỏng qua hình ảnh?,"Để nhận diện kem che khuyết điểm dạng lỏng qua hình ảnh, bạn hãy chú ý các điểm sau:

1. **Kết cấu:** Kem lỏng thường có vẻ bóng nhẹ, không đặc như kem che khuyết điểm dạng kem.
2. **Bao bì:** Thường được đựng trong tuýp hoặc chai có vòi pump hoặc applicator (cọ) để dễ dàng lấy sản phẩm.
3. **Màu sắc:** Màu sắc đa dạng, thường trùng với các tông da hoặc có màu trung hòa để điều chỉnh sắc tố.
4. **Nhãn mác:** Các từ khóa như ""liquid concealer"", ""full coverage"" hoặc ""lightweight"" thường xuất hiện trên bao bì.
"
Tại sao nên dùng xịt khoáng có chứa khoáng chất trước makeup?,"Chào bạn, một chuyên gia trang điểm đây!

Xịt khoáng chứa khoáng chất trước khi makeup là bước chuẩn bị quan trọng. Nó giúp cân bằng độ pH cho da, làm dịu da và tăng cường độ ẩm, tạo lớp nền mịn màng hơn. Khoáng chất trong xịt khoáng còn giúp khóa ẩm, hạn chế tình trạng da bị khô căng khi makeup, giúp lớp nền bám tốt và bền màu hơn. Hãy xịt đều lên mặt sau khi dùng kem dưỡng ẩm nhé!
"
Cách tạo makeup cho buổi đi chơi công viên giải trí?,"Chào bạn, để có một lớp makeup phù hợp cho buổi đi chơi công viên giải trí, bạn nên ưu tiên sự tự nhiên, thoải mái và bền lâu.

1.  **Chuẩn bị da:** Dưỡng ẩm kỹ để da không bị khô ráp dưới nắng.
2.  **Nền:** Dùng kem nền mỏng nhẹ, có chỉ số SPF để bảo vệ da.
3.  **Mắt:** Phấn mắt màu nude hoặc cam đất, kẻ mắt mảnh và mascara chống thấm nước.
4.  **Má:** Phấn má hồng nhẹ nhàng để khuôn mặt tươi tắn.
5.  **Môi:** Son tint hoặc son dưỡng có màu để giữ môi ẩm và tự nhiên.

Tránh makeup quá đậm vì có thể dễ bị lem hoặc chảy trôi khi vận động nhiều."
Kỹ thuật makeup 'metallic glow' là gì?,"Kỹ thuật makeup ""metallic glow"" tạo hiệu ứng làn da căng bóng, lấp lánh như kim loại. Đầu tiên, dùng kem dưỡng ẩm và primer để da mịn màng. Sau đó, thoa kem nền có độ che phủ vừa phải, kết hợp highlighter dạng lỏng hoặc kem ở những vị trí bắt sáng như gò má, sống mũi, trán, cằm. Cuối cùng, dùng phấn highlighter bột để tăng độ lấp lánh. Kỹ thuật này phù hợp với các buổi tiệc hoặc sự kiện cần sự nổi bật.
"
Làm sao để nhận diện cây cọ tán kem nền dạng kabuki qua hình ảnh?,"Để nhận diện cọ tán kem nền dạng Kabuki qua hình ảnh, bạn hãy chú ý các đặc điểm sau:

1. **Hình dáng:** Cọ Kabuki có hình dáng tròn, đầu cọ dày và thường dẹt.
2. **Lông cọ:** Lông cọ rất dày, mềm mại và thường có màu đen hoặc nâu.
3. **Tay cầm:** Tay cầm ngắn, to và thường không thon dài như các loại cọ khác.

Cọ Kabuki được thiết kế để tán kem nền một cách kỹ lưỡng, tạo lớp nền mịn màng, tự nhiên như airbrush.
"
Cách chọn phấn mắt cho buổi đi hẹn hò ban ngày vào mùa thu?,"Để chọn phấn mắt cho buổi hẹn hò ban ngày mùa thu, hãy ưu tiên các tông màu ấm áp, tự nhiên. Bắt đầu với phấn nền màu nude hoặc nâu nhạt để làm đều màu da mi mắt. Tiếp theo, sử dụng phấn mắt màu đào, cam đất hoặc đồng để tạo chiều sâu cho đôi mắt. Cuối cùng, thoa một chút phấn nhũ vàng hoặc nâu đồng ở khóe mắt để tăng thêm vẻ lấp lánh nhẹ nhàng, phù hợp với không khí mùa thu lãng mạn.
"
Tại sao nên dùng son dưỡng có màu trước khi thoa son tint?,"Chào bạn, một chuyên gia trang điểm đây!

Việc dùng son dưỡng có màu trước khi thoa son tint là một bước chuẩn bị rất quan trọng. Son dưỡng giúp làm mềm môi, lấp đầy các rãnh nhỏ, giúp son tint bám đều và lên màu chuẩn hơn. Màu sắc từ son dưỡng cũng sẽ làm tăng độ rạng rỡ cho đôi môi, đồng thời giúp son tint lâu phai hơn. Đặc biệt, với những bạn môi khô, bước này càng cần thiết để tránh tình trạng bong tróc, khó chịu.
"
Làm sao để nhận diện lọ tẩy trang dạng bọt qua hình ảnh?,"Để nhận diện tẩy trang dạng bọt qua hình ảnh, bạn hãy chú ý các điểm sau:

1. **Kết cấu:** Bọt mịn, dày, nhiều bọt khí nhỏ li ti.
2. **Dạng thức:** Thường được đựng trong chai có vòi nhấn tạo bọt sẵn.
3. **Màu sắc:** Thường trong suốt hoặc trắng sữa.
4. **Nhãn mác:** Ghi rõ dòng chữ ""foam cleanser"", ""make-up remover foam"" hoặc các cụm từ tương tự.

Dạng bọt phù hợp với da dầu, hỗn hợp vì khả năng làm sạch sâu và dịu nhẹ.
"
Kỹ thuật makeup 'soft metallic' là gì?,"Kỹ thuật makeup ""soft metallic"" (kim loại mềm mại) tập trung vào việc tạo hiệu ứng ánh kim lấp lánh tinh tế, không quá nổi bật như metallic thông thường. 

**Các bước thực hiện:**

1.  **Chọn phấn:** Sử dụng phấn mắt, phấn má hồng hoặc highlight có tông màu kim loại (vàng, đồng, bạc) nhưng có kết cấu mịn, nhũ nhỏ.
2.  **Tán đều:** Tán phấn nhẹ nhàng lên vùng muốn làm nổi bật (mắt, gò má, sống mũi) theo hình vòng cung.
3.  **Kết hợp:** Kết hợp với các màu sắc trung tính để làm dịu hiệu ứng kim loại, tạo vẻ đẹp tự nhiên, thanh lịch."
Cách chọn cọ để tán phấn highlighter cho vùng sống mũi?,"Để tán highlighter lên sống mũi, bạn nên chọn cọ nhỏ, đầu vát hoặc hình quạt. Cọ vát giúp bạn kiểm soát lượng phấn và tạo đường highlight mảnh, sắc nét. Cọ quạt phù hợp với highlighter dạng bột, giúp tán đều và nhẹ nhàng, tạo hiệu ứng glow tự nhiên. Chất lông cọ nên mềm mại để tránh gây kích ứng da và đảm bảo highlighter bám đều.
"
Tại sao nên dùng kem lót có chứa niacinamide trước makeup?,"Chào bạn, một chuyên gia trang điểm đây!

Kem lót chứa niacinamide là bước chuẩn bị tuyệt vời trước makeup vì nhiều lý do. Niacinamide giúp kiểm soát dầu thừa, thu nhỏ lỗ chân lông, làm dịu da và giảm mẩn đỏ – tạo nên một bề mặt da mịn màng, lý tưởng cho lớp nền. Đồng thời, nó còn tăng cường hàng rào bảo vệ da, giúp makeup bám lâu hơn và giảm thiểu tác động tiêu cực từ mỹ phẩm.
"
Kỹ thuật makeup 'neutral glam' là gì?,"""Neutral glam"" là kỹ thuật trang điểm tập trung vào vẻ đẹp tự nhiên, tinh tế nhưng vẫn sang trọng và có chiều sâu. 

**Các bước chính:**

1.  **Nền:** Chọn kem nền có độ che phủ vừa phải, màu da tự nhiên.
2.  **Mắt:** Sử dụng phấn mắt tông nude, nâu, hoặc champagne, tán đều.
3.  **Má:** Phấn má hồng màu đào hoặc hồng san hô nhẹ nhàng.
4.  **Môi:** Son nude, hồng baby hoặc cam đất.
5.  **Hoàn thiện:** Highlight nhẹ ở gò má, sống mũi, và nhân trung.

Kỹ thuật này phù hợp với mọi hoàn cảnh, giúp bạn tỏa sáng một cách tự tin và thanh lịch.
"
Làm sao để nhận diện lọ serum dưỡng ẩm qua hình ảnh?,"Để nhận diện serum dưỡng ẩm qua hình ảnh, bạn hãy chú ý các điểm sau:

1. **Kết cấu:** Serum thường trong suốt, lỏng nhẹ, không đặc như kem dưỡng.
2. **Màu sắc:** Thường không màu hoặc có màu rất nhạt, tùy thuộc vào thành phần.
3. **Dạng bao bì:** Serum thường được đựng trong lọ thủy tinh tối màu (để bảo vệ thành phần) có kèm ống hút hoặc nắp dropper.
4. **Nhãn mác:** Tìm các từ khóa như ""serum"", ""essence"", ""hydrating"", ""moisturizing"" trên bao bì.
"
Tại sao nên dùng cọ sạch để tán son kem?,"Chào bạn, một chuyên gia trang điểm sẽ luôn khuyên dùng cọ sạch để tán son kem vì nhiều lý do quan trọng:

*   **Đảm bảo vệ sinh:** Cọ sạch giúp tránh lẫn màu son cũ, vi khuẩn, hạn chế gây mụn hoặc kích ứng môi.
*   **Lên màu chuẩn:** Son kem dễ bị lem hoặc không đều màu nếu cọ dính son cũ. Cọ sạch giúp son lên màu chuẩn, mịn màng hơn.
*   **Kiểm soát lượng son:** Cọ sạch giúp bạn dễ dàng điều chỉnh lượng son lấy ra, tránh tình trạng son quá dày hoặc quá ít."
Làm sao để nhận diện chai xịt chống nắng dạng sương qua hình ảnh?,"Để nhận diện chai xịt chống nắng dạng sương qua hình ảnh, bạn hãy chú ý các điểm sau:

1. **Vòi xịt:** Vòi xịt thường có thiết kế đặc biệt tạo ra sương mù mịn, khác với vòi xịt thông thường.
2. **Nhãn mác:** Tìm các từ khóa như ""spray"", ""mist"", ""dạng sương"" trên bao bì.
3. **Kết cấu sản phẩm:** Nếu thấy sản phẩm trong chai lỏng, nhẹ và có thể nhìn xuyên qua, khả năng cao đó là dạng sương.
4. **Hình ảnh minh họa:** Các sản phẩm dạng sương thường có hình ảnh mô tả sương mù hoặc hiệu ứng làm mát.
"
Kỹ thuật makeup 'fresh dewy' là gì?,"Kỹ thuật makeup ""fresh dewy"" (tươi tắn, căng bóng) tập trung vào làn da khỏe mạnh, rạng rỡ tự nhiên. Các bước chính bao gồm:

1. **Dưỡng ẩm kỹ:** Đây là bước quan trọng nhất, giúp da căng mọng.
2. **Sử dụng kem nền/BB cream mỏng nhẹ:** Ưu tiên các sản phẩm có độ che phủ thấp, chứa thành phần dưỡng ẩm.
3. **Highlight ở các vị trí bắt sáng:** Gò má, sống mũi, nhân trung để tạo hiệu ứng căng bóng.
4. **Phấn má hồng tone màu tươi tắn:** Thêm chút ửng hồng tự nhiên.
5. **Son dưỡng/son bóng:** Hoàn thiện với đôi môi căng mọng.

Kỹ thuật này phù hợp với những cô nàng yêu thích vẻ đẹp tự nhiên, trong trẻo.
"
Tại sao nên dùng tẩy trang dạng dầu trước khi dùng sữa rửa mặt?,"Chào bạn, với vai trò là một chuyên gia trang điểm, tôi sẽ giải thích vì sao nên dùng tẩy trang dạng dầu trước sữa rửa mặt nhé.

Tẩy trang dầu có khả năng hòa tan các sản phẩm trang điểm gốc dầu như kem nền, son môi, mascara hiệu quả hơn sữa rửa mặt. Việc này giúp loại bỏ sạch sẽ lớp trang điểm, bụi bẩn, bã nhờn sâu trong lỗ chân lông, tránh tình trạng tắc nghẽn gây mụn. Sau đó, sữa rửa mặt sẽ làm sạch hoàn toàn cặn dầu tẩy trang và các tạp chất còn sót lại, mang lại làn da sạch thoáng.
"
Cách tạo makeup cho buổi đi dạo phố vào mùa đông?,"Để có một lớp trang điểm nhẹ nhàng, tự nhiên cho buổi đi dạo phố đông, bạn hãy bắt đầu bằng lớp kem dưỡng ẩm để da không bị khô. Tiếp theo, dùng kem nền mỏng, che khuyết điểm ở vùng cần thiết. Đừng quên má hồng tone đào hoặc hồng san hô để có đôi má ửng hồng ấm áp. Cuối cùng, thoa son dưỡng có màu hoặc son tint nhẹ nhàng là đủ để đôi môi căng mọng, tươi tắn. Lưu ý ưu tiên các sản phẩm dưỡng ẩm để bảo vệ da khỏi thời tiết lạnh nhé!
"
Kỹ thuật makeup 'bold metallic' là gì?,"Kỹ thuật makeup ""bold metallic"" tập trung vào việc sử dụng các sản phẩm trang điểm có ánh kim loại nổi bật, tạo hiệu ứng lấp lánh và thu hút. 

**Các bước thực hiện:**

1.  **Chuẩn bị:** Tạo lớp nền hoàn hảo.
2.  **Mắt:** Sử dụng phấn mắt kim loại (vàng, bạc, đồng...) hoặc eyeliner metallic. Có thể kết hợp nhiều màu.
3.  **Gò má:** Highlight với phấn highlight ánh kim.
4.  **Môi:** Son môi metallic hoặc son bóng có nhũ.

Kỹ thuật này phù hợp với các buổi tiệc hoặc sự kiện đặc biệt, giúp bạn tỏa sáng.
"
Làm sao để nhận diện lọ kem dưỡng da ban đêm có chứa retinol qua hình ảnh?,"Để nhận diện kem dưỡng da ban đêm chứa retinol qua hình ảnh, bạn hãy chú ý các điểm sau:

1. **Bao bì:** Thường có ghi rõ ""Retinol"", ""Vitamin A"", hoặc ""Retinyl Palmitate"".
2. **Màu sắc:** Kem retinol dễ bị oxy hóa nên thường có màu vàng nhạt hoặc cam. Tuy nhiên, màu sắc có thể thay đổi tùy công thức.
3. **Kết cấu:** Thường đặc hơn các loại kem dưỡng khác, do retinol có phân tử lớn.
4. **Lưu ý:** Nên tìm mua ở các thương hiệu uy tín để đảm bảo chất lượng sản phẩm.
"
Son dưỡng môi dạng thỏi có đặc điểm nhận diện nào cho robot gắp đồ?,"Để robot gắp son dưỡng môi dạng thỏi hiệu quả, cần nhận diện các đặc điểm sau:

1. **Hình dạng:** Thỏi son thường hình trụ, hơi thuôn. Robot cần nhận diện hình dạng này để định vị.
2. **Kích thước:** Đo chính xác chiều dài, đường kính để tính toán lực gắp phù hợp, tránh làm vỡ sản phẩm.
3. **Màu sắc/Nhãn hiệu:** Nhận diện màu sắc hoặc nhãn hiệu in trên thỏi son giúp phân loại và gắp đúng sản phẩm mong muốn.
4. **Vật liệu:** Xác định vật liệu vỏ (thường là nhựa) để điều chỉnh lực gắp.
"
Làm sao để robot nhận diện hộp phấn phủ dựa trên hình ảnh 2D?,"Để robot nhận diện hộp phấn phủ từ ảnh 2D, ta cần kết hợp các bước sau:

1. **Tiền xử lý ảnh:** Tăng cường độ tương phản, loại bỏ nhiễu để ảnh rõ nét hơn.
2. **Phát hiện đặc trưng:** Sử dụng các thuật toán như Haar cascades hoặc CNN để tìm các đặc điểm như hình dạng tròn/vuông, màu sắc đặc trưng (trắng, hồng, nâu...).
3. **Huấn luyện mô hình:** Dùng machine learning (ví dụ: SVM, Random Forest) với nhiều ảnh hộp phấn phủ để mô hình học cách phân biệt.
4. **Phân loại:** Robot so sánh đặc trưng ảnh đầu vào với mô hình đã học để xác định đó có phải hộp phấn phủ hay không.
"
Làm sao chọn cọ tán phấn mắt cho makeup tiệc tối?,"Để chọn cọ tán phấn mắt cho makeup tiệc tối, bạn nên ưu tiên các loại cọ đầu nhỏ, lông mềm và dày dặn. Cọ đầu nhỏ giúp bạn dễ dàng kiểm soát lượng phấn và tạo điểm nhấn ở vùng mắt. Lông mềm giúp phấn lên màu mịn màng, không gây kích ứng. Cọ dày dặn giúp tán phấn đều hơn, đặc biệt với các loại phấn nhũ hoặc phấn có nhiều hạt lấp lánh, tạo hiệu ứng lung linh cho đôi mắt. Nên có ít nhất 2-3 loại cọ với kích thước khác nhau để linh hoạt trong quá trình trang điểm.
"
Son nước (lip tint) có đặc điểm vật lý nào để robot nhận diện?,"Để robot nhận diện son nước (lip tint), các đặc điểm vật lý quan trọng bao gồm:

1. **Màu sắc:** Son nước có dải màu đa dạng, robot cần cảm biến màu để phân biệt.
2. **Độ bóng:** Son nước thường có độ bóng nhất định, khác với son thỏi lì. Cảm biến ánh sáng giúp nhận diện.
3. **Độ nhớt/độ đặc:** Son nước lỏng hơn son thỏi, robot có thể dùng cảm biến áp suất hoặc hình ảnh để ước lượng.
4. **Kết cấu bề mặt:** Một số son nước có chứa nhũ, robot có thể nhận diện nhờ phân tích ánh sáng phản xạ.
"
Cách tạo makeup cho buổi chụp ảnh ngoài trời?,"Chào bạn, để có lớp makeup hoàn hảo cho buổi chụp ảnh ngoài trời, bạn cần lưu ý các bước sau:

1. **Chuẩn bị da:** Dưỡng ẩm kỹ để da căng bóng, mịn màng.
2. **Kiểm soát dầu:** Dùng phấn phủ nhẹ để tránh da bị bóng dầu dưới ánh nắng.
3. **Makeup nền:** Chọn foundation có độ che phủ tốt, bền màu và chống nắng.
4. **Tạo khối:** Nhấn nhá đường nét khuôn mặt để tạo chiều sâu, giúp ảnh đẹp hơn.
5. **Màu sắc:** Ưu tiên tông màu tươi sáng, tự nhiên, phù hợp với concept chụp.
6. **Khóa lớp makeup:** Xịt khóa makeup để giữ lớp trang điểm lâu trôi.
"
Tại sao cần dùng kem lót có SPF cho makeup ban ngày?,"Chào bạn,

Kem lót có SPF là bước không thể bỏ qua trong makeup ban ngày vì nhiều lý do quan trọng. Thứ nhất, SPF bảo vệ da khỏi tác hại của tia UV, ngăn ngừa lão hóa sớm, nám và ung thư da. Thứ hai, kem lót giúp làm mịn da, che phủ lỗ chân lông, tạo lớp nền hoàn hảo cho các bước makeup tiếp theo. Cuối cùng, SPF trong kem lót bổ sung cho kem chống nắng, tăng cường bảo vệ da toàn diện.
"
Cọ tán kem nền dạng kabuki có đặc điểm gì?,"Cọ tán kem nền Kabuki có hình dáng tròn, đầu cọ dày và lông cọ siêu mềm, thường làm từ sợi tổng hợp hoặc lông tự nhiên. Đặc điểm nổi bật là khả năng tán kem nền cực kỳ mịn, tạo hiệu ứng lớp nền tự nhiên, không tì vết. Cọ Kabuki phù hợp với mọi loại da, đặc biệt là da nhạy cảm vì độ mềm mại của lông. Cách dùng là xoay tròn nhẹ nhàng trên da, giúp kem nền bám đều và che phủ hoàn hảo.
"
Làm sao nhận diện cây mascara qua hình ảnh 2D?,"Để nhận diện mascara qua ảnh 2D, bạn tập trung vào các yếu tố sau:

1. **Hình dáng:** Thường có hình trụ tròn, thon dần về đầu.
2. **Đầu cọ:** Quan sát kỹ đầu cọ, có thể là sợi, nhựa hoặc silicone với nhiều hình dạng khác nhau (cong, thẳng, gai...).
3. **Vỏ:** Chú ý logo, tên thương hiệu và thiết kế vỏ (màu sắc, họa tiết) đặc trưng của các hãng.
4. **Chất liệu:** Dựa vào ánh sáng phản chiếu để ước lượng chất liệu vỏ (nhựa, kim loại).
"
Cách chọn son môi cho da dầu trong môi trường nóng ẩm?,"Chào bạn! Với da dầu, đặc biệt trong thời tiết nóng ẩm, việc chọn son môi cần lưu ý một số điểm sau:

1. **Chọn chất son lì (matte) hoặc kem lì:** Chất son này ít bóng dầu, giúp son bám lâu hơn và không bị lem.
2. **Tránh son bóng (glossy):** Son bóng dễ làm da dầu bóng hơn và nhanh trôi.
3. **Ưu tiên thành phần nhẹ, không chứa dầu:** Tìm các loại son có chứa sáp ong, vitamin E để dưỡng ẩm mà không gây bí bách.
4. **Sử dụng son kem có kết cấu mỏng nhẹ:** Son kem giúp màu son lên đều mà không gây cảm giác dày nặng.
"
Chì kẻ mày dạng bút có đặc điểm vật lý nào?,"Chì kẻ mày dạng bút thường có hình dáng thon dài, tương tự bút bi, với đầu bút là một sợi hoặc đầu chổi nhỏ. Chất sáp hoặc gel bên trong bút tạo độ bám màu, dễ dàng vẽ và tạo hình dáng lông mày. Một số loại có thêm đầu chải để tán đều màu, giúp lông mày trông tự nhiên hơn. Ưu điểm của bút kẻ mày là dễ sử dụng, tiện lợi mang theo và phù hợp với người mới bắt đầu.
"
Làm sao tạo makeup cho buổi phỏng vấn việc làm?,"Để có lớp trang điểm phù hợp cho buổi phỏng vấn, hãy ưu tiên vẻ ngoài tự nhiên, chuyên nghiệp.

1.  **Chuẩn bị da:** Dưỡng ẩm kỹ lưỡng.
2.  **Nền:** Sử dụng kem nền mỏng nhẹ, che khuyết điểm vừa đủ.
3.  **Mắt:** Phấn mắt màu nude hoặc nâu nhạt, chuốt mascara nhẹ nhàng.
4.  **Má:** Hồng đào hoặc cam đất, đánh nhẹ nhàng để có vẻ ngoài tươi tắn.
5.  **Môi:** Son nude hoặc màu hồng nhạt.

Tránh trang điểm quá đậm, màu sắc lòe loẹt. Mục tiêu là tôn lên vẻ ngoài chỉn chu, tự tin và thể hiện sự tôn trọng với nhà tuyển dụng.
"
Tại sao cần làm sạch da bằng nước tẩy trang trước khi dùng kem nền?,"Chào bạn,

Việc làm sạch da bằng nước tẩy trang trước khi dùng kem nền là bước cực kỳ quan trọng. Nước tẩy trang giúp loại bỏ bụi bẩn, dầu thừa, lớp trang điểm nhẹ (nếu có) và tế bào chết trên da. Nếu không tẩy trang, các tạp chất này sẽ làm kem nền khó lên da, gây vón cục, không đều màu và làm tắc nghẽn lỗ chân lông, dẫn đến mụn. Da sạch sẽ là nền tảng để kem nền bám dính tốt và giúp lớp trang điểm hoàn hảo hơn.
"
Hộp phấn mắt có đặc điểm gì để robot nhận diện?,"Để robot nhận diện hộp phấn mắt, cần chú ý các đặc điểm sau:

1. **Hình dạng:** Hộp phấn mắt thường hình vuông hoặc chữ nhật, có thể có góc bo tròn.
2. **Kích thước:** Kích thước tương đối nhỏ gọn, vừa vặn trong lòng bàn tay.
3. **Màu sắc:** Đa dạng, nhưng thường thấy các gam màu pastel, nude, hoặc màu sắc nổi bật như hồng, cam, tím.
4. **Vật liệu:** Thường làm từ nhựa hoặc kim loại, có thể có bề mặt bóng hoặc mờ.
5. **Nhãn hiệu/Logo:** Các chi tiết in ấn trên hộp giúp robot đối chiếu với dữ liệu đã được huấn luyện.
"
Kỹ thuật makeup 'bronzed goddess' là gì?,"Kỹ thuật ""bronzed goddess"" (nữ thần đồng) tập trung tạo vẻ ngoài khỏe khoắn, rám nắng tự nhiên như vừa đi biển về. 

**Các bước chính:**

1.  **Chuẩn bị da:** Dưỡng ẩm kỹ để lớp makeup bám tốt.
2.  **Đánh phấn bronzer:** Tập trung vào vùng gò má, thái dương, đường chân tóc và xương hàm để tạo khối, nhấn nhá đường nét.
3.  **Highlight:** Sử dụng highlighter ở gò má, sống mũi, nhân trung để bắt sáng, tạo hiệu ứng glow.
4.  **Màu mắt ấm:** Chọn các tông màu nâu, đồng, vàng để tăng thêm vẻ ấm áp.
5.  **Son môi:** Sử dụng son nude, cam đất hoặc hồng đào.

Mục đích là tạo sự cân bằng giữa màu da, khối và ánh sáng, mang đến vẻ đẹp quyến rũ, tràn đầy sức sống.
"
Cách chọn cọ cho phấn tạo khối vùng mũi?,"Để chọn cọ tạo khối vùng mũi, bạn nên ưu tiên cọ nhỏ, đầu vát chéo hoặc hình tam giác. Cọ vát chéo giúp bạn dễ dàng đi dọc theo đường sống mũi, tạo hiệu ứng ốm và sâu hơn. Cọ đầu tam giác phù hợp để đánh khối ở đầu mũi, tạo hình dáng thon gọn. Chất lông cọ nên mềm mại, vừa đủ độ cứng để dễ dàng tán đều phấn mà không gây kích ứng da.
"
Son bóng dạng tuýp có đặc điểm vật lý nào?,"Son bóng dạng tuýp thường có kết cấu lỏng, mịn và hơi dính, tạo hiệu ứng căng mọng cho môi. Thành phần chính là dầu khoáng, sáp, polyme và chất tạo màu. Chúng có độ bóng cao, khả năng bám dính tốt hơn son thỏi, giúp giữ màu lâu hơn. Bao bì tuýp tiện lợi, dễ dàng mang theo và kiểm soát lượng sản phẩm sử dụng. Tuy nhiên, son bóng tuýp có thể dễ bị lem và trôi khi ăn uống.
"
Làm sao tạo makeup cho sự kiện cosplay?,"Chào bạn! Cosplay makeup cần chú trọng vào việc biến hóa thành nhân vật. Đầu tiên, hãy chuẩn bị da kỹ lưỡng với kem lót và nền phù hợp tông da nhân vật (thường trắng hơn). Tiếp theo, tạo khối và highlight để thay đổi cấu trúc khuôn mặt, nhấn mạnh đặc điểm riêng của nhân vật. Đừng quên mắt - sử dụng màu sắc, kiểu vẽ eyeliner và mi giả ấn tượng. Cuối cùng, son môi và các chi tiết đặc biệt như vẽ hình, đính đá sẽ hoàn thiện vẻ ngoài.
"
Tại sao cần dùng phấn phủ sau kem nền?,"Chào bạn,

Việc dùng phấn phủ sau kem nền là bước quan trọng để hoàn thiện lớp trang điểm. Phấn phủ giúp khóa lớp nền, kiểm soát dầu thừa, làm mờ lỗ chân lông và giúp da mịn màng hơn. Đồng thời, phấn phủ còn giúp lớp trang điểm bám lâu hơn, tránh bị xuống tông hoặc lem trôi trong suốt cả ngày. Bạn nên chọn phấn phủ phù hợp với loại da để đạt hiệu quả tốt nhất nhé!
"
Cọ lông tự nhiên và lông tổng hợp khác nhau thế nào?,"Chào bạn, với kinh nghiệm trang điểm của mình, tôi sẽ giải thích sự khác biệt giữa cọ lông tự nhiên và lông tổng hợp nhé.

**Cọ lông tự nhiên** (thường từ lông chồn, ngựa, dê) mềm mại, bám phấn tốt, phù hợp với các sản phẩm dạng bột như phấn mắt, phấn má. Tuy nhiên, giá thành cao và cần vệ sinh kỹ lưỡng.

**Cọ lông tổng hợp** (nylon, polyester) bền, dễ vệ sinh, không gây kích ứng, thích hợp với các sản phẩm lỏng, kem. Hiện nay, chất lượng lông tổng hợp đã cải thiện nhiều, độ mềm mại cũng không kém cạnh lông tự nhiên.
"
Kỹ thuật makeup 'smokey cat eye' là gì?,"""Smokey cat eye"" là kỹ thuật kết hợp giữa mắt khói (smokey eye) và đường kẻ mắt mèo (cat eye) để tạo đôi mắt sắc sảo, cuốn hút.

**Các bước thực hiện:**

1.  **Tạo khối:** Dùng phấn tối màu (đen, nâu đậm) tán đều từ khóe mắt ngoài vào hốc mắt, tạo độ sâu.
2.  **Kẻ mắt mèo:** Vẽ đường kẻ mắt mèo sắc nét, hơi kéo dài ở đuôi mắt.
3.  **Tán đều:** Mờ nhẹ đường kẻ mắt và phấn mắt để tạo hiệu ứng chuyển màu mềm mại.
4.  **Hoàn thiện:** Chuốt mascara và có thể thêm mi giả để tăng độ dày cho mắt.

Kỹ thuật này giúp mắt trông to hơn, sắc sảo hơn và tạo điểm nhấn ấn tượng.
"
Làm sao nhận diện lọ kem lót qua hình ảnh?,"Để nhận diện kem lót qua hình ảnh, bạn hãy chú ý các điểm sau:

1. **Bao bì:** Kem lót thường có bao bì đơn giản hơn kem nền, thường là tuýp, chai pump hoặc lọ nắp xoay.
2. **Màu sắc:** Màu sắc kem lót rất đa dạng: trắng, ngọc trai, hồng, xanh lá cây... tùy công dụng (che đỏ, nâng tông, làm mịn da).
3. **Kết cấu:** Quan sát kết cấu qua hình ảnh, kem lót thường lỏng nhẹ, mịn màng hơn kem nền.
4. **Chữ in:** Tìm các từ khóa như ""primer"", ""base"", ""kem lót"" trên bao bì.
"
Cách chọn son môi cho buổi tiệc ngoài trời?,"Để chọn son môi cho buổi tiệc ngoài trời, bạn nên ưu tiên các màu sắc tươi sáng, có độ bám tốt và khả năng chống nắng nhẹ.

**Bước 1:** Chọn màu son phù hợp với tông da và trang phục. Đỏ cam, hồng san hô hoặc cam đất là những lựa chọn an toàn.
**Bước 2:** Ưu tiên chất son lì hoặc bán lì để son lâu trôi hơn dưới ánh nắng.
**Bước 3:** Chọn son có chứa SPF để bảo vệ môi khỏi tác hại của tia UV.
"
Tại sao cần dùng mút ẩm để tán kem nền?,"Chào bạn,

Mút ẩm là ""vũ khí bí mật"" để có lớp nền hoàn hảo! Khi mút ẩm, kem nền sẽ không bị hút quá nhiều vào mút mà được dàn đều trên da, giúp lớp nền mỏng nhẹ, tự nhiên hơn. Độ ẩm cũng giúp kem nền blend đều, che phủ lỗ chân lông và các khuyết điểm tốt hơn, tránh tình trạng cakey (mốc da). Hãy vắt nhẹ mút sau khi thấm nước để tránh làm loãng kem nền nhé!
"
Hộp cushion nền có đặc điểm vật lý nào?,"Hộp cushion nền thường có thiết kế tròn hoặc vuông, kích thước nhỏ gọn, tiện mang theo. Vỏ hộp thường làm bằng nhựa hoặc kim loại, có gương bên trong. Điểm đặc trưng nhất là miếng mút chứa kem nền, được giữ ẩm bằng dung dịch. Khi ấn nhẹ lên miếng mút, kem nền sẽ thấm ra bông phấn để đánh lên da, giúp lớp nền mỏng mịn, tự nhiên và dễ dàng điều chỉnh độ che phủ.
"
Kỹ thuật makeup 'soft smokey' là gì?,"Kỹ thuật makeup ""soft smokey"" là một kiểu trang điểm mắt nhấn mạnh sự mềm mại, tinh tế thay vì sắc sảo, mạnh mẽ như smokey eyes truyền thống. 

**Các bước thực hiện:**

1.  **Tạo khối:** Dùng phấn mắt màu trung tính (nâu nhạt, xám tro) tán đều từ hốc mắt lên trên, tạo chiều sâu.
2.  **Nhấn nhá:** Thêm một chút phấn mắt đậm hơn (nâu sẫm, xám đậm) vào đuôi mắt và hốc mắt, blend kỹ để chuyển màu mượt mà.
3.  **Hoàn thiện:** Kẻ eyeliner mảnh, dùng mascara và có thể thêm chút highlight ở khóe mắt để đôi mắt thêm bừng sáng.

Kỹ thuật này phù hợp với mọi hình dáng mắt và dễ dàng điều chỉnh độ đậm nhạt theo sở thích.
"
Cách chọn cọ để thoa son môi chính xác?,"Để chọn cọ thoa son môi phù hợp, bạn nên ưu tiên cọ đầu nhỏ, dẹt và lông mềm mại. Cọ đầu nhỏ giúp bạn dễ dàng kiểm soát đường nét, đặc biệt khi tô viền môi. Lông mềm mại đảm bảo son lên môi mượt mà, không gây kích ứng. Chất liệu lông tổng hợp phù hợp với mọi loại son, còn lông tự nhiên (như lông chồn) thích hợp với son kem lì. Nên chọn cọ có cán cầm chắc chắn để dễ thao tác.
"
Làm sao nhận diện chai xịt khóa makeup?,"Để nhận diện chai xịt khóa makeup, bạn cần chú ý các điểm sau:

1. **Thành phần:** Tìm các thành phần dưỡng ẩm như glycerin, hyaluronic acid, hoặc các chiết xuất thực vật. Xịt khóa makeup tốt sẽ giúp da không bị khô căng.
2. **Kết cấu:** Dạng xịt mịn, tạo sương nhẹ, không gây vón cục hay để lại lớp trắng.
3. **Nhãn mác:** Thường có ghi rõ ""makeup setting spray"", ""fixing spray"" hoặc ""long-lasting spray"".
4. **Công dụng:** Hỗ trợ giữ lớp trang điểm lâu trôi, kiểm soát dầu thừa và giúp da tươi tắn hơn.
"
Cách tạo makeup cho buổi đi chơi ban ngày?,"Để có một lớp makeup tự nhiên cho buổi đi chơi ban ngày, bạn hãy thực hiện các bước sau:

1. **Chuẩn bị da:** Dưỡng ẩm nhẹ nhàng.
2. **Che khuyết điểm:** Dùng kem che khuyết điểm cho vùng thâm quầng mắt và mụn.
3. **Nền:** Chọn BB cream hoặc cushion mỏng nhẹ, tán đều.
4. **Má hồng:** Tô nhẹ má hồng màu đào hoặc cam san hô.
5. **Mắt:** Phấn mắt màu nude hoặc nâu nhạt, chuốt mascara.
6. **Môi:** Son tint hoặc son dưỡng có màu.

Lớp makeup này giúp bạn trông tươi tắn, rạng rỡ mà vẫn rất tự nhiên, phù hợp với không khí buổi đi chơi.
"
Tại sao cần thử kem nền trên cổ thay vì tay?,"Chào bạn,

Việc thử kem nền trên cổ thay vì tay là rất quan trọng để chọn được màu sắc phù hợp nhất với da mặt. Lý do là vì màu da cổ thường gần với màu da mặt hơn so với màu da tay, vốn dễ bị ảnh hưởng bởi ánh nắng mặt trời và các yếu tố môi trường khác. Thử trên cổ giúp bạn đánh giá chính xác kem nền có bị quá sáng, quá tối hay hòa hợp với tông da thật của mình hay không.
"
Cọ tán highlighter dạng quạt có đặc điểm gì?,"Cọ tán highlighter dạng quạt có thiết kế lông cọ xòe rộng như hình quạt, thường làm từ sợi tổng hợp mềm mại. Đặc điểm nổi bật là khả năng lấy một lượng sản phẩm vừa đủ và tán đều highlighter lên da, tạo hiệu ứng glow tự nhiên, không bị vón cục. Cọ này phù hợp để đánh highlighter lên gò má, sống mũi, nhân trung và bầu mắt, giúp các đường nét trở nên sắc sảo và bắt sáng hơn.
"
Kỹ thuật makeup 'cut-crease dramatique' là gì?,"Kỹ thuật ""cut-crease dramatique"" là kỹ thuật tạo chiều sâu cho mắt bằng cách tạo một đường crease (nếp gấp) rõ nét trên hốc mắt. 

**Các bước thực hiện:**

1.  **Đánh phấn mắt sáng** lên toàn bộ bầu mắt.
2.  **Xác định nếp gấp mắt:** Dùng cọ nhỏ, đánh phấn mắt tối màu hơn dọc theo nếp gấp mắt, tạo đường cắt sắc nét.
3.  **Tán đều:** Tán nhẹ đường crease để không bị quá cứng nhắc.
4.  **Hoàn thiện:** Thêm highlight ở khóe mắt và dưới chân mày để tăng độ nổi bật.

Kỹ thuật này giúp mắt trông to hơn, sâu hơn và có sức hút hơn.
"
Làm sao nhận diện cây cọ makeup qua hình ảnh?,"Để nhận diện cọ makeup qua hình ảnh, bạn cần chú ý đến hình dáng đầu cọ và kích thước. Cọ đầu tròn, mềm thường dùng đánh phấn hoặc highlight. Cọ đầu dẹt, vát xéo phù hợp với kem nền, che khuyết điểm. Cọ nhỏ, đầu nhọn dùng vẽ eyeliner hoặc tô son. Kích thước cọ lớn đánh phấn phủ, nhỏ hơn dùng cho mắt. Quan sát cán cọ cũng giúp phân biệt, cọ cán gỗ thường chất lượng hơn.
"
Cách chọn son môi cho da ngăm vào mùa đông?,"Chào bạn! Với da ngăm vào mùa đông, việc chọn son cần chú trọng để khuôn mặt không bị ""xịt tông"". Mình gợi ý bạn nên ưu tiên các màu son ấm áp như đỏ đất, cam đất, nâu tây, hoặc hồng đất. Những màu này sẽ làm da bạn sáng hơn, đồng thời tạo cảm giác ấm áp, phù hợp với thời tiết mùa đông. Tránh các màu son quá sáng hoặc quá tối, vì chúng có thể làm da bạn trông xám xịt.
"
Tại sao cần dùng kem dưỡng mắt trước makeup?,"Chào bạn,

Kem dưỡng mắt là bước chuẩn bị quan trọng trước khi trang điểm mắt vì vùng da quanh mắt rất mỏng và dễ bị khô, xuất hiện nếp nhăn. Việc dùng kem dưỡng mắt giúp:

1. **Dưỡng ẩm:** Cung cấp độ ẩm cần thiết, giúp lớp makeup không bị cakey hay vón cục.
2. **Làm mịn da:** Giảm sự xuất hiện của nếp nhăn, giúp phấn mắt bám tốt hơn.
3. **Bảo vệ da:** Tạo một lớp màng bảo vệ da khỏi các hóa chất trong mỹ phẩm trang điểm.

Hãy massage nhẹ nhàng để kem thẩm thấu hoàn toàn trước khi bắt đầu các bước makeup mắt khác nhé!
"
Lọ tẩy trang dạng dầu có đặc điểm vật lý nào?,"Chào bạn, với vai trò là chuyên gia trang điểm, tôi sẽ giải thích về đặc điểm vật lý của lọ tẩy trang dạng dầu nhé.

Tẩy trang dầu thường có kết cấu lỏng, nhẹ, dễ dàng thoa lên da. Màu sắc phổ biến là vàng nhạt hoặc trong suốt. Khi thoa lên da khô, dầu tẩy trang sẽ hòa tan các sản phẩm trang điểm gốc dầu như kem nền, son môi. Sau khi massage, khi tiếp xúc với nước, dầu sẽ chuyển thành dạng sữa, giúp rửa sạch dễ dàng mà không gây khô da.
"
Kỹ thuật makeup 'dewy bridal' là gì?,"Kỹ thuật ""dewy bridal"" (cô dâu glowy) tập trung vào làn da căng bóng, rạng rỡ tự nhiên, thay vì lớp nền hoàn hảo, che phủ hoàn toàn. 

**Các bước chính:**

1.  **Dưỡng ẩm kỹ:** Sử dụng serum, kem dưỡng ẩm giàu hyaluronic acid.
2.  **Kem nền mỏng nhẹ:** Ưu tiên BB cream, CC cream hoặc foundation có độ che phủ thấp.
3.  **Highlight:** Tập trung highlight ở gò má, sống mũi, trán, nhân trung.
4.  **Xịt khóa:** Xịt khóa dạng sương giúp lớp makeup bền lâu và tăng độ glowy.

Kỹ thuật này giúp cô dâu trông tươi tắn, trẻ trung và tự tin trong ngày trọng đại.
"
Cách chọn cọ để tán phấn phủ đều?,"Để tán phấn phủ đều, bạn nên chọn cọ phấn phủ có các đặc điểm sau:

1. **Hình dáng:** Cọ đầu tròn, xốp, lông mềm mại.
2. **Kích thước:** Kích thước vừa phải, không quá to cũng không quá nhỏ, phù hợp với diện tích khuôn mặt.
3. **Lông cọ:** Lông tự nhiên hoặc sợi tổng hợp chất lượng cao, đảm bảo độ bám phấn và tán đều.

**Lý do:** Cọ tròn giúp lấy lượng phấn vừa đủ, lông mềm mại tránh gây kích ứng và tán phấn mịn màng, không để lại vệt.
"
Làm sao nhận diện hộp bronzer qua hình ảnh?,"Để nhận diện hộp bronzer qua hình ảnh, bạn hãy chú ý các điểm sau:

1. **Màu sắc:** Bronzer thường có màu nâu vàng, nâu cam hoặc màu đồng, giống màu da rám nắng.
2. **Kết cấu:** Có thể là dạng bột mịn, kem hoặc stick. Bột thường thấy nhất, có thể có ánh nhũ nhẹ.
3. **Hình dáng hộp:** Thường là hộp tròn hoặc vuông, có thể có gương bên trong.
4. **Chữ in trên hộp:** Tìm các từ như ""Bronzer"", ""Sun Kissed"", ""Contour"" (nếu bronzer đa năng).
"
Cách tạo makeup cho buổi họp trực tuyến?,"Chào bạn, để có lớp makeup phù hợp cho buổi họp trực tuyến, bạn nên ưu tiên sự tự nhiên, tươi tắn.

1.  **Dưỡng ẩm:** Bước này rất quan trọng để da không bị khô và căng bóng hơn trên camera.
2.  **Che khuyết điểm:** Tập trung vào vùng mắt và các vết mẩn đỏ, dùng lượng vừa đủ để không bị dày phấn.
3.  **Phấn phủ:** Chọn phấn phủ dạng bột hoặc cushion mỏng nhẹ để kiểm soát dầu và làm mịn da.
4.  **Mascara & Son:** Đừng quên mascara để mở to mắt và một chút son dưỡng hoặc son màu nhẹ nhàng.

Lưu ý: Ánh sáng tốt sẽ giúp makeup lên chuẩn màu và tự nhiên hơn.
"
Tại sao cần dùng giấy thấm dầu trước khi dặm phấn?,"Chào bạn,

Việc dùng giấy thấm dầu trước khi dặm phấn là một bước quan trọng để có lớp trang điểm hoàn hảo. Khi da tiết dầu, việc dặm phấn trực tiếp lên sẽ làm phấn bị vón cục, không đều màu và dễ gây tắc nghẽn lỗ chân lông. Giấy thấm dầu giúp loại bỏ lượng dầu thừa, tạo bề mặt khô thoáng, giúp phấn bám tốt hơn, mịn màng và bền màu hơn.
"
Chai kem chống nắng dạng xịt có đặc điểm gì?,"Kem chống nắng dạng xịt có nhiều ưu điểm: dễ dàng sử dụng, đặc biệt với vùng da khó tiếp cận như lưng, chân. Kết cấu mỏng nhẹ, không gây nhờn dính, phù hợp với mọi loại da. Tuy nhiên, cần xịt đủ lượng (khoảng 2mg/cm² da) và thoa đều để đảm bảo hiệu quả bảo vệ. Nên xịt lại sau mỗi 2 tiếng hoặc sau khi bơi lội, đổ mồ hôi. Lưu ý tránh xịt trực tiếp vào mặt, nên xịt ra tay rồi thoa.
"
Kỹ thuật makeup 'retro glam' là gì?,"Kỹ thuật makeup ""retro glam"" lấy cảm hứng từ vẻ đẹp quyến rũ của những thập niên 40-60. Điểm nhấn là làn da hoàn hảo, mịn màng (sử dụng foundation lì), đôi lông mày cong vút, mắt kẻ eyeliner cánh chim sắc sảo và đôi môi đỏ tươi. 

Phấn má hồng được đánh cao, tạo gò má rõ nét. Thường kết hợp thêm mi giả dày dặn để tăng thêm phần lộng lẫy. Phong cách này tôn lên vẻ đẹp cổ điển, sang trọng và đầy tự tin.
"
Cách chọn son môi cho buổi biểu diễn sân khấu?,"Để chọn son môi cho buổi biểu diễn sân khấu, bạn cần ưu tiên độ bền màu và khả năng lên hình đẹp.

1.  **Chọn chất son lì:** Son lì giữ màu tốt, ít bị lem khi vận động mạnh và lên hình sẽ rõ nét hơn.
2.  **Màu son tương phản:** Chọn màu son tương phản với màu da và trang phục để nổi bật trên sân khấu. Đỏ, cam đất, hồng đất là những lựa chọn an toàn.
3.  **Kiểm tra dưới ánh sáng:** Thử son dưới ánh sáng tương tự ánh sáng sân khấu để đảm bảo màu son không bị lệch.
"
Làm sao nhận diện lọ serum dưỡng da?,"Để nhận diện một lọ serum dưỡng da, bạn hãy chú ý những điểm sau:

1. **Kết cấu:** Serum thường có kết cấu lỏng, nhẹ, dễ dàng thẩm thấu vào da, khác với kem dưỡng ẩm đặc hơn.
2. **Thành phần:** Serum tập trung vào các hoạt chất mạnh như vitamin, axit hyaluronic, retinol...
3. **Bao bì:** Thường được đựng trong lọ thủy tinh tối màu, có ống hút hoặc dropper để đảm bảo vệ sinh và bảo toàn công thức.
4. **Mục đích sử dụng:** Serum giải quyết các vấn đề da cụ thể như nếp nhăn, thâm nám, dưỡng ẩm chuyên sâu.
"
Cách tạo makeup cho da mụn vào mùa hè?,"Chào bạn, trang điểm cho da mụn mùa hè cần nhẹ nhàng và tập trung vào che phủ, kiềm dầu.

1.  **Dưỡng ẩm:** Dùng kem dưỡng ẩm dịu nhẹ, không gây bí da.
2.  **Che khuyết điểm:** Chọn loại không gây kích ứng, thoa nhẹ lên nốt mụn.
3.  **Phấn nền:** Ưu tiên phấn nền dạng lỏng, mỏng nhẹ, có chỉ số SPF.
4.  **Phấn phủ:** Dùng phấn phủ bột khoáng, kiềm dầu tốt, đánh nhẹ nhàng.
5.  **Tránh:** Mỹ phẩm quá dày, nhiều dầu, dễ gây tắc nghẽn lỗ chân lông.

Quan trọng nhất là vệ sinh cọ thường xuyên để tránh lây lan vi khuẩn.
"
Tại sao cần dùng cọ sạch để tán phấn mắt?,"Chào bạn,

Việc sử dụng cọ sạch để tán phấn mắt là vô cùng quan trọng vì nhiều lý do. Cọ bẩn chứa vi khuẩn, dầu thừa và cặn phấn cũ có thể gây kích ứng da mắt, dẫn đến viêm nhiễm hoặc dị ứng. Hơn nữa, cọ bẩn làm giảm khả năng lên màu của phấn, khiến lớp trang điểm không đều và khó đẹp. Cọ sạch giúp phấn mắt bám dính tốt hơn, dễ dàng blend màu và đảm bảo vệ sinh cho đôi mắt của bạn.
"
Cọ tán concealer có đặc điểm gì?,"Cọ tán concealer thường có các đặc điểm sau:

*   **Kích thước nhỏ và đầu cọ vát:** Giúp dễ dàng che phủ các vùng nhỏ như quầng thâm mắt, mụn hoặc vết đỏ.
*   **Lông cọ mềm mại, dày đặc:** Đảm bảo concealer được tán đều, không gây kích ứng da và che phủ hoàn toàn.
*   **Hình dạng đa dạng:** Có thể là đầu phẳng, đầu tròn hoặc đầu vát góc để phù hợp với các nhu cầu che phủ khác nhau.
*   **Chất liệu lông:** Lông tổng hợp hoặc lông tự nhiên đều được sử dụng, tùy thuộc vào sở thích và loại concealer."
Kỹ thuật makeup 'minimal chic' là gì?,"""Minimal chic"" là xu hướng trang điểm tối giản nhưng vẫn sang trọng, tập trung vào làn da khỏe mạnh tự nhiên. Các bước chính bao gồm:

1. **Chăm sóc da:** Ưu tiên dưỡng ẩm để da căng bóng.
2. **Che khuyết điểm:** Chỉ che những vùng cần thiết, tránh lớp nền dày.
3. **Mascara:** Làm dài mi, mở mắt.
4. **Son môi:** Chọn màu nude hoặc hồng đào tự nhiên.
5. **Má hồng:** Phủ nhẹ nhàng để có đôi má ửng hồng.

Mục đích là tôn lên vẻ đẹp sẵn có, không che giấu mà làm nổi bật sự thanh lịch.
"
Làm sao nhận diện cây bút eyeliner qua hình ảnh?,"Để nhận diện bút eyeliner qua hình ảnh, bạn hãy chú ý các đặc điểm sau:

1. **Hình dáng:** Thường có hình trụ dài, thon hoặc hơi vát.
2. **Đầu bút:** Có nhiều loại: đầu lông mảnh (cho đường kẻ sắc nét), đầu cọ (cho đường kẻ mềm mại), hoặc đầu chì (thường là eyeliner sáp).
3. **Màu sắc:** Phổ biến nhất là đen, nâu, nhưng có thể có nhiều màu khác.
4. **Vỏ bút:** Có thể là nhựa, kim loại hoặc kết hợp, thường ghi tên thương hiệu.
5. **Kích thước:** Nhỏ gọn, vừa vặn trong tay.
"
Cách chọn phấn mắt cho buổi tiệc sinh nhật?,"Để chọn phấn mắt cho tiệc sinh nhật, bạn nên ưu tiên các màu sắc nổi bật và có ánh nhũ để tăng vẻ lấp lánh. Đầu tiên, xác định tông da của mình: da sáng hợp các màu pastel, hồng đào; da trung bình hợp cam đất, nâu đồng; da ngăm hợp các màu đậm như tím, xanh rêu. 

Chọn 3-4 màu sắc: một màu base sáng, một màu chủ đạo, một màu nhấn và một màu tối để tạo chiều sâu. Đừng quên thử màu trước khi mua để đảm bảo lên màu đẹp trên da bạn nhé!
"
Tại sao cần làm sạch cọ makeup hàng tuần?,"Chào bạn, việc làm sạch cọ makeup hàng tuần là vô cùng quan trọng! Bởi lẽ, cọ là nơi tích tụ vi khuẩn, dầu thừa, tế bào chết từ da và cả sản phẩm makeup cũ. Nếu không được làm sạch, chúng có thể gây ra mụn, kích ứng da, thậm chí là nhiễm trùng. Vệ sinh cọ định kỳ giúp đảm bảo an toàn cho da, đồng thời kéo dài tuổi thọ của cọ và giúp lớp makeup lên màu chuẩn hơn.
"
Hộp má hồng dạng kem có đặc điểm vật lý nào?,"Má hồng kem có kết cấu mềm mịn, ẩm ướt và thường được đựng trong hộp nhỏ gọn. So với má hồng bột, má hồng kem có độ bám cao hơn, cho lớp nền tự nhiên, căng bóng và dễ dàng tán đều trên da. Thành phần thường chứa dầu và dưỡng chất giúp cấp ẩm, phù hợp với da khô hoặc da thường. Màu sắc thường tươi tắn, dễ điều chỉnh độ đậm nhạt.
"
Kỹ thuật makeup 'bold graphic' là gì?,"Kỹ thuật makeup ""bold graphic"" tập trung vào việc tạo các đường nét sắc sảo, mạnh mẽ và có tính hình học trên khuôn mặt, thay vì tán màu nhẹ nhàng. 

**Các bước chính:**

1.  **Tạo khối:** Sử dụng kem highlight và contour để tạo cấu trúc rõ ràng cho khuôn mặt.
2.  **Đường kẻ mắt:** Kẻ mắt đậm, sắc nét, có thể kéo dài hoặc tạo hình độc đáo.
3.  **Màu sắc nổi bật:** Sử dụng màu mắt, son môi hoặc phấn má có màu sắc tươi sáng, tương phản.
4.  **Chú trọng hình khối:** Tập trung vào việc tạo các hình khối ấn tượng trên mắt, má hoặc môi.

Kỹ thuật này giúp tạo vẻ ngoài cá tính, mạnh mẽ và thu hút.
"
Cách chọn cọ để thoa phấn phủ vùng chữ T?,"Để thoa phấn phủ vùng chữ T, bạn nên chọn cọ đầu bằng, nhỏ và mềm mại. Cọ đầu bằng giúp phân phối phấn đều, kiểm soát lượng phấn tốt hơn, tránh gây cakey. Kích thước nhỏ phù hợp với diện tích vùng chữ T, giúp thao tác chính xác. Chất lông mềm mại đảm bảo không gây kích ứng da và tạo lớp phủ mịn màng, tự nhiên. Nên ưu tiên cọ sợi tổng hợp vì dễ vệ sinh và ít bám phấn hơn.
"
Làm sao nhận diện lọ nước hoa hồng (toner)?,"Để nhận diện một lọ nước hoa hồng (toner), bạn có thể dựa vào những điểm sau:

1. **Kết cấu:** Toner thường có kết cấu lỏng, nhẹ hơn so với serum hay kem dưỡng.
2. **Mùi hương:** Nhiều toner có mùi hoa hồng nhẹ nhàng, hoặc các chiết xuất thực vật khác. Tuy nhiên, một số loại không mùi.
3. **Bao bì:** Thường được đựng trong chai nhựa hoặc thủy tinh có nắp đậy kín, có thể có vòi xịt hoặc đổ.
4. **Thành phần:** Kiểm tra thành phần, sẽ có chứa nước hoa hồng (Rosa Damascena Flower Water) hoặc các thành phần làm dịu da, cân bằng pH.
"
Cách tạo makeup cho buổi hẹn hò ban đêm?,"Để có lớp trang điểm hẹn hò đêm lãng mạn, bạn nên tập trung vào đôi mắt và đôi môi.

1.  **Nền:** Sử dụng kem nền có độ che phủ vừa phải, tán đều.
2.  **Mắt:** Phủ phấn mắt màu nude hoặc nâu ấm, thêm chút nhũ mắt ở khóe mắt. Kẻ eyeliner mảnh, đánh mascara cong mi.
3.  **Má:** Tô má hồng nhẹ nhàng để tạo vẻ ửng hồng tự nhiên.
4.  **Môi:** Chọn son màu đỏ rượu, hồng đất hoặc cam đất.

Lưu ý: Giữ lớp trang điểm nhẹ nhàng, tinh tế để tôn lên vẻ đẹp tự nhiên của bạn.
"
Tại sao cần dùng kem lót trước phấn mắt?,"Kem lót mắt (eye primer) là bước chuẩn bị quan trọng trước khi đánh phấn mắt vì nhiều lý do. Thứ nhất, nó giúp **tạo một lớp nền mịn màng**, làm mờ nếp nhăn và lỗ chân lông trên bầu mắt, giúp phấn mắt lên màu đều và dễ tán hơn. Thứ hai, kem lót **hấp thụ dầu thừa**, ngăn phấn mắt bị lem, vón cục hoặc phai màu trong suốt cả ngày. Cuối cùng, nó giúp **tăng độ bám dính** cho phấn mắt, giữ cho đôi mắt bạn luôn tươi tắn.
"
Cọ tán bronzer có đặc điểm gì?,"Cọ tán bronzer thường có hình dáng xéo, đầu cọ mềm mại và lông cọ xốp. Thiết kế xéo giúp dễ dàng xác định đường gò má và tạo khối một cách tự nhiên. Lông cọ mềm mại đảm bảo bronzer được tán đều, không gây kích ứng da. Độ xốp của lông giúp lấy và giữ lượng sản phẩm vừa đủ, tránh tình trạng bronzer bị vón cục hoặc quá đậm.
"
Làm sao nhận diện cây mi giả qua hình ảnh?,"Để nhận diện mi giả qua hình ảnh, bạn hãy chú ý các điểm sau:

1. **Độ dày và đều:** Mi giả thường dày và đều hơn mi thật, đặc biệt ở phần đuôi.
2. **Đường nối:** Quan sát kỹ phần chân mi, mi giả thường có một đường nối rõ ràng với da mắt.
3. **Độ bóng:** Mi giả có thể hơi bóng do lớp keo dán, mi thật thường mềm mại và tự nhiên hơn.
4. **Kiểu dáng:** Mi giả thường có kiểu dáng cố định, khác với sự tự nhiên của mi thật.
"
Cách chọn son môi cho da khô vào mùa đông?,"Chào bạn! Với da khô vào mùa đông, việc chọn son môi cần ưu tiên dưỡng ẩm. Hãy chọn son có thành phần như bơ hạt mỡ, dầu jojoba, vitamin E. Chất son lì hoàn toàn có thể làm khô môi hơn, nên ưu tiên son kem, son dưỡng có màu hoặc son bóng. Trước khi đánh son, hãy tẩy tế bào chết nhẹ nhàng và dùng son dưỡng ẩm trước để môi mềm mại, giúp son lên màu chuẩn và không bị bong tróc.
"
Tại sao cần dùng setting spray sau makeup?,"Chào bạn,

Setting spray là bước khóa trang điểm cuối cùng và rất quan trọng. Nó giúp ""khóa"" lớp makeup, làm chúng bám chặt hơn vào da, từ đó tăng độ bền của lớp trang điểm, giúp makeup không bị xuống tông, trôi hoặc lem trong suốt cả ngày. 

Ngoài ra, một số setting spray còn có chức năng cấp ẩm, giúp da căng mọng và giảm thiểu tình trạng cakey (mốc da). Việc sử dụng setting spray đặc biệt cần thiết với những cô nàng da dầu hoặc đổ mồ hôi nhiều.
"
Hộp phấn tạo khối có đặc điểm vật lý nào?,"Hộp phấn tạo khối thường có kết cấu mịn, dạng bột nén hoặc kem. Màu sắc phổ biến là các tông màu nâu lạnh, xám hoặc taupe, giúp tạo hiệu ứng bóng đổ tự nhiên. Bảng phấn tạo khối có thể chứa một hoặc nhiều sắc thái khác nhau để phù hợp với nhiều tông da và mục đích trang điểm. Chất lượng phấn tốt sẽ dễ tán, không vón cục và bám da tốt, giúp định hình khuôn mặt hiệu quả.
"
Kỹ thuật makeup 'fresh summer' là gì?,"Kỹ thuật makeup ""fresh summer"" (tươi trẻ mùa hè) tập trung vào vẻ ngoài tự nhiên, rạng rỡ, như không trang điểm. 

**Các bước chính:**

1.  **Dưỡng ẩm:** Bước quan trọng nhất để lớp nền mịn màng.
2.  **Nền mỏng nhẹ:** Dùng BB cream, CC cream hoặc foundation mỏng, che khuyết điểm vừa đủ.
3.  **Má hồng dạng kem:** Tạo đôi má ửng hồng tự nhiên.
4.  **Mắt nhẹ nhàng:** Phấn mắt màu nude hoặc cam đào, mascara nhẹ nhàng.
5.  **Son dưỡng/son tint:** Ưu tiên màu sắc tươi tắn, tự nhiên.

**Lý do:** Thời tiết hè nóng bức, lớp makeup dày dễ gây bí bách, dễ trôi. ""Fresh summer"" giúp bạn có vẻ ngoài tươi tắn, thoải mái suốt ngày.
"
Cách chọn cọ để tán phấn mắt nhũ?,"Để tán phấn mắt nhũ, bạn nên chọn cọ đầu nhỏ, dẹt hoặc hình nón, lông cọ mềm mại và dày dặn. Cọ dẹt giúp phủ phấn đều trên bầu mắt, còn cọ hình nón thích hợp để tán phấn ở hốc mắt và làm nổi bật phần đuôi mắt. Lông cọ mềm mại tránh làm rơi rụng phấn nhũ, còn lông dày dặn giúp kiểm soát lượng phấn tốt hơn, tránh tình trạng phấn vương vãi.
"
Làm sao nhận diện chai micellar water?,"Để nhận diện chai micellar water, bạn hãy chú ý những điểm sau:

1. **Bao bì:** Thường là chai nhựa trong suốt hoặc mờ, có dung tích đa dạng (100ml - 500ml).
2. **Nhãn mác:** Ghi rõ dòng chữ ""Micellar Water"" hoặc ""Nước Micelle"".
3. **Thành phần:** Chứa các ""micelle"" - các phân tử dầu nhỏ giúp hòa tan bụi bẩn, dầu thừa.
4. **Kết cấu:** Lỏng, trong suốt như nước, không gây nhờn dính.

Micellar water là lựa chọn tẩy trang nhẹ nhàng, phù hợp mọi loại da.
"
Cách tạo makeup cho buổi đi biển?,"Để có lớp makeup đi biển tự nhiên, tươi tắn, bạn nên ưu tiên sự nhẹ nhàng và bền vững.

1.  **Dưỡng ẩm:** Bước quan trọng nhất để da không bị khô do nắng biển.
2.  **Kem chống nắng:** Chọn loại phổ rộng, chỉ số SPF từ 30 trở lên, thoa kỹ.
3.  **Makeup nhẹ nhàng:** Dùng BB cream hoặc cushion thay phấn nền, che khuyết điểm ở vùng cần thiết.
4.  **Màu sắc tươi sáng:** Phấn má hồng cam đào, son dưỡng có màu.
5.  **Chống thấm nước:** Chọn mascara, eyeliner và son lì chống thấm nước.
"
Tại sao cần dùng lip scrub trước khi thoa son lì?,"Chào bạn,

Lip scrub rất cần thiết trước khi thoa son lì vì son lì thường có xu hướng làm khô môi, bám vào các tế bào chết và gây nứt nẻ. Sử dụng lip scrub giúp loại bỏ tế bào chết, làm mềm môi, giúp son lên màu chuẩn hơn, mịn màng hơn và bền màu hơn. Việc này cũng ngăn ngừa tình trạng môi bị bong tróc khi thoa son lì.
"
Cọ tán má hồng dạng vát có đặc điểm gì?,"Cọ tán má hồng vát là loại cọ có lông được cắt vát chéo, tạo hình dáng đầu cọ không đều. Đặc điểm này giúp dễ dàng xác định vị trí tán và kiểm soát lượng sản phẩm. Cọ vát phù hợp để tạo khối, highlight và tán má hồng một cách chính xác, đặc biệt là những đường nét mềm mại, tự nhiên. Lông cọ thường mềm mại, giúp phấn bám đều và không gây kích ứng da.
"
Kỹ thuật makeup 'glossy glam' là gì?,"""Glossy glam"" là kỹ thuật trang điểm tập trung vào làn da căng bóng, khỏe khoắn và đôi mắt/môi nổi bật. 

**Các bước chính:**

1.  **Dưỡng ẩm:** Cấp ẩm kỹ lưỡng là bước quan trọng nhất.
2.  **Highlight:** Sử dụng highlight dạng kem hoặc lỏng ở gò má, sống mũi, trán, cằm.
3.  **Môi bóng:** Son bóng hoặc son dưỡng kết hợp với highlight môi.
4.  **Mắt:** Phấn mắt nhũ, eyeliner và mascara để tạo điểm nhấn.

Kỹ thuật này tạo hiệu ứng da ngậm nước, giúp khuôn mặt trông tươi tắn và sang trọng.
"
Làm sao nhận diện lọ kem dưỡng ẩm?,"Để nhận diện một lọ kem dưỡng ẩm, bạn hãy chú ý các yếu tố sau:

1. **Kết cấu:** Kem dưỡng ẩm thường có kết cấu mịn, đặc hơn lotion nhưng nhẹ hơn vaseline.
2. **Thành phần:** Tìm các thành phần cấp ẩm như hyaluronic acid, glycerin, ceramides, dầu thực vật (jojoba, argan...).
3. **Mục đích sử dụng:** Lọ thường ghi rõ ""dưỡng ẩm"", ""moisturizer"" hoặc dành cho loại da cụ thể (khô, dầu, hỗn hợp).
4. **Bao bì:** Thường là hũ hoặc tuýp kín để bảo vệ công thức.
"
Cách chọn phấn mắt cho da lạnh vào mùa thu?,"Chào bạn! Với da lạnh vào mùa thu, bạn nên ưu tiên phấn mắt tông ấm để cân bằng và làm da trông tươi sáng hơn. Các màu như đồng, cam đất, nâu gạch, hoặc tím plum sẽ rất hợp. Nên chọn phấn có chút ánh nhũ để tăng chiều sâu cho đôi mắt. Tránh các màu quá lạnh như xanh dương hoặc bạc, vì chúng có thể làm da trông xám xịt hơn trong thời tiết thu đông.
"
Tại sao cần dùng blotting paper trong ngày?,"Chào bạn, với vai trò là chuyên gia trang điểm, tôi sẽ giải thích vì sao cần dùng blotting paper trong ngày nhé.

Blotting paper (giấy thấm dầu) giúp loại bỏ dầu thừa trên da mà không làm xáo trộn lớp trang điểm. Việc này rất quan trọng để giữ cho lớp nền không bị bóng dầu, lem luốc, đặc biệt là trong thời tiết nóng ẩm. Thay vì dùng phấn phủ liên tục (có thể gây cakey), blotting paper là giải pháp nhẹ nhàng, giúp da thông thoáng và giữ lớp trang điểm tươi tắn suốt cả ngày.
"
Hộp mi giả kèm keo có đặc điểm vật lý nào?,"Chào bạn, với vai trò là chuyên gia trang điểm, tôi sẽ giải đáp câu hỏi này nhé.

Hộp mi giả kèm keo thường có những đặc điểm vật lý sau:

*   **Mi giả:** Được làm từ sợi tổng hợp (PBT, lụa nhân tạo) hoặc lông thật, có độ cong và độ dài khác nhau. Mi có màu đen tự nhiên hoặc các màu sắc khác.
*   **Keo dán mi:** Dạng lỏng hoặc gel, thường màu đen hoặc trong suốt. Thành phần chính là acrylic, có độ dính cao nhưng an toàn cho da mắt.
*   **Hộp đựng:** Thường làm bằng nhựa hoặc giấy carton, có thiết kế đa dạng để bảo quản mi và keo."
Kỹ thuật makeup 'matte elegance' là gì?,"""Matte elegance"" là kỹ thuật trang điểm tập trung vào vẻ đẹp tinh tế, sang trọng với lớp nền mịn lì hoàn hảo. Các bước chính bao gồm:

1. **Chuẩn bị da:** Dưỡng ẩm kỹ lưỡng để lớp nền bám tốt.
2. **Nền:** Sử dụng kem nền matte, tán đều bằng cọ hoặc mút.
3. **Phấn phủ:** Cố định lớp nền bằng phấn phủ mịn, tập trung ở vùng chữ T.
4. **Mắt:** Chọn màu mắt matte trung tính, tán nhẹ nhàng.
5. **Môi:** Son matte màu nude hoặc hồng đào.

Kỹ thuật này phù hợp với những ai yêu thích vẻ đẹp tự nhiên, thanh lịch.
"
Cách chọn cọ để thoa kem che khuyết điểm?,"Để chọn cọ thoa kem che khuyết điểm, bạn nên ưu tiên các loại cọ nhỏ, đầu bằng và lông mềm mại. Cọ đầu bằng giúp bạn dễ dàng che phủ các vùng nhỏ như quầng thâm mắt, mụn hoặc vết thâm. Lông mềm mại sẽ giúp kem che khuyết điểm hòa quyện vào da, tránh gây kích ứng và cho lớp nền mịn màng, tự nhiên. Chất liệu lông tổng hợp phù hợp với kem che khuyết điểm dạng lỏng, còn lông tự nhiên thích hợp với kem đặc.
"
Làm sao nhận diện lọ xịt khoáng?,"Để nhận diện xịt khoáng, bạn hãy chú ý những điểm sau:

1. **Bao bì:** Thường là chai xịt dạng phun sương, chất liệu nhựa hoặc thủy tinh mờ, thiết kế đơn giản, tối màu để bảo vệ thành phần.
2. **Thành phần:** Thành phần chính là nước khoáng tự nhiên (ví dụ: nước khoáng Avène, Evian), có thể thêm một số khoáng chất khác.
3. **Nhãn mác:** Ghi rõ ""xịt khoáng"", ""thermal spring water"" hoặc tương tự.
4. **Cảm nhận:** Khi xịt, bạn sẽ cảm thấy làn sương mát lạnh, mịn màng trên da.
"
Cách tạo makeup cho buổi đi chơi công viên?,"Chào bạn, để có một lớp makeup phù hợp cho buổi đi chơi công viên, bạn nên ưu tiên sự tự nhiên, nhẹ nhàng và bền lâu.

1.  **Chuẩn bị da:** Dưỡng ẩm kỹ để da không bị khô khi tiếp xúc với nắng.
2.  **Kem nền/BB cream:** Chọn loại có độ che phủ nhẹ, mỏng để da ""thở"" được.
3.  **Chấm phấn:** Tập trung ở vùng chữ T để kiềm dầu.
4.  **Mascara:** Làm dài và cong mi để đôi mắt trông to hơn.
5.  **Son dưỡng/son tint:** Ưu tiên màu sắc tươi tắn, tự nhiên.

Tránh sử dụng quá nhiều lớp makeup để tránh gây bí da và dễ bị trôi khi vận động.
"
Tại sao cần dùng kem lót cho da dầu?,"Kem lót là bước chuẩn bị quan trọng cho da dầu vì nhiều lý do. Da dầu thường có lỗ chân lông to và dễ bóng nhờn, kem lót giúp làm mịn bề mặt da, thu nhỏ lỗ chân lông tạm thời, tạo lớp nền mịn màng cho lớp makeup sau. Quan trọng hơn, kem lót kiểm soát dầu thừa, giúp lớp nền bền vững, không bị trôi hay xuống tông do dầu. Chọn loại kem lót có chứa silicone hoặc các thành phần kiểm soát dầu để đạt hiệu quả tốt nhất.
"
Cọ tán phấn mắt dạng bút chì có đặc điểm gì?,"Cọ tán phấn mắt dạng bút chì là loại cọ nhỏ, đầu cọ dẹt và thường có hình bút chì. Đặc điểm nổi bật là độ chính xác cao, giúp dễ dàng tán phấn vào các vị trí cụ thể trên bầu mắt, đặc biệt là hốc mắt hoặc đường mi dưới. Cọ này lý tưởng để tạo chiều sâu cho mắt và kiểm soát lượng phấn, tránh tình trạng phấn rơi rớt, phù hợp cho cả người mới bắt đầu và chuyên nghiệp.
"
Kỹ thuật makeup 'boho chic' là gì?,"Kỹ thuật makeup ""boho chic"" tập trung vào vẻ đẹp tự nhiên, phóng khoáng và có chút ""dị"". 

**Các bước chính:**

1.  **Da:** Giữ lớp nền mỏng nhẹ, ưu tiên kem dưỡng ẩm và che khuyết điểm ở mức tối thiểu.
2.  **Mắt:** Sử dụng phấn mắt màu đất, nâu đồng hoặc cam gạch, tán đều và không quá sắc sảo. Có thể thêm chút nhũ mắt lấp lánh.
3.  **Má:** Phấn má hồng màu đào hoặc cam san hô, đánh nhẹ nhàng để tạo vẻ ửng hồng tự nhiên.
4.  **Môi:** Son nude, cam đất hoặc hồng đào, đánh lòng môi để tạo hiệu ứng mềm mại.
5.  **Điểm nhấn:** Thêm chút highlighter ở gò má, sống mũi và khóe mắt để bắt sáng.

**Lý do:** Boho chic đề cao sự tự do, thoải mái nên makeup không nên quá cầu kỳ, nặng nề.
"
Làm sao nhận diện hộp phấn highlighter?,"Để nhận diện hộp phấn highlighter, bạn có thể dựa vào những điểm sau:

1. **Màu sắc:** Highlighter thường có màu trắng, ngà, hoặc các tông màu champagne, hồng ngọc, vàng ánh kim.
2. **Kết cấu:** Phấn highlighter thường mịn, có thể dạng bột, kem hoặc lỏng, và có chứa các hạt phấn lấp lánh.
3. **Bao bì:** Hộp phấn thường ghi rõ dòng chữ ""Highlighter"" hoặc có hình ảnh thể hiện hiệu ứng bắt sáng.
4. **Mục đích sử dụng:** Highlighter dùng để tạo điểm nhấn, làm nổi bật các đường nét trên khuôn mặt.
"
Cách chọn son môi cho buổi tiệc Halloween?,"Để chọn son môi cho tiệc Halloween, bạn nên cân nhắc trang phục và concept tổng thể. Nếu hóa trang thành ma cà rồng, hãy chọn son đỏ đậm hoặc burgundy. Với hình ảnh phù thủy, son tím đậm hoặc nâu đất sẽ phù hợp. Nếu muốn nổi bật, son cam đất, đỏ cam hoặc thậm chí đen tuyền là lựa chọn táo bạo. Quan trọng nhất là son phải bền màu để bạn tự tin suốt buổi tiệc!
"
Tại sao cần dùng cọ riêng cho mỗi loại sản phẩm?,"Chào bạn, việc sử dụng cọ riêng cho từng loại sản phẩm trang điểm là rất quan trọng để đảm bảo hiệu quả và vệ sinh.

**Lý do:**

*   **Tránh lẫn màu:** Cọ dùng cho phấn mắt, phấn má hồng nếu dùng chung sẽ làm lẫn màu, ảnh hưởng đến kết quả trang điểm.
*   **Kết cấu sản phẩm:** Mỗi loại sản phẩm có kết cấu khác nhau (dạng bột, kem, lỏng). Cọ được thiết kế riêng để phù hợp với từng kết cấu, giúp tán đều và đẹp hơn.
*   **Vệ sinh:** Sử dụng chung cọ tạo điều kiện cho vi khuẩn lây lan, gây kích ứng da hoặc mụn.

"
Hộp phấn mắt dạng palette lớn có đặc điểm gì?,"Palette phấn mắt lớn thường chứa đa dạng từ 8-40 ô màu với nhiều chất liệu: matte (lì), shimmer (ánh nhũ), glitter (lấp lánh), và đôi khi cả các ô màu có kết cấu đặc biệt như metallic (kim loại) hoặc satin (lụa). Ưu điểm là giúp bạn thỏa sức sáng tạo nhiều kiểu trang điểm khác nhau chỉ với một sản phẩm, tiết kiệm chi phí so với mua lẻ từng ô. Tuy nhiên, cần chọn bảng màu phù hợp với tông da và sở thích cá nhân để tận dụng tối đa.
"
Kỹ thuật makeup 'editorial bold' là gì?,"Kỹ thuật makeup ""editorial bold"" (makeup đậm phong cách tạp chí) tập trung vào sự sáng tạo, phá cách và thường thấy trên các trang bìa tạp chí thời trang. Điểm đặc trưng là sử dụng màu sắc nổi bật, đường nét sắc sảo và đôi khi là các chi tiết trang điểm độc đáo, không giới hạn. 

**Các bước thực hiện:**

1.  **Da hoàn hảo:** Nền mịn, che khuyết điểm kỹ lưỡng.
2.  **Mắt ấn tượng:** Sử dụng phấn mắt màu đậm, vẽ eyeliner sắc nét, có thể thêm đá hoặc nhũ.
3.  **Má đậm:** Tạo khối và highlight rõ ràng.
4.  **Môi nổi bật:** Son màu đậm hoặc ombre.

Mục đích là tạo ra một diện mạo ấn tượng, thể hiện cá tính và câu chuyện riêng.
"
Cách chọn cọ để tán kem nền mỏng nhẹ?,"Để tán kem nền mỏng nhẹ, bạn nên chọn cọ đầu phẳng hoặc cọ đầu vát với sợi cọ mềm, dày đặc. Cọ đầu phẳng giúp thoa kem đều, còn cọ đầu vát phù hợp tán kem ở các vùng khó như quanh mũi. Sợi cọ mềm giúp kem hòa quyện vào da tự nhiên, tránh gây vệt. Chất liệu sợi tổng hợp là lựa chọn tốt vì dễ vệ sinh và không gây kích ứng da.
"
Làm sao nhận diện lọ tẩy trang dạng nước?,"Để nhận diện tẩy trang dạng nước, bạn hãy chú ý đến kết cấu. Sản phẩm thường trong suốt, lỏng nhẹ như nước, dễ dàng thoa đều trên da. Thành phần chính thường chứa các micelle (hạt dầu siêu nhỏ) hoặc dầu khoáng nhẹ, giúp hòa tan và cuốn trôi bụi bẩn, makeup. Bao bì thường là chai nhựa có vòi pump hoặc nắp bật, giúp kiểm soát lượng sản phẩm dễ dàng.
"
Cách tạo makeup cho buổi đi xem phim?,"Để có một lớp makeup nhẹ nhàng, tự nhiên cho buổi đi xem phim, bạn hãy thực hiện các bước sau:

1. **Chuẩn bị da:** Dưỡng ẩm nhẹ nhàng.
2. **Nền:** Dùng kem nền mỏng, hoặc BB cream để che phủ khuyết điểm vừa đủ.
3. **Mắt:** Phấn mắt màu nude hoặc nâu nhạt, chuốt mascara.
4. **Má:** Phấn má hồng đào hoặc cam đất nhẹ nhàng.
5. **Môi:** Son dưỡng hoặc son tint màu tự nhiên.

Lớp makeup này giúp bạn trông tươi tắn mà không quá cầu kỳ, phù hợp với không gian tối của rạp phim.
"
Tại sao cần dùng son dưỡng trước son bóng?,"Chào bạn,

Việc sử dụng son dưỡng trước son bóng là một bước quan trọng để có đôi môi đẹp và khỏe mạnh. Son dưỡng giúp làm mềm môi, cung cấp độ ẩm và tạo một lớp bảo vệ, giúp son bóng bám tốt hơn và không bị lem. Đồng thời, son dưỡng còn giúp son bóng không làm khô môi, đặc biệt là với các loại son bóng có thành phần dễ gây mất nước. Nói tóm lại, son dưỡng là ""nền tảng"" hoàn hảo cho son bóng.
"
Cọ tán phấn phủ dạng lớn có đặc điểm gì?,"Cọ tán phấn phủ dạng lớn có lông mềm, xốp, thường làm từ sợi tổng hợp hoặc lông tự nhiên (như lông dê). Đầu cọ tròn, to, giúp lấy lượng phấn vừa đủ và tán đều trên diện rộng như toàn bộ khuôn mặt. Cọ này thích hợp với phấn phủ dạng bột, giúp lớp nền mịn màng, tự nhiên, không gây vón cục. Kích thước lớn giúp tiết kiệm thời gian trang điểm, đặc biệt với những người mới bắt đầu.
"
Kỹ thuật makeup 'futuristic glow' là gì?,"Kỹ thuật makeup ""futuristic glow"" tập trung vào làn da căng bóng, rạng rỡ như phát sáng, kết hợp các tông màu metallic hoặc pastel. 

**Các bước chính:**

1.  **Dưỡng ẩm:** Cấp ẩm sâu để da mịn màng.
2.  **Highlight:** Sử dụng highlight dạng lỏng hoặc kem ở các vị trí bắt sáng (gò má, sống mũi, trán, cằm) để tạo hiệu ứng glow.
3.  **Màu sắc:** Thêm chút phấn mắt hoặc son môi metallic/pastel.
4.  **Hoàn thiện:** Xịt khóa lớp makeup để giữ độ bóng.

Kỹ thuật này tạo vẻ ngoài hiện đại, độc đáo và ấn tượng.
"
Làm sao nhận diện cây bút kẻ mày dạng gel?,"Để nhận diện bút kẻ mày dạng gel, bạn hãy chú ý các điểm sau:

1. **Kết cấu:** Gel có texture mềm mịn, không quá đặc như sáp, nhưng cũng không lỏng như mực.
2. **Đầu bút:** Thường có đầu chải nhỏ, giúp tạo dáng và làm đều màu. Một số loại có đầu vát để dễ dàng tạo đường kẻ sắc nét.
3. **Thành phần:** Kiểm tra thành phần, sẽ có các chất tạo gel như nước, polymer,...
4. **Hiệu ứng:** Gel kẻ mày thường cho hiệu ứng tự nhiên, mềm mại, không quá cứng nhắc.
"
Cách chọn phấn mắt cho buổi đi bar?,"Để chọn phấn mắt cho buổi đi bar, bạn nên ưu tiên các màu đậm, có ánh nhũ để tạo điểm nhấn dưới ánh đèn. Các lựa chọn tốt bao gồm: đen, xám khói, đồng, hoặc tím. Bạn có thể kết hợp 2-3 màu để tạo chiều sâu cho đôi mắt. Đừng quên dùng phấn lót mắt để màu lên chuẩn và bền hơn. Cuối cùng, hãy blend màu kỹ để tránh bị vón cục và tạo hiệu ứng chuyển màu mượt mà.
"
Lọ kem nền dạng bơm có đặc điểm vật lý nào để nhận diện bằng robot?,"Để robot nhận diện kem nền dạng bơm, có thể dựa vào các đặc điểm vật lý sau:

1. **Hình dạng:** Thường là hình trụ, thuôn dần về đáy.
2. **Vật liệu:** Thường làm từ nhựa (HDPE, PP) hoặc thủy tinh.
3. **Bề mặt:** Nhẵn bóng, có thể in nhãn mác.
4. **Bộ phận bơm:** Có vòi bơm trên cùng, có thể di chuyển lên xuống.
5. **Kích thước:** Chiều cao từ 8-15cm, đường kính 3-5cm (tùy dung tích).
6. **Màu sắc:** Đa dạng, thường trùng với màu sắc thương hiệu.
"
Cách chọn son môi cho buổi họp mặt gia đình?,"Chào bạn, để chọn son môi cho buổi họp mặt gia đình, bạn nên ưu tiên những màu sắc tự nhiên, nhẹ nhàng. 

**Bước 1:** Xác định tông da của bạn (nóng, lạnh, trung tính).
**Bước 2:** Nếu da bạn thuộc tông ấm, hãy chọn son màu hồng đào, cam san hô hoặc nude ấm. Nếu da bạn thuộc tông lạnh, hãy chọn son màu hồng baby, tím hồng hoặc nude lạnh.
**Bước 3:** Chất son nên là son dưỡng, son tint hoặc son kem lì nhẹ để tạo cảm giác thoải mái, tự nhiên.

Mục đích là để bạn trông tươi tắn, lịch sự mà không quá nổi bật.
"
Tại sao cần dùng kem che khuyết điểm trước phấn phủ?,"Chào bạn,

Kem che khuyết điểm (concealer) cần được dùng trước phấn phủ (powder) vì một số lý do quan trọng:

1. **Che phủ tối ưu:** Concealer giúp che đi các khuyết điểm như quầng thâm, mụn, vết thâm, nám một cách hiệu quả hơn.
2. **Giữ lớp nền bền vững:** Khi dùng concealer trước, phấn phủ sẽ ""khóa"" lớp concealer lại, giúp chúng bám dính tốt hơn và không bị lem.
3. **Tránh cakey:** Nếu đánh phấn phủ trước, concealer sẽ khó tán đều và dễ bị vón cục, gây ra hiện tượng ""cakey"" (lớp trang điểm dày, không tự nhiên).
"
Cọ tán phấn mắt dạng dome có đặc điểm gì?,"Cọ tán phấn mắt dạng dome (hình vòm) có lông cọ tròn, đầu cọ bo tròn như mái vòm. Đặc điểm này giúp cọ dễ dàng thao tác để tán phấn đều trên bầu mắt, đặc biệt phù hợp với kỹ thuật tán màu chuyển tiếp. Cọ dome có thể dùng để đánh phấn mắt toàn bộ bầu mắt, làm nổi bật hốc mắt hoặc blend màu một cách tự nhiên. Lông cọ mềm mại giúp tránh gây kích ứng da mắt.
"
Làm sao nhận diện hộp phấn má hồng qua hình ảnh 2D?,"Để nhận diện hộp phấn má hồng qua hình ảnh 2D, bạn có thể dựa vào các đặc điểm sau:

1. **Hình dạng:** Hộp thường hình tròn, vuông hoặc chữ nhật, kích thước nhỏ gọn vừa vặn trong lòng bàn tay.
2. **Màu sắc:** Vỏ hộp đa dạng, thường trùng với màu phấn bên trong (hồng, cam, đào...) hoặc màu trung tính (trắng, đen).
3. **Chi tiết:** Quan sát logo thương hiệu, tên sản phẩm, và có thể có hình ảnh minh họa màu phấn.
4. **Kết cấu:** Hình ảnh có thể cho thấy bề mặt hộp phấn mịn, có thể có họa tiết trang trí.
"
Cách tạo makeup cho buổi tiệc tối ngoài trời?,"Để có lớp trang điểm hoàn hảo cho buổi tiệc tối ngoài trời, bạn nên tập trung vào sự bền vững và nổi bật dưới ánh đèn.

1.  **Chuẩn bị da:** Dưỡng ẩm kỹ lưỡng để lớp nền mịn màng.
2.  **Nền:** Chọn foundation lì, lâu trôi và có chỉ số SPF.
3.  **Mắt:** Sử dụng phấn mắt tông màu ấm như đồng, nâu hoặc tím, kết hợp eyeliner và mascara chống thấm nước.
4.  **Má & Môi:** Tô má hồng nhẹ nhàng và chọn son môi màu đậm, bền màu.
5.  **Khóa lớp trang điểm:** Dùng xịt khóa để giữ lớp trang điểm lâu trôi."
Son lì dạng chì có đặc điểm vật lý nào?,"Son lì dạng chì thường có kết cấu đặc, mịn và không bóng. Thành phần chính bao gồm sáp, dầu và bột màu, giúp tạo độ bám cao và khả năng lên màu tốt. Điểm đặc trưng là son có độ che phủ hoàn toàn, làm mờ vân môi và mang lại đôi môi mịn màng, không bị bóng nhẫy. Thiết kế dạng chì giúp dễ dàng tạo hình và viền môi chính xác.
"
Kỹ thuật makeup 'no-makeup makeup' là gì?,"""No-makeup makeup"" là kỹ thuật trang điểm tạo hiệu ứng làn da tự nhiên, khỏe mạnh như không hề trang điểm. Các bước chính bao gồm: dưỡng ẩm kỹ lưỡng, che khuyết điểm nhẹ nhàng chỉ ở vùng cần thiết, dùng kem nền mỏng hoặc BB cream, phấn má hồng màu nude, mascara nhẹ nhàng và son dưỡng môi. Mục đích là làm nổi bật vẻ đẹp tự nhiên, không che phủ hoàn toàn mà chỉ cải thiện tông da và làm đều màu da.
"
Tại sao cần dùng xịt khoáng trước khi thoa kem lót?,"Chào bạn,

Xịt khoáng trước kem lót là một bước chuẩn bị quan trọng giúp da cân bằng độ ẩm, làm dịu da và se khít lỗ chân lông. Điều này tạo một lớp nền mịn màng, giúp kem lót bám tốt hơn, tránh tình trạng cakey (mốc da) và tăng độ bền cho lớp trang điểm. Đặc biệt, với những làn da khô hoặc nhạy cảm, xịt khoáng còn giúp giảm thiểu kích ứng do kem lót gây ra.
"
Lọ nước tẩy trang dạng gel có đặc điểm gì?,"Chào bạn, với vai trò là chuyên gia trang điểm, tôi sẽ giải thích về đặc điểm của nước tẩy trang dạng gel nhé.

Nước tẩy trang gel thường có kết cấu đặc hơn các loại khác, giúp làm sạch sâu bụi bẩn, dầu thừa và cả lớp trang điểm cứng đầu. Ưu điểm của gel là dịu nhẹ, ít gây kích ứng, phù hợp với da nhạy cảm hoặc da dầu mụn. Khi dùng, bạn massage nhẹ nhàng rồi rửa lại với nước sạch. Gel tẩy trang thường mang lại cảm giác ẩm mịn sau khi sử dụng.
"
Cách chọn cọ để kẻ eyeliner chính xác?,"Để kẻ eyeliner chính xác, bạn nên chọn cọ có những đặc điểm sau:

1. **Đầu cọ mảnh và dẹt:** Giúp tạo đường kẻ sắc sảo, dễ kiểm soát.
2. **Lông cọ ngắn, dày và đàn hồi:** Đảm bảo mực lên đều, không bị lem và dễ dàng tạo các kiểu dáng khác nhau.
3. **Chất liệu lông:** Lông tổng hợp phù hợp với eyeliner nước, còn lông tự nhiên (chồn hoặc sóc) thích hợp với eyeliner gel hoặc bột.

Hãy thử cọ trên tay để cảm nhận độ êm ái và sự vừa vặn trước khi quyết định mua nhé!
"
Làm sao nhận diện cây chì kẻ môi qua hình ảnh?,"Để nhận diện cây chì kẻ môi qua hình ảnh, bạn hãy chú ý các điểm sau:

1. **Hình dáng:** Thường có hình trụ tròn hoặc lục giác, một đầu chì và một đầu có thể là tẩy hoặc không.
2. **Kích thước:** Nhỏ gọn, vừa vặn trong tay, thường ngắn hơn son môi.
3. **Màu sắc:** Vỏ chì có thể trùng màu với lõi chì hoặc khác biệt.
4. **Chất liệu:** Vỏ thường làm bằng gỗ hoặc nhựa.
5. **Mục đích sử dụng:** Quan sát xem hình ảnh có kèm theo việc kẻ viền môi hay tô màu môi không.
"
Kỹ thuật makeup 'glitter cut-crease' là gì?,"Kỹ thuật ""glitter cut-crease"" là một xu hướng trang điểm mắt nổi bật, kết hợp giữa kỹ thuật cut-crease cổ điển và sự lấp lánh của nhũ.

**Các bước thực hiện:**

1.  **Tạo hình cut-crease:** Dùng phấn mắt tối màu tạo đường hốc mắt, sau đó dùng phấn sáng hơn để làm nổi bật vùng giữa mí mắt.
2.  **Thêm nhũ:** Đắp nhũ lên phần mí mắt đã được tạo hình cut-crease, tập trung vào giữa mắt để tạo điểm nhấn.
3.  **Hoàn thiện:** Kẻ eyeliner và mascara để hoàn thiện đôi mắt lấp lánh.

Kỹ thuật này giúp đôi mắt trông sâu hơn, sắc sảo hơn và thu hút mọi ánh nhìn.
"
Cách chọn son môi cho buổi đi chơi đêm?,"Để chọn son môi cho buổi đi chơi đêm, bạn nên ưu tiên các màu đậm và nổi bật như đỏ, hồng berry, hoặc cam đất. Những màu này sẽ giúp bạn trông thu hút hơn trong ánh đèn.

**Các bước lựa chọn:**

1.  **Xác định tông da:** Da sáng hợp đỏ tươi, hồng san hô; da trung bình hợp hồng berry, cam đất; da ngăm hợp đỏ đậm, nâu đất.
2.  **Chọn chất son:** Son kem lì hoặc son velvet giữ màu tốt, ít lem khi ăn uống.
3.  **Thử son:** Luôn thử son trước khi mua để đảm bảo màu sắc phù hợp với bạn.
"
Tại sao cần làm sạch da bằng dầu tẩy trang trước makeup?,"Chào bạn,

Dầu tẩy trang là bước quan trọng trước makeup vì nó giúp loại bỏ hiệu quả các sản phẩm chống nắng, bụi bẩn, bã nhờn và lớp makeup còn sót lại trên da - những thứ nước tẩy trang thông thường khó có thể làm sạch hoàn toàn. Việc này giúp lớp nền sau này bám tốt hơn, tránh tình trạng bít tắc lỗ chân lông, gây mụn và giúp da ""thở"" được, từ đó tăng độ bền và vẻ đẹp của lớp trang điểm.
"
Hộp phấn mắt dạng đơn sắc có đặc điểm vật lý nào?,"Phấn mắt đơn sắc thường có kết cấu mịn, dạng bột nén chặt. Màu sắc đồng nhất, không lấp lánh (trừ khi là dòng có nhũ). Kích thước hộp nhỏ gọn, thường hình tròn hoặc vuông, dễ dàng mang theo. Thành phần chính là bột khoáng, bột talc, màu khoáng và chất kết dính. Bề mặt phấn thường có độ bám tốt, dễ tán đều lên da và ít bị vón cục khi sử dụng.
"
Cách tạo makeup cho buổi chụp ảnh cưới?,"Để có lớp trang điểm cưới hoàn hảo cho buổi chụp ảnh, bạn cần chú trọng sự bền màu và tự nhiên.

1. **Chuẩn bị da:** Dưỡng ẩm kỹ lưỡng để da căng mịn.
2. **Đánh lớp nền:** Chọn nền lì, độ che phủ tốt, bền màu, tán đều.
3. **Tạo khối:** Nhấn nhá nhẹ nhàng để khuôn mặt có chiều sâu.
4. **Trang điểm mắt:** Ưu tiên tông màu ấm, nhẹ nhàng, sử dụng mascara chống thấm nước.
5. **Son môi:** Chọn màu son tự nhiên, bền màu, thoa son dưỡng trước khi đánh son.
6. **Cố định lớp trang điểm:** Dùng xịt khóa trang điểm để giữ lớp makeup lâu trôi.
"
Cọ tán kem nền dạng dẹt có đặc điểm gì?,"Cọ tán kem nền dạng dẹt có lông dẹt, dày và thường được làm từ sợi tổng hợp hoặc lông tự nhiên. Đặc điểm nổi bật là khả năng che phủ tốt, tạo lớp nền mịn lì, đồng đều và hạn chế tối đa lượng kem nền bị hao hụt. Cọ phù hợp với kem nền lỏng hoặc kem nền dạng kem, giúp bạn dễ dàng kiểm soát lượng sản phẩm và tán đều trên da, đặc biệt là những vùng khó như cánh mũi và khóe mắt.
"
Kỹ thuật makeup 'ombré lips' là gì?,"Kỹ thuật ombré lips là tạo hiệu ứng chuyển màu từ đậm ở viền môi sang nhạt dần vào trung tâm, tạo chiều sâu và đôi môi trông đầy đặn hơn. 

**Cách thực hiện:**

1.  **Tô son đậm** ở viền môi.
2.  **Tô son nhạt hơn** hoặc dùng cọ tán đều vào trung tâm môi.
3.  **Tán nhẹ nhàng** để hai màu hòa quyện tự nhiên.

Kỹ thuật này phù hợp với nhiều hình dáng môi và giúp che đi khuyết điểm môi không đều màu.
"
Làm sao nhận diện chai xịt cố định makeup?,"Để nhận diện chai xịt cố định makeup, bạn hãy chú ý các điểm sau:

1. **Thành phần:** Tìm các thành phần như nước, glycerin, alcohol (nồng độ thấp), và các chiết xuất dưỡng ẩm. Tránh các sản phẩm chứa cồn quá nhiều gây khô da.
2. **Kết cấu:** Xịt cố định makeup thường có kết cấu dạng sương nhẹ, bay hơi nhanh.
3. **Nhãn mác:** Sản phẩm sẽ ghi rõ ""makeup setting spray"", ""xịt khóa nền"" hoặc tương tự.
4. **Công dụng:** Nhãn mác cũng sẽ đề cập đến khả năng giúp lớp trang điểm bền lâu, kiểm soát dầu và làm mịn da.
"
Cách chọn phấn mắt cho buổi tiệc công ty?,"Để chọn phấn mắt cho buổi tiệc công ty, bạn nên ưu tiên sự tinh tế và chuyên nghiệp.

1. **Màu sắc:** Chọn các gam màu trung tính như nâu, be, đồng, hoặc xám tro. Nếu muốn nổi bật hơn, có thể thêm chút ánh nhũ vàng hoặc đồng.
2. **Kết cấu:** Phấn mắt lì hoặc satin sẽ phù hợp hơn so với phấn nhũ quá nhiều.
3. **Tone da:**
    *   Da sáng: Hầu hết các màu đều hợp.
    *   Da trung bình: Nâu đồng, vàng đồng.
    *   Da tối: Nâu sẫm, đồng, hoặc tím plum.

"
Tại sao cần dùng kem dưỡng ẩm trước khi thoa BB cream?,"Chào bạn,

Việc dùng kem dưỡng ẩm trước BB cream là bước cực kỳ quan trọng. Da cần được cung cấp đủ ẩm để BB cream bám tốt hơn, tránh tình trạng cakey (mốc) hoặc bị vón cục. Kem dưỡng ẩm tạo một lớp nền mịn màng, giúp BB cream tán đều và lên màu chuẩn hơn. Hơn nữa, BB cream thường có chứa các thành phần trang điểm, nếu thoa trực tiếp lên da khô có thể gây bí tắc lỗ chân lông.
"
Cọ tán highlighter dạng nhỏ có đặc điểm gì?,"Cọ tán highlighter nhỏ thường có các sợi lông mềm, tơi và đầu cọ vát tròn hoặc hình quạt. Kích thước nhỏ giúp tập trung ánh sáng vào những điểm cao trên khuôn mặt như gò má, sống mũi, nhân trung, khóe mắt. Lông mềm giúp highlighter bám đều, không bị vón cục và cho hiệu ứng glow tự nhiên, tinh tế. Cọ vát tròn phù hợp tán highlighter dạng kem, còn cọ hình quạt lý tưởng với highlighter dạng bột.
"
Làm sao nhận diện lọ kem chống nắng dạng gel?,"Để nhận diện kem chống nắng dạng gel, bạn hãy chú ý đến kết cấu sản phẩm. Kem chống nắng gel thường có **kết cấu mỏng nhẹ, trong suốt hoặc hơi đục**, không đặc như kem thông thường. Khi thoa lên da sẽ có cảm giác **mát lạnh, dễ dàng thẩm thấu** và không để lại vệt trắng. Thành phần thường chứa nhiều nước và các chất tạo gel, phù hợp với da dầu, hỗn hợp thiên dầu hoặc da nhạy cảm. Hãy đọc kỹ thông tin trên bao bì, thường sẽ có ghi rõ ""gel"" hoặc ""dạng gel"".
"
Cách tạo makeup cho buổi đi học?,"Chào bạn, để có một lớp makeup nhẹ nhàng, tự nhiên cho buổi đi học, bạn có thể làm theo các bước sau:

1. **Chuẩn bị da:** Dưỡng ẩm nhẹ nhàng để da không bị khô.
2. **Che khuyết điểm:** Dùng che khuyết điểm cho vùng mắt thâm và mụn (nếu có).
3. **Phấn nền:** Chọn phấn nền mỏng, nhẹ, tán đều để có lớp nền tự nhiên.
4. **Má hồng:** Thoa nhẹ má hồng màu đào hoặc hồng baby để khuôn mặt tươi tắn.
5. **Mascara:** Chuốt mascara để mắt trông to hơn.
6. **Son:** Chọn son tint hoặc son dưỡng có màu nhẹ nhàng.

Lưu ý: Ưu tiên sự đơn giản, tự nhiên để trông tươi tắn mà không quá cầu kỳ.
"
Tại sao cần dùng cọ sạch để thoa má hồng?,"Chào bạn,

Việc sử dụng cọ sạch để thoa má hồng rất quan trọng vì nhiều lý do. Cọ bẩn chứa vi khuẩn, bụi bẩn và cặn mỹ phẩm cũ có thể gây kích ứng da, bít tắc lỗ chân lông, dẫn đến mụn. Hơn nữa, cọ bẩn sẽ làm màu má hồng không đều màu, khó tán và làm giảm chất lượng sản phẩm. Cọ sạch giúp đảm bảo lớp má hồng mịn màng, tự nhiên và an toàn cho làn da của bạn.
"
Hộp phấn phủ dạng bột rời có đặc điểm gì?,"Phấn phủ dạng bột rời có đặc điểm là kết cấu siêu mịn, khả năng kiểm soát dầu tốt và tạo lớp finish (hoàn thiện) tự nhiên, không gây bí da. Phấn thường được dùng sau lớp nền để khóa lớp trang điểm, giúp bền màu hơn. Loại phấn này phù hợp với mọi loại da, đặc biệt là da dầu và hỗn hợp dầu. Tuy nhiên, cần dùng cọ để lấy phấn và đánh nhẹ nhàng để tránh gây cakey (mốc da).
"
Cách chọn son môi cho buổi đi biển?,"Để chọn son môi cho buổi đi biển, bạn nên ưu tiên các màu sắc tươi sáng, rực rỡ như cam san hô, hồng đào, hoặc đỏ tươi. Những màu này sẽ giúp bạn trông nổi bật và tràn đầy năng lượng dưới ánh nắng mặt trời.

Quan trọng nhất, hãy chọn son có chứa SPF để bảo vệ đôi môi khỏi tác hại của tia UV. Chất son nên dưỡng ẩm tốt để tránh môi bị khô nứt do gió biển và nắng nóng. Son tint hoặc son kem lì có độ bám tốt là lựa chọn lý tưởng.
"
Làm sao nhận diện cây bút chì kẻ mắt?,"Để nhận diện bút chì kẻ mắt, bạn cần chú ý các yếu tố sau:

1. **Hình dáng:** Thường có hình trụ tròn hoặc lục giác, nhỏ gọn, dễ cầm nắm.
2. **Đầu bút:** Có thể là đầu tròn, đầu vát hoặc đầu dẹt, tùy loại. Đầu vát giúp tạo đường kẻ sắc nét hơn.
3. **Màu sắc:** Đa dạng, phổ biến nhất là đen, nâu, xám, nhưng có nhiều màu khác để trang điểm sáng tạo.
4. **Kết cấu:** Có loại mềm, dễ tán màu (thích hợp cho mắt mới bắt đầu) và loại cứng, lâu trôi (cho trang điểm chuyên nghiệp).
"
Cách tạo makeup cho buổi ăn tối lãng mạn?,"Để có lớp trang điểm cho buổi tối lãng mạn, hãy bắt đầu với lớp nền nhẹ nhàng, che khuyết điểm vừa đủ. Tiếp theo, nhấn nhá mắt với phấn mắt tông màu ấm như nâu, đồng, và hàng mi cong vút với mascara. Đừng quên chút má hồng đào để khuôn mặt ửng hồng tự nhiên. Son môi đỏ rượu hoặc hồng đất sẽ là điểm nhấn hoàn hảo, thể hiện sự quyến rũ và tinh tế. Quan trọng nhất, hãy giữ cho lớp trang điểm hài hòa và không quá cầu kỳ.
"
Tại sao cần dùng primer mắt trước phấn mắt nhũ?,"Chào bạn,

Primer mắt là bước chuẩn bị rất quan trọng trước khi đánh phấn mắt nhũ. Lý do là vì phấn mắt nhũ thường có kết cấu lỏng, dễ bị vón cục, lem hoặc khó lên màu chuẩn. Primer mắt sẽ tạo một lớp nền mịn màng, giúp phấn mắt bám dính tốt hơn, lên màu rực rỡ hơn và giữ được lâu hơn. Đồng thời, primer còn giúp khóa dầu trên mí mắt, ngăn ngừa tình trạng phấn bị trôi do mồ hôi hay dầu nhờn.
"
Cọ tán phấn tạo khối dạng chéo có đặc điểm gì?,"Cọ tán phấn tạo khối dạng chéo có thiết kế đầu cọ vát xéo, giúp dễ dàng xác định và tạo đường nét cho khuôn mặt. Hình dáng này phù hợp để tạo khối dưới gò má, hai bên sống mũi, hoặc đường viền hàm. Lông cọ thường mềm mại, giúp tán phấn mịn màng, không gây vón cục, cho hiệu ứng tự nhiên. Góc vát của cọ cũng hỗ trợ kiểm soát lượng phấn lấy ra, tránh tạo khối quá đậm.
"
Kỹ thuật makeup 'vintage rose' là gì?,"Kỹ thuật makeup ""vintage rose"" lấy cảm hứng từ vẻ đẹp cổ điển những năm 1940-1950, tập trung vào sự nữ tính, thanh lịch. Các bước chính bao gồm:

1.  **Da:** Nền mịn lì, che phủ hoàn hảo.
2.  **Mắt:** Phấn mắt màu hồng đào, nâu nhạt tán đều, eyeliner mảnh kéo dài.
3.  **Má:** Hồng đào đánh cao trên gò má, tạo hiệu ứng ửng hồng tự nhiên.
4.  **Môi:** Son đỏ hồng hoặc hồng đất, đánh lòng môi để tạo vẻ mềm mại.

Điểm nhấn là đôi môi và má hồng, mang đến vẻ đẹp dịu dàng, cổ điển.
"
Làm sao nhận diện lọ tẩy trang dạng micellar?,"Để nhận diện tẩy trang dạng micellar, bạn hãy chú ý những điểm sau:

1. **Kết cấu:** Thường là dạng nước trong suốt, lỏng nhẹ như nước.
2. **Thành phần:** Chứa các ""micelle"" - những phân tử dầu siêu nhỏ giúp hòa tan bụi bẩn, dầu thừa. Bạn có thể thấy các thành phần như Hexanediol, Poloxamer.
3. **Bao bì:** Thường được đóng trong chai nhựa có vòi pump hoặc nắp bật tiện lợi.
4. **Công dụng:** Nhấn mạnh khả năng làm sạch dịu nhẹ, không cần rửa lại với nước (tùy loại).
"
Tại sao cần dùng giấy thấm dầu trước khi dặm phấn phủ?,"Chào bạn,

Việc dùng giấy thấm dầu trước khi dặm phấn phủ là một bước quan trọng để có lớp trang điểm hoàn hảo. Lý do là vì:

1. **Loại bỏ dầu thừa:** Giấy thấm dầu giúp hút bớt lượng dầu trên da, tránh tình trạng phấn phủ bị vón cục hoặc lem khi dặm lên.
2. **Tăng độ bám dính:** Khi da khô thoáng, phấn phủ sẽ bám dính tốt hơn, giúp lớp trang điểm bền vững hơn.
3. **Tránh gây bí da:** Dặm phấn trực tiếp lên da dầu có thể gây bí tắc lỗ chân lông.

Vậy nên, hãy thấm dầu nhẹ nhàng trước khi dặm phấn phủ để có một làn da mịn màng, tự nhiên nhé!
"
Cọ tán kem che khuyết điểm có đặc điểm gì?,"Cọ tán kem che khuyết điểm thường có các đặc điểm sau:

*   **Hình dáng:** Đầu cọ nhỏ, dẹt hoặc hình mũi tên, giúp dễ dàng che phủ các vùng nhỏ như quầng thâm mắt, mụn hoặc vết thâm.
*   **Lông cọ:** Lông cọ mềm mại, thường là sợi tổng hợp hoặc lông tự nhiên, để đảm bảo kem che khuyết điểm được tán đều và không gây kích ứng da.
*   **Mật độ lông:** Mật độ lông vừa phải, không quá dày để tránh làm dày lớp kem, nhưng cũng không quá thưa để đảm bảo độ che phủ tốt."
Kỹ thuật makeup 'runway glow' là gì?,"""Runway glow"" là kỹ thuật trang điểm tạo hiệu ứng da căng bóng, khỏe mạnh như người mẫu trên sàn diễn. Bước 1: Dưỡng ẩm kỹ lưỡng. Bước 2: Sử dụng kem lót có thành phần dưỡng ẩm, bắt sáng. Bước 3: Thoa kem nền mỏng, tập trung vào trung tâm khuôn mặt. Bước 4: Highlight ở gò má, sống mũi, trán, cằm. Bước 5: Đánh phấn má hồng nhẹ nhàng. Kỹ thuật này nhấn mạnh vào làn da khỏe khoắn, tự nhiên thay vì che phủ hoàn toàn.
"
Làm sao nhận diện hộp mi giả đôi?,"Để nhận diện hộp mi giả đôi, bạn cần quan sát kỹ phần thân mi. Mi giả đôi có hai hàng mi được gắn liền nhau trên một sợi dây, tạo cảm giác dày và bồng bềnh hơn so với mi giả đơn. Hộp sản phẩm thường ghi rõ ""Double Layer"" hoặc hình ảnh minh họa hai hàng mi. Khi mở hộp, bạn sẽ thấy rõ sự khác biệt về độ dày và cấu trúc của mi.
"
Cách chọn son môi cho buổi biểu diễn múa?,"Để chọn son môi cho buổi biểu diễn múa, bạn cần ưu tiên sự bền màu và khả năng lên hình đẹp.

1.  **Chọn chất son lì:** Son lì giữ màu tốt, ít lem khi vận động mạnh.
2.  **Màu son trầm ấm:** Các màu như đỏ đất, cam đất, hồng đất sẽ lên hình tự nhiên, không bị quá lòe loẹt.
3.  **Tránh son bóng:** Son bóng dễ bị trôi và tạo hiệu ứng ánh sáng không mong muốn trên sân khấu.
4.  **Test màu dưới ánh sáng sân khấu:** Nếu có thể, hãy thử son dưới ánh đèn sân khấu để đảm bảo màu sắc chính xác.
"
Tại sao cần làm sạch cọ makeup bằng xà phòng dịu nhẹ?,"Chào bạn, việc làm sạch cọ makeup bằng xà phòng dịu nhẹ là bước quan trọng để đảm bảo vệ sinh và chất lượng trang điểm. Cọ bẩn chứa vi khuẩn, dầu thừa, tế bào chết có thể gây mụn, kích ứng da. Xà phòng dịu nhẹ giúp loại bỏ các tạp chất này mà không làm hỏng sợi cọ. Việc vệ sinh cọ thường xuyên giúp cọ bền hơn, lên màu chuẩn và bảo vệ làn da của bạn.
"
Hộp phấn mắt dạng cream có đặc điểm gì?,"Phấn mắt dạng kem (cream eyeshadow) có kết cấu mềm mịn, dễ tán và bám da tốt hơn phấn mắt bột. Ưu điểm lớn nhất là khả năng lên màu chuẩn, giữ màu lâu và ít bị vón cục, đặc biệt phù hợp với da mắt có nhiều nếp nhăn. Tuy nhiên, phấn kem có thể dễ bị lem nếu không dùng primer hoặc set với phấn bột. Chất kem còn giúp đôi mắt trông căng mọng, trẻ trung hơn.
"
Cách chọn cọ để tán phấn mắt khói?,"Để tán phấn mắt khói hoàn hảo, bạn cần ít nhất 3 loại cọ:

1. **Cọ đầu dẹt:** Dùng để đánh phấn mắt lên bầu mắt, tạo lớp nền.
2. **Cọ blending (tán):** Đầu mềm, tròn, dùng để làm mờ đường viền phấn, tạo hiệu ứng chuyển màu mềm mại. Đây là cọ quan trọng nhất!
3. **Cọ nhỏ đầu vát:** Dùng để đánh phấn vào hốc mắt, nhấn nhá đường eyeliner dưới.

Chọn cọ lông tự nhiên hoặc tổng hợp chất lượng tốt để đảm bảo độ bám phấn và tán đều.
"
Làm sao nhận diện chai xịt dưỡng ẩm da?,"Để nhận diện chai xịt dưỡng ẩm da, bạn hãy chú ý các yếu tố sau:

1. **Thành phần:** Tìm các thành phần cấp ẩm như Hyaluronic Acid, Glycerin, Ceramides, Aloe Vera.
2. **Nhãn mác:** Chữ ""Hydrating"", ""Moisturizing"", ""Toner"" (nếu có thêm dưỡng ẩm) thường xuất hiện.
3. **Kết cấu:** Dạng lỏng, trong suốt, không gây nhờn dính.
4. **Mục đích sử dụng:** Mô tả trên bao bì ghi rõ ""cấp ẩm"", ""dưỡng ẩm"", ""làm dịu da"".
"
Cách tạo makeup cho buổi đi công viên?,"Chào bạn, để có một lớp makeup nhẹ nhàng, tươi tắn cho buổi đi công viên, bạn hãy làm theo các bước sau nhé:

1.  **Dưỡng ẩm:** Bước này rất quan trọng để da không bị khô khi tiếp xúc với nắng.
2.  **Kem chống nắng:** Bảo vệ da khỏi tác hại của tia UV.
3.  **BB cream/Kem nền nhẹ:** Che phủ khuyết điểm vừa đủ, không cần quá dày.
4.  **Má hồng tone cam đào:** Tạo vẻ tươi tắn, khỏe khoắn.
5.  **Son dưỡng/Son tint nhẹ màu:** Giữ môi ẩm và có chút sắc màu.

Tránh sử dụng quá nhiều phấn để lớp makeup tự nhiên nhất bạn nhé!
"
Tại sao cần dùng son dưỡng trước khi thoa son lì?,"Chào bạn,

Son lì thường có xu hướng làm khô môi vì thành phần chứa nhiều sắc tố và ít dưỡng chất. Việc sử dụng son dưỡng trước khi thoa son lì là bước chuẩn bị quan trọng để:

1. **Tạo độ ẩm:** Son dưỡng giúp môi mềm mại, tránh tình trạng bong tróc khi son lì ""khóa"" độ ẩm.
2. **Làm mịn bề mặt:** Son dưỡng lấp đầy các rãnh môi, giúp son lì lên màu đều và mượt mà hơn.
3. **Bảo vệ môi:** Son dưỡng tạo lớp màng bảo vệ, giảm tác động khô của son lì lên môi.

"
Cọ tán phấn phủ lớn có đặc điểm gì?,"Cọ tán phấn phủ lớn có kích thước đầu cọ rộng, lông cọ mềm mại và thường có hình dáng tròn hoặc hơi dẹt. Đặc điểm này giúp bạn dễ dàng lấy một lượng phấn vừa đủ và tán đều trên diện rộng của khuôn mặt, như trán, má và cằm. Cọ lớn phù hợp để tạo lớp phủ mỏng nhẹ, giúp cố định lớp nền và kiểm soát dầu thừa, mang lại vẻ tự nhiên, không gây nặng mặt.
"
Cách chọn phấn mắt cho buổi đi club?,"Để chọn phấn mắt cho buổi đi club, bạn nên ưu tiên các màu đậm, có ánh nhũ để đôi mắt nổi bật dưới ánh đèn. Các lựa chọn tốt bao gồm: đen, xám khói, đồng, vàng gold, hoặc tím. 

**Các bước thực hiện:**

1.  **Tạo lớp nền:** Sử dụng phấn mắt màu nude để làm đều màu da mi mắt.
2.  **Màu chính:** Chọn một màu đậm và tán đều lên toàn bộ bầu mắt.
3.  **Highlight:** Dùng phấn nhũ sáng ở khóe mắt và dưới chân mày để tạo điểm nhấn.
4.  **Blending:** Tán đều các màu để chuyển màu mượt mà, tránh đường nét bị gắt.
"
Tại sao cần dùng cọ riêng cho phấn mắt?,"Chào bạn,

Việc sử dụng cọ riêng cho phấn mắt là rất quan trọng để đảm bảo hiệu quả trang điểm và vệ sinh. Cọ phấn mắt chuyên dụng giúp bạn dễ dàng tán đều phấn, tạo chiều sâu và kiểm soát lượng phấn lấy ra. 

Hơn nữa, dùng chung cọ với các sản phẩm khác có thể gây nhiễm khuẩn, kích ứng da mắt nhạy cảm và làm lẫn màu phấn, ảnh hưởng đến kết quả trang điểm. Vì vậy, hãy đầu tư một bộ cọ phấn mắt đa dạng để có đôi mắt đẹp nhất nhé!
"
Hộp phấn highlighter dạng bột có đặc điểm gì?,"Phấn highlighter dạng bột có đặc điểm là khả năng bắt sáng tốt, tạo hiệu ứng glow rạng rỡ trên da. Ưu điểm của phấn bột là dễ dàng build-up (tăng độ dày lớp phấn) để điều chỉnh độ nổi bật, phù hợp với nhiều tông da. Tuy nhiên, phấn bột có thể dễ bay phấn và cần dùng cọ chuyên dụng để tán đều, tránh vón cục. Chất phấn thường mềm mịn, dễ blend nhưng cần lưu ý set với xịt khóa trang điểm để giữ bền màu.
"
Làm sao nhận diện lọ kem dưỡng da ban đêm?,"Để nhận diện kem dưỡng da ban đêm, bạn hãy chú ý những điểm sau:

1. **Kết cấu:** Kem ban đêm thường đặc, ẩm mịn hơn kem ngày, giúp phục hồi da suốt đêm.
2. **Thành phần:** Tìm các thành phần như retinol, peptide, hyaluronic acid, ceramide - hỗ trợ tái tạo và cấp ẩm sâu.
3. **Bao bì:** Thường có màu tối (xanh đậm, đen, tím) hoặc ghi chú rõ ""Night Cream"" để phân biệt.
4. **Công dụng:** Tập trung vào phục hồi, tái tạo, chống lão hóa thay vì bảo vệ da khỏi tác nhân môi trường như kem ngày.
"
Tại sao cần dùng lip scrub trước khi thoa son bóng?,"Chào bạn,

Lip scrub rất cần thiết trước khi thoa son bóng vì môi chúng ta thường có những tế bào chết, đặc biệt là khi thời tiết khô hanh. Việc tẩy tế bào chết bằng lip scrub giúp:

1.  **Loại bỏ da chết:** Môi mềm mịn hơn, không còn tình trạng bong tróc khó chịu.
2.  **Tăng cường lưu thông máu:** Giúp môi hồng hào tự nhiên.
3.  **Son lên màu chuẩn hơn:** Bề mặt môi láng mịn, son bóng bám tốt và lên màu đẹp hơn, không bị vón cục.

Hãy dùng lip scrub 1-2 lần/tuần để có đôi môi hoàn hảo nhé!
"
Cọ tán má hồng dạng tròn có đặc điểm gì?,"Cọ tán má hồng dạng tròn là loại cọ phổ biến với đầu cọ hình tròn, lông mềm mại và thường có kích thước vừa phải. Đặc điểm này giúp dễ dàng lấy và tán đều lượng sản phẩm, tạo hiệu ứng má hồng tự nhiên, mềm mại và hòa quyện với da. Cọ tròn phù hợp với nhiều loại má hồng như phấn, kem, hoặc thậm chí cả highlighter, mang lại đôi má ửng hồng khỏe khoắn.
"
Làm sao nhận diện chai toner dưỡng da?,"Để nhận diện một chai toner dưỡng da, bạn hãy chú ý các điểm sau:

1. **Kết cấu:** Toner thường có kết cấu lỏng, nhẹ hơn serum và kem dưỡng. Một số loại có thể hơi sánh, nhưng vẫn dễ dàng thẩm thấu.
2. **Bao bì:** Thường được đựng trong chai nhựa hoặc thủy tinh có nắp đậy kín, có thể có vòi xịt hoặc đổ.
3. **Thành phần:** Tìm các thành phần cấp ẩm (hyaluronic acid, glycerin), làm dịu (chiết xuất trà xanh, lô hội) hoặc cân bằng pH (acid amin).
4. **Nhãn mác:** Đọc kỹ thông tin sản phẩm, tìm từ khóa ""toner"", ""lotion"" hoặc ""water"".
"
Cách chọn son môi cho da khô vào mùa thu?,"Chào bạn! Với da khô vào mùa thu, bạn nên ưu tiên son có thành phần dưỡng ẩm cao như bơ hạt mỡ, dầu jojoba, vitamin E. Chất son lì hoàn toàn có thể làm khô môi hơn, hãy chọn son kem, son tint bóng hoặc son dưỡng có màu. Màu son trầm ấm như cam đất, nâu tây, đỏ gạch sẽ rất hợp với mùa thu và tôn da. Đừng quên tẩy tế bào chết môi và dùng son dưỡng trước khi đánh son màu nhé!
"
Tại sao cần dùng kem lót cho da khô?,"Kem lót là bước chuẩn bị quan trọng cho da khô vì nhiều lý do. Da khô thường thiếu ẩm, dễ bong tróc và làm lớp nền bị mốc, lộ vân tế bào da. Kem lót giúp cung cấp thêm độ ẩm, làm mềm da và tạo một lớp màng bảo vệ, giúp lớp nền bám dính tốt hơn, mịn màng hơn và bền lâu hơn. Chọn kem lót có thành phần dưỡng ẩm như hyaluronic acid hoặc glycerin để đạt hiệu quả tốt nhất.
"
Làm sao nhận diện hộp bronzer dạng nén?,"Để nhận diện hộp bronzer dạng nén, bạn hãy chú ý những điểm sau:

1. **Kết cấu:** Bronzer nén có dạng bột mịn, được ép chặt trong hộp. Khi chạm vào sẽ thấy chắc tay, không bị rời rạc như phấn mắt.
2. **Màu sắc:** Thường có tông màu nâu vàng, nâu cam, hoặc đồng, mô phỏng màu da rám nắng tự nhiên.
3. **Mục đích sử dụng:** Bronzer dùng để tạo khối, làm ấm da và mang lại vẻ ngoài khỏe khoắn, khác với phấn má hồng tạo màu sắc tươi tắn.
4. **Bao bì:** Hộp thường hình tròn hoặc vuông, có thể có gương và cọ đi kèm.
"
Cách tạo makeup cho buổi đi du lịch?,"Để có lớp makeup nhẹ nhàng, tự nhiên cho chuyến du lịch, bạn hãy thực hiện các bước sau:

1. **Dưỡng ẩm:** Cấp ẩm kỹ lưỡng để da không bị khô khi di chuyển.
2. **Kem chống nắng:** Bảo vệ da khỏi tác hại của tia UV.
3. **BB cream/Kem nền mỏng nhẹ:** Che phủ vừa đủ, không gây bí da.
4. **Má hồng dạng kem:** Tạo vẻ tươi tắn, dễ tán.
5. **Mascara chống thấm nước:** Giữ mi cong vút suốt chuyến đi.
6. **Son dưỡng có màu:** Giữ môi ẩm và có chút sắc màu.

Ưu tiên các sản phẩm đa năng, nhỏ gọn để tiết kiệm diện tích hành lý nhé!
"
Tại sao cần dùng blotting paper cho da dầu?,"Chào bạn, với vai trò là chuyên gia trang điểm, tôi sẽ giải thích vì sao cần dùng blotting paper cho da dầu nhé.

Da dầu thường bóng nhờn do tuyến bã nhờn hoạt động quá mức. Blotting paper (giấy thấm dầu) giúp nhẹ nhàng thấm hút lượng dầu thừa trên da mà không làm xáo trộn lớp trang điểm. Việc này giúp giữ cho lớp nền được mịn màng, tránh tình trạng lem trôi và lỗ chân lông bị tắc nghẽn, từ đó ngăn ngừa mụn. Bạn nên dùng blotting paper trong ngày để duy trì vẻ tươi tắn cho làn da.
"
Cọ tán kem nền dạng duo-fiber có đặc điểm gì?,"Cọ tán kem nền duo-fiber có sợi lông kết hợp giữa sợi tự nhiên và sợi tổng hợp. Đặc điểm nổi bật là lông cọ mềm mại, thưa và phân bố đều, giúp tạo lớp nền mỏng nhẹ, tự nhiên như da thật. Cọ phù hợp với các loại kem nền lỏng, kem nền dạng mousse hoặc BB cream. Khi dùng, bạn tán theo chuyển động tròn hoặc chấm nhẹ để kem hòa quyện vào da, tránh gây vệt.
"
Hộp má hồng dạng bột có đặc điểm gì?,"Má hồng dạng bột là lựa chọn phổ biến nhờ khả năng lên màu tự nhiên, dễ dàng điều chỉnh sắc độ từ nhẹ nhàng đến đậm nét. Ưu điểm lớn nhất là độ bám tốt, đặc biệt trên da dầu hoặc hỗn hợp. Để sử dụng, bạn dùng cọ má hồng lấy một lượng sản phẩm vừa đủ, gõ nhẹ để loại bỏ phần bột thừa, sau đó tán đều lên gò má theo hướng từ trong ra ngoài, tạo hiệu ứng ửng hồng khỏe khoắn.
"
Làm sao nhận diện chai xịt khoáng?,"Để nhận diện chai xịt khoáng, bạn hãy chú ý các điểm sau:

1. **Bao bì:** Thường là chai nhựa trong suốt hoặc mờ, có vòi xịt phun sương.
2. **Thành phần:** Thành phần chính là nước khoáng tự nhiên (Mineral Water) cùng một số khoáng chất như kẽm, magie, canxi...
3. **Nhãn mác:** Ghi rõ nguồn gốc xuất xứ, hàm lượng khoáng chất và công dụng (làm dịu da, cấp ẩm...).
4. **Kết cấu:** Dạng lỏng, trong suốt, không màu, không mùi hoặc mùi rất nhẹ.
"
Cách tạo makeup cho buổi hẹn hò ban ngày?,"Chào bạn, để có một lớp makeup nhẹ nhàng, tươi tắn cho buổi hẹn hò ban ngày, bạn hãy làm theo các bước sau nhé:

1.  **Chuẩn bị da:** Dưỡng ẩm kỹ để da mịn màng.
2.  **Nền:** Dùng kem nền mỏng, nhẹ hoặc BB cream để che phủ khuyết điểm vừa đủ.
3.  **Mắt:** Phấn mắt màu nude hoặc hồng nhạt, kẻ eyeliner mảnh và chuốt mascara.
4.  **Má:** Tô chút má hồng đào hoặc cam san hô để có đôi má ửng hồng tự nhiên.
5.  **Môi:** Son dưỡng hoặc son tint màu nhẹ nhàng.

Lưu ý: Ưu tiên sự tự nhiên, tránh makeup quá đậm nhé!
"
Tại sao cần dùng kem dưỡng mắt trước concealer?,"Chào bạn,

Việc dùng kem dưỡng mắt trước concealer là bước quan trọng để có lớp trang điểm mắt hoàn hảo. Da vùng mắt mỏng manh, dễ khô và xuất hiện nếp nhăn. Kem dưỡng mắt cung cấp độ ẩm, làm mềm da, giúp concealer dễ tán, không bị vón cục hay lộ vân cười. Đồng thời, lớp dưỡng ẩm này còn giúp concealer bám lâu hơn, che phủ tốt hơn và giảm thiểu tình trạng khô căng, khó chịu cho vùng da nhạy cảm này.
"
Cọ tán phấn tạo khối dạng lớn có đặc điểm gì?,"Cọ tán phấn tạo khối dạng lớn thường có hình dáng vát chéo, lông cọ mềm mại và đầu cọ lớn, xốp. Thiết kế này giúp dễ dàng lấy và tán đều phấn tạo khối trên các vùng rộng như xương gò má, thái dương, hoặc đường viền hàm. Lông mềm giúp tránh gây kích ứng da và cho lớp phấn mịn, tự nhiên. Kích thước lớn giúp rút ngắn thời gian trang điểm, phù hợp với những người mới bắt đầu hoặc thích phong cách trang điểm nhanh chóng.
"
Kỹ thuật makeup 'sunset eyes' là gì?,"""Sunset eyes"" là kỹ thuật trang điểm mắt lấy cảm hứng từ màu sắc hoàng hôn. Đầu tiên, bạn tán màu cam hoặc đào ấm áp lên bầu mắt, sau đó thêm màu hồng hoặc tím vào phần đuôi mắt và hốc mắt. Cuối cùng, hòa trộn các màu để tạo hiệu ứng chuyển màu mượt mà, giống như cảnh hoàng hôn. Kỹ thuật này giúp đôi mắt trông ấm áp, lôi cuốn và nổi bật. Bạn có thể dùng phấn mắt, chì mắt hoặc son môi để tạo hiệu ứng này.
"
Làm sao nhận diện cây mi giả đơn?,"Để nhận diện cây mi giả đơn, bạn hãy quan sát kỹ phần chân mi. Mi giả đơn có chân mi mảnh, mềm mại, thường là sợi đơn hoặc vài sợi kết hợp, tạo cảm giác tự nhiên như mi thật. Khác với mi giả rời (cluster lashes) có chân mi dày và cứng hơn, mi giả đơn cần dùng keo dán mi chuyên dụng để gắn từng sợi lên mi mắt, giúp tăng độ dày và dài cho mi một cách tinh tế.
"
Cách chọn son môi cho buổi đi làm?,"Để chọn son môi phù hợp đi làm, bạn nên ưu tiên những màu sắc tự nhiên, nhẹ nhàng như hồng đào, cam đất, hoặc màu nude gần với màu da thật. Những màu này tạo vẻ thanh lịch, chuyên nghiệp và dễ dàng phối hợp với nhiều trang phục.

Độ bóng của son cũng quan trọng: son lì giữ màu tốt nhưng có thể làm khô môi, còn son dưỡng hoặc son bóng giúp môi mềm mại, tươi tắn hơn. Hãy chọn chất son phù hợp với sở thích và tình trạng môi của bạn nhé!
"
Hộp phấn phủ dạng nén có đặc điểm gì?,"Phấn phủ dạng nén là sản phẩm trang điểm phổ biến với nhiều ưu điểm. Thành phần chính là bột mịn, thường kết hợp thêm các hạt khoáng và chất hút dầu. 

**Đặc điểm:**
*   **Dạng nén:** Thuận tiện mang theo và sử dụng mọi lúc mọi nơi.
*   **Khả năng kiểm soát dầu:** Giúp da khô ráo, mịn màng.
*   **Cố định lớp nền:** Giữ cho lớp nền bền vững, lâu trôi.
*   **Độ che phủ:** Có thể từ nhẹ đến trung bình, tùy loại.
*   **Phù hợp:** Thích hợp với nhiều loại da, đặc biệt là da dầu và hỗn hợp."
Cách chọn cọ để tán kem lót?,"Để tán kem lót, bạn nên chọn cọ đầu bằng, lông mềm mại và dày dặn. Cọ đầu bằng giúp kem lót được trải đều, mỏng nhẹ trên da. Lông mềm mại tránh gây kích ứng, còn lông dày dặn giúp lấy đủ lượng sản phẩm và tán nhanh chóng. Bạn có thể dùng cọ kem nền hoặc cọ chuyên dụng cho kem lót đều được. Quan trọng là cọ phải sạch để đảm bảo vệ sinh và hiệu quả tán kem tốt nhất.
"
Làm sao nhận diện lọ kem chống nắng dạng sữa?,"Để nhận diện kem chống nắng dạng sữa, bạn hãy chú ý đến kết cấu và bao bì sản phẩm nhé!

**Bước 1: Quan sát kết cấu:** Kem chống nắng dạng sữa thường có texture lỏng, nhẹ, dễ dàng thoa đều trên da và thẩm thấu nhanh, không để lại vệt trắng.

**Bước 2: Xem bao bì:** Các sản phẩm này thường được đóng gói trong chai pump hoặc tuýp, có ghi rõ dòng chữ ""lotion"", ""milk"" hoặc ""fluid"" trên bao bì.

**Lý do:** Dạng sữa phù hợp với da dầu, hỗn hợp vì khả năng cấp ẩm nhẹ nhàng, không gây bí bách.
"
Cách tạo makeup cho buổi đi ăn cưới?,"Chào bạn, để có makeup đẹp cho buổi đi ăn cưới, bạn có thể làm theo các bước sau:

1. **Chuẩn bị da:** Dưỡng ẩm kỹ để lớp nền mịn màng.
2. **Nền:** Chọn nền có độ che phủ vừa phải, tán đều để có lớp nền tự nhiên.
3. **Mắt:** Phấn mắt tông ấm như cam đất, nâu vàng sẽ rất phù hợp. Đừng quên kẻ eyeliner và mascara để đôi mắt thêm long lanh.
4. **Má:** Sử dụng phấn má hồng đào hoặc cam san hô để khuôn mặt tươi tắn.
5. **Môi:** Son đỏ cam hoặc hồng đất là lựa chọn an toàn và tôn da.

Chúc bạn có một buổi tiệc thật vui!
"
Tại sao cần dùng lip liner trước son đỏ?,"Chào bạn,

Việc dùng lip liner (son viền môi) trước son đỏ là bước quan trọng để có đôi môi hoàn hảo. Lip liner giúp:

1.  **Định hình môi:** Tạo đường viền rõ nét, đặc biệt với son đỏ dễ bị lem.
2.  **Ngăn son lem:** Son đỏ thường có xu hướng dễ bị nhòe, lip liner tạo lớp nền giúp son bám tốt hơn.
3.  **Màu son bền lâu:** Giúp son giữ màu lâu hơn, không bị phai nhanh.
4.  **Cân đối môi:** Che đi những khuyết điểm nhỏ, giúp môi trông đầy đặn hơn.

Hãy chọn lip liner cùng tông hoặc gần tông với son đỏ bạn dùng nhé!
"
Cọ tán phấn mắt dạng vát có đặc điểm gì?,"Cọ tán phấn mắt vát là loại cọ có lông cắt vát một góc, thường khoảng 30-45 độ. Đặc điểm này giúp cọ đa năng trong nhiều thao tác:

1.  **Tạo khối:** Đầu vát giúp dễ dàng xác định và tạo khối cho vùng hốc mắt.
2.  **Tán màu:** Tán phấn mờ mềm mại, tạo chiều sâu cho đôi mắt.
3.  **Kẻ eyeliner:** Có thể dùng cạnh vát để tạo đường kẻ mắt sắc nét.

Lông cọ thường mềm mại, giúp phấn bám đều và dễ dàng blend màu.
"
Kỹ thuật makeup 'classic Hollywood' là gì?,"Kỹ thuật makeup ""Classic Hollywood"" tập trung vào vẻ đẹp thanh lịch, quyến rũ của những minh tinh màn bạc thập niên 40-50. Các bước chính bao gồm:

1. **Lớp nền hoàn hảo:** Sử dụng kem nền lì, che khuyết điểm kỹ lưỡng để có làn da mịn màng.
2. **Đôi mắt sắc sảo:** Kẻ mắt mèo (cat-eye) là điểm nhấn, kết hợp với bóng mắt màu trầm ấm như nâu, be.
3. **Gò má cao:** Tạo khối (contour) và đánh highlight để định hình khuôn mặt.
4. **Son đỏ quyến rũ:** Son đỏ là lựa chọn không thể thiếu, tạo nên đôi môi căng mọng.

Kỹ thuật này nhấn mạnh sự tỉ mỉ, kỹ lưỡng trong từng chi tiết.
"
Làm sao nhận diện chai dầu dưỡng da?,"Để nhận diện một chai dầu dưỡng da, bạn cần chú ý các yếu tố sau:

1. **Kết cấu:** Dầu dưỡng thường lỏng, nhẹ, dễ dàng thoa lên da và thấm nhanh.
2. **Thành phần:** Tìm các thành phần như dầu argan, dầu jojoba, dầu hạt nho, vitamin E...
3. **Màu sắc:** Màu sắc có thể khác nhau tùy loại dầu (vàng nhạt, trong suốt...).
4. **Mùi:** Dầu dưỡng thường có mùi tự nhiên, nhẹ nhàng của thực vật hoặc không mùi.
5. **Nhãn mác:** Đọc kỹ thông tin sản phẩm để biết công dụng, loại da phù hợp.
"
Cách chọn son môi cho buổi tiệc cosplay?,"Chào bạn! Để chọn son môi cho buổi tiệc cosplay, hãy ưu tiên màu son phù hợp với nhân vật.

1. **Xác định màu sắc chủ đạo:** Màu tóc, trang phục, và đặc biệt là màu mắt của nhân vật sẽ quyết định màu son.
2. **Chọn chất son:** Son lì (matte) bền màu, phù hợp tạo hình sắc sảo. Son bóng (glossy) tạo hiệu ứng môi căng mọng, trẻ trung.
3. **Thử màu trước:** Luôn thử son lên tay hoặc môi để đảm bảo màu sắc hài hòa với tổng thể trang điểm.
"
Tại sao cần dùng kem lót có màu cho da không đều?,"Kem lót có màu là ""cứu tinh"" cho da không đều màu bởi nó hoạt động như một lớp nền trung hòa sắc tố. Các sắc tố xanh lá, tím, cam trong kem lót sẽ đối kháng với các vùng da ửng đỏ, thâm nám hoặc xỉn màu, giúp da trông đều màu hơn trước khi đánh phấn nền. Điều này giúp lớp nền sau đó mỏng nhẹ, tự nhiên và bám dính tốt hơn, đồng thời che phủ hiệu quả hơn.
"
Cọ tán bronzer dạng tròn có đặc điểm gì?,"Cọ tán bronzer dạng tròn là loại cọ có đầu lông mềm mại, hình tròn và thường có kích thước vừa phải. Thiết kế này giúp dễ dàng lấy sản phẩm và tán đều bronzer lên gò má, trán, cằm một cách tự nhiên, tạo khối nhẹ nhàng. Lông cọ tròn cũng giúp bronzer hòa quyện tốt với da, tránh đường nét quá sắc sảo, mang lại vẻ ngoài khỏe khoắn, ấm áp.
"
Làm sao nhận diện hộp phấn mắt dạng stick?,"Để nhận diện hộp phấn mắt dạng stick, bạn hãy chú ý những điểm sau:

1. **Hình dáng:** Phấn mắt stick có hình trụ tròn hoặc vuông, giống như một cây son môi.
2. **Đầu phấn:** Đầu sản phẩm là phấn mắt, thường có dạng vát hoặc tròn để dễ dàng tô trực tiếp lên mắt.
3. **Vỏ:** Thường được đựng trong tuýp xoay hoặc có nắp đậy để bảo vệ phấn.
4. **Kết cấu:** Phấn có kết cấu kem hoặc sáp, mềm mịn, dễ tán.

Đây là dạng phấn mắt tiện lợi, phù hợp cho người mới bắt đầu hoặc khi cần trang điểm nhanh chóng.
"
Cách tạo makeup cho buổi đi chơi đêm?,"Để có makeup đi chơi đêm cuốn hút, bạn hãy bắt đầu với lớp nền mịn lì, che khuyết điểm kỹ càng. Tiếp theo, nhấn nhá mắt với phấn mắt nhũ hoặc màu đậm như nâu, tím. Kẻ eyeliner sắc sảo và đừng quên mascara để mi cong vút. Son môi màu trầm hoặc đỏ rượu sẽ là lựa chọn hoàn hảo. Cuối cùng, phủ một lớp highlight nhẹ nhàng để tăng độ glow cho gương mặt nhé!
"
Tại sao cần dùng mút makeup ẩm để thoa kem nền?,"Chào bạn,

Mút makeup ẩm là ""bí quyết"" giúp lớp nền hoàn hảo vì nhiều lý do:

1. **Giảm lượng kem nền lãng phí:** Mút ẩm chỉ hấp thụ một lượng kem nền vừa đủ, tránh tình trạng dùng quá nhiều gây bí da.
2. **Tạo lớp nền mỏng nhẹ, tự nhiên:** Độ ẩm giúp kem nền tán đều, bám da tốt hơn mà không gây dày cộm.
3. **Hiệu ứng ""glowy"", căng bóng:** Mút ẩm giúp kem nền hòa quyện với da, tạo hiệu ứng ẩm mịn, khỏe khoắn.

Hãy vắt bớt nước sau khi ngâm mút nhé!
"
Cọ tán phấn highlighter dạng quạt có đặc điểm?,"Cọ tán phấn highlighter dạng quạt có các sợi cọ mềm, xòe rộng như hình quạt. Đặc điểm này giúp lấy một lượng phấn vừa đủ và tán đều trên da, tạo hiệu ứng glow tự nhiên, không bị vón cục. Cọ phù hợp với phấn highlighter dạng bột, giúp làm nổi bật các đường nét trên gò má, sống mũi, nhân trung và bầu mắt một cách tinh tế. Nên dùng cọ với động tác nhẹ nhàng, tròn để có kết quả tốt nhất.
"
Kỹ thuật makeup 'modern minimal' là gì?,"Kỹ thuật makeup ""modern minimal"" (tối giản hiện đại) tập trung vào việc tôn lên vẻ đẹp tự nhiên, thay vì che phủ hoàn toàn. 

**Các bước chính:**

1.  **Chuẩn bị da:** Dưỡng ẩm kỹ lưỡng là bước quan trọng nhất.
2.  **Nền:** Sử dụng kem nền mỏng nhẹ hoặc BB cream, chỉ thoa lên vùng cần thiết.
3.  **Mắt:** Tập trung vào mascara và có thể thêm chút phấn mắt màu nude.
4.  **Má:** Sử dụng má hồng dạng kem để tạo vẻ ửng hồng tự nhiên.
5.  **Môi:** Son dưỡng hoặc son tint màu nhẹ nhàng.

**Lý do:** Phong cách này phù hợp với xu hướng làm đẹp hiện đại, đề cao sự khỏe khoắn và tự tin.
"
Làm sao nhận diện lọ nước tẩy trang dạng dầu?,"Để nhận diện nước tẩy trang dạng dầu, bạn hãy chú ý đến một vài điểm sau:

1. **Kết cấu:** Khi lắc nhẹ, sản phẩm sẽ thấy có sự tách lớp dầu và nước, cần lắc đều trước khi dùng.
2. **Thành phần:** Thường chứa các loại dầu thực vật như dầu ô liu, dầu jojoba, dầu argan...
3. **Màu sắc:** Thường trong suốt hoặc hơi vàng nhạt, có độ sánh nhẹ.
4. **Khả năng hòa tan:** Dễ dàng hòa tan các loại makeup gốc dầu như son lì, mascara waterproof.
"
Cách chọn phấn mắt cho buổi tiệc ngoài trời?,"Để chọn phấn mắt cho buổi tiệc ngoài trời, bạn nên ưu tiên các màu sắc có ánh nhũ hoặc shimmer để đôi mắt thêm nổi bật dưới ánh sáng tự nhiên. Các gam màu như đồng, vàng, cam đất hoặc hồng đào sẽ rất phù hợp.

**Bước 1:** Chọn phấn mắt có kết cấu bám tốt, chống thấm nước để tránh lem trôi do mồ hôi.
**Bước 2:** Sử dụng phấn lót mắt để tăng độ bám và màu sắc lên chuẩn hơn.
**Bước 3:** Tô các màu sáng vào bầu mắt, màu tối hơn vào hốc mắt để tạo chiều sâu.
"
Tại sao cần làm sạch da bằng sữa rửa mặt trước makeup?,"Chào bạn, việc làm sạch da bằng sữa rửa mặt trước khi trang điểm là bước cực kỳ quan trọng. Da mặt chúng ta hàng ngày tiếp xúc với bụi bẩn, dầu thừa, vi khuẩn. Nếu không được làm sạch, các tạp chất này sẽ tích tụ trong lỗ chân lông, gây bít tắc, dẫn đến mụn và làm lớp makeup không đều màu, dễ xuống tông. Sữa rửa mặt giúp loại bỏ tạp chất, giúp da thông thoáng, tăng khả năng hấp thụ các sản phẩm dưỡng da và giúp lớp makeup bám dính tốt hơn, bền đẹp hơn.
"
Hộp phấn má hồng dạng nén có đặc điểm gì?,"Phấn má hồng dạng nén là lựa chọn phổ biến nhờ tính tiện lợi và dễ sử dụng. Thành phần chính là bột màu được nén chặt trong hộp, giúp kiểm soát lượng phấn tốt, tránh lãng phí. 

**Đặc điểm:**

*   **Độ bám tốt:** Phấn nén bám da khá tốt, đặc biệt khi dùng với kem nền hoặc phấn phủ.
*   **Dễ dàng blend:** Có thể dùng cọ hoặc mút để tán đều, tạo hiệu ứng tự nhiên.
*   **Đa dạng màu sắc:** Phù hợp nhiều tông da và phong cách trang điểm.
*   **Nhỏ gọn:** Dễ dàng mang theo khi di chuyển."
Kỹ thuật makeup 'smokey green' là gì?,"Kỹ thuật ""Smokey Green"" là kiểu trang điểm mắt tập trung vào sắc xanh lá, tạo hiệu ứng mắt sâu hút và bí ẩn.

**Các bước thực hiện:**

1.  **Chuẩn bị:** Phủ phấn mắt màu nude lên toàn bộ bầu mắt.
2.  **Tạo khối:** Dùng cọ tán phấn màu xanh lá đậm ở đuôi mắt, sau đó tán đều lên bầu mắt.
3.  **Pha trộn:** Dùng cọ sạch hòa trộn các đường viền để tạo hiệu ứng khói mềm mại.
4.  **Hoàn thiện:** Kẻ eyeliner đen và chuốt mascara để tăng độ sắc sảo.

Sắc xanh lá phù hợp với nhiều màu da, đặc biệt là da ngăm và da trung bình.
"
Cách chọn cọ để thoa son bóng?,"Để thoa son bóng, bạn nên chọn cọ nhỏ, đầu tròn và lông mềm mại. Cọ đầu tròn giúp son bóng được phân bố đều, chính xác trên môi, đặc biệt là những đường nét khó như viền môi. Lông mềm mại đảm bảo son bóng lên môi mượt mà, không gây kích ứng. Bạn có thể dùng cọ môi chuyên dụng hoặc cọ mắt nhỏ, sạch. Tránh cọ lông thô cứng vì sẽ làm son bóng không đều màu và dễ vón cục.
"
Làm sao nhận diện cây mascara cong mi?,"Để nhận diện mascara cong mi, bạn hãy chú ý các điểm sau:

1. **Dạng bàn chải:** Bàn chải thường có đường cong rõ rệt, mô phỏng hình dáng lông mi cong.
2. **Lông bàn chải:** Lông bàn chải có thể dày, thưa, hoặc có gai nhỏ để nâng và giữ nếp mi.
3. **Công thức:** Mascara cong mi thường chứa các thành phần tạo màng, giúp mi giữ được độ cong lâu hơn.
4. **Nhãn sản phẩm:** Các từ khóa như ""volumizing"", ""curling"", ""lift"" thường xuất hiện trên bao bì.
"
Cách tạo makeup cho buổi đi xem hòa nhạc?,"Để có makeup phù hợp đi xem hòa nhạc, bạn nên ưu tiên sự bền vững và nổi bật.

1.  **Chuẩn bị da:** Dưỡng ẩm kỹ để lớp nền bám tốt.
2.  **Nền:** Chọn foundation lì, độ che phủ vừa phải, dùng thêm phấn phủ để giữ lâu trôi.
3.  **Mắt:** Tập trung vào một điểm nhấn - có thể là mắt khói nhẹ, hoặc eyeshadow lấp lánh.
4.  **Môi:** Son lì hoặc son tint bền màu là lựa chọn tốt.
5.  **Khóa lớp makeup:** Xịt khóa makeup để giữ lớp trang điểm cả đêm.

Lý do: Hòa nhạc thường có không gian rộng, ánh sáng mạnh và bạn sẽ vận động nhiều.
"
Tại sao cần dùng kem dưỡng môi ban đêm?,"Chào bạn,

Kem dưỡng môi ban đêm rất cần thiết vì môi là vùng da nhạy cảm, mỏng manh và dễ bị khô ráp, đặc biệt sau một ngày dài tiếp xúc với môi trường và các sản phẩm trang điểm. 

Kem dưỡng môi ban đêm giúp:

1. **Cấp ẩm sâu:** Phục hồi độ ẩm đã mất trong ngày.
2. **Tẩy tế bào chết nhẹ nhàng:** Loại bỏ da chết, giúp môi mềm mịn hơn.
3. **Phục hồi và tái tạo:** Nuôi dưỡng môi, giảm thâm và nứt nẻ.

Hãy coi việc dưỡng môi ban đêm như một bước chăm sóc da quan trọng để đôi môi luôn khỏe mạnh và căng mọng nhé!
"
Cọ tán phấn mắt dạng lớn có đặc điểm gì?,"Cọ tán phấn mắt dạng lớn có lông cọ mềm mại, xốp và đầu cọ tròn, rộng. Thiết kế này giúp phủ đều phấn mắt trên toàn bộ bầu mắt một cách nhanh chóng, tạo hiệu ứng chuyển màu nhẹ nhàng, tự nhiên. Cọ lớn thường được dùng để đánh lớp phấn nền, làm nổi bật hốc mắt hoặc tán màu chuyển tiếp. Kích thước lớn giúp tiết kiệm thời gian, phù hợp với những layout trang điểm mắt đơn giản, không quá cầu kỳ.
"
Làm sao nhận diện lọ kem dưỡng ẩm ban ngày?,"Để nhận diện kem dưỡng ẩm ban ngày, bạn hãy chú ý các yếu tố sau:

1. **Kết cấu:** Kem ban ngày thường mỏng nhẹ, dễ thẩm thấu, không gây nhờn dính.
2. **Thành phần:** Ưu tiên các thành phần cấp ẩm (hyaluronic acid, glycerin), chống oxy hóa (vitamin C, E) và quan trọng nhất là có **chỉ số SPF** (ít nhất SPF 30) để bảo vệ da khỏi tia UV.
3. **Bao bì:** Thường ghi rõ dòng chữ ""Day Cream"" hoặc ""Kem dưỡng ngày"".
"
Cách chọn son môi cho buổi tiệc Giáng sinh?,"Để chọn son môi cho tiệc Giáng sinh, bạn nên ưu tiên các màu sắc nổi bật, ấm áp và có chút lấp lánh. Đỏ ruby, đỏ cherry, cam đất hoặc hồng đất là những lựa chọn an toàn và dễ phối đồ. Nếu muốn nổi bật hơn, hãy thử các màu burgundy (đỏ rượu vang) hoặc plum (tím sẫm). Chất son lì hoặc satin sẽ giữ màu tốt hơn trong suốt buổi tiệc. Quan trọng nhất, hãy thử son trước để đảm bảo màu sắc phù hợp với tông da và trang phục của bạn nhé!
"
Tại sao cần dùng primer môi trước son lì?,"Chào bạn,

Primer môi là bước chuẩn bị rất quan trọng trước khi đánh son lì. Son lì thường có xu hướng làm khô môi và dễ gây nứt rãnh. Primer môi giúp:

1.  **Làm mềm và cấp ẩm:** Tạo một lớp nền mượt mà, giúp son lên màu chuẩn hơn.
2.  **Lấp đầy rãnh môi:** Giảm thiểu tình trạng son bị lem và bám vào các đường vân.
3.  **Tăng độ bám màu:** Giúp son lì giữ được lâu hơn trên môi.

Nhờ vậy, đôi môi sẽ căng mọng, mịn màng và son lên màu đẹp, không bị khô bong tróc.
"
Cọ tán phấn phủ dạng bột có đặc điểm gì?,"Cọ tán phấn phủ dạng bột thường có các đặc điểm sau:

*   **Hình dáng:** Đầu cọ tròn, xốp, mềm mại, thường có kích thước vừa phải.
*   **Lông cọ:** Lông tự nhiên hoặc tổng hợp, mềm mịn để không gây kích ứng da và đảm bảo phấn phủ bám đều.
*   **Mục đích:** Dùng để lấy một lượng phấn phủ vừa đủ và tán đều lên da, giúp lớp nền mịn màng, kiểm soát dầu và giữ lớp trang điểm lâu trôi.
*   **Ưu điểm:** Giúp phấn phủ không bị vón cục, tạo hiệu ứng nhẹ nhàng, tự nhiên."
Kỹ thuật makeup 'smokey blue' là gì?,"Kỹ thuật makeup ""smokey blue"" là xu hướng trang điểm mắt tập trung vào sắc xanh dương huyền bí. Đầu tiên, bạn dùng phấn mắt màu xanh navy làm base, tán đều từ hốc mắt lên. Sau đó, thêm các tông xanh sáng hơn (xanh da trời, xanh bạc) vào giữa bầu mắt và highlight bằng phấn nhũ. Kẻ eyeliner xanh đậm và mascara đen sẽ hoàn thiện đôi mắt ""smokey blue"" cuốn hút. Màu xanh phù hợp với nhiều màu da, đặc biệt là da ngăm.
"
Làm sao nhận diện hộp mi giả kèm keo?,"Để nhận diện hộp mi giả kèm keo, bạn hãy quan sát kỹ các yếu tố sau:

1. **Bao bì:** Hộp thường ghi rõ ""with glue"" hoặc biểu tượng keo.
2. **Thành phần:** Kiểm tra danh sách thành phần, sẽ có ""adhesive"" (keo dán).
3. **Sản phẩm bên trong:** Ngoài mi giả, hộp sẽ có một tuýp keo nhỏ, thường màu đen hoặc trắng.
4. **Giá cả:** Mi giả kèm keo thường có giá cao hơn mi giả không keo.
"
Cách tạo makeup cho buổi đi chơi bạn bè?,"Chào bạn! Để có makeup tự nhiên cho buổi đi chơi với bạn bè, bạn có thể làm theo các bước sau:

1.  **Chuẩn bị da:** Dưỡng ẩm nhẹ nhàng.
2.  **Nền:** Dùng kem nền mỏng, nhẹ, hoặc BB cream để che phủ khuyết điểm vừa phải.
3.  **Mắt:** Phấn mắt màu nude hoặc cam đất, kẻ eyeliner mảnh và chuốt mascara.
4.  **Má:** Phấn má hồng màu đào hoặc hồng san hô để tạo vẻ tươi tắn.
5.  **Môi:** Son tint hoặc son thỏi màu nhẹ nhàng, phù hợp với màu da.

Lưu ý: Ưu tiên sự tự nhiên, thoải mái và làm nổi bật điểm mạnh trên khuôn mặt bạn nhé!
"
Tại sao cần dùng tẩy tế bào chết trước makeup?,"Chào bạn,

Tẩy tế bào chết trước khi trang điểm là bước quan trọng để có lớp nền hoàn hảo. Việc này giúp loại bỏ tế bào chết sần sùi, làm mịn da và giúp kem nền, phấn phủ bám tốt hơn, tránh tình trạng cakey (mốc da). Ngoài ra, tẩy tế bào chết còn thúc đẩy tuần hoàn máu, giúp da sáng mịn và hấp thụ dưỡng chất tốt hơn, cho lớp makeup tự nhiên và bền màu hơn.
"
Cọ tán kem nền dạng tròn có đặc điểm gì?,"Cọ tán kem nền dạng tròn (hay còn gọi là cọ kabuki) có đầu cọ dày, lông mềm và hình tròn. Đặc điểm này giúp bạn dễ dàng tán đều kem nền trên da, tạo lớp nền mịn màng, tự nhiên và che phủ tốt. Cọ tròn phù hợp với cả kem nền dạng lỏng, kem và phấn. Cách dùng là xoay tròn trên da, giúp kem nền bám dính và không gây vệt.
"
Kỹ thuật makeup 'natural bridal' là gì?,"Kỹ thuật trang điểm ""natural bridal"" (cô dâu tự nhiên) tập trung vào việc tôn lên vẻ đẹp sẵn có của cô dâu, thay vì tạo một diện mạo hoàn toàn mới. 

**Các bước chính:**

1.  **Chuẩn bị da:** Dưỡng ẩm kỹ lưỡng để lớp nền mịn màng.
2.  **Nền:** Sử dụng kem nền mỏng nhẹ, che khuyết điểm vừa đủ.
3.  **Mắt:** Phấn mắt tông nude hoặc nâu ấm, nhấn nhá bằng mascara.
4.  **Má:** Hồng đào hoặc cam đất nhẹ nhàng.
5.  **Môi:** Son nude, hồng baby hoặc màu môi tự nhiên.

Mục tiêu là cô dâu trông rạng rỡ, tươi tắn và xinh đẹp một cách tự nhiên nhất trong ngày trọng đại.
"
Làm sao nhận diện chai xịt chống nắng?,"Để nhận diện chai xịt chống nắng, bạn cần chú ý các yếu tố sau:

1. **Nhãn mác:** Tìm các từ khóa như ""Sunscreen"", ""Sunblock"", ""SPF"" (chỉ số chống nắng) và PA (chống tia UVA).
2. **Chỉ số SPF:** SPF càng cao, khả năng bảo vệ khỏi tia UVB càng tốt. Nên chọn SPF từ 30 trở lên.
3. **PA:** PA+ đến PA++++ thể hiện mức độ bảo vệ khỏi tia UVA. PA++++ là tốt nhất.
4. **Loại da:** Một số sản phẩm ghi rõ phù hợp với loại da nào (khô, dầu, nhạy cảm).
5. **Kết cấu:** Xịt chống nắng thường có kết cấu nhẹ, dễ bay hơi.
"
Cách chọn phấn mắt cho buổi đi ăn tối?,"Để chọn phấn mắt cho buổi đi ăn tối, bạn nên ưu tiên các tông màu trung tính ấm áp như nâu đồng, vàng đồng, hoặc màu mận. Những màu này dễ phối đồ và phù hợp với ánh đèn nhà hàng. 

**Các bước thực hiện:**

1.  **Tạo lớp nền:** Dùng phấn mắt màu nude làm lớp nền.
2.  **Tạo chiều sâu:** Thoa màu nâu đồng vào hốc mắt.
3.  **Highlight:** Dùng phấn nhũ vàng đồng ở bọng mắt và đầu mắt để tăng sự lấp lánh.
4.  **Tạo điểm nhấn:** Có thể thêm chút màu mận ở đuôi mắt nếu muốn."
Tại sao cần dùng kem lót trước phấn phủ?,"Chào bạn,

Kem lót đóng vai trò quan trọng trước khi đánh phấn phủ vì nhiều lý do. Thứ nhất, kem lót giúp làm mịn bề mặt da, che lấp lỗ chân lông và các nếp nhăn nhỏ, tạo lớp nền hoàn hảo cho phấn phủ bám dính tốt hơn. Thứ hai, nó kiểm soát dầu thừa, giúp phấn phủ không bị vón cục hay nhanh xuống tông. Cuối cùng, kem lót bảo vệ da khỏi tác động trực tiếp của phấn, giảm nguy cơ gây kích ứng.
"
Cọ tán phấn mắt dạng nhỏ có đặc điểm gì?,"Cọ tán phấn mắt nhỏ là loại cọ có đầu lông nhỏ, tròn hoặc dẹt, thường được dùng để tán phấn mắt tập trung vào vùng hốc mắt, bọng mắt hoặc đường viền mắt dưới. Lông cọ mềm mại giúp dễ dàng kiểm soát lượng phấn và tạo hiệu ứng chuyển màu mượt mà, sắc nét. Kích thước nhỏ gọn giúp thao tác chính xác, phù hợp với các kiểu trang điểm mắt tinh tế, cầu kỳ.
"
Làm sao nhận diện lọ nước hoa hồng dạng xịt?,"Để nhận diện nước hoa hồng dạng xịt, bạn hãy chú ý các điểm sau:

1. **Bao bì:** Thường là chai xịt với thiết kế tươi mát, màu sắc nhẹ nhàng như hồng, trắng hoặc xanh.
2. **Nhãn mác:** Ghi rõ ""Nước hoa hồng"", ""Toner"" hoặc ""Hoa hồng"" cùng dạng ""xịt"" (spray/mist).
3. **Kết cấu:** Dạng lỏng, trong suốt hoặc hơi hồng nhạt. Khi xịt, sản phẩm sẽ tạo thành sương mù mịn.
4. **Mùi hương:** Thơm dịu mùi hoa hồng tự nhiên.

Đây là bước chuẩn bị quan trọng trước khi trang điểm, giúp cân bằng độ pH và làm dịu da.
"
Cách chọn son môi cho buổi đi học đại học?,"Chào bạn! Để chọn son môi phù hợp cho buổi đi học đại học, bạn nên ưu tiên những màu sắc tự nhiên, nhẹ nhàng. 

**Bước 1:** Xác định tông da của bạn (lạnh, ấm, trung tính).
**Bước 2:** Chọn màu son:
*   **Da sáng:** Hồng đào, cam san hô, nude hồng.
*   **Da trung bình:** Hồng đất, cam cháy, màu nude có chút nâu.
*   **Da ngăm:** Đỏ cam, đỏ nâu, màu plum (mận chín).

**Lý do:** Những màu sắc này giúp bạn trông tươi tắn, năng động mà không quá nổi bật, phù hợp với môi trường học đường. Chất son nên chọn loại có dưỡng ẩm để đôi môi luôn mềm mại.
"
Tại sao cần dùng mặt nạ dưỡng da trước makeup?,"Chào bạn,

Việc sử dụng mặt nạ dưỡng da trước khi trang điểm là bước chuẩn bị quan trọng để có lớp nền hoàn hảo. Mặt nạ giúp cấp ẩm, làm dịu da và cải thiện kết cấu da. Da đủ ẩm sẽ giúp lớp nền mịn màng, bám dính tốt hơn, tránh tình trạng cakey hay bong tróc. Ngoài ra, mặt nạ còn giúp làm giảm mẩn đỏ, giúp màu nền lên chuẩn hơn và bảo vệ da khỏi tác động của mỹ phẩm.
"
Cọ tán highlighter dạng vát có đặc điểm gì?,"Cọ tán highlighter dạng vát có thiết kế lông cọ vát chéo, đầu cọ nhỏ và thường mềm mại. Đặc điểm này giúp bạn dễ dàng đánh highlighter tập trung vào những vùng cao nhất trên khuôn mặt như gò má, sống mũi, nhân trung và khóe mắt. Cọ vát cho phép kiểm soát lượng sản phẩm tốt, tạo hiệu ứng glow tự nhiên, không bị quá đà và dễ dàng blend đều. Lông cọ mềm mại giúp highlighter bám đều và không gây kích ứng da.
"
Làm sao nhận diện hộp phấn mắt dạng lỏng?,"Để nhận diện phấn mắt dạng lỏng, bạn hãy chú ý đến kết cấu và bao bì sản phẩm. Phấn mắt lỏng thường được đựng trong tuýp hoặc chai nhỏ có vòi hoặc cọ gắn kèm. Kết cấu của phấn mắt lỏng mịn, hơi sánh, không phải dạng bột như phấn mắt truyền thống. Khi dốc ngược, sản phẩm sẽ chảy nhẹ. Màu sắc thường đậm đà, cho lớp phủ bóng mượt và bám dính tốt hơn.
"
Cách tạo makeup cho buổi đi xem triển lãm?,"Chào bạn, để có một lớp makeup phù hợp đi xem triển lãm, bạn nên ưu tiên sự tự nhiên, thoải mái nhưng vẫn đủ nổi bật.

1.  **Chuẩn bị da:** Dưỡng ẩm kỹ để lớp nền mịn màng.
2.  **Nền:** Dùng kem nền mỏng nhẹ, che khuyết điểm vừa đủ.
3.  **Mắt:** Phấn mắt màu nude hoặc nâu nhạt, kẻ eyeliner mảnh và chuốt mascara.
4.  **Má:** Phấn má hồng đào hoặc cam đất nhẹ nhàng.
5.  **Môi:** Son dưỡng hoặc son màu nude/ hồng san hô.

Lý do: Triển lãm thường có ánh sáng khác nhau, makeup tự nhiên giúp bạn luôn xinh tươi và không bị ""lố"".
"
Tại sao cần dùng kem dưỡng da có SPF vào buổi sáng?,"Chào bạn, một chuyên gia trang điểm luôn khuyên dùng kem dưỡng da có SPF vào buổi sáng vì nhiều lý do quan trọng.

Đầu tiên, SPF bảo vệ da khỏi tác hại của tia UVA và UVB, nguyên nhân chính gây lão hóa sớm, nám, tàn nhang và ung thư da. Ngay cả khi trời râm mát, tia UV vẫn có thể xuyên qua mây và gây hại. 

Thứ hai, việc kết hợp SPF trong kem dưỡng giúp đơn giản hóa quy trình chăm sóc da buổi sáng, tiết kiệm thời gian. Cuối cùng, bảo vệ da từ sớm là cách tốt nhất để duy trì làn da khỏe mạnh và tươi trẻ.
"
Cọ tán phấn tạo khối dạng nhỏ có đặc điểm gì?,"Cọ tán phấn tạo khối dạng nhỏ thường có hình dáng vát chéo hoặc tròn, lông cọ mềm mại và đầu cọ nhỏ gọn. Thiết kế này giúp bạn dễ dàng xác định vị trí và tạo khối một cách chính xác, đặc biệt phù hợp với những đường nét nhỏ trên khuôn mặt như xương gò má, sống mũi. Kích thước nhỏ cũng giúp kiểm soát lượng phấn tốt hơn, tránh tạo khối quá đậm hoặc không đều màu.
"
