Question,Answer
"Kỹ thuật ""halo blush"" là gì?","Kỹ thuật ""halo blush"" (hay còn gọi là má ửng hồng halo) là xu hướng trang điểm má đang được yêu thích. Thay vì đánh blush tập trung trên gò má, bạn đánh một vùng blush nhỏ trên đỉnh gò má, sau đó tán nhẹ nhàng về phía thái dương và sống mũi. 

Cách này tạo hiệu ứng má ửng hồng tự nhiên, khỏe khoắn như vừa tập thể dục, giúp khuôn mặt tươi tắn và có chiều sâu hơn. Phù hợp với nhiều hình dáng khuôn mặt và dễ dàng thực hiện tại nhà.
"
Cách chọn primer cho da mụn vào mùa thu?,"Chào bạn, với da mụn vào mùa thu, việc chọn primer cần lưu ý một số điểm sau:

1. **Chọn loại không gây bí da:** Ưu tiên các sản phẩm gốc nước, oil-free, hoặc chứa silicone nhẹ (dimethicone) để không làm tắc nghẽn lỗ chân lông.
2. **Tìm các thành phần hỗ trợ trị mụn:** Salicylic acid, tea tree oil, niacinamide giúp kiểm soát dầu, giảm viêm và làm dịu da.
3. **Kết cấu:** Nên chọn primer dạng gel hoặc lotion mỏng nhẹ, dễ thẩm thấu.
4. **Tránh:** Các loại primer chứa dầu khoáng, cồn, hoặc hương liệu mạnh.
"
Làm sao tạo makeup cho buổi lễ tốt nghiệp ban ngày?,"Chào bạn, để có lớp makeup phù hợp buổi lễ tốt nghiệp ban ngày, bạn nên ưu tiên sự tự nhiên, tươi tắn.

1.  **Chuẩn bị da:** Dưỡng ẩm kỹ để lớp nền mịn màng.
2.  **Nền:** Chọn foundation mỏng nhẹ, che khuyết điểm vừa đủ.
3.  **Mắt:** Phấn mắt tone nude hoặc nâu nhạt, kẻ eyeliner mảnh, mascara nhẹ nhàng.
4.  **Má:** Phấn má hồng tone đào hoặc cam đất để khuôn mặt có sức sống.
5.  **Môi:** Son nude hoặc màu hồng pastel.

Lưu ý: Cố định lớp makeup bằng xịt khoáng để bền màu suốt buổi lễ nhé!
"
"Kỹ thuật ""smokey shimmer"" là gì?","Kỹ thuật ""smokey shimmer"" là sự kết hợp giữa hiệu ứng mắt khói (smokey eyes) cổ điển và ánh nhũ lấp lánh. Đầu tiên, bạn tạo lớp mắt khói với các tông màu tối như nâu, xám, đen. Sau đó, điểm thêm phấn nhũ (shimmer) lên giữa bầu mắt hoặc hốc mắt để tạo chiều sâu và sự lôi cuốn. Kỹ thuật này giúp đôi mắt trông to hơn, sắc sảo hơn và thu hút mọi ánh nhìn, phù hợp với các buổi tiệc tối hoặc sự kiện đặc biệt.
"
Cách chọn bronzer cho da sáng vào mùa hè?,"Chào bạn! Để chọn bronzer cho da sáng vào mùa hè, bạn nên ưu tiên các tông màu ấm áp, nhẹ nhàng như đào, cam san hô hoặc nâu vàng nhạt. Tránh các màu quá tối hoặc đỏ gạch vì có thể khiến da trông bẩn.

**Cách chọn:**

1.  **Chọn tông màu:** Ưu tiên màu ấm, nhẹ nhàng.
2.  **Chọn chất phấn:** Phấn mịn, dễ tán là lựa chọn tốt.
3.  **Thử màu:** Tán thử lên da để đảm bảo màu hòa hợp.

Bronzer sẽ giúp da bạn có vẻ khỏe khoắn, rạng rỡ dưới ánh nắng mùa hè."
Làm sao tạo makeup cho buổi tiệc Giáng sinh ban đêm?,"Để có makeup tiệc Giáng sinh lung linh về đêm, bạn hãy bắt đầu với lớp nền hoàn hảo, che khuyết điểm kỹ càng. Tiếp theo, nhấn nhá mắt với phấn mắt tông ấm như đỏ burgundy, nâu đồng, và thêm chút nhũ lấp lánh. Kẻ mắt mèo sắc sảo và mascara dày mi là không thể thiếu. Cuối cùng, chọn son đỏ hoặc cam đất để hoàn thiện vẻ ngoài quyến rũ, đừng quên highlight để da tỏa sáng nhé!
"
"Kỹ thuật ""velvet contour"" là gì?","Kỹ thuật ""velvet contour"" (tạo khối nhung) là xu hướng contouring mới, tập trung vào hiệu ứng tự nhiên, mềm mại như nhung thay vì đường nét sắc sảo. 

**Các bước thực hiện:**

1.  **Chọn sản phẩm:** Sử dụng kem contour hoặc stick có kết cấu mịn, dễ tán.
2.  **Tán đều:** Tán sản phẩm theo hình dáng khuôn mặt, tập trung vào vùng dưới gò má, hai bên thái dương và đường viền hàm.
3.  **Đặc biệt:** Dùng mút trang điểm hoặc cọ mềm để tán đều, hòa trộn hoàn toàn với da, tạo hiệu ứng bóng đổ nhẹ nhàng, không đường viền rõ rệt.

Kỹ thuật này phù hợp với những ai yêu thích vẻ đẹp tự nhiên, thanh lịch.
"
Cách chọn setting spray cho makeup sân khấu?,"Để chọn setting spray cho makeup sân khấu, bạn cần ưu tiên loại có khả năng khóa lớp trang điểm tốt, chống thấm mồ hôi và bền màu trong thời gian dài dưới ánh đèn. 

**Bước 1:** Chọn loại có finish matte (lì) để tránh bị bóng dầu.
**Bước 2:** Ưu tiên các sản phẩm ghi rõ ""long-lasting"", ""performance"" hoặc ""stage makeup"".
**Bước 3:** Test thử trên vùng da nhỏ để đảm bảo không gây kích ứng. 

Lý do: Ánh đèn sân khấu tạo nhiệt, dễ làm makeup chảy, nên setting spray cần có khả năng giữ lớp trang điểm ổn định.
"
Làm sao tạo makeup cho buổi tiệc năm mới?,"Để có makeup lộng lẫy cho tiệc năm mới, bạn hãy bắt đầu với lớp nền hoàn hảo, che khuyết điểm kỹ càng. Tiếp theo, nhấn nhá mắt với phấn mắt nhũ ánh kim hoặc màu champagne, kẻ eyeliner sắc sảo và đừng quên mascara để mi cong vút. Son môi đỏ hoặc màu berry sẽ là lựa chọn hoàn hảo. Cuối cùng, phủ một lớp highlight lên gò má, sống mũi để khuôn mặt thêm tỏa sáng. Lưu ý, hãy ưu tiên sự lấp lánh và nổi bật nhé!
"
Làm sao tạo makeup cho buổi chụp ảnh cưới ngoài trời?,"Để có lớp trang điểm cưới ngoài trời hoàn hảo, bạn cần ưu tiên sự bền vững và tự nhiên.

1.  **Chuẩn bị da:** Dưỡng ẩm kỹ lưỡng để da căng mọng.
2.  **Kiểm soát dầu:** Sử dụng primer kiềm dầu để lớp nền bám tốt hơn.
3.  **Nền:** Chọn foundation lì, độ che phủ vừa phải, tránh quá dày.
4.  **Tạo khối:** Nhấn nhá nhẹ nhàng để khuôn mặt có chiều sâu, phù hợp với ánh sáng tự nhiên.
5.  **Mắt & môi:** Sử dụng gam màu ấm áp, bền màu, tránh bóng quá nhiều.
6.  **Cố định:** Phấn phủ dạng bột hoặc xịt khóa lớp trang điểm để giữ lâu trôi."
"Kỹ thuật ""jewel tone eyes"" là gì?","""Jewel tone eyes"" là kỹ thuật trang điểm mắt sử dụng các màu sắc rực rỡ, lấy cảm hứng từ các loại đá quý như ngọc lục bảo (xanh lá cây đậm), sapphire (xanh dương đậm), ruby (đỏ ruby), amethyst (tím). 

**Cách thực hiện:**

1.  **Chọn màu:** Chọn một hoặc kết hợp 2-3 màu jewel tone.
2.  **Phủ màu:** Phủ màu đậm lên toàn bộ bầu mắt, sau đó dùng màu sáng hơn nhấn vào hốc mắt.
3.  **Tạo chiều sâu:** Dùng cọ blending tán đều để tạo hiệu ứng chuyển màu mượt mà.
4.  **Hoàn thiện:** Kẻ eyeliner và mascara để tăng độ sắc sảo.

Kỹ thuật này giúp đôi mắt trông nổi bật và thu hút.
"
Cách chọn son môi cho tông da lạnh vào mùa hè?,"Chào bạn! Với tông da lạnh vào mùa hè, bạn nên ưu tiên các màu son có undertone xanh hoặc tím. Cụ thể:

1.  **Màu hồng:** Hồng baby, hồng san hô tươi sáng, hồng tím.
2.  **Màu đỏ:** Đỏ lạnh (blue-based red), đỏ cherry.
3.  **Màu tím:** Tím baby, tím hồng.

Những màu này sẽ làm nổi bật làn da trắng xanh, tạo cảm giác tươi tắn và rạng rỡ trong mùa hè. Tránh các màu cam, vàng quá nổi bật vì có thể làm da trông xỉn màu.
"
Làm sao làm sạch cọ sau khi dùng phấn highlight nhũ?,"Chào bạn, việc làm sạch cọ highlight nhũ cần cẩn thận để giữ độ mềm mại và hiệu quả của cọ. Đây là các bước:

1.  **Loại bỏ phấn thừa:** Gõ nhẹ cọ lên mu bàn tay hoặc khăn giấy.
2.  **Sử dụng dung dịch chuyên dụng:** Chọn dung dịch làm sạch cọ hoặc dầu dừa. Nhúng cọ vào dung dịch, xoay nhẹ nhàng.
3.  **Rửa sạch:** Rửa cọ dưới nước ấm cho đến khi nước trong.
4.  **Làm khô:** Vắt nhẹ nước, đặt cọ nằm ngang trên khăn sạch để khô tự nhiên.

Việc này giúp loại bỏ hoàn toàn nhũ, tránh cọ bị vón cục và tăng tuổi thọ.
"
"Kỹ thuật ""draped blush"" là gì?","Kỹ thuật ""draped blush"" là đánh má hồng không chỉ lên gò má mà còn kéo dài lên đến thái dương và thậm chí cả bọng mắt. Thay vì tập trung vào một điểm, bạn tạo một đường cong má hồng mềm mại, giúp khuôn mặt trông thon gọn, nâng cơ và có chiều sâu hơn. Kỹ thuật này đặc biệt phù hợp với những người có khuôn mặt góc cạnh hoặc muốn tạo hiệu ứng ""lift"" cho gương mặt.
"
Cách chọn kem nền cho da dầu vào mùa đông?,"Chào bạn, với da dầu vào mùa đông, việc chọn kem nền cần cân nhắc kỹ để vừa kiểm soát dầu, vừa không gây khô da. 

**Bước 1:** Ưu tiên kem nền dạng lỏng, nhẹ, có ghi chú ""oil-free"" hoặc ""mattifying"".
**Bước 2:** Chọn thành phần chứa silicone giúp kiểm soát dầu tốt hơn.
**Bước 3:** Ưu tiên các loại kem nền có độ che phủ từ trung bình đến cao để che phủ lỗ chân lông.
**Bước 4:** Thử kem nền trên da trước khi mua để đảm bảo màu sắc phù hợp và không gây kích ứng.
"
Làm sao tạo makeup cho buổi tiệc prom ban đêm?,"Để có lớp trang điểm hoàn hảo cho buổi prom đêm, bạn nên tập trung vào đôi mắt và đôi môi.

1.  **Phấn mắt:** Chọn màu mắt nhũ lấp lánh như đồng, vàng hoặc tím. Phủ màu sáng lên bầu mắt, màu đậm hơn ở đuôi mắt và blend kỹ.
2.  **Kẻ mắt:** Kẻ mắt mèo hoặc sử dụng eyeliner màu đậm để tạo điểm nhấn.
3.  **Mascara:** Chải mascara dày và dài.
4.  **Son môi:** Chọn son màu nude, hồng đào hoặc đỏ rượu.
5.  **Highlight & Contour:** Đừng quên highlight vùng gò má và contour để khuôn mặt thêm sắc sảo."
Cách chọn mascara cho người đeo kính?,"Để chọn mascara cho người đeo kính, bạn nên ưu tiên loại mascara chống thấm nước để tránh lem khi kính bị hơi nước hoặc thời tiết ẩm ướt. Chọn mascara có công thức nhẹ, không gây vón cục, giúp mi cong tự nhiên mà không chạm vào kính. Màu đen hoặc nâu sẫm sẽ rõ ràng nhất khi nhìn qua kính. Tránh dùng mascara quá nhiều sợi, vì có thể dễ dàng dính lên tròng kính.
"
Làm sao giữ makeup đẹp khi đi trượt tuyết?,"Để giữ lớp makeup bền đẹp khi trượt tuyết, bạn cần chuẩn bị kỹ lưỡng:

1. **Dưỡng ẩm:** Da thiếu nước dễ bị khô và bong tróc, làm lớp makeup nhanh xuống.
2. **Primer:** Tạo lớp nền khóa ẩm, giúp makeup bám dính tốt hơn.
3. **Makeup chống nước:** Sử dụng kem nền, phấn mắt, mascara và son môi waterproof.
4. **Setting spray:** Xịt khóa lớp makeup, tăng độ bền và chống thấm nước.
5. **Tránh makeup quá dày:** Lớp makeup dày dễ bị chảy và lem khi gặp nhiệt độ cao hoặc mồ hôi.
"
"Kỹ thuật ""color block eyes"" là gì?","Kỹ thuật ""color block eyes"" (trang điểm mắt khối màu) là xu hướng sử dụng những khối màu đậm, tương phản được tô liền mạch trên bầu mắt, tạo hiệu ứng hình học mạnh mẽ. 

**Cách thực hiện:**

1.  Chọn 2-3 màu mắt tương phản (ví dụ: xanh dương & cam, tím & vàng).
2.  Dùng cọ phẳng, tô một màu lên phần bầu mắt trên, màu còn lại lên phần bầu mắt dưới, tạo đường phân chia rõ ràng.
3.  Có thể thêm màu thứ ba vào góc mắt hoặc hốc mắt để tăng chiều sâu.

Kỹ thuật này giúp đôi mắt trông nổi bật, cá tính và là cách tuyệt vời để thể hiện sự sáng tạo.
"
Cách chọn bronzer cho tông da trung tính?,"Với tông da trung tính, bạn may mắn vì có thể thử nhiều loại bronzer khác nhau! Hãy tìm các sắc thái bronzer có undertone ấm áp hoặc trung tính, tránh các màu quá cam hoặc quá lạnh. 

**Bước 1:** Chọn màu bronzer sẫm hơn tông da tự nhiên của bạn 1-2 tông.
**Bước 2:** Ưu tiên các màu như đào, caramel hoặc nâu vàng.
**Bước 3:** Thử bronzer lên đường quai hàm để đảm bảo màu hòa hợp với da.
"
Làm sao tạo makeup cho buổi tiệc nướng gia đình?,"Chào bạn, để có một lớp trang điểm phù hợp cho buổi tiệc nướng gia đình, bạn nên ưu tiên sự tự nhiên, thoải mái.

1.  **Chuẩn bị da:** Dưỡng ẩm kỹ để da căng bóng.
2.  **Nền:** Dùng kem nền mỏng nhẹ, hoặc BB cream để che phủ vừa phải.
3.  **Mắt:** Phấn mắt màu nude hoặc nâu nhạt, chuốt mascara để mở mắt.
4.  **Má:** Hồng đào nhẹ nhàng để có vẻ tươi tắn.
5.  **Môi:** Son dưỡng hoặc son màu cam đất, hồng san hô.

Tránh trang điểm quá đậm để phù hợp với không khí thân mật của buổi tiệc.
"
"Kỹ thuật ""glossy lids"" là gì?","""Glossy lids"" (bờ mi bóng) là kỹ thuật trang điểm mắt tạo hiệu ứng đôi mắt căng mọng, lấp lánh như vừa được phủ sương. 

**Cách thực hiện:**

1.  **Phấn mắt:** Thoa một lớp phấn mắt lì hoặc nhũ nhẹ.
2.  **Son bóng/Gel bóng:** Dùng cọ nhỏ hoặc đầu ngón tay thoa một lớp mỏng son bóng không màu hoặc gel bóng lên bầu mắt, tập trung ở giữa.
3.  **Hoàn thiện:** Có thể thêm chút nhũ mắt để tăng độ lấp lánh.

Kỹ thuật này giúp đôi mắt trông trẻ trung, tươi tắn và thu hút hơn.
"
Cách chọn phấn phủ cho da lão hóa?,"Chào bạn, với da lão hóa, việc chọn phấn phủ cần đặc biệt chú ý để tránh làm lộ nếp nhăn và khô da. 

**Bước 1:** Ưu tiên phấn phủ dạng bột mịn, hoặc phấn nước (cushion) có độ ẩm cao.
**Bước 2:** Chọn phấn có chứa các thành phần dưỡng ẩm như hyaluronic acid, vitamin E.
**Bước 3:** Tránh phấn phủ có nhũ, vì nhũ sẽ làm nổi bật nếp nhăn.
**Bước 4:** Chọn tông màu phấn phù hợp với màu da, không quá sáng hoặc quá tối.
**Lý do:** Da lão hóa thường mỏng và khô, cần được cung cấp độ ẩm và che phủ nhẹ nhàng."
Làm sao tạo makeup cho buổi lễ hội âm nhạc ban ngày?,"Để có makeup phù hợp lễ hội âm nhạc ban ngày, bạn nên ưu tiên sự tươi trẻ, năng động và bền màu.

1.  **Chuẩn bị da:** Dưỡng ẩm kỹ, dùng kem chống nắng.
2.  **Nền:** Chọn foundation/BB cream mỏng nhẹ, che khuyết điểm vừa đủ.
3.  **Mắt:** Phấn mắt màu pastel hoặc nhũ nhẹ, kẻ eyeliner mảnh, mascara chống thấm nước.
4.  **Má:** Phấn má hồng tone cam đào hoặc hồng san hô.
5.  **Môi:** Son tint hoặc son bóng màu tươi tắn.
6.  **Khóa lớp makeup:** Xịt khóa makeup để giữ lớp trang điểm bền lâu.

Lý do: Lễ hội âm nhạc thường diễn ra ngoài trời, cần makeup bền màu và tự nhiên.
"
"Kỹ thuật ""reverse cat eye"" là gì?","Kỹ thuật ""reverse cat eye"" (mắt mèo ngược) là xu hướng trang điểm mắt mới, tập trung vào việc nhấn nhá phần đuôi mắt dưới thay vì viền mắt trên như mắt mèo truyền thống. 

**Cách thực hiện:**

1.  Dùng eyeliner (gel, chì hoặc nước) vẽ một đường mỏng sát đường mi dưới, bắt đầu từ 2/3 đuôi mắt và kéo dài ra ngoài.
2.  Có thể nối đường kẻ này với đường viền mắt trên để tạo hiệu ứng mắt mèo hoàn chỉnh, hoặc giữ riêng để tạo vẻ ngoài tự nhiên, phóng khoáng.

Kỹ thuật này giúp mở rộng và làm sáng mắt, phù hợp với nhiều hình dáng mắt khác nhau.
"
Cách chọn son môi cho da ngăm vào mùa xuân?,"Chào bạn! Với làn da ngăm vào mùa xuân, bạn nên ưu tiên các màu son ấm áp và tươi sáng để khuôn mặt trông rạng rỡ hơn.

**Gợi ý các màu son:**

1.  **Đỏ cam:** Màu đỏ cam tươi tắn sẽ làm nổi bật làn da ngăm.
2.  **Hồng san hô:** Màu hồng san hô nhẹ nhàng, nữ tính và phù hợp với thời tiết xuân.
3.  **Cam đất:** Màu cam đất trầm ấm, tạo cảm giác ấm áp và thanh lịch.
4.  **Nâu đào:** Màu nâu đào dịu nhẹ, giúp đôi môi trông đầy đặn và quyến rũ.

**Lưu ý:** Tránh các màu son quá tối hoặc quá nhạt, vì chúng có thể làm da bạn trông xỉn màu hơn.
"
Làm sao làm sạch beauty blender sau khi dùng phấn mắt đậm?,"Chào bạn, việc làm sạch beauty blender sau khi dùng phấn mắt đậm rất quan trọng để đảm bảo vệ sinh và tuổi thọ của sản phẩm. Đây là các bước thực hiện:

1. **Rửa sạch:** Xả beauty blender dưới vòi nước ấm cho đến khi nước trong.
2. **Sử dụng chất tẩy rửa:** Cho một lượng nhỏ dầu tẩy trang hoặc xà phòng dịu nhẹ lên blender, nhẹ nhàng bóp và xoay để loại bỏ phấn mắt.
3. **Xả lại:** Tiếp tục xả sạch cho đến khi không còn bọt.
4. **Làm khô:** Vắt nhẹ nước và để khô tự nhiên ở nơi thoáng mát.

Việc dùng dầu tẩy trang giúp hòa tan các hạt phấn, đặc biệt là phấn mắt có dầu, hiệu quả hơn.
"
"Kỹ thuật ""monochrome coral"" là gì?","Kỹ thuật ""monochrome coral"" (hồng san hô đơn sắc) là xu hướng trang điểm sử dụng duy nhất một tông màu hồng san hô trên toàn bộ khuôn mặt, tạo nên vẻ ngoài tươi tắn, trẻ trung và hài hòa. 

**Cách thực hiện:**

1.  **Phấn má:** Chọn phấn má hồng san hô làm điểm nhấn.
2.  **Mắt:** Sử dụng phấn mắt cùng tông san hô, tán nhẹ nhàng.
3.  **Môi:** Son môi hồng san hô, có thể dùng son tint để tự nhiên hơn.
4.  **Da:** Có thể dùng chút phấn hồng san hô để tăng độ ửng hồng cho da.

Mục đích là tạo sự liền mạch, không có sự chuyển màu đột ngột, mang lại vẻ đẹp nhẹ nhàng, thanh lịch.
"
Cách chọn primer cho da khô vào mùa hè?,"Chào bạn, với da khô vào mùa hè, primer là bước quan trọng để giữ lớp trang điểm bền và không bị cakey. Hãy chọn primer có kết cấu dạng kem hoặc dầu, chứa các thành phần dưỡng ẩm như hyaluronic acid, glycerin, hoặc dầu thực vật (jojoba, argan). 

**Bước 1:** Ưu tiên các loại primer có chức năng cấp ẩm, làm mềm da.
**Bước 2:** Tránh primer chứa cồn, vì cồn làm da khô hơn.
**Bước 3:** Thoa một lượng nhỏ primer lên vùng da khô sau khi đã dưỡng ẩm đầy đủ.
"
Làm sao tạo makeup cho buổi tiệc thuyền ban ngày?,"Để có lớp trang điểm phù hợp cho buổi tiệc thuyền ban ngày, bạn nên ưu tiên sự tươi tắn và tự nhiên.

1.  **Kem nền:** Chọn loại có độ che phủ nhẹ, chống nước và có chỉ số SPF.
2.  **Mắt:** Sử dụng phấn mắt màu nude hoặc pastel, kết hợp với mascara chống thấm nước.
3.  **Má:** Tô má hồng màu đào hoặc cam san hô để tạo vẻ khỏe khoắn.
4.  **Môi:** Son dưỡng có màu hoặc son tint nhẹ nhàng.
5.  **Khóa lớp trang điểm:** Xịt xịt khóa trang điểm để giữ lớp makeup bền lâu dưới ánh nắng."
"Kỹ thuật ""sculpted brows"" là gì?","Kỹ thuật ""sculpted brows"" (tạo hình chân mày) là phương pháp định hình chân mày sắc sảo, tự nhiên bằng cách kết hợp các kỹ thuật như tỉa, wax, hoặc dùng chỉ để loại bỏ những sợi lông không mong muốn, sau đó dùng bút chì, phấn hoặc gel để tạo khối và vẽ lại hình dáng chân mày mong muốn. 

Mục đích là tạo hiệu ứng chân mày dày dặn, có chiều sâu, và phù hợp với cấu trúc khuôn mặt, giúp khuôn mặt trông thon gọn và có biểu cảm hơn.
"
Cách chọn eyeliner cho makeup sân khấu?,"Để chọn eyeliner cho makeup sân khấu, bạn cần ưu tiên độ bền màu và khả năng lên màu sắc nét. Eyeliner gel hoặc eyeliner nước không lem là lựa chọn tốt nhất vì chúng giữ được màu sắc dưới ánh đèn mạnh và không bị chảy khi diễn. Màu đen tuyền là phổ biến, nhưng bạn có thể thử các màu đậm khác để tạo điểm nhấn. Quan trọng nhất, hãy thử trước để đảm bảo eyeliner không gây kích ứng và phù hợp với phong cách trang điểm tổng thể.
"
Làm sao tạo makeup cho buổi tiệc đính hôn?,"Chào bạn, để có makeup đẹp cho buổi đính hôn, bạn nên ưu tiên sự tinh tế, sang trọng và phù hợp với trang phục.

1.  **Chuẩn bị da:** Dưỡng ẩm kỹ lưỡng để lớp nền mịn màng.
2.  **Nền:** Chọn foundation có độ che phủ vừa phải, tán đều.
3.  **Mắt:** Phấn mắt tông màu ấm như nâu, đồng hoặc champagne. Có thể thêm chút nhũ nhẹ.
4.  **Má:** Sử dụng phấn má hồng đào hoặc hồng san hô để tạo vẻ tươi tắn.
5.  **Môi:** Son màu nude, hồng đào hoặc đỏ cam tùy theo màu da và trang phục.

Lưu ý: Đừng quên khóa lớp makeup bằng xịt khóa để giữ bền màu bạn nhé!
"
Cách chọn phấn mắt cho mắt nâu?,"Chào bạn! Với đôi mắt nâu, bạn rất may mắn vì có thể ""cân"" được nhiều màu phấn mắt khác nhau. Tuy nhiên, để đôi mắt thêm nổi bật, hãy ưu tiên các tông màu ấm như đồng, vàng đồng, cam đất, hoặc các màu trung tính như nâu tây, be. Các màu tím plum, xanh rêu cũng rất tôn mắt nâu. Tránh các màu quá sáng hoặc quá tối gần màu mắt để tránh làm mắt trông xỉn màu.
"
Làm sao làm sạch cọ sau khi dùng son kem?,"Chào bạn, việc vệ sinh cọ sau khi dùng son kem rất quan trọng để đảm bảo vệ sinh và kéo dài tuổi thọ cọ. Đây là các bước thực hiện:

1. **Loại bỏ son thừa:** Dùng khăn giấy hoặc bông gòn lau nhẹ nhàng để loại bỏ lượng son kem còn sót lại trên cọ.
2. **Vệ sinh bằng dung dịch chuyên dụng:** Đổ một lượng nhỏ dung dịch vệ sinh cọ (hoặc dầu dừa/dầu olive) lên lòng bàn tay, xoay nhẹ cọ trên lòng bàn tay để làm tan son.
3. **Rửa sạch:** Rửa cọ dưới nước ấm, nhẹ nhàng bóp để loại bỏ hoàn toàn dung dịch và son.
4. **Làm khô:** Vắt nhẹ nước, dùng khăn sạch thấm khô và để cọ khô tự nhiên, lông cọ hướng xuống dưới.
"
"Kỹ thuật ""negative space liner"" là gì?","Kỹ thuật ""negative space liner"" (kẻ mắt khoảng trống) là xu hướng trang điểm mắt độc đáo, tạo hiệu ứng ấn tượng bằng cách *không* tô đầy toàn bộ đường kẻ mắt. Thay vào đó, bạn kẻ các đường nét rời rạc, tạo ra những khoảng trống hình học trên bầu mắt. 

**Cách thực hiện:**

1.  Sử dụng eyeliner (gel, liquid hoặc pencil) kẻ các đường song song hoặc hình khối theo ý muốn.
2.  Chừa khoảng trống giữa các đường kẻ, tạo điểm nhấn và chiều sâu cho mắt.
3.  Có thể kết hợp với eyeshadow để tăng thêm sự nổi bật.

Kỹ thuật này phù hợp với các dịp đặc biệt, giúp đôi mắt trông nghệ thuật và thu hút.
"
Cách chọn kem nền cho da nhạy cảm vào mùa xuân?,"Chào bạn, việc chọn kem nền cho da nhạy cảm vào mùa xuân cần sự cẩn trọng. Đầu tiên, ưu tiên các sản phẩm có thành phần dịu nhẹ, không chứa hương liệu, cồn, và paraben. Chọn loại kem nền có chỉ số SPF để bảo vệ da khỏi ánh nắng xuân. 

Thứ hai, ưu tiên kết cấu mỏng nhẹ như kem lỏng hoặc cushion để tránh gây bí bách. Cuối cùng, hãy thử sản phẩm trên một vùng da nhỏ trước khi sử dụng toàn mặt để đảm bảo không gây kích ứng.
"
Làm sao tạo makeup cho buổi tiệc công ty ban đêm?,"Để có lớp trang điểm phù hợp buổi tiệc công ty ban đêm, bạn nên tập trung vào đôi mắt và đôi môi.

1.  **Nền:** Chọn kem nền có độ che phủ vừa phải, kết hợp phấn phủ để giữ lớp nền bền vững.
2.  **Mắt:** Sử dụng phấn mắt tông màu tối (nâu, xám, tím) để tạo chiều sâu. Đừng quên kẻ eyeliner và mascara.
3.  **Môi:** Son màu đỏ rượu, hồng đất hoặc cam đất sẽ giúp bạn nổi bật.
4.  **Má:** Thêm chút phấn má hồng để khuôn mặt tươi tắn hơn.

Lưu ý: Ánh sáng yếu nên trang điểm đậm hơn bình thường một chút nhé!
"
"Kỹ thuật ""pop of color"" là gì?","""Pop of color"" là kỹ thuật trang điểm tập trung sử dụng một màu sắc nổi bật, tương phản trên nền trang điểm trung tính (như mắt, môi hoặc má). Thay vì trang điểm toàn diện với nhiều màu sắc, ""pop of color"" tạo điểm nhấn thu hút, giúp khuôn mặt tươi sáng và thể hiện cá tính. Ví dụ, bạn có thể dùng son đỏ tươi với trang điểm mắt và má nhẹ nhàng, hoặc kẻ mắt xanh dương trên nền mắt nude.
"
Cách chọn setting spray cho da hỗn hợp?,"Chào bạn, với da hỗn hợp, việc chọn setting spray cần cân nhắc kỹ để vừa giữ lớp trang điểm bền, vừa kiểm soát dầu thừa ở vùng chữ T. 

**Bước 1:** Ưu tiên các loại setting spray có chứa thành phần kiểm soát dầu như Silica hoặc Zinc PCA.
**Bước 2:** Chọn loại có kết cấu nhẹ, dạng xịt phun sương mịn để tránh gây bí da.
**Bước 3:** Tránh các sản phẩm quá cấp ẩm nếu vùng chữ T của bạn dễ đổ dầu.
**Bước 4:** Thử nghiệm trên một vùng da nhỏ trước khi sử dụng toàn mặt để đảm bảo không gây kích ứng."
Làm sao tạo makeup cho buổi lễ hội Diwali?,"Chào bạn, để có makeup lộng lẫy cho lễ hội Diwali, bạn có thể làm theo các bước sau:

1. **Chuẩn bị da:** Dưỡng ẩm kỹ để lớp nền mịn màng.
2. **Nền:** Chọn foundation lì, che phủ tốt, tán đều.
3. **Mắt:** Sử dụng phấn mắt màu vàng đồng, cam hoặc đỏ, tán nhũ để tạo điểm nhấn. Kẻ eyeliner đen sắc sảo và chuốt mascara.
4. **Má:** Đánh má hồng màu cam đào hoặc hồng san hô.
5. **Môi:** Son đỏ tươi hoặc cam đất sẽ rất hợp với không khí lễ hội.
6. **Highlight:** Đừng quên highlight vùng gò má, sống mũi để khuôn mặt thêm rạng rỡ!
"
"Kỹ thuật ""deconstructed liner"" là gì?","Kỹ thuật ""deconstructed liner"" (kẻ mắt phá cách) là xu hướng trang điểm mắt hiện đại, tạo hiệu ứng mắt sắc sảo nhưng không quá hoàn hảo, cứng nhắc như kẻ mắt thông thường. 

**Cách thực hiện:** Thay vì kẻ một đường viền liền mạch, bạn dùng eyeliner (gel, chì, hoặc nước) tạo các đường nét ngắn, rời rạc dọc theo đường mi mắt. Sau đó, dùng cọ nhỏ hoặc tăm bông tán nhẹ để làm mờ, hòa quyện các đường nét này với nhau. 

**Lý do:** Tạo chiều sâu cho mắt, phù hợp với nhiều hình dáng mắt và mang lại vẻ đẹp tự nhiên, phóng khoáng.
"
Cách chọn mascara cho mi ngắn và thẳng?,"Để chọn mascara cho mi ngắn và thẳng, bạn nên ưu tiên các loại có công thức ""lengthening"" (kéo dài mi) và ""volumizing"" (tạo độ dày mi). Chọn đầu cọ nhỏ, thưa hoặc hình trụ để dễ dàng tiếp cận và phủ đều mi từ gốc đến ngọn. Mascara có chứa sợi fiber cũng giúp mi trông dài hơn. Cuối cùng, hãy chọn loại không gây vón cục để mi trông tự nhiên và cong nhẹ.
"
Làm sao tạo makeup cho buổi tiệc trên sân thượng?,"Để có lớp trang điểm hoàn hảo cho buổi tiệc trên sân thượng, bạn nên ưu tiên sự tươi tắn và tự nhiên.

1.  **Chuẩn bị da:** Dưỡng ẩm kỹ để da căng bóng.
2.  **Nền:** Chọn foundation mỏng nhẹ, che khuyết điểm vừa đủ.
3.  **Mắt:** Phấn mắt màu nude hoặc champagne, kẻ eyeliner mảnh và mascara.
4.  **Má:** Sử dụng phấn má hồng đào hoặc cam đất để tạo vẻ khỏe khoắn.
5.  **Môi:** Son bóng hoặc son kem màu nude/ hồng san hô.

Lớp trang điểm này giúp bạn tỏa sáng dưới ánh đèn mà vẫn thoải mái, không bị quá dày cộm.
"
"Kỹ thuật ""ombre brows"" là gì?","Ombre brows là kỹ thuật tạo hình xăm chân mày với hiệu ứng chuyển màu từ đậm ở phần đầu chân mày đến nhạt dần về đuôi, giống như kỹ thuật ombre trong trang điểm. 

**Các bước thực hiện:**

1.  **Thiết kế:** Định hình dáng chân mày phù hợp với khuôn mặt.
2.  **Xăm màu:** Sử dụng máy xăm để đưa mực vào da, tạo hiệu ứng đậm nhạt.
3.  **Hoàn thiện:** Điều chỉnh màu sắc và hình dáng cho tự nhiên nhất.

Kỹ thuật này phù hợp với mọi đối tượng, đặc biệt là người có chân mày thưa, nhạt màu.
"
Cách chọn bronzer cho da lão hóa?,"Chào bạn, với da lão hóa, việc chọn bronzer cần chú ý để tránh làm lộ rõ nếp nhăn và da khô.

1.  **Chọn chất kem:** Ưu tiên bronzer dạng kem hoặc lỏng, có độ ẩm cao để không làm khô da.
2.  **Màu sắc:** Chọn tông màu ấm áp, không quá tối, như màu đào hoặc đồng nhẹ. Tránh màu quá cam hoặc nâu đỏ.
3.  **Cách tán:** Tán nhẹ nhàng theo đường xương gò má, tránh tập trung quá nhiều sản phẩm ở rãnh nhăn.
4.  **Hoàn thiện:** Dùng cọ mềm để tán đều, giúp bronzer hòa quyện với da tự nhiên."
Làm sao tạo makeup cho buổi lễ hội mùa hè?,"Để có makeup lễ hội mùa hè tươi trẻ, bạn nên ưu tiên sự rạng rỡ và bền màu.

1.  **Chuẩn bị da:** Dưỡng ẩm kỹ, dùng kem chống nắng.
2.  **Nền:** Chọn foundation/BB cream mỏng nhẹ, độ che phủ vừa phải.
3.  **Mắt:** Phấn mắt màu cam đào, hồng san hô, hoặc xanh ngọc. Có thể thêm nhũ lấp lánh.
4.  **Má:** Sử dụng phấn má hồng tone cam hoặc hồng đào.
5.  **Môi:** Son bóng hoặc son tint màu tươi tắn.
6.  **Khóa lớp makeup:** Xịt khóa makeup để giữ lớp trang điểm bền lâu dưới thời tiết nóng ẩm."
"Kỹ thuật ""wet blush"" là gì?","Kỹ thuật ""wet blush"" (má hồng ướt) là một xu hướng trang điểm giúp má hồng bám lâu hơn và trông tự nhiên hơn. Thay vì đánh trực tiếp lên da khô, bạn dùng cọ ẩm (hoặc xịt khoáng) làm ướt nhẹ cọ rồi lấy phấn má hồng. 

Cách này giúp phấn bám vào da thay vì bám vào lớp phấn nền, tạo hiệu ứng ""trong da"" và đôi má ửng hồng khỏe khoắn. Phù hợp với các loại má hồng kem, lỏng hoặc phấn nén.
"
Cách chọn son môi cho makeup tối giản?,"Để chọn son môi cho makeup tối giản, hãy ưu tiên những màu sắc tự nhiên, gần với màu môi thật hoặc chỉ đậm hơn một chút. Các lựa chọn lý tưởng là các tông nude, hồng đào, cam đất hoặc đỏ gạch. Chất son nên là matte hoặc satin để tạo vẻ thanh lịch, không quá bóng bẩy. Quan trọng nhất, hãy thử son trực tiếp lên môi để đảm bảo màu sắc phù hợp với tông da của bạn nhé!
"
Làm sao làm sạch beauty blender sau khi dùng phấn contour?,"Chào bạn, việc vệ sinh beauty blender sau khi dùng phấn contour rất quan trọng để đảm bảo vệ sinh và tuổi thọ của sản phẩm. Đây là các bước thực hiện:

1. **Loại bỏ phấn thừa:** Nhẹ nhàng bóp beauty blender dưới vòi nước ấm để loại bỏ bớt phấn.
2. **Sử dụng chất tẩy rửa:** Cho một lượng nhỏ dầu tẩy trang hoặc sữa rửa mặt lên blender, nhẹ nhàng xoa đều.
3. **Rửa sạch:** Rửa lại bằng nước ấm cho đến khi nước trong.
4. **Làm khô:** Vắt nhẹ và để khô tự nhiên ở nơi thoáng mát.

Việc dùng nước ấm và chất tẩy rửa giúp làm sạch sâu, ngăn ngừa vi khuẩn phát triển.
"
"Kỹ thuật ""glitter cut crease"" là gì?","Kỹ thuật ""glitter cut crease"" là một xu hướng trang điểm mắt nổi bật, tạo hiệu ứng đường cắt mắt sâu và lấp lánh.

**Các bước thực hiện:**

1.  **Tạo đường cut crease:** Dùng phấn tối màu hoặc kem tạo khối vẽ một đường cong từ hốc mắt lên phía đuôi mắt, tạo ảo giác mắt sâu hơn.
2.  **Phủ glitter:** Bôi keo dán mi hoặc primer lên đường cut crease vừa tạo, sau đó dùng cọ nhỏ gắn glitter lên.
3.  **Hoàn thiện:** Đánh phấn mắt lên phần còn lại của bầu mắt và kẻ eyeliner, mascara để hoàn thiện.

Kỹ thuật này giúp đôi mắt trông ấn tượng và thu hút hơn, thường được sử dụng trong các dịp đặc biệt.
"
Cách chọn primer cho makeup chụp ảnh?,"Để chọn primer cho makeup chụp ảnh, bạn cần lưu ý một số điểm sau:

1. **Loại da:** Da dầu chọn primer kiềm dầu, da khô chọn primer dưỡng ẩm.
2. **Hiệu ứng:** Primer silicone giúp lấp đầy lỗ chân lông, tạo bề mặt mịn màng; primer dạng nước nhẹ nhàng, phù hợp makeup tự nhiên.
3. **Chức năng:** Chọn primer có khả năng làm đều màu da, tăng độ bám của makeup để ảnh lên đẹp tự nhiên và bền màu.
"
Làm sao tạo makeup cho buổi tiệc Valentine?,"Để có makeup Valentine lãng mạn, bạn nên tập trung vào đôi mắt và môi.

1.  **Mắt:** Chọn phấn mắt tông hồng đào, cam đất hoặc tím nhạt. Phủ nhũ nhẹ nhàng ở bầu mắt. Kẻ eyeliner mảnh, cong nhẹ và chuốt mascara.
2.  **Môi:** Son đỏ tươi, hồng san hô hoặc cam cháy là lựa chọn hoàn hảo.
3.  **Da:** Trang điểm nền nhẹ nhàng, tập trung vào che khuyết điểm và tạo độ glow khỏe khoắn. Đừng quên má hồng phớt nhẹ để tăng vẻ ngọt ngào."
"Kỹ thuật ""floating liner"" là gì?","""Floating liner"" là kỹ thuật kẻ mắt tạo hiệu ứng đường kẻ mắt không liền mạch với đường mi mắt, mà ""lơ lửng"" phía trên. 

**Cách thực hiện:**
1.  Kẻ một đường mỏng dọc theo đường gấp mi trên, nhưng không nối liền với đường viền mắt.
2.  Tập trung vào phần đuôi mắt, tạo độ cong nhẹ.
3.  Có thể dùng phấn mắt tối màu để làm mờ đường kẻ, tạo hiệu ứng mềm mại.

Kỹ thuật này giúp mắt trông to và sâu hơn, phù hợp với nhiều hình dáng mắt và tạo phong cách trang điểm độc đáo.
"
Cách chọn phấn phủ cho da dầu vào mùa xuân?,"Chào bạn, với da dầu vào mùa xuân, việc chọn phấn phủ rất quan trọng để kiềm dầu và giữ lớp trang điểm bền lâu. Bạn nên ưu tiên phấn phủ dạng bột, có chứa các thành phần như silica hoặc zinc oxide để hấp thụ dầu thừa. 

Chọn phấn có kết cấu mịn, tránh phấn quá dày gây bí da. Màu phấn nên tiệp với màu da hoặc sáng hơn một tông để tạo hiệu ứng tươi sáng. Đừng quên dùng cọ phủ phấn nhẹ nhàng để tránh làm dày lớp trang điểm nhé!
"
Làm sao tạo makeup cho buổi tiệc ngoài vườn?,"Để có lớp trang điểm phù hợp cho buổi tiệc ngoài vườn, bạn nên ưu tiên sự tự nhiên, tươi tắn nhưng vẫn đủ nổi bật.

1.  **Chuẩn bị da:** Dưỡng ẩm kỹ để da căng bóng.
2.  **Nền:** Chọn kem nền nhẹ nhàng, độ che phủ vừa phải, kết hợp kem chống nắng.
3.  **Mắt:** Phấn mắt màu nude, hồng đào hoặc cam đất. Kẻ mắt mảnh, dùng mascara làm dày mi.
4.  **Má:** Phấn má hồng tone đào hoặc cam san hô để tạo vẻ khỏe khoắn.
5.  **Môi:** Son dưỡng hoặc son màu nhẹ nhàng như hồng baby, cam san hô.

Lưu ý: Cố định lớp trang điểm bằng xịt khoáng để bền màu hơn nhé!
"
"Kỹ thuật ""stained lips"" là gì?","Kỹ thuật ""stained lips"" (môi nhuộm) là xu hướng trang điểm tạo hiệu ứng đôi môi tự nhiên, như vừa ăn quả mọng. Bạn dùng son kem hoặc son tint đánh lòng môi, sau đó dùng ngón tay hoặc cọ tán đều ra ngoài. 

**Các bước thực hiện:**
1. Đánh son lòng môi.
2. Tán đều ra ngoài bằng ngón tay hoặc cọ.
3. Thấm bớt để màu tự nhiên hơn.

Kỹ thuật này giúp môi trông căng mọng, trẻ trung và bền màu hơn so với đánh son thông thường.
"
Làm sao tạo makeup cho buổi lễ hội Tết Nguyên Đán?,"Để có makeup Tết rạng rỡ, bạn nên ưu tiên sự tươi tắn và nổi bật.

1.  **Chuẩn bị da:** Dưỡng ẩm kỹ để lớp nền mịn màng.
2.  **Nền:** Chọn foundation/cushion có độ che phủ vừa phải, tông màu sáng hơn da 1 chút.
3.  **Mắt:** Phấn mắt màu đỏ, cam đất hoặc gold, đánh nhũ nhẹ ở bầu mắt. Kẻ eyeliner mảnh, chuốt mascara.
4.  **Má:** Sử dụng phấn má hồng đào hoặc cam san hô để tạo vẻ ấm áp.
5.  **Môi:** Son đỏ tươi hoặc cam đỏ là lựa chọn hoàn hảo.

Lưu ý: Giữ lớp makeup nhẹ nhàng, tránh quá dày để trông tự nhiên, tươi tắn trong ngày Tết.
"
"Kỹ thuật ""aurora eyes"" là gì?","""Aurora eyes"" (đôi mắt cực quang) là kỹ thuật trang điểm mắt lấy cảm hứng từ hiện tượng cực quang. Kỹ thuật này tập trung vào việc tạo hiệu ứng chuyển màu mềm mại, đa sắc trên bầu mắt, thường kết hợp các tông màu như tím, hồng, xanh lam, và ánh bạc/ngọc trai. 

**Cách thực hiện:**

1.  **Chuẩn bị:** Phủ phấn mắt nhũ nhẹ lên toàn bộ bầu mắt.
2.  **Tạo chuyển màu:** Dùng cọ blending, nhẹ nhàng tán các màu sắc lên bầu mắt, tập trung ở hốc mắt và đuôi mắt, tạo hiệu ứng hòa quyện tự nhiên.
3.  **Hoàn thiện:** Thêm chút nhũ lấp lánh ở giữa bầu mắt để tăng hiệu ứng ""cực quang"".
"
Cách chọn son môi cho da dầu vào mùa hè?,"Chào bạn! Với da dầu vào mùa hè, việc chọn son môi cần lưu ý để tránh tình trạng son nhanh trôi và gây bóng nhờn. 

**Bước 1:** Ưu tiên son có kết cấu lì (matte) hoặc bán lì (satin) vì chúng ít chứa dầu hơn.
**Bước 2:** Chọn son có thành phần nhẹ, không gây bí da, tránh các loại son quá bóng hoặc nhiều dưỡng.
**Bước 3:** Nên dùng son kem hoặc son thỏi thay vì son bóng.
**Bước 4:** Trước khi đánh son, hãy dùng khăn giấy thấm bớt dầu trên môi.
"
Làm sao làm sạch cọ sau khi dùng phấn mắt chứa glitter lớn?,"Chào bạn, việc làm sạch cọ sau khi dùng phấn mắt có glitter lớn cần cẩn thận để không làm hỏng cọ và loại bỏ hoàn toàn glitter. Đây là các bước:

1. **Loại bỏ phấn thừa:** Gõ nhẹ cọ lên mặt sau tay hoặc khăn giấy để loại bỏ phấn mắt khô.
2. **Sử dụng dung dịch chuyên dụng:** Xịt dung dịch làm sạch cọ hoặc dầu tẩy trang lên cọ.
3. **Làm sạch nhẹ nhàng:** Xoay cọ trên miếng pad tẩy trang hoặc khăn mềm, tập trung vào phần đầu cọ.
4. **Rửa lại với nước ấm:** Rửa sạch cọ dưới vòi nước ấm cho đến khi nước trong.
5. **Làm khô:** Dùng khăn sạch thấm bớt nước, sau đó để cọ khô tự nhiên, đầu cọ hướng xuống dưới.

Việc này giúp đảm bảo cọ luôn sạch sẽ, mềm mại và sẵn sàng cho lần sử dụng tiếp theo.
"
"Kỹ thuật ""soft glam"" là gì?","""Soft glam"" là kỹ thuật trang điểm tập trung vào vẻ đẹp tự nhiên, nâng tông da và làm nổi bật các đường nét một cách tinh tế. 

**Các bước chính:**

1.  **Nền:** Sử dụng kem nền nhẹ nhàng, che khuyết điểm ở vùng cần thiết.
2.  **Mắt:** Phấn mắt tông màu nude, nâu ấm, kết hợp chút nhũ. Kẻ mắt mảnh và mascara.
3.  **Má:** Phấn má hồng màu đào hoặc hồng san hô.
4.  **Môi:** Son nude, hồng baby hoặc son bóng.

Kỹ thuật này phù hợp với mọi dịp, giúp bạn trông tươi tắn, rạng rỡ mà không quá cầu kỳ.
"
Cách chọn kem nền cho da hỗn hợp vào mùa xuân?,"Chào bạn, với da hỗn hợp vào mùa xuân, việc chọn kem nền cần cân bằng giữa cấp ẩm và kiểm soát dầu. 

**Bước 1:** Ưu tiên kem nền có kết cấu nhẹ, như lotion, mousse hoặc cushion.
**Bước 2:** Chọn loại có thành phần kiểm soát dầu vùng T (trán, mũi, cằm) nhưng vẫn đủ ẩm cho vùng má.
**Bước 3:** Tìm các từ khóa như ""oil-free"", ""mattifying"", ""hydrating"" trên sản phẩm.
**Bước 4:** Thử kem nền trên da trước khi mua để đảm bảo màu sắc và độ phù hợp.
"
Làm sao tạo makeup cho buổi hẹn cà phê ban ngày?,"Để có lớp trang điểm tự nhiên cho buổi hẹn cà phê ban ngày, bạn hãy thực hiện các bước sau:

1. **Chuẩn bị da:** Dưỡng ẩm nhẹ nhàng.
2. **Nền:** Dùng kem nền mỏng, nhẹ hoặc BB cream để che phủ khuyết điểm vừa đủ.
3. **Mắt:** Phấn mắt màu nude hoặc nâu nhạt, kẻ eyeliner mảnh và chuốt mascara.
4. **Má:** Phấn má hồng màu đào hoặc cam san hô để tạo vẻ tươi tắn.
5. **Môi:** Son dưỡng hoặc son tint màu nhẹ nhàng.

Lưu ý: Ưu tiên sự tự nhiên, tránh trang điểm quá đậm.
"
"Kỹ thuật ""laminated brows"" là gì?","""Laminated brows"" (hay còn gọi là ""chuốt mày dựng sợi"") là kỹ thuật tạo hình dáng cho lông mày bằng cách sử dụng dung dịch làm mềm và cố định sợi lông mày. 

**Các bước thực hiện:**

1.  **Làm sạch:** Loại bỏ dầu thừa và bụi bẩn trên lông mày.
2.  **Chuốt lông:** Chải lông mày theo hướng mong muốn.
3.  **Sử dụng dung dịch:** Thoa đều dung dịch lên lông mày, giữ trong vài phút.
4.  **Cố định:** Chải lại lông mày và cố định dáng bằng gel.

Kỹ thuật này giúp lông mày trông dày dặn, đầy đặn và giữ nếp lâu hơn, tạo hiệu ứng đôi mắt mở to hơn.
"
Cách chọn mascara cho mi cong tự nhiên?,"Để chọn mascara cho mi cong tự nhiên, bạn nên ưu tiên các loại có công thức nhẹ, không quá dày đặc. Mascara dạng sợi (fiber mascara) giúp kéo dài mi, tạo độ cong nhưng vẫn giữ được vẻ tự nhiên. Đầu cọ nhỏ, có thể xoay giúp dễ dàng tiếp cận từng sợi mi, đặc biệt là mi ở góc mắt. Màu đen nâu sẽ phù hợp hơn màu đen tuyền nếu bạn muốn vẻ ngoài tự nhiên, mềm mại.
"
Làm sao giữ makeup đẹp khi đi leo núi?,"Chào bạn, để giữ makeup bền đẹp khi leo núi, bạn cần ưu tiên sự tối giản và lâu trơì.

1.  **Dưỡng ẩm kỹ:** Da đủ ẩm giúp lớp nền bám tốt hơn.
2.  **Sử dụng primer:** Khóa lỗ chân lông, giúp makeup không bị trôi.
3.  **Chọn nền lì, chống nước:** Tránh nền ẩm hoặc quá bóng.
4.  **Tập trung vào vùng quan trọng:** Che khuyết điểm, đánh má hồng nhẹ nhàng.
5.  **Cố định bằng xịt khóa makeup:** Giúp lớp makeup bám dính, chống mồ hôi.

Nhớ mang theo giấy thấm dầu để kiểm soát dầu thừa trong quá trình vận động nhé!
"
"Kỹ thuật ""sun-kissed glow"" là gì?","Kỹ thuật ""sun-kissed glow"" (làn da hôn nắng) là tạo hiệu ứng da căng bóng, khỏe khoắn như vừa trải qua kỳ nghỉ nắng ấm. 

**Các bước thực hiện:**

1.  **Che khuyết điểm:** Tạo lớp nền hoàn hảo.
2.  **Highlight:** Tập trung highlight lên gò má, sống mũi, trán, cằm và nhân trung.
3.  **Bronzer:** Sử dụng bronzer màu ấm, tán nhẹ nhàng dưới gò má, hai bên thái dương và đường chân tóc.
4.  **Blush:** Thêm chút blush hồng đào để tăng độ tươi tắn.

**Lý do:** Highlight bắt sáng, bronzer tạo chiều sâu, blush tăng sắc hồng tự nhiên, kết hợp tạo hiệu ứng ""sun-kissed"".
"
Cách chọn bronzer cho da lạnh vào mùa đông?,"Chào bạn! Với da lạnh vào mùa đông, việc chọn bronzer cần chú trọng đến undertone ấm áp để trung hòa sắc tố da. Hãy chọn bronzer có tông màu đào, vàng đào hoặc cam đất thay vì các tông quá đỏ hoặc nâu lạnh.

**Các bước chọn bronzer:**

1.  **Xác định undertone:** Da lạnh thường có undertone hồng hoặc tím.
2.  **Chọn màu:** Ưu tiên bronzer ấm áp như đã nêu trên.
3.  **Chất phấn:** Nên chọn phấn mịn, dễ tán để tránh làm da trông khô hơn trong mùa đông.
4.  **Thử trước khi mua:** Tốt nhất là thử trực tiếp trên da để đảm bảo màu sắc phù hợp."
Làm sao tạo makeup cho buổi tiệc tùng đêm hè?,"Để có lớp trang điểm tiệc tùng đêm hè rạng rỡ, bạn nên tập trung vào sự tươi tắn và lấp lánh.

1.  **Chuẩn bị da:** Dưỡng ẩm kỹ để lớp nền mịn màng.
2.  **Nền:** Chọn foundation mỏng nhẹ, kết hợp kem che khuyết điểm.
3.  **Mắt:** Sử dụng phấn mắt nhũ ánh vàng, cam hoặc hồng. Kẻ eyeliner và mascara để đôi mắt thêm sâu.
4.  **Má:** Tô má hồng màu đào hoặc cam san hô.
5.  **Môi:** Son màu đỏ cam, hồng san hô hoặc nude bóng.
6.  **Highlight:** Đừng quên highlight vùng gò má, sống mũi để bắt sáng."
"Kỹ thuật ""graphic liner"" là gì?","Kỹ thuật ""graphic liner"" là kiểu kẻ mắt tạo hình độc đáo, vượt ra ngoài đường kẻ mắt thông thường. Thay vì đi theo đường viền mắt tự nhiên, graphic liner sử dụng những đường kẻ sắc sảo, hình học như cánh sắc nhọn, đường thẳng, hoặc các hình khối khác để tạo điểm nhấn. 

Để thực hiện, bạn cần kẻ mắt nước hoặc gel liner, sử dụng cọ bản dẹt để dễ dàng tạo hình. Kỹ thuật này đòi hỏi sự tỉ mỉ và luyện tập để có được đường kẻ chính xác, ấn tượng.
"
Cách chọn phấn phủ cho da nhạy cảm?,"Chào bạn, với da nhạy cảm, việc chọn phấn phủ cần đặc biệt cẩn thận. Hãy ưu tiên các sản phẩm:

1. **Không chứa hương liệu, cồn, paraben:** Các chất này dễ gây kích ứng.
2. **Chọn phấn khoáng (mineral powder):** Thành phần tự nhiên, dịu nhẹ, ít gây bí da.
3. **Tìm các dòng sản phẩm dành riêng cho da nhạy cảm:** Thường có ghi rõ trên bao bì.
4. **Test thử trước khi mua:** Thoa một vùng nhỏ lên da để kiểm tra phản ứng.
5. **Ưu tiên phấn phủ dạng bột:** Dễ kiểm soát lượng dùng và tránh gây nặng mặt.
"
Làm sao tạo makeup cho buổi lễ hội Carnival?,"Chào bạn, để có makeup lộng lẫy cho lễ hội Carnival, hãy bắt đầu với lớp nền hoàn hảo, che phủ tốt nhưng vẫn nhẹ nhàng. Tiếp theo, tập trung vào mắt với màu sắc rực rỡ như xanh, tím, vàng, có thể vẽ thêm họa tiết cầu kỳ. Đừng quên gắn thêm đá lấp lánh, lông mi giả ấn tượng. Son môi màu đậm hoặc ombre sẽ hoàn thiện vẻ ngoài rực rỡ, cá tính. Quan trọng nhất là thỏa sức sáng tạo và tận hưởng lễ hội nhé!
"
"Kỹ thuật ""double wing liner"" là gì?","""Double wing liner"" (kẻ mắt hai cánh) là kỹ thuật tạo hiệu ứng cánh mắt sắc sảo và ấn tượng hơn bằng cách kẻ hai đường liner song song. Đầu tiên, bạn kẻ một đường liner cánh cơ bản. Sau đó, song song và ngay dưới đường liner đó, kẻ thêm một đường nữa, mỏng hơn. Việc này tạo độ sâu, giúp đôi mắt trông to tròn và cuốn hút hơn, đặc biệt phù hợp với mắt một mí hoặc mắt hơi xếch.
"
Cách chọn son môi cho buổi tiệc tối mùa thu?,"Để chọn son môi cho buổi tiệc tối mùa thu, bạn nên ưu tiên các tông màu ấm áp và trầm hơn. Các màu như đỏ gạch, cam đất, nâu chocolate hoặc tím berry sẽ rất phù hợp với không khí mùa thu và ánh đèn buổi tối. 

**Bước 1:** Xác định tông da của bạn (ấm, lạnh, trung tính).
**Bước 2:** Nếu da ấm, chọn các màu cam, đỏ cam. Nếu da lạnh, chọn đỏ rượu, tím berry.
**Bước 3:** Chất son lì hoặc satin sẽ giữ màu tốt hơn trong suốt buổi tiệc.
"
Làm sao làm sạch beauty blender sau khi dùng phấn mắt kim loại?,"Chào bạn, việc làm sạch beauty blender sau khi dùng phấn mắt kim loại cần cẩn thận để tránh làm hỏng dụng cụ và loại bỏ hoàn toàn sắc tố. Đây là các bước:

1. **Loại bỏ phấn thừa:** Gõ nhẹ beauty blender để loại bỏ phấn mắt thừa.
2. **Rửa với nước ấm & dầu tẩy trang:** Nhấn nhẹ beauty blender dưới vòi nước ấm, dùng dầu tẩy trang (hoặc nước rửa chuyên dụng) để hòa tan các hạt phấn kim loại.
3. **Xả sạch & lặp lại:** Xả kỹ bằng nước ấm cho đến khi nước trong. Lặp lại nếu cần.
4. **Phơi khô:** Để beauty blender khô tự nhiên ở nơi thoáng mát.

**Lý do:** Dầu tẩy trang giúp phá vỡ các hạt phấn kim loại bám dính, tránh làm tắc nghẽn và làm hỏng cấu trúc blender.
"
"Kỹ thuật ""pastel smokey"" là gì?","Kỹ thuật ""pastel smokey"" là biến tấu của smokey eyes truyền thống, nhưng sử dụng các tông màu pastel nhẹ nhàng thay vì màu tối. 

**Các bước thực hiện:**

1.  **Chuẩn bị:** Thoa kem lót mắt.
2.  **Tạo khối:** Dùng cọ tán màu pastel nhạt (ví dụ: hồng pastel, xanh lavender) lên toàn bộ bầu mắt.
3.  **Đậm dần:** Tăng dần độ đậm màu ở đuôi mắt bằng màu pastel đậm hơn cùng tông.
4.  **Tán đều:** Tán kỹ để các màu hòa quyện, tạo hiệu ứng chuyển màu mềm mại.
5.  **Hoàn thiện:** Kẻ eyeliner mảnh và chuốt mascara.

Kỹ thuật này tạo đôi mắt mơ màng, nhẹ nhàng, phù hợp với mùa hè hoặc phong cách trang điểm tự nhiên.
"
Cách chọn primer cho da lão hóa vào mùa đông?,"Chào bạn, với da lão hóa vào mùa đông, việc chọn primer cần tập trung vào dưỡng ẩm và làm đầy nếp nhăn. 

**Bước 1:** Ưu tiên primer chứa các thành phần như hyaluronic acid, glycerin, hoặc dầu thực vật để cấp ẩm sâu, chống khô da.
**Bước 2:** Chọn loại có silicone (dimethicone) giúp làm mờ nếp nhăn và lỗ chân lông, tạo bề mặt mịn màng.
**Bước 3:** Tránh primer chứa cồn, vì có thể làm da khô hơn.
**Lý do:** Mùa đông da dễ mất nước, primer dưỡng ẩm sẽ giúp lớp nền mịn màng, không bị cakey.
"
Làm sao tạo makeup cho buổi tiệc trên bãi biển?,"Để có lớp trang điểm hoàn hảo cho buổi tiệc trên bãi biển, bạn nên ưu tiên sự nhẹ nhàng, tự nhiên và bền vững.

1.  **Dưỡng ẩm:** Bắt đầu với kem dưỡng ẩm để da đủ ẩm dưới ánh nắng.
2.  **Kem chống nắng:** Quan trọng nhất! Chọn loại có chỉ số SPF cao.
3.  **Trang điểm nhẹ:** Dùng BB cream hoặc cushion thay phấn nền.
4.  **Màu sắc tươi sáng:** Thêm chút màu hồng đào hoặc cam san hô lên má và môi.
5.  **Chống thấm nước:** Sử dụng mascara và eyeliner chống thấm nước để tránh lem.
"
"Kỹ thuật ""feathered liner"" là gì?","Kỹ thuật ""feathered liner"" (kẻ mắt lông vũ) là xu hướng trang điểm mắt tạo hiệu ứng đường kẻ mắt mềm mại, mờ dần như lông chim. Thay vì đường kẻ sắc nét, bạn dùng cọ nhỏ hoặc tăm bông tán nhẹ eyeliner (gel, chì hoặc liquid) ra ngoài đuôi mắt. 

**Cách thực hiện:** Kẻ eyeliner như bình thường, sau đó dùng cọ đầu vát hoặc tăm bông làm sạch, nhẹ nhàng tán phần đuôi eyeliner ra ngoài để tạo hiệu ứng mờ. Kỹ thuật này phù hợp với nhiều hình dáng mắt, giúp đôi mắt trông to tròn và tự nhiên hơn.
"
Cách chọn eyeliner cho da dầu?,"Chào bạn! Với da dầu, eyeliner dễ bị lem và trôi là vấn đề thường gặp. Để khắc phục, bạn nên ưu tiên các loại eyeliner có công thức chống thấm nước (waterproof) hoặc lâu trôi (long-lasting). 

*   **Eyeliner gel:** Độ bám tốt, ít bị lem.
*   **Eyeliner chì:** Chọn loại có thành phần sáp cao, chống nước.
*   **Eyeliner nước:** Nên chọn loại có đầu bút mảnh, dễ kiểm soát và công thức lâu trôi.

Trước khi dùng, hãy đảm bảo vùng mắt đã được dùng kem lót mắt để tăng độ bám và kiểm soát dầu."
Làm sao tạo makeup cho buổi lễ hội ánh đèn?,"Để có makeup lộng lẫy cho lễ hội ánh đèn, bạn nên tập trung vào mắt và má.

1.  **Mắt:** Dùng phấn mắt nhũ lấp lánh màu xanh, tím hoặc vàng đồng. Đánh đậm ở mí mắt và hốc mắt, sau đó tán đều. Kẻ eyeliner lấp lánh và gắn mi giả để đôi mắt thêm nổi bật.
2.  **Má:** Sử dụng phấn má hồng có nhũ hoặc highlighter để tạo hiệu ứng tỏa sáng.
3.  **Môi:** Chọn son bóng hoặc son kem lì có màu sắc tươi tắn như hồng, cam hoặc đỏ.

Lý do: Ánh đèn sẽ làm nổi bật các chi tiết lấp lánh và màu sắc tươi sáng.
"
"Kỹ thuật ""marble lips"" là gì?","Kỹ thuật ""marble lips"" (môi cẩm thạch) là xu hướng trang điểm môi tạo hiệu ứng vân đá tự nhiên, độc đáo. 

**Cách thực hiện:**

1.  **Tạo lớp nền:** Đánh son kem hoặc son lì màu nude/màu da làm base.
2.  **Thêm màu:** Dùng cọ nhỏ, lấy các màu son khác nhau (thường là hồng, đỏ, cam) và nhẹ nhàng chồng lên lớp nền theo đường vân ngẫu nhiên.
3.  **Tạo vân:** Dùng tăm bông hoặc cọ nhỏ hòa trộn nhẹ các màu để tạo hiệu ứng vân đá mềm mại.
4.  **Hoàn thiện:** Có thể dùng son bóng không màu để tăng độ căng mọng.

Kỹ thuật này giúp đôi môi trông đầy đặn và ấn tượng hơn.
"
Cách chọn kem nền cho da khô vào mùa thu?,"Chào bạn, với da khô vào mùa thu, việc chọn kem nền cần ưu tiên dưỡng ẩm. Hãy tìm các loại kem nền có kết cấu lỏng nhẹ, chứa thành phần hyaluronic acid, glycerin, hoặc dầu thực vật. 

**Các bước chọn kem nền:**

1.  **Xác định độ che phủ:** Da khô thường mỏng manh, nên ưu tiên độ che phủ nhẹ đến trung bình.
2.  **Chọn loại nền:** Kem dưỡng ẩm có màu, BB cream, hoặc cushion là lựa chọn tốt.
3.  **Thử màu:** Thử màu trên đường quai hàm để chọn màu phù hợp với da.

Tránh các loại kem nền dạng bột hoặc có cồn, vì chúng sẽ làm da khô hơn.
"
Làm sao tạo makeup cho buổi tiệc công ty mùa đông?,"Để có lớp trang điểm phù hợp buổi tiệc công ty mùa đông, bạn nên ưu tiên vẻ đẹp thanh lịch, tinh tế.

1.  **Nền:** Chọn kem nền có độ che phủ vừa phải, kết hợp phấn phủ để giữ lớp nền bền vững.
2.  **Mắt:** Sử dụng phấn mắt tông màu ấm như nâu đồng, vàng champagne. Có thể thêm chút nhũ để tăng điểm nhấn.
3.  **Má:** Tô má hồng màu hồng đào hoặc cam đất để khuôn mặt tươi tắn.
4.  **Môi:** Son đỏ ruby hoặc màu nude đất là lựa chọn hoàn hảo.

Lưu ý: Giữ cho lớp trang điểm hài hòa, không quá cầu kỳ để phù hợp với môi trường công sở.
"
"Kỹ thuật ""holographic highlight"" là gì?","Kỹ thuật ""holographic highlight"" (tạo khối highlight cầu vồng) là xu hướng trang điểm tạo hiệu ứng bắt sáng đa chiều, lấp lánh như ánh holographic. 

**Cách thực hiện:**
1.  **Chọn sản phẩm:** Sử dụng highlighter dạng kem hoặc phấn có các hạt ngọc trai màu sắc (hồng, tím, xanh lá cây...).
2.  **Đánh highlight:** Tập trung vào các vị trí bắt sáng như gò má, sống mũi, nhân trung, khóe mắt và dưới chân mày.
3.  **Tạo hiệu ứng:** Có thể dùng cọ nhỏ để tán đều, hoặc dùng ngón tay để tạo hiệu ứng highlight tập trung hơn.

Kỹ thuật này giúp khuôn mặt trông tươi tắn, trẻ trung và thu hút.
"
Cách chọn mascara cho người có mi dài nhưng thưa?,"Chào bạn, với hàng mi dài nhưng thưa, bạn nên chọn mascara có công thức chứa nhiều sợi fiber (sợi tơ) hoặc có khả năng dày mi. 

**Các bước chọn mascara:**

1.  **Ưu tiên độ dày:** Mascara ""volumizing"" sẽ giúp mi trông đầy đặn hơn.
2.  **Sợi fiber:** Các sợi tơ nhỏ sẽ bám vào mi, tạo cảm giác mi dày hơn tức thì.
3.  **Lựa chọn đầu cọ:** Đầu cọ to, nhiều lông tơ sẽ giúp phủ đều mascara lên từng sợi mi.
4.  **Tránh loại quá ướt:** Mascara quá ướt có thể làm mi bị nặng và dễ bị cụp."
Làm sao tạo makeup cho buổi lễ hội mùa đông?,"Để có makeup lễ hội mùa đông lấp lánh, bạn hãy bắt đầu với lớp nền ẩm mịn, sử dụng kem nền có độ che phủ vừa phải. Tiếp theo, nhấn nhá mắt với phấn mắt tông lạnh như xanh dương, tím, hoặc bạc. Đừng quên kẻ eyeliner và mascara để đôi mắt thêm sâu hút. Thêm chút highlighter ở gò má, sống mũi và nhân trung để bắt sáng. Son môi đỏ ruby hoặc màu berry sẽ hoàn thiện vẻ ngoài quyến rũ, ấm áp cho mùa đông.
"
"Kỹ thuật ""smudged liner"" là gì?","Kỹ thuật ""smudged liner"" (kẻ mắt nhòe) tạo hiệu ứng đôi mắt sâu hơn, quyến rũ và tự nhiên hơn so với đường kẻ mắt sắc nét.

**Cách thực hiện:**

1.  Kẻ mắt bằng eyeliner (bút chì hoặc gel) dọc theo đường mi trên và/hoặc dưới.
2.  Dùng cọ nhỏ, tăm bông hoặc đầu ngón tay nhẹ nhàng nhòe đường kẻ, hòa tan màu vào da.
3.  Có thể dùng thêm phấn mắt cùng tông màu để tăng độ đậm và hiệu ứng ""smudge"".

Kỹ thuật này phù hợp với nhiều hình dáng mắt và phong cách trang điểm, từ nhẹ nhàng hàng ngày đến cá tính, nổi bật.
"
Cách chọn bronzer cho da nhạy cảm?,"Chào bạn! Với da nhạy cảm, việc chọn bronzer cần đặc biệt cẩn thận. Hãy ưu tiên các sản phẩm dạng kem hoặc cushion, có thành phần dịu nhẹ, không chứa hương liệu, cồn và dầu khoáng. Chọn màu bronzer tối hơn da 1-2 tông để tạo hiệu ứng tự nhiên.

**Bước 1:** Đọc kỹ thành phần.
**Bước 2:** Thử sản phẩm trên vùng da nhỏ (cổ tay) trước khi dùng lên mặt.
**Bước 3:** Chọn bronzer có kết cấu mịn, dễ tán để tránh gây kích ứng.
"
Làm sao tạo makeup cho buổi tiệc ngoài trời mùa xuân?,"Để có lớp trang điểm tươi tắn cho buổi tiệc ngoài trời mùa xuân, bạn nên ưu tiên sự nhẹ nhàng, tự nhiên.

1.  **Dưỡng ẩm:** Bước quan trọng để lớp nền mịn màng.
2.  **Kem nền mỏng nhẹ:** Chọn loại có SPF để bảo vệ da.
3.  **Màu má hồng đào/cam:** Tạo vẻ khỏe khoắn, tươi trẻ.
4.  **Mắt:** Phấn mắt màu pastel hoặc nâu nhạt, kết hợp mascara.
5.  **Son:** Son dưỡng có màu hoặc son hồng san hô.

Tránh trang điểm quá đậm vì ánh nắng có thể làm lớp makeup bị chảy.
"
"Kỹ thuật ""tightline"" là gì?","Kỹ thuật ""tightline"" (hay còn gọi là ""lining nước mắt"") là vẽ eyeliner ở đường viền trong của mi mắt trên. Thay vì vẽ lên mí mắt, bạn vẽ trực tiếp vào chân mi. 

**Cách thực hiện:**
1. Nhấc nhẹ mi mắt trên.
2. Dùng eyeliner gel hoặc chì kẻ mắt đen, vẽ một đường mỏng sát chân mi.
3. Mục đích là làm dày mi mắt, tạo cảm giác mắt to và sâu hơn, đồng thời che đi khoảng trống giữa các sợi mi. Kỹ thuật này giúp mắt trông tự nhiên hơn so với việc kẻ eyeliner thông thường.
"
Cách chọn son môi cho da lão hóa vào mùa hè?,"Chào bạn, với da lão hóa vào mùa hè, việc chọn son môi cần chú trọng sự mềm mại và dưỡng ẩm.

**Bước 1:** Ưu tiên chất son dưỡng, son kem hoặc son có thành phần dầu thực vật để tránh làm khô môi, gây lộ vân môi.
**Bước 2:** Màu son nên chọn tông ấm áp như hồng đào, cam san hô, hoặc đỏ cam. Tránh các màu quá tối hoặc quá sáng, vì có thể làm da trông xỉn màu hơn.
**Bước 3:** Đánh son nhẹ nhàng, có thể dùng cọ để son đều và tự nhiên hơn.
"
Làm sao làm sạch cọ sau khi dùng phấn má hồng dạng kem?,"Chào bạn, việc làm sạch cọ sau khi dùng phấn má hồng kem rất quan trọng để đảm bảo vệ sinh và kéo dài tuổi thọ cọ. Đây là các bước thực hiện:

1. **Loại bỏ phấn thừa:** Dùng khăn giấy hoặc miếng bông gòn lau nhẹ nhàng để loại bỏ lượng phấn kem còn sót lại trên cọ.
2. **Rửa cọ:** Sử dụng nước rửa cọ chuyên dụng hoặc dầu gội em bé pha loãng với nước ấm. Nhẹ nhàng xoay cọ trên lòng bàn tay để tạo bọt và làm sạch.
3. **Xả sạch:** Rửa sạch cọ dưới vòi nước ấm cho đến khi nước trong.
4. **Làm khô:** Vắt nhẹ nước và đặt cọ nằm ngang trên khăn sạch để khô tự nhiên. Tránh phơi trực tiếp dưới ánh nắng mặt trời.
"
"Kỹ thuật ""chromatic eyes"" là gì?","Kỹ thuật ""chromatic eyes"" (mắt sắc màu) là xu hướng trang điểm mắt sử dụng các màu sắc tương phản hoặc bổ túc để tạo chiều sâu và sự nổi bật cho đôi mắt. 

**Cách thực hiện:**

1.  **Chọn màu:** Chọn 2-3 màu sắc tương phản (ví dụ: xanh dương - cam, tím - vàng).
2.  **Phủ màu nền:** Sử dụng màu nhạt làm nền cho toàn bộ bầu mắt.
3.  **Tạo khối:** Tô màu đậm hơn ở đuôi mắt và hốc mắt để tạo chiều sâu.
4.  **Đan xen:** Nhẹ nhàng hòa trộn các màu để tạo hiệu ứng chuyển màu mượt mà.

Kỹ thuật này giúp đôi mắt trông sống động và thu hút hơn.
"
Cách chọn phấn phủ cho makeup sân khấu?,"Để chọn phấn phủ cho makeup sân khấu, bạn cần ưu tiên loại có khả năng khóa lớp nền tốt, kiểm soát dầu và đặc biệt là **phấn phủ trong suốt (translucent)** hoặc **phấn phủ màu da (tone-on-tone)**. 

**Bước 1:** Chọn phấn phủ dạng bột mịn, giúp tránh hiện tượng cakey dưới ánh đèn.
**Bước 2:** Ưu tiên phấn có chứa silica, giúp hút dầu tốt hơn.
**Bước 3:** Test màu phấn trên da để đảm bảo không bị trắng bệch hoặc quá tối so với màu da thật.
"
Làm sao tạo makeup cho buổi tiệc sinh nhật ban ngày?,"Để có lớp trang điểm tươi tắn cho tiệc sinh nhật ban ngày, bạn nên ưu tiên sự nhẹ nhàng, tự nhiên.

1.  **Chuẩn bị da:** Dưỡng ẩm kỹ để lớp nền mịn màng.
2.  **Nền:** Dùng kem nền mỏng nhẹ, che khuyết điểm vừa đủ.
3.  **Màu mắt:** Chọn tông pastel hoặc màu nude, tán đều.
4.  **Má hồng:** Tô má hồng đào hoặc cam san hô để khuôn mặt ửng hồng.
5.  **Son:** Son bóng hoặc son kem màu hồng đào, cam tươi sẽ rất phù hợp.

Tránh trang điểm quá đậm để không bị ""lố"" dưới ánh sáng tự nhiên nhé!
"
"Kỹ thuật ""inner corner highlight"" là gì?","""Inner corner highlight"" là kỹ thuật đánh highlight vào góc trong của mắt, nơi tiếp giáp giữa đường nước mắt và bầu mắt. Mục đích là để mở rộng và làm sáng đôi mắt, tạo cảm giác mắt to tròn và long lanh hơn. 

**Cách thực hiện:** Dùng cọ nhỏ hoặc ngón tay nhẹ nhàng thoa một lượng nhỏ phấn highlight (màu champagne, ngọc trai hoặc trắng ngà) vào góc trong mắt. Tránh dùng phấn quá trắng hoặc quá nhiều để tránh gây phản tác dụng.
"
Cách chọn primer cho da dầu vào mùa đông?,"Chào bạn, với da dầu vào mùa đông, việc chọn primer cần cân nhắc kỹ để vừa kiểm soát dầu, vừa giữ ẩm cho da. 

**Bước 1:** Ưu tiên các loại primer có kết cấu gel hoặc lỏng nhẹ, chứa silicone (dimethicone) giúp lấp đầy lỗ chân lông và tạo bề mặt mịn màng.
**Bước 2:** Tìm các thành phần hút dầu như bột khoáng hoặc kẽm oxide.
**Bước 3:** Chọn primer có thêm thành phần dưỡng ẩm nhẹ nhàng như hyaluronic acid để tránh da bị khô căng.
**Lý do:** Mùa đông da dầu vẫn đổ dầu nhưng dễ bị mất nước, nên cần cân bằng cả hai yếu tố.
"
Làm sao tạo makeup cho buổi lễ hội hóa trang?,"Chào bạn, để có makeup ấn tượng cho lễ hội hóa trang, bạn có thể làm theo các bước sau:

1. **Chọn chủ đề:** Xác định nhân vật hoặc phong cách bạn muốn hóa trang.
2. **Tạo lớp nền:** Sử dụng kem nền phù hợp với tông da, che khuyết điểm kỹ càng.
3. **Tạo khối:** Đánh khối và highlight để tạo chiều sâu cho khuôn mặt, đặc biệt nếu hóa trang nhân vật có đặc điểm khác biệt.
4. **Trang điểm mắt:** Sử dụng màu mắt đậm, vẽ eyeliner sắc sảo và gắn mi giả để đôi mắt nổi bật.
5. **Son môi:** Chọn màu son phù hợp với nhân vật và đánh kỹ lưỡng.
6. **Hoàn thiện:** Thêm các chi tiết đặc trưng như hình vẽ, đính đá, lông mi giả... để hoàn thiện makeup.
"
"Kỹ thuật ""soft contour"" là gì?","Kỹ thuật ""soft contour"" (tạo khối nhẹ nhàng) là phương pháp tạo chiều sâu cho khuôn mặt một cách tự nhiên, không quá sắc nét như contouring truyền thống. 

**Các bước thực hiện:**

1.  **Chọn sản phẩm:** Dùng phấn hoặc kem contour màu tối hơn da 2-3 tông, chất kem/phấn mịn.
2.  **Đánh:** Tập trung đánh dọc theo xương gò má (từ tai về khóe miệng), hai bên thái dương và đường viền hàm.
3.  **Tán:** Tán kỹ bằng cọ mềm hoặc mút trang điểm để không còn đường nét rõ ràng, hòa quyện với da.

**Lý do:** Soft contour phù hợp với makeup hàng ngày, giúp khuôn mặt thon gọn mà vẫn giữ được vẻ tự nhiên, mềm mại.
"
Cách chọn son môi cho makeup chụp ảnh màu?,"Để chọn son môi cho makeup chụp ảnh màu, bạn cần lưu ý:

1. **Màu sắc:** Ưu tiên các màu son trầm ấm như đỏ đất, cam đất, hồng nude. Tránh son quá sáng hoặc quá tối vì dễ bị loang màu.
2. **Chất son:** Chọn son lì hoặc son kem lì để lên màu chuẩn và bền màu, hạn chế bị bóng nhẫy gây phản sáng.
3. **Độ tương phản:** Son nên có độ tương phản nhẹ với màu da và trang điểm mắt để tạo điểm nhấn.
4. **Thử trước:** Luôn thử son trước khi chụp để đảm bảo màu son phù hợp với ánh sáng và concept ảnh.
"
Làm sao làm sạch beauty blender sau khi dùng son lì?,"Chào bạn, việc làm sạch beauty blender sau khi dùng son lì cần cẩn thận để tránh làm hỏng dụng cụ và đảm bảo vệ sinh. Đây là các bước:

1. **Loại bỏ son thừa:** Gõ nhẹ blender vào tay để loại bỏ phần son thừa.
2. **Rửa với nước ấm & chất tẩy trang:** Dùng nước ấm và chất tẩy trang chuyên dụng cho cọ/beauty blender (hoặc dầu tẩy trang dịu nhẹ) để làm sạch sâu.
3. **Bóp nhẹ nhàng:** Bóp nhẹ nhàng để loại bỏ son lì, tránh kéo xé.
4. **Xả sạch & phơi khô:** Xả sạch bằng nước ấm, sau đó dùng khăn sạch thấm nhẹ và phơi khô ở nơi thoáng mát.
"
"Kỹ thuật ""glossy contour"" là gì?","""Glossy contour"" là kỹ thuật tạo khối bằng cách sử dụng sản phẩm highlight dạng lỏng hoặc kem có độ bóng cao, thay vì phấn highlight thông thường.

**Các bước thực hiện:**

1.  **Tạo khối:** Dùng sản phẩm contour (kem hoặc stick) tạo khối như bình thường.
2.  **Highlight bóng:** Thoa highlight lỏng/kem lên vùng cao của gò má, sống mũi, trán và cằm.
3.  **Tạo độ bóng:** Dặm nhẹ phấn highlight bột lên trên lớp highlight lỏng để tăng độ bám và tạo hiệu ứng ""trong veo"".

Kỹ thuật này giúp da trông căng mọng, khỏe mạnh và có hiệu ứng bắt sáng tự nhiên hơn.
"
Cách chọn eyeliner cho người có mí mắt nhỏ?,"Chào bạn! Với mí mắt nhỏ, eyeliner cần chọn loại đầu bút mảnh, màu tối (đen, nâu sẫm) để tạo hiệu ứng mắt to hơn. Nên ưu tiên các chất liệu như gel, chì hoặc liquid liner có khả năng bám tốt, không lem. 

**Cách đánh:** Vẽ đường eyeliner mảnh sát đường chân mi trên, tập trung vào 2/3 đường mắt ngoài và hơi kéo dài. Tránh vẽ đường quá dày hoặc đậm ở mí mắt trong, sẽ làm mắt trông nhỏ hơn. Có thể dùng phấn mắt tối màu nhẹ nhàng tán ở đuôi mắt để tăng chiều sâu.
"
Làm sao tạo makeup cho buổi tiệc hồ bơi ban ngày?,"Để có lớp trang điểm hoàn hảo cho buổi tiệc hồ bơi ban ngày, hãy ưu tiên sự tươi tắn và tự nhiên.

1.  **Kem chống nắng:** Bắt đầu với kem chống nắng phổ rộng, chỉ số SPF 30 trở lên.
2.  **Nền:** Sử dụng BB cream hoặc cushion để có lớp nền mỏng nhẹ, chống thấm nước.
3.  **Màu mắt:** Chọn phấn mắt màu nude hoặc pastel.
4.  **Má hồng:** Thêm chút má hồng đào hoặc cam để khuôn mặt rạng rỡ.
5.  **Son:** Son dưỡng có màu hoặc son tint là lựa chọn lý tưởng.
6.  **Chống thấm nước:** Sử dụng mascara và eyeliner chống thấm nước."
"Kỹ thuật ""rose gold eyes"" là gì?","Kỹ thuật ""rose gold eyes"" (mắt hồng vàng) là xu hướng trang điểm mắt sử dụng các tông màu hồng pha chút vàng đồng, tạo hiệu ứng lấp lánh ấm áp và sang trọng. 

**Các bước thực hiện:**

1.  **Phủ phấn mắt màu hồng nhạt** lên toàn bộ bầu mắt làm lớp nền.
2.  **Tạo khối** với phấn màu hồng đồng ở hốc mắt.
3.  **Highlight** vùng đầu mắt và dưới chân mày bằng phấn màu vàng đồng hoặc champagne.
4.  **Hoàn thiện** bằng mascara và có thể thêm chút nhũ lấp lánh.

Màu sắc này phù hợp với nhiều màu da, đặc biệt tôn lên đôi mắt xanh lá cây và nâu.
"
Làm sao tạo makeup cho buổi lễ cưới truyền thống Việt Nam?,"Để có lớp trang điểm cưới truyền thống Việt Nam hoàn hảo, bạn cần:

1. **Chuẩn bị da:** Dưỡng ẩm kỹ để lớp nền mịn màng.
2. **Nền:** Chọn phấn nền tông màu tự nhiên, che khuyết điểm kỹ lưỡng.
3. **Mắt:** Phấn mắt màu hồng đào, cam đất hoặc nâu tây, đánh nhũ nhẹ nhàng. Kẻ mắt mèo thanh lịch.
4. **Má:** Hồng đào hoặc cam san hô, tạo gò má cao.
5. **Môi:** Son đỏ tươi hoặc đỏ cam, đánh lòng môi để tự nhiên.
6. **Điểm nhấn:** Chân mày cong nhẹ, gắn mi giả để đôi mắt to tròn hơn.
"
"Kỹ thuật ""galaxy eyes"" là gì?","""Galaxy eyes"" là kỹ thuật trang điểm mắt tạo hiệu ứng vũ trụ lấp lánh, huyền ảo. Đầu tiên, bạn dùng phấn mắt tối màu (đen, xanh navy) làm nền. Sau đó, điểm xuyết các màu nhũ lấp lánh như tím, xanh, bạc, trắng lên bầu mắt, tập trung ở giữa và hốc mắt. Dùng cọ nhỏ tán đều để tạo hiệu ứng chuyển màu mờ ảo như dải ngân hà. Cuối cùng, thêm chút nhũ lấp lánh nhỏ li ti để tăng độ lung linh. Kỹ thuật này giúp đôi mắt trông sâu thẳm và thu hút hơn.
"
Cách chọn son môi cho da sáng vào mùa đông?,"Chào bạn! Với làn da sáng vào mùa đông, bạn nên ưu tiên các màu son ấm áp để tạo sự tươi tắn, tránh chọn màu quá nhạt làm da trông xỉn màu.

**Gợi ý:**

1.  **Đỏ cam/Đỏ gạch:** Rất hợp với da sáng, mang đến vẻ ấm áp.
2.  **Hồng đất/Cam đất:** Nhấn vào sự dịu dàng, nữ tính.
3.  **Nâu tây:** Tạo vẻ sang trọng, cá tính.

**Lưu ý:** Chất son nên chọn dưỡng ẩm tốt để tránh môi bị khô nứt trong thời tiết lạnh."
"Kỹ thuật ""soft blur"" là gì?","Kỹ thuật ""soft blur"" (làm mờ mềm mại) trong trang điểm tạo hiệu ứng làn da mịn màng, tự nhiên như được filter. Thay vì che phủ hoàn toàn, kỹ thuật này tập trung vào làm giảm độ sắc nét của các đường nét, khuyết điểm.

**Cách thực hiện:**

1.  **Kem nền:** Chọn loại kem nền có độ che phủ nhẹ đến trung bình.
2.  **Phấn phủ:** Dùng phấn phủ dạng bột mịn, đánh nhẹ nhàng theo chuyển động xoay tròn.
3.  **Highlight/Contour:** Sử dụng highlight và contour với tông màu nhẹ nhàng, blend kỹ để tạo chiều sâu tự nhiên.
"
Cách chọn kem nền cho da nhạy cảm vào mùa hè?,"Chào bạn, chọn kem nền cho da nhạy cảm mùa hè cần ưu tiên sự nhẹ nhàng và bảo vệ.

1. **Chọn loại:** Ưu tiên kem nền dạng lỏng, mousse hoặc cushion thay vì kem đặc.
2. **Thành phần:** Tìm các thành phần dịu nhẹ, không chứa cồn, hương liệu, paraben. Ưu tiên có thêm thành phần dưỡng ẩm, chỉ số SPF.
3. **Kiểm tra:** Thử sản phẩm trên vùng da nhỏ trước khi dùng toàn mặt để đảm bảo không gây kích ứng.
4. **Kết cấu:** Chọn loại kem nền có kết cấu mỏng nhẹ, dễ tán, không gây bí bách lỗ chân lông.
"
Làm sao tạo makeup cho buổi tiệc Halloween ban đêm?,"Để có makeup Halloween ấn tượng cho buổi tiệc đêm, bạn nên tập trung vào mắt và môi.

1.  **Nền:** Sử dụng kem nền lì, che phủ tốt để bền màu suốt đêm.
2.  **Mắt:** Chọn màu mắt đậm (đen, tím, đỏ) và kỹ thuật tán mắt ombre hoặc smoky eyes. Đừng quên kẻ mắt mèo sắc sảo và gắn mi giả.
3.  **Môi:** Son môi màu đậm như đỏ rượu, đen hoặc tím than sẽ tạo điểm nhấn.
4.  **Hoàn thiện:** Thêm các chi tiết như vẽ mạng nhện, hình xăm hoặc đính đá lấp lánh để tăng thêm phần ma quái.
"
"Kỹ thuật ""winged shadow"" là gì?","Kỹ thuật ""winged shadow"" (bóng mắt cánh chim) là một kiểu trang điểm mắt tạo hiệu ứng mắt sâu hơn, sắc sảo hơn.

**Các bước thực hiện:**

1.  **Tạo khối:** Dùng phấn mắt tối (nâu, xám) đánh dọc theo hốc mắt và kéo dài về phía đuôi mắt, tạo hình dáng cánh chim.
2.  **Tán đều:** Tán nhẹ nhàng để đường viền được mềm mại, không bị đứt đoạn.
3.  **Highlight:** Sử dụng phấn nhũ hoặc phấn sáng ở bọng mắt và dưới chân mày để làm nổi bật.

Kỹ thuật này phù hợp với nhiều hình dáng mắt, đặc biệt là mắt một mí hoặc mắt hơi sụp.
"
Cách chọn mascara cho người có mi ngắn?,"Để chọn mascara cho mi ngắn, bạn nên ưu tiên các loại có công thức giúp mi trông dài và cong hơn. Mascara chứa sợi nylon hoặc sợi cellulose sẽ ""nối dài"" mi tự nhiên. Đầu cọ nhỏ, thon gọn giúp dễ dàng tiếp cận và phủ đều mi từ gốc đến ngọn. 

Ngoài ra, mascara có màu đen hoặc nâu đậm sẽ tạo cảm giác mi dày và rõ hơn. Bạn có thể dùng thêm kỹ thuật chải mascara theo đường zig-zag để tăng hiệu quả làm dài mi.
"
Làm sao giữ makeup đẹp khi đi du lịch sa mạc?,"Để giữ lớp makeup bền đẹp khi đi du lịch sa mạc, bạn cần chuẩn bị kỹ lưỡng:

1. **Dưỡng ẩm:** Cấp ẩm sâu cho da trước khi trang điểm để chống khô.
2. **Primer:** Sử dụng primer giúp khóa ẩm, làm mịn da và tăng độ bám cho makeup.
3. **Makeup chống nước/mồ hôi:** Ưu tiên các sản phẩm có khả năng chống thấm nước, mồ hôi.
4. **Setting spray:** Xịt setting spray sau khi hoàn thành để cố định lớp makeup.
5. **Mang theo giấy thấm dầu:** Thấm dầu thường xuyên để tránh makeup bị lem.
"
"Kỹ thuật ""bronze halo"" là gì?","Kỹ thuật ""bronze halo"" (vầng hào quang đồng) là xu hướng trang điểm tạo khối nhẹ nhàng, tập trung đánh phấn bronzer hình vòng cung ôm lấy vùng thái dương, gò má cao và sống mũi. Thay vì tạo khối sắc sảo, kỹ thuật này mang đến vẻ ấm áp, khỏe khoắn và nâng cơ mặt tự nhiên. 

**Cách thực hiện:**
1. Chọn phấn bronzer tone ấm.
2. Đánh phấn theo hình vòng cung từ thái dương xuống gò má, nối liền với hai bên sống mũi.
3. Tán đều để không thấy đường viền rõ rệt.
"
Cách chọn bronzer cho da dầu?,"Chào bạn! Với da dầu, việc chọn bronzer cần lưu ý để tránh gây bóng nhờn và tắc lỗ chân lông. 

**Bước 1:** Ưu tiên bronzer dạng bột mịn, không dầu (oil-free) hoặc dạng kem lỏng, nhẹ.
**Bước 2:** Chọn tông màu phù hợp, không quá tối so với da. Màu quá đậm dễ làm da trông bẩn.
**Bước 3:** Thành phần nên có các khoáng chất kiểm soát dầu như silica hoặc zinc.
**Lý do:** Bronzer dạng bột/kem lỏng dễ tán, không gây nặng mặt, còn khoáng chất giúp hút dầu thừa."
Làm sao tạo makeup cho buổi tiệc trên du thuyền ban đêm?,"Để có lớp trang điểm hoàn hảo cho buổi tiệc trên du thuyền đêm, bạn nên tập trung vào sự lấp lánh và bền vững.

1.  **Chuẩn bị da:** Dưỡng ẩm kỹ để lớp nền mịn màng.
2.  **Nền:** Chọn nền lì, lâu trôi, che phủ tốt.
3.  **Mắt:** Phấn mắt nhũ ánh kim hoặc màu đậm như xanh navy, tím. Kẻ mắt nước và mascara chống thấm nước.
4.  **Má:** Highlight lấp lánh để bắt sáng.
5.  **Môi:** Son lì hoặc son bóng có tông màu trầm hoặc đỏ rượu.
6.  **Khóa lớp trang điểm:** Xịt khóa nền để giữ lớp trang điểm lâu trôi."
"Kỹ thuật ""gradient lips"" là gì?","Kỹ thuật ""gradient lips"" (hay còn gọi là môi ombre) là cách tạo hiệu ứng chuyển màu từ đậm ở viền môi vào nhạt dần ở trung tâm, tạo cảm giác đôi môi căng mọng và tự nhiên. 

**Cách thực hiện:**

1.  Đánh son đậm màu ở viền môi.
2.  Dùng cọ hoặc ngón tay tán đều son vào trung tâm môi, làm nhạt dần màu.
3.  Có thể dùng thêm son dưỡng ở trung tâm để tạo hiệu ứng mềm mại.

Kỹ thuật này phù hợp với nhiều hình dáng môi và giúp ""ăn gian"" tuổi hiệu quả.
"
Cách chọn phấn phủ cho da khô?,"Chào bạn, với da khô, việc chọn phấn phủ cần đặc biệt chú ý để tránh làm da mất thêm độ ẩm. Hãy ưu tiên phấn phủ dạng bột mịn, có chứa thành phần dưỡng ẩm như hyaluronic acid, glycerin hoặc dầu thực vật. 

**Các bước chọn phấn phủ:**

1.  **Chất liệu:** Chọn phấn bột nén hoặc phấn phủ dạng lỏng/kem.
2.  **Thành phần:** Ưu tiên các thành phần dưỡng ẩm.
3.  **Độ che phủ:** Chọn phấn có độ che phủ nhẹ đến trung bình.
4.  **Thử nghiệm:** Thử sản phẩm trên vùng da nhỏ để đảm bảo không gây kích ứng.

Tránh phấn phủ có chứa cồn hoặc bột talc, vì chúng có thể làm khô da.
"
Làm sao tạo makeup cho buổi lễ hội Coachella?,"Coachella là lễ hội của sự tự do và cá tính, nên makeup cũng vậy!

1.  **Da:** Ưu tiên lớp nền nhẹ nhàng, tự nhiên, dùng kem chống nắng là bắt buộc.
2.  **Mắt:** Tập trung vào màu sắc nổi bật như cam, hồng, tím, hoặc dùng phấn nhũ lấp lánh. Vẽ eyeliner màu sắc hoặc đính đá nhỏ.
3.  **Má:** Highlight và bronzer để tạo đường nét góc cạnh.
4.  **Môi:** Son bóng hoặc son tint màu tươi tắn.
5.  **Điểm nhấn:** Đính đá, kim tuyến, hoặc vẽ hình lên mặt để tăng tính độc đáo.

Quan trọng nhất là bạn cảm thấy tự tin và thoải mái!
"
"Kỹ thuật ""smokey cat eye"" là gì?","""Smokey cat eye"" là kỹ thuật kết hợp giữa kiểu mắt khói (smokey eye) và đường kẻ mắt mèo (cat eye) sắc sảo. Đầu tiên, bạn tán phấn mắt tối màu (đen, nâu đậm, xám) dọc theo đường hốc mắt và đuôi mắt, mờ dần về phía hốc mắt. Sau đó, dùng eyeliner kẻ một đường viền mắt mèo rõ nét, kéo dài ở đuôi mắt. Kỹ thuật này tạo chiều sâu cho mắt, giúp đôi mắt trông to và sắc sảo hơn.
"
Cách chọn son môi cho da ngăm vào mùa thu?,"Chào bạn! Với da ngăm vào mùa thu, bạn nên ưu tiên các màu son ấm áp để tôn da.

**Bước 1:** Chọn các tông màu như cam đất, nâu gạch, đỏ nâu, hoặc hồng đất. Những màu này sẽ làm da bạn sáng hơn và không bị ""xịt màu"".

**Bước 2:** Tránh các màu son quá sáng hoặc quá nhạt như hồng baby, tím nhạt, vì chúng có thể làm da bạn trông xám xịt.

**Bước 3:** Chất son lì hoặc satin sẽ lên màu chuẩn và bền màu hơn so với son bóng.
"
Làm sao làm sạch beauty blender sau khi dùng nền chống nước?,"Chào bạn, việc làm sạch beauty blender sau khi dùng nền chống nước cần kỹ lưỡng để tránh vi khuẩn và đảm bảo độ bền của sản phẩm. Đây là các bước:

1. **Rửa sạch:** Xả beauty blender dưới vòi nước ấm cho đến khi loại bỏ hết phần lớn nền.
2. **Sử dụng chất tẩy rửa:** Cho một lượng nhỏ dầu tẩy trang hoặc xà phòng chuyên dụng cho cọ/beauty blender lên, nhẹ nhàng bóp và xoay blender để tạo bọt.
3. **Xả lại:** Rửa sạch hoàn toàn bằng nước ấm.
4. **Làm khô:** Vắt nhẹ, dùng khăn sạch thấm khô và để khô tự nhiên ở nơi thoáng mát.

Việc dùng chất tẩy rửa chuyên dụng giúp loại bỏ hoàn toàn các thành phần chống nước, giữ blender sạch và mềm mại.
"
"Kỹ thuật ""dewy contour"" là gì?","""Dewy contour"" là kỹ thuật tạo khối giúp gương mặt có đường nét hơn nhưng vẫn giữ được vẻ tự nhiên, căng bóng. Thay vì dùng phấn contour khô, ta dùng kem contour hoặc kem bronzer có kết cấu ẩm, mịn.

**Các bước thực hiện:**

1.  **Che khuyết điểm:** Tạo lớp nền hoàn hảo.
2.  **Contour:** Thoa kem contour dưới gò má, dọc theo đường chân tóc và hai bên sống mũi.
3.  **Tán đều:** Dùng mút hoặc cọ tán đều để không còn đường nét sắc, hòa quyện với lớp nền.
4.  **Highlight:** Thêm highlight ở những vị trí bắt sáng để tăng hiệu ứng dewy.

Kỹ thuật này phù hợp với da khô hoặc da thường, giúp da trông khỏe mạnh và rạng rỡ hơn.
"
Cách chọn primer cho da hỗn hợp vào mùa đông?,"Chào bạn, với da hỗn hợp vào mùa đông, việc chọn primer cần cân bằng giữa cấp ẩm và kiểm soát dầu. 

**Bước 1:** Ưu tiên primer có kết cấu gel hoặc lotion nhẹ nhàng, chứa các thành phần dưỡng ẩm như hyaluronic acid, glycerin.
**Bước 2:** Chọn primer có silicone (dimethicone) giúp lấp đầy lỗ chân lông ở vùng chữ T, hạn chế dầu thừa.
**Bước 3:** Tránh primer quá đặc hoặc chứa nhiều dầu, gây bí da và làm tình trạng dầu vùng T trở nên nghiêm trọng hơn.
"
Làm sao tạo makeup cho buổi tiệc ngoài trời mùa hè?,"Để có lớp makeup hoàn hảo cho buổi tiệc ngoài trời mùa hè, bạn cần ưu tiên sự nhẹ nhàng, bền màu và chống nắng.

1.  **Chuẩn bị da:** Dưỡng ẩm kỹ, dùng kem chống nắng phổ rộng.
2.  **Nền:** Chọn kem nền mỏng nhẹ, chống nước hoặc cushion.
3.  **Màu mắt:** Ưu tiên tông màu tươi sáng, pastel hoặc màu đồng.
4.  **Má hồng:** Dạng kem hoặc cushion để tự nhiên.
5.  **Son:** Son tint hoặc son kem lì, bền màu.
6.  **Khóa lớp makeup:** Xịt khóa makeup để giữ lớp trang điểm lâu trôi.

Lý do: Thời tiết nóng ẩm dễ làm makeup chảy, nên cần các sản phẩm chống nước, bền màu và nhẹ thoáng.
"
"Kỹ thuật ""feline flick"" là gì?","Kỹ thuật ""feline flick"" (hay còn gọi là đường kẻ mắt mèo) là một kiểu kẻ mắt tạo hiệu ứng mắt sắc sảo, quyến rũ. 

**Các bước thực hiện:**

1.  **Kẻ một đường viền mỏng** dọc theo đường mi trên, bắt đầu từ khóe mắt trong và kéo dài ra ngoài.
2.  **Tạo một đường kẻ hướng lên trên** từ khoảng 2/3 đường mi, tạo thành một góc nhọn ở đuôi mắt.
3.  **Lấp đầy khoảng trống** giữa đường kẻ và đường mi để hoàn thiện ""đuôi mèo"".

Kỹ thuật này giúp mắt trông to hơn, dài hơn và có chiều sâu hơn.
"
Cách chọn eyeliner cho da nhạy cảm?,"Chào bạn, với da nhạy cảm, việc chọn eyeliner cần đặc biệt cẩn thận. Ưu tiên các sản phẩm có thành phần dịu nhẹ, không chứa cồn, hương liệu và paraben. Nên chọn eyeliner chì hoặc gel có công thức hypoallergenic (giảm thiểu dị ứng). 

**Bước 1:** Tìm kiếm nhãn ""dành cho da nhạy cảm"" hoặc ""ophthalmologist-tested"" (đã được kiểm nghiệm bởi bác sĩ nhãn khoa). **Bước 2:** Thử sản phẩm trên một vùng da nhỏ trước khi sử dụng cho mắt để kiểm tra kích ứng. **Bước 3:** Ưu tiên các thương hiệu uy tín, chuyên về sản phẩm cho da nhạy cảm.
"
Làm sao tạo makeup cho buổi lễ hội ánh sáng Diwali?,"Chào bạn, để có một makeup lộng lẫy cho lễ hội ánh sáng Diwali, bạn có thể thử các bước sau:

1.  **Nền:** Chọn kem nền lì, che phủ tốt để có lớp nền hoàn hảo.
2.  **Mắt:** Sử dụng phấn mắt màu vàng đồng, cam hoặc đỏ, tán nhũ để tạo hiệu ứng lấp lánh. Kẻ mắt mèo sắc sảo và chuốt mascara dày.
3.  **Má:** Đánh má hồng màu cam đào hoặc hồng san hô để khuôn mặt tươi tắn.
4.  **Môi:** Son đỏ đậm hoặc cam đất sẽ rất phù hợp.
5.  **Điểm nhấn:** Dán đá lấp lánh nhỏ quanh mắt hoặc trên trán để tăng thêm sự rực rỡ."
"Kỹ thuật ""cloud blush"" là gì?","Kỹ thuật ""cloud blush"" (má hồng kiểu đám mây) là xu hướng trang điểm má hồng đang rất được ưa chuộng, tạo hiệu ứng má ửng hồng tự nhiên như làn da khỏe mạnh.

**Cách thực hiện:**

1.  **Đánh blush ở vùng dưới mắt:** Thay vì đánh lên gò má, bạn đánh blush nhẹ nhàng lan rộng từ vùng dưới mắt, hướng về thái dương.
2.  **Tán đều:** Dùng cọ hoặc mút tán đều để màu blush hòa quyện vào da, tạo hiệu ứng mềm mại, không đường viền.
3.  **Chọn màu blush:** Ưu tiên các màu hồng đào, cam đào hoặc hồng san hô để phù hợp với nhiều tông da.

Kỹ thuật này giúp khuôn mặt trẻ trung, tươi tắn và có chiều sâu hơn.
"
Cách chọn kem nền cho da lão hóa vào mùa xuân?,"Chào bạn, việc chọn kem nền cho da lão hóa vào mùa xuân cần chú trọng dưỡng ẩm và che phủ nhẹ nhàng.

**Bước 1:** Ưu tiên kem nền có thành phần dưỡng ẩm như hyaluronic acid, glycerin.
**Bước 2:** Chọn chất kem lỏng, mịn, hoặc cushion để tránh làm lộ nếp nhăn.
**Bước 3:** Màu kem nền nên tiệp màu da tự nhiên, tránh quá sáng hoặc quá tối.
**Bước 4:** Nên thử kem nền trên đường quai hàm để chọn màu phù hợp nhất.

Lý do: Da lão hóa thường khô và có nếp nhăn, cần được cung cấp độ ẩm và che phủ khéo léo.
"
Làm sao tạo makeup cho buổi tiệc sinh nhật ban đêm?,"Để có lớp trang điểm hoàn hảo cho tiệc sinh nhật đêm, bạn nên tập trung vào đôi mắt và đôi môi.

1.  **Nền:** Sử dụng kem nền có độ che phủ vừa phải, kết hợp phấn phủ để giữ lớp nền lâu trôi.
2.  **Mắt:** Chọn phấn mắt tông màu tối (nâu, đen, tím) và tán nhũ để tạo điểm nhấn lấp lánh. Kẻ eyeliner và mascara đậm.
3.  **Môi:** Son màu đỏ, hồng đậm hoặc cam đất sẽ rất phù hợp.
4.  **Má:** Đánh má hồng nhẹ nhàng để khuôn mặt tươi tắn.

Lý do: Ánh sáng yếu trong đêm cần màu sắc đậm và lấp lánh để nổi bật.
"
"Kỹ thuật ""negative space cut crease"" là gì?","Kỹ thuật ""negative space cut crease"" là một xu hướng trang điểm mắt độc đáo, tạo hiệu ứng thị giác ấn tượng. Thay vì đánh phấn tối màu vào hốc mắt thông thường, kỹ thuật này tập trung làm nổi bật phần xương mắt bằng cách tạo đường cut crease (đường hốc mắt giả) rỗng, không có phấn màu. 

**Các bước thực hiện:**

1.  Đánh phấn mắt sáng lên toàn bộ bầu mắt.
2.  Dùng kem che khuyết điểm hoặc phấn mắt trắng highlight đường cut crease.
3.  Tạo đường cut crease sắc nét bằng cọ nhỏ và kem che khuyết điểm.
4.  Hoàn thiện bằng mascara và eyeliner để tăng độ sâu cho mắt.

Kỹ thuật này phù hợp với những người muốn có đôi mắt trông to và sắc sảo hơn.
"
Cách chọn mascara cho mi thưa và ngắn?,"Để chọn mascara cho mi thưa và ngắn, bạn nên ưu tiên các loại có công thức dày mi và tăng độ dài. Mascara với đầu cọ nhỏ, sợi nylon hoặc hình nón giúp len lỏi và phủ đều từng sợi mi, tạo cảm giác dày hơn. Màu đen hoặc nâu đậm sẽ giúp mi trông rõ ràng hơn. Tránh các loại mascara chống thấm nước nếu muốn mi trông tự nhiên và dễ dàng tẩy trang.
"
Làm sao tạo makeup cho buổi tiệc trên sân thượng mùa thu?,"Để có lớp trang điểm hoàn hảo cho buổi tiệc trên sân thượng mùa thu, hãy bắt đầu với lớp nền nhẹ nhàng, tự nhiên. Tiếp theo, nhấn nhá mắt với tông màu ấm như cam đất, nâu đồng. Đừng quên kẻ eyeliner mảnh và chuốt mascara để đôi mắt thêm sâu hút. Son môi màu nude, cam cháy hoặc đỏ gạch sẽ là lựa chọn tuyệt vời. Cuối cùng, phủ một lớp phấn highlight nhẹ nhàng để tăng thêm vẻ rạng rỡ. Lưu ý ưu tiên sự tự nhiên, thoải mái để hòa mình vào không khí tiệc nhé!
"
"Kỹ thuật ""glitter liner"" là gì?","""Glitter liner"" là kỹ thuật trang điểm mắt sử dụng phấn nhũ (glitter) để tạo đường kẻ mắt lấp lánh thay vì dùng eyeliner thông thường. 

**Cách thực hiện:**

1.  **Chuẩn bị:** Kẻ mắt nước/gel, phấn nhũ, keo dán mi (nếu cần).
2.  **Kẻ mắt:** Tạo đường kẻ mắt như bình thường.
3.  **Dán nhũ:** Dùng cọ nhỏ hoặc ngón tay ấn nhẹ phấn nhũ lên đường kẻ mắt vừa tạo. Có thể dùng keo dán mi trước để nhũ bám tốt hơn.

Kỹ thuật này giúp đôi mắt thêm nổi bật và thu hút, phù hợp với các dịp đặc biệt.
"
Làm sao tạo makeup cho buổi lễ hội mùa xuân?,"Để có makeup lễ hội mùa xuân tươi tắn, bạn hãy bắt đầu với lớp nền nhẹ nhàng, tự nhiên. Tiếp theo, sử dụng phấn má hồng đào hoặc cam san hô để tạo vẻ ửng hồng khỏe khoắn. Đôi mắt nên trang điểm với tông màu pastel như hồng, cam hoặc xanh ngọc, có thể thêm chút nhũ để tăng sự lấp lánh. Cuối cùng, son môi màu hồng tươi hoặc cam san hô sẽ hoàn thiện vẻ ngoài rạng rỡ, phù hợp với không khí lễ hội.
"
"Kỹ thuật ""blurred smokey"" là gì?","Kỹ thuật ""blurred smokey"" là một kiểu trang điểm mắt khói mềm mại, hiện đại, khác với smokey eyes truyền thống sắc sảo. Thay vì đường viền rõ ràng, blurred smokey tập trung vào việc tán đều màu mắt ra ngoài, tạo hiệu ứng mờ ảo, ""nhòe"" nhẹ. 

**Cách thực hiện:**
1. Sử dụng phấn mắt tối màu ở đuôi mắt, sau đó tán rộng ra theo hình bầu dục.
2. Thêm các tông màu trung tính để làm mềm chuyển tiếp.
3. Dùng cọ nhỏ tán đều viền mắt để loại bỏ đường nét cứng cáp.
"
Cách chọn son môi cho makeup văn phòng?,"Để chọn son môi phù hợp với makeup văn phòng, bạn nên ưu tiên những màu sắc tự nhiên, nhẹ nhàng. Các lựa chọn tốt bao gồm:

1.  **Màu nude:** Tạo vẻ thanh lịch, tinh tế.
2.  **Màu hồng đào:** Mang đến sự tươi trẻ, nữ tính.
3.  **Màu cam đất:** Lựa chọn hiện đại, năng động.
4.  **Màu đỏ gạch:** Sang trọng nhưng vẫn phù hợp môi trường công sở.

Chất son nên chọn loại có độ ẩm vừa phải, tránh quá bóng hoặc quá lì để giữ vẻ tự nhiên trong suốt ngày làm việc.
"
Làm sao làm sạch cọ sau khi dùng bronzer dạng kem?,"Chào bạn, việc làm sạch cọ sau khi dùng bronzer kem rất quan trọng để đảm bảo vệ sinh và kéo dài tuổi thọ cọ. Đây là các bước thực hiện:

1. **Loại bỏ phần kem thừa:** Dùng khăn giấy hoặc miếng bông gòn lau nhẹ nhàng để loại bỏ bớt phần kem còn bám trên cọ.
2. **Sử dụng dầu tẩy trang:** Cho một lượng nhỏ dầu tẩy trang lên cọ, massage nhẹ nhàng để làm tan kem.
3. **Rửa sạch với nước ấm và sữa rửa mặt:** Rửa cọ dưới vòi nước ấm, dùng sữa rửa mặt dịu nhẹ để loại bỏ hoàn toàn dầu và kem.
4. **Làm khô:** Vắt nhẹ nước, dùng khăn sạch thấm khô và để cọ khô tự nhiên, lông cọ hướng xuống dưới.
"
"Kỹ thuật ""pearl glow"" là gì?","Kỹ thuật ""pearl glow"" (tỏa sáng ngọc trai) là xu hướng trang điểm tạo hiệu ứng da căng bóng, mịn màng như ngọc trai. 

**Cách thực hiện:**

1.  **Dưỡng ẩm:** Bước quan trọng nhất, đảm bảo da đủ ẩm.
2.  **Highlight:** Sử dụng highlighter dạng lỏng hoặc kem, tập trung vào gò má, sống mũi, trán, cằm và nhân trung.
3.  **Blending:** Tán đều highlighter để tạo hiệu ứng hòa quyện tự nhiên, tránh đường kẻ sắc nét.

**Lý do:** Kỹ thuật này phản xạ ánh sáng, làm nổi bật các đường nét trên khuôn mặt, mang lại vẻ tươi tắn, trẻ trung.
"
Cách chọn phấn phủ cho makeup chụp ảnh?,"Để chọn phấn phủ cho makeup chụp ảnh, bạn nên ưu tiên phấn phủ trong suốt (translucent) hoặc phấn có tông màu sáng hơn da 1-2 tông. Phấn trong suốt giúp kiểm soát dầu tốt, tránh hiện tượng ""lóa sáng"" trên ảnh. Chọn phấn mịn, hạt nhỏ để tránh làm lộ lỗ chân lông và tạo hiệu ứng mịn màng tự nhiên. Tránh phấn có shimmer hoặc glitter vì chúng có thể gây phản quang không mong muốn khi chụp ảnh.
"
Làm sao tạo makeup cho buổi tiệc Valentine ban ngày?,"Để có lớp trang điểm Valentine ban ngày tươi tắn, bạn hãy bắt đầu với lớp nền nhẹ nhàng, sử dụng kem nền hoặc BB cream. Tiếp theo, đánh má hồng đào hoặc hồng san hô để tăng vẻ ngọt ngào. Mắt nên tập trung vào tông hồng pastel hoặc cam đất, kết hợp mascara để mở rộng đôi mắt. Son môi chọn màu hồng baby, cam san hô hoặc đỏ san hô tươi tắn. Lưu ý, nên ưu tiên vẻ tự nhiên, không quá cầu kỳ để phù hợp với không khí ban ngày.
"
"Kỹ thuật ""dot liner"" là gì?","""Dot liner"" là kỹ thuật kẻ mắt bằng cách tạo các chấm nhỏ liên tiếp dọc theo đường viền mắt thay vì kẻ một đường liền mạch. Bạn dùng cọ hoặc liner có đầu nhỏ để tạo các chấm, sau đó nhẹ nhàng nối chúng lại với nhau. Kỹ thuật này phù hợp với người mới bắt đầu, giúp kiểm soát đường kẻ dễ dàng hơn và tạo hiệu ứng mắt sắc sảo, độc đáo. Nó cũng giúp che đi các khuyết điểm nhỏ trên đường mi mắt.
"
Cách chọn primer cho da dầu vào mùa thu?,"Chào bạn, với da dầu vào mùa thu, việc chọn primer rất quan trọng để giữ lớp trang điểm bền lâu và kiểm soát dầu thừa. 

**Bước 1:** Ưu tiên các loại primer có kết cấu gel hoặc lỏng nhẹ, chứa silicone (dimethicone, cyclomethicone) giúp lấp đầy lỗ chân lông và tạo bề mặt mịn màng.
**Bước 2:** Tìm các thành phần kiềm dầu như zinc PCA, niacinamide hoặc tro núi lửa.
**Bước 3:** Tránh primer chứa dầu khoáng (mineral oil) vì có thể gây bí da và tăng tiết dầu.
**Lý do:** Mùa thu da vẫn có thể đổ dầu, nhưng không nhiều như mùa hè, nên cần primer cân bằng.
"
Làm sao tạo makeup cho buổi tiệc ngoài vườn ban đêm?,"Để có lớp trang điểm phù hợp tiệc vườn đêm, bạn nên ưu tiên sự tự nhiên nhưng vẫn nổi bật.

1.  **Chuẩn bị da:** Dưỡng ẩm kỹ để lớp nền mịn màng.
2.  **Nền:** Chọn foundation mỏng nhẹ, che khuyết điểm vừa đủ.
3.  **Mắt:** Phấn mắt tông ấm (nâu, đồng) kết hợp chút nhũ, kẻ eyeliner mảnh và mascara.
4.  **Má:** Hồng đào hoặc cam đất nhẹ nhàng.
5.  **Môi:** Son lì hoặc son tint màu berry, hồng san hô.

Lưu ý: Cố định lớp trang điểm bằng xịt khoáng để bền màu suốt buổi tiệc.
"
"Kỹ thuật ""velvet blush"" là gì?","Kỹ thuật ""velvet blush"" là xu hướng trang điểm má hồng đang được yêu thích, tạo hiệu ứng má ửng hồng tự nhiên như nhung.

**Cách thực hiện:**

1.  **Chọn blush:** Ưu tiên các loại má hồng kem hoặc lỏng.
2.  **Thoa blush:** Dùng cọ hoặc ngón tay thoa blush lên vùng xương má, tập trung ở phần cao nhất và tán đều ra phía thái dương.
3.  **Tán đều:** Dùng mút trang điểm hoặc cọ sạch để tán nhẹ nhàng, làm mờ đường viền, giúp blush hòa quyện với da.

Kỹ thuật này giúp má hồng bám lâu, không bị vón cục và cho lớp finish mịn màng, tự nhiên.
"
Làm sao làm sạch beauty blender sau khi dùng phấn mắt nhũ?,"Chào bạn, việc làm sạch beauty blender sau khi dùng phấn mắt nhũ cần cẩn thận để tránh làm hỏng dụng cụ và loại bỏ hoàn toàn các hạt nhũ. Đây là các bước thực hiện:

1. **Rửa sạch:** Xả nhẹ nhàng beauty blender dưới nước ấm, bóp nhẹ để loại bỏ phấn thừa.
2. **Sử dụng chất tẩy rửa:** Cho một lượng nhỏ dầu tẩy trang hoặc sữa rửa mặt chuyên dụng lên blender, xoa đều và bóp nhẹ nhàng.
3. **Xả lại:** Rửa sạch bằng nước ấm cho đến khi không còn bọt.
4. **Làm khô:** Vắt nhẹ, dùng khăn sạch thấm khô và để khô tự nhiên ở nơi thoáng mát.

Việc dùng dầu tẩy trang giúp hòa tan các hạt nhũ bám dính, bảo vệ cấu trúc blender.
"
"Kỹ thuật ""shimmer veil"" là gì?","Kỹ thuật ""shimmer veil"" (lớp nhũ lấp lánh) là một xu hướng trang điểm tạo hiệu ứng da căng bóng, khỏe mạnh tự nhiên nhờ sử dụng highlight dạng lỏng hoặc kem có chứa nhũ mịn. 

**Cách thực hiện:**

1.  Sau khi hoàn thành lớp nền, lấy một lượng nhỏ highlight và thoa lên các vùng bắt sáng như gò má, sống mũi, trán, cằm và nhân trung.
2.  Dùng mút trang điểm hoặc ngón tay tán nhẹ nhàng để highlight hòa quyện với lớp nền, tạo hiệu ứng ""veil"" (màn che) lấp lánh tinh tế.

Kỹ thuật này giúp da trông rạng rỡ, có chiều sâu và bắt sáng tốt hơn.
"
Cách chọn eyeliner cho makeup tiệc tối?,"Để chọn eyeliner cho makeup tiệc tối, bạn nên ưu tiên các loại có màu đậm, sắc nét như đen, nâu đậm hoặc burgundy. Eyeliner gel hoặc liquid liner sẽ giúp bạn dễ dàng tạo đường kẻ sắc sảo, phù hợp với phong cách trang điểm mắt nhấn mạnh. Nếu muốn thử nghiệm, eyeliner nhũ hoặc màu metallic cũng là lựa chọn thú vị để tăng thêm sự lấp lánh cho đôi mắt trong đêm tiệc. Hãy cân nhắc màu sắc trang phục và tổng thể makeup để chọn eyeliner phù hợp nhất nhé!
"
Làm sao tạo makeup cho buổi lễ hội ánh đèn mùa đông?,"Để có makeup lấp lánh cho lễ hội ánh đèn mùa đông, bạn nên tập trung vào đôi mắt và đôi môi.

1.  **Mắt:** Sử dụng phấn mắt màu xanh lam, tím hoặc bạc, tán nhũ lấp lánh. Kẻ eyeliner đen hoặc màu đậm, có thể thêm chút nhũ.
2.  **Má:** Phấn má hồng màu hồng đào hoặc cam đào để tạo vẻ ấm áp.
3.  **Môi:** Son môi màu đỏ ruby, burgundy hoặc tím đậm. Có thể thêm son bóng hoặc nhũ để đôi môi thêm nổi bật.
4.  **Da:** Trang điểm nền nhẹ nhàng, tập trung vào làm sáng da.

Lý do: Màu sắc tối và lấp lánh sẽ giúp bạn nổi bật trong không khí lễ hội.
"
"Kỹ thuật ""ombre liner"" là gì?","Kỹ thuật ""ombre liner"" là một kiểu trang điểm mắt tạo hiệu ứng chuyển màu mềm mại từ đậm ở đường mi mắt trên đến nhạt dần về phía đuôi mắt. 

**Cách thực hiện:**

1.  Chọn 2-3 màu mắt cùng tông.
2.  Dùng cọ tán màu đậm nhất dọc theo đường mi mắt trên.
3.  Tán màu trung bình lên trên màu đậm, hòa quyện hai màu.
4.  Cuối cùng, dùng màu nhạt nhất tán ở phần đuôi mắt để tạo độ chuyển màu.

Kỹ thuật này giúp đôi mắt trông sâu hơn, có chiều sâu và cuốn hút hơn.
"
Làm sao tạo makeup cho buổi tiệc tối phong cách Bollywood?,"Để có makeup tiệc tối phong cách Bollywood lộng lẫy, bạn cần:

1. **Nền:** Chọn kem nền lì, che phủ tốt, đánh khối và highlight để tạo đường nét sắc sảo.
2. **Mắt:** Phấn mắt màu vàng đồng, nâu hoặc đỏ burgundy, đánh nhũ và eyeliner đen đậm, kéo dài. Đừng quên mascara dày mi.
3. **Môi:** Son đỏ tươi hoặc hồng đậm là lựa chọn hoàn hảo.
4. **Má:** Phấn má hồng màu cam đào hoặc hồng san hô để tăng vẻ rạng rỡ.
5. **Điểm nhấn:** Thêm đá lấp lánh nhỏ quanh mắt hoặc trên trán để thêm phần quyến rũ.
"
"Kỹ thuật ""prismatic eyes"" là gì?","""Prismatic eyes"" (mắt lăng kính) là kỹ thuật trang điểm mắt tạo hiệu ứng chuyển màu cầu vồng, đa sắc trên bầu mắt. 

**Cách thực hiện:**

1.  **Chuẩn bị:** Sử dụng phấn mắt nền màu sáng.
2.  **Tạo hiệu ứng:** Dùng cọ nhỏ, thoa các màu phấn mắt có tông màu khác nhau (ví dụ: hồng, cam, tím, xanh) chồng lên nhau, tập trung ở giữa bầu mắt.
3.  **Phân tán:** Nhẹ nhàng hòa trộn các màu để tạo hiệu ứng chuyển màu mượt mà, như ánh sáng qua lăng kính.

Kỹ thuật này giúp đôi mắt trông nổi bật, độc đáo và thu hút.
"
Cách chọn son môi cho da trung tính vào mùa xuân?,"Chào bạn! Với làn da trung tính vào mùa xuân, bạn thật may mắn vì có thể ""cân"" được nhiều màu son khác nhau. Tuy nhiên, để tôn da nhất, hãy ưu tiên các màu son tươi sáng, nhẹ nhàng như hồng san hô, đào, cam nude hoặc hồng baby. Những màu này sẽ giúp da bạn trông rạng rỡ, tươi tắn hơn. Tránh các màu quá tối hoặc quá trầm, vì có thể làm da trông xỉn màu.
"
Làm sao làm sạch cọ sau khi dùng phấn mắt chứa nhũ kim loại?,"Chào bạn, việc làm sạch cọ sau khi dùng phấn mắt nhũ kim loại cần cẩn thận để không làm hỏng cọ và loại bỏ hoàn toàn nhũ. Đây là các bước:

1. **Loại bỏ phấn thừa:** Gõ nhẹ cọ lên tay hoặc khăn giấy.
2. **Sử dụng dung dịch chuyên dụng:** Dùng nước rửa cọ hoặc dầu baby (dầu dừa cũng được) nhỏ lên cọ.
3. **Vò nhẹ:** Nhẹ nhàng xoay cọ trên lòng bàn tay hoặc thảm làm sạch cọ để dung dịch hòa tan nhũ.
4. **Rửa sạch:** Rửa cọ dưới nước ấm cho đến khi nước trong.
5. **Làm khô:** Vắt nhẹ nước và phơi khô cọ theo chiều lông xuống.

Việc này giúp cọ luôn sạch sẽ, mềm mại và kéo dài tuổi thọ.
"
"Kỹ thuật ""soft focus glam"" là gì?","""Soft focus glam"" là kỹ thuật trang điểm tạo hiệu ứng làn da mịn màng, căng bóng tự nhiên, không tì vết nhưng vẫn giữ được vẻ tự nhiên. 

**Các bước chính:**

1.  **Dưỡng ẩm kỹ:** Da ẩm là nền tảng quan trọng.
2.  **Sử dụng kem nền mỏng nhẹ:** Ưu tiên các loại có độ che phủ vừa phải.
3.  **Highlight ở các điểm cao:** Gò má, sống mũi, trán, nhân trung để bắt sáng.
4.  **Phấn má hồng tông màu ấm:** Tạo vẻ ửng hồng tự nhiên.
5.  **Tập trung vào đôi mắt:** Sử dụng phấn mắt nhũ nhẹ, mascara và kẻ mắt mảnh.

Kỹ thuật này giúp làm mờ các khuyết điểm, tạo chiều sâu cho khuôn mặt và mang đến vẻ đẹp thanh lịch, quyến rũ.
"
Cách chọn kem nền cho da dầu vào mùa xuân?,"Chào bạn, để chọn kem nền cho da dầu vào mùa xuân, bạn nên ưu tiên các sản phẩm có kết cấu nhẹ, không gây bí da. Hãy tìm các loại kem nền dạng lỏng, mousse hoặc cushion với thành phần kiểm soát dầu như salicylic acid hoặc zinc PCA. 

Quan trọng nhất là chọn loại có ghi ""oil-free"" hoặc ""mattifying"". Thử kem nền trên vùng chữ T để xem độ kiềm dầu và khả năng bám dính trước khi quyết định mua nhé!
"
Làm sao tạo makeup cho buổi hẹn tối mùa đông?,"Để có lớp trang điểm hẹn hò mùa đông hoàn hảo, hãy bắt đầu với lớp nền ẩm mịn, sử dụng kem dưỡng ẩm và kem nền có độ che phủ vừa phải. Tiếp theo, tạo khối nhẹ nhàng để tôn đường nét khuôn mặt. Đôi mắt nên tập trung vào tông ấm như nâu, đồng, hoặc burgundy, kết hợp chút nhũ để tăng sự lấp lánh. Son môi đỏ rượu hoặc cam đất sẽ là lựa chọn tuyệt vời. Cuối cùng, đừng quên chút má hồng đào để khuôn mặt thêm ửng hồng tự nhiên nhé!
"
"Kỹ thuật ""lamé lids"" là gì?","""Lamé lids"" là kỹ thuật trang điểm mắt tạo hiệu ứng lấp lánh, nổi bật như da kim loại. Đầu tiên, bạn dùng kem lót mắt để giữ màu. Sau đó, thoa phấn mắt màu nhạt làm nền, rồi dùng cọ nhỏ đánh phấn mắt lấp lánh (glitter) lên toàn bộ bầu mắt hoặc tập trung vào giữa mí mắt. Cuối cùng, dùng keo dán mi hoặc kem mắt lấp lánh để cố định glitter, giúp đôi mắt tỏa sáng lâu hơn. Kỹ thuật này phù hợp với các dịp đặc biệt.
"
Cách chọn mascara cho người có mi dài nhưng mỏng?,"Chào bạn! Với hàng mi dài nhưng mỏng, bạn nên chọn mascara có công thức chứa sáp và sợi tơ (fiber). Mascara sáp giúp mi dày hơn, còn sợi tơ sẽ ""nâng cấp"" độ dày và độ cong cho mi. 

Bạn ưu tiên các loại mascara có đầu cọ nhỏ, thưa để dễ dàng len lỏi và phủ đều từng sợi mi, tránh làm mi bị vón cục. Màu đen hoặc nâu đậm sẽ giúp mi trông rõ ràng hơn mà không quá nặng nề.
"
Làm sao giữ makeup đẹp khi đi du lịch vùng biển?,"Để giữ lớp makeup bền đẹp khi đi biển, bạn cần chuẩn bị kỹ lưỡng:

1. **Dưỡng ẩm:** Cấp ẩm kỹ lưỡng trước khi trang điểm giúp lớp nền bám tốt hơn.
2. **Sử dụng primer:** Primer tạo lớp màng bảo vệ, khóa ẩm và giúp makeup bám lâu.
3. **Chọn sản phẩm chống nước:** Ưu tiên các sản phẩm có thành phần chống nước (waterproof) như mascara, eyeliner, phấn nền.
4. **Hạn chế lớp makeup dày:** Makeup quá dày dễ bị chảy trôi khi tiếp xúc với nước và mồ hôi.
5. **Sử dụng xịt khóa makeup:** Xịt khóa giúp cố định lớp makeup, tăng độ bền và hạn chế lem trôi.
"
"Kỹ thuật ""coral flush"" là gì?","""Coral flush"" là kỹ thuật trang điểm má hồng tạo hiệu ứng ửng hồng tự nhiên, khỏe khoắn như vừa vận động hoặc sau khi thức dậy. Bạn chọn phấn má hồng màu san hô (coral) – sự pha trộn giữa hồng và cam – và thoa lên vùng gò má cao nhất, hướng về thái dương. 

Điểm khác biệt là tán đều màu lên cả phần mũi và trán nhẹ nhàng, tạo cảm giác làn da đang ""tỏa sáng"" từ bên trong. Kỹ thuật này phù hợp với nhiều tông da và mang lại vẻ tươi trẻ, tràn đầy năng lượng.
"
Cách chọn bronzer cho da ngăm?,"Chào bạn! Với làn da ngăm, việc chọn bronzer cần chú ý để tránh bị ""lện tông"" hoặc quá tối.

**Bước 1:** Chọn bronzer có undertone ấm (vàng, đào) thay vì lạnh (hồng, tím).
**Bước 2:** Ưu tiên các tông màu caramel, mocha hoặc nâu sẫm có chút ánh kim.
**Bước 3:** Tránh các màu quá cam hoặc quá đỏ.
**Lý do:** Undertone ấm sẽ hài hòa với sắc tố da ngăm, tạo hiệu ứng khỏe khoắn, tự nhiên. Ánh kim giúp da bừng sáng hơn.
"
Làm sao tạo makeup cho buổi tiệc nướng ban ngày?,"Chào bạn, để có một lớp makeup phù hợp cho buổi tiệc nướng ban ngày, bạn nên ưu tiên sự tự nhiên, tươi tắn.

1.  **Chuẩn bị da:** Dưỡng ẩm kỹ để da căng bóng.
2.  **Nền:** Dùng kem nền mỏng nhẹ, hoặc BB cream, CC cream để che phủ vừa phải.
3.  **Màu mắt:** Chọn tông màu nude, cam đào hoặc hồng san hô.
4.  **Má hồng:** Tô má hồng nhẹ nhàng để tạo vẻ khỏe khoắn.
5.  **Môi:** Son dưỡng có màu hoặc son tint nhẹ nhàng là lựa chọn hoàn hảo.

Tránh makeup quá đậm vì buổi tiệc ngoài trời, ánh nắng sẽ làm lớp trang điểm dễ bị chảy."
"Kỹ thuật ""floating crease"" là gì?","Kỹ thuật ""floating crease"" (tạo nếp gấp nổi) là xu hướng trang điểm mắt giúp đôi mắt trông to và sâu hơn. Thay vì đánh phấn mắt tập trung vào hốc mắt, bạn đánh một đường màu tối (thường là nâu hoặc xám) *cao hơn* nếp gấp mắt tự nhiên, tạo cảm giác mắt có nếp gấp sâu hơn và bừng sáng hơn. Kỹ thuật này đặc biệt hiệu quả với mắt một mí hoặc mắt mí lót, giúp tạo hình mắt rõ ràng hơn.
"
Cách chọn phấn phủ cho da hỗn hợp?,"Chào bạn, với da hỗn hợp, việc chọn phấn phủ cần cân nhắc kỹ để vừa kiểm soát dầu vùng chữ T, vừa không làm khô da ở vùng còn lại. 

**Bước 1:** Ưu tiên phấn phủ dạng bột mịn, không màu hoặc màu trong suốt.
**Bước 2:** Chọn phấn có thành phần kiểm soát dầu (silica, zinc oxide) nhưng vẫn chứa dưỡng ẩm nhẹ.
**Bước 3:** Thử phấn trên da, tập trung vào vùng chữ T để xem khả năng kiềm dầu và độ bám. 

Tránh phấn quá khô hoặc quá bóng để đảm bảo lớp nền hoàn hảo, tự nhiên.
"
Làm sao tạo makeup cho buổi lễ hội âm nhạc ban đêm?,"Để có makeup ấn tượng cho lễ hội âm nhạc ban đêm, bạn nên tập trung vào đôi mắt lấp lánh và đôi môi nổi bật.

1.  **Mắt:** Sử dụng phấn mắt nhũ ánh, màu đậm như xanh, tím hoặc đồng. Vẽ eyeliner mắt mèo hoặc tán nhũ lên bầu mắt.
2.  **Da:** Đảm bảo lớp nền bền vững, chống thấm nước.
3.  **Môi:** Chọn son màu đậm, chất lì hoặc bóng tùy sở thích.
4.  **Highlight:** Đừng quên highlight gò má, sống mũi để bắt sáng.

Lý do: Ánh đèn sân khấu sẽ làm nổi bật makeup lấp lánh và màu sắc đậm."
"Kỹ thuật ""puppy liner"" là gì?","""Puppy liner"" là kỹ thuật kẻ mắt tạo hiệu ứng mắt to tròn, ngây thơ như mắt cún con. Thay vì kẻ mắt sắc sảo, bạn sẽ kẻ một đường eyeliner mỏng, hơi chếch lên ở đuôi mắt dưới, tạo cảm giác mắt mở to và long lanh hơn. Kỹ thuật này phù hợp với mọi hình dáng mắt, đặc biệt là mắt một mí hoặc mắt nhỏ. Bạn có thể dùng eyeliner gel, chì kẻ mắt hoặc bút liner để thực hiện.
"
Cách chọn son môi cho da lão hóa vào mùa thu?,"Chào bạn! Da lão hóa vào mùa thu thường có xu hướng khô và mất độ đàn hồi. Khi chọn son, ưu tiên các chất son dưỡng ẩm như son kem, son tint bóng hoặc son thỏi chứa dầu thực vật (jojoba, argan). 

Về màu sắc, nên chọn các tông ấm áp như cam đất, hồng đào, đỏ gạch hoặc nude đào. Tránh các màu quá sáng hoặc quá tối, vì chúng có thể làm lộ rãnh nhăn và da xỉn màu. Quan trọng nhất là đánh son lót trước khi đánh son màu để bảo vệ môi và giúp son lên màu chuẩn hơn.
"
Làm sao làm sạch beauty blender sau khi dùng son kem?,"Chào bạn, việc làm sạch beauty blender sau khi dùng son kem rất quan trọng để đảm bảo vệ sinh và kéo dài tuổi thọ của em nó. Đây là các bước mình thường làm:

1. **Rửa sơ:** Rửa nhẹ nhàng beauty blender dưới vòi nước ấm để loại bỏ bớt son thừa.
2. **Sử dụng chất tẩy rửa:** Cho một lượng nhỏ dầu tẩy trang hoặc sữa rửa mặt lên blender, nhẹ nhàng bóp và xoay để loại bỏ hoàn toàn son.
3. **Xả sạch:** Rửa lại thật kỹ bằng nước ấm cho đến khi không còn bọt.
4. **Làm khô:** Vắt nhẹ nước và để khô tự nhiên ở nơi thoáng mát.

Son kem thường khó trôi, nên cần kiên nhẫn và dùng chất tẩy rửa phù hợp bạn nhé!
"
"Kỹ thuật ""monochrome mauve"" là gì?","Kỹ thuật ""monochrome mauve"" là xu hướng trang điểm sử dụng một tông màu tím hồng (mauve) duy nhất trên toàn bộ khuôn mặt, tạo nên vẻ ngoài hài hòa và tinh tế. 

**Cách thực hiện:**

1.  **Phấn mắt:** Chọn phấn mắt mauve, tán đều lên bầu mắt.
2.  **Má hồng:** Sử dụng má hồng mauve cùng tông màu, đánh nhẹ lên gò má.
3.  **Son môi:** Chọn son mauve, thoa đều lên môi.
4.  **Có thể:** Thêm chút mauve lên môi để tạo hiệu ứng ombre.

Kỹ thuật này phù hợp với nhiều tông da và tạo cảm giác trẻ trung, thanh lịch.
"
Cách chọn primer cho da khô vào mùa xuân?,"Chào bạn, với da khô vào mùa xuân, primer là bước quan trọng để giữ lớp trang điểm bền và không bị mốc. Hãy chọn primer có kết cấu dạng kem hoặc dầu, chứa các thành phần dưỡng ẩm như hyaluronic acid, glycerin, hoặc dầu thực vật (jojoba, argan). 

**Cách chọn:**

1.  **Ưu tiên dưỡng ẩm:** Tìm các từ khóa ""hydrating"", ""moisturizing"" trên sản phẩm.
2.  **Tránh silicone nặng:** Silicone có thể làm bí da, chọn loại nhẹ nhàng hơn.
3.  **Thử nghiệm:** Nếu có thể, hãy thử mẫu trước khi mua để đảm bảo phù hợp với da.
"
Làm sao tạo makeup cho buổi tiệc hồ bơi ban đêm?,"Để có lớp trang điểm hoàn hảo cho buổi tiệc hồ bơi ban đêm, bạn nên ưu tiên sự tươi tắn, chống nước và bắt sáng.

1.  **Kem chống nắng:** Bảo vệ da là quan trọng nhất.
2.  **Kem nền chống nước:** Giữ lớp nền bền vững.
3.  **Phấn mắt nhũ:** Tạo điểm nhấn lấp lánh dưới ánh đèn.
4.  **Mascara chống thấm nước:** Giữ mi cong vút.
5.  **Son bóng:** Cho đôi môi căng mọng, quyến rũ.
6.  **Phấn má hồng:** Thêm chút ửng hồng tự nhiên.

Tránh trang điểm quá dày, hãy để làn da ""thở"" nhé!
"
"Kỹ thuật ""sculpted highlight"" là gì?","Kỹ thuật ""sculpted highlight"" (tạo khối và highlight điêu khắc) là phương pháp trang điểm tập trung vào việc tạo chiều sâu và đường nét cho khuôn mặt, thay vì chỉ đơn thuần đánh highlight sáng. 

**Các bước thực hiện:**

1.  **Tạo khối:** Dùng phấn tạo khối (contour) màu lạnh, đánh dọc theo xương gò má, hai bên thái dương và đường viền hàm để tạo bóng đổ.
2.  **Highlight:** Đánh highlight (bắt sáng) lên vùng gò má cao nhất, sống mũi, trán và cằm.
3.  **Blending:** Đánh đều để các vùng màu hòa quyện, tạo hiệu ứng tự nhiên, sắc sảo.

Kỹ thuật này giúp khuôn mặt trông thon gọn, có cấu trúc và nổi bật hơn.
"
Làm sao tạo makeup cho buổi lễ tốt nghiệp ban đêm?,"Chào bạn, để có lớp makeup đẹp cho buổi lễ tốt nghiệp ban đêm, bạn nên ưu tiên sự thanh lịch và bền màu.

1.  **Chuẩn bị da:** Dưỡng ẩm kỹ để lớp nền mịn màng.
2.  **Nền:** Chọn foundation có độ che phủ vừa phải, đánh mỏng nhẹ.
3.  **Mắt:** Phấn mắt tông màu nude hoặc nâu trầm, kết hợp chút nhũ để đôi mắt thêm sáng.
4.  **Môi:** Son màu nude, hồng đào hoặc đỏ cam đất, đánh lòng môi để tự nhiên.
5.  **Khóa lớp:** Dùng xịt khóa makeup để giữ lớp trang điểm bền lâu.

Chúc bạn có một buổi lễ tốt nghiệp thật đáng nhớ!
"
"Kỹ thuật ""watercolor eyes"" là gì?","Kỹ thuật ""watercolor eyes"" (mắt màu nước) là xu hướng trang điểm mắt tạo hiệu ứng mềm mại, mơ màng như tranh màu nước. 

**Cách thực hiện:**

1.  **Chọn phấn:** Sử dụng phấn mắt bột hoặc kem với tông màu pastel hoặc trung tính.
2.  **Tán màu:** Dùng cọ mềm, nhẹ nhàng tán màu lên bầu mắt, tập trung ở giữa và mờ dần ra ngoài.
3.  **Layer màu:** Thêm các lớp màu khác nhau để tạo chiều sâu, nhớ tán đều để các màu hòa quyện vào nhau.
4.  **Hoàn thiện:** Có thể dùng nhũ mắt để tăng thêm sự lấp lánh.

Kỹ thuật này phù hợp với những ai yêu thích vẻ đẹp tự nhiên, nhẹ nhàng.
"
Làm sao tạo makeup cho buổi tiệc công ty ban ngày?,"Để có lớp trang điểm phù hợp buổi tiệc công ty ban ngày, bạn nên ưu tiên sự tự nhiên, thanh lịch.

1.  **Chuẩn bị da:** Dưỡng ẩm kỹ để lớp nền mịn màng.
2.  **Nền:** Chọn foundation mỏng nhẹ, che khuyết điểm vừa đủ.
3.  **Mắt:** Phấn mắt tone nude hoặc nâu nhạt, kẻ eyeliner mảnh, mascara nhẹ nhàng.
4.  **Má:** Phấn má hồng tone đào hoặc cam đất, đánh nhẹ nhàng.
5.  **Môi:** Son nude, hồng baby hoặc cam san hô.

Tránh trang điểm quá đậm để không gây phản cảm trong môi trường công sở.
"
"Kỹ thuật ""reverse smokey"" là gì?","Kỹ thuật ""reverse smokey"" (smokey đảo ngược) là một xu hướng trang điểm mắt hiện đại, khác với smokey eye truyền thống. Thay vì tập trung màu đậm vào đường hốc mắt, reverse smokey tập trung tán màu đậm (thường là chì hoặc phấn mắt) ở phần đuôi mắt dưới, sau đó mờ dần lên trên. 

**Các bước thực hiện:**

1.  Tán chì/phấn mắt đậm ở 1/3 đuôi mắt dưới.
2.  Mờ dần màu lên trên, hòa quyện với hốc mắt.
3.  Thêm chút highlight ở khóe mắt trong và dưới chân mày để tạo chiều sâu.

Kỹ thuật này giúp đôi mắt trông to tròn, sắc sảo và hiện đại hơn.
"
Cách chọn mascara cho mi thẳng?,"Để chọn mascara cho mi thẳng, bạn nên ưu tiên các loại có công thức chứa nhiều sợi fiber hoặc sáp dưỡng mi. Những thành phần này giúp làm dày và cong mi hiệu quả hơn. 

**Bước 1:** Chọn loại đầu cọ cong, giúp nâng mi từ gốc.
**Bước 2:** Ưu tiên mascara có khả năng giữ curl (giữ cong mi) tốt.
**Bước 3:** Chải mascara theo kiểu zíc-zắc từ gốc đến ngọn để tạo độ cong tự nhiên và tránh mi bị vón cục.
"
"Kỹ thuật ""glossy blush"" là gì?","Kỹ thuật ""glossy blush"" (má hồng bóng) là xu hướng trang điểm tạo hiệu ứng đôi má ửng hồng tự nhiên, căng mọng như vừa được ""tưới"" nước. 

**Cách thực hiện:**
1.  **Phủ má hồng kem/lỏng:** Chọn màu má hồng yêu thích, tán đều lên vùng gò má.
2.  **Thêm highlight dạng lỏng/kem:** Nhấn nhá highlight lên trên lớp má hồng, tập trung vào vùng cao nhất của gò má.
3.  **Hoàn thiện:** Dùng cọ hoặc mút tán nhẹ để hòa quyện hai lớp, tạo độ bóng mượt tự nhiên.

Kỹ thuật này giúp khuôn mặt trông tươi tắn, trẻ trung và có chiều sâu hơn.
"
Làm sao làm sạch cọ sau khi dùng phấn contour dạng kem?,"Chào bạn, việc làm sạch cọ sau khi dùng phấn contour kem rất quan trọng để đảm bảo vệ sinh và kéo dài tuổi thọ cọ. Đây là các bước thực hiện:

1. **Loại bỏ phần phấn thừa:** Dùng khăn giấy hoặc miếng bông gòn nhẹ nhàng loại bỏ bớt phần kem còn sót lại trên cọ.
2. **Sử dụng dung dịch làm sạch cọ:** Cho một lượng nhỏ dung dịch chuyên dụng lên lòng bàn tay, xoay nhẹ cọ trên lòng bàn tay để dung dịch thấm đều.
3. **Rửa sạch:** Rửa cọ dưới nước ấm (không nóng) cho đến khi nước trong.
4. **Làm khô:** Vắt nhẹ nước, dùng khăn sạch thấm bớt rồi để cọ khô tự nhiên, lông cọ hướng xuống dưới.
"
"Kỹ thuật ""chrome lips"" là gì?","Kỹ thuật ""chrome lips"" (môi chrome) là xu hướng trang điểm môi tạo hiệu ứng bóng loáng, phản chiếu ánh sáng như kim loại. Để thực hiện, bạn cần:

1.  **Tạo đường viền môi:** Dùng bút chì kẻ môi trùng màu son.
2.  **Đánh lớp son nền:** Chọn son nude hoặc trùng màu da môi.
3.  **Son bóng:** Thoa son bóng có nhũ hoặc highlight ở giữa môi, tránh viền.
4.  **Hoàn thiện:** Có thể thoa thêm một lớp son bóng mỏng để tăng độ bóng.

Hiệu ứng này giúp môi trông đầy đặn và nổi bật hơn.
"
Làm sao tạo makeup cho buổi tiệc trên sân thượng ban ngày?,"Để có lớp trang điểm hoàn hảo cho buổi tiệc trên sân thượng ban ngày, bạn nên ưu tiên sự tươi tắn, tự nhiên.

1.  **Chuẩn bị da:** Dưỡng ẩm kỹ lưỡng và dùng kem chống nắng.
2.  **Nền:** Chọn foundation mỏng nhẹ, che khuyết điểm vừa đủ.
3.  **Mắt:** Phấn mắt màu nude hoặc hồng đào, kết hợp mascara.
4.  **Má:** Sử dụng phấn má hồng tone cam đào để tạo vẻ khỏe khoắn.
5.  **Môi:** Son dưỡng hoặc son tint màu nhẹ nhàng.

Tránh trang điểm quá đậm để phù hợp với ánh sáng tự nhiên và không khí buổi tiệc.
"
"Kỹ thuật ""cut crease shimmer"" là gì?","Kỹ thuật ""cut crease shimmer"" là một xu hướng trang điểm mắt tạo chiều sâu và sự lấp lánh. Đầu tiên, bạn tạo đường ""cut crease"" sắc nét bằng phấn mắt tối màu hơn màu da, thường ở hốc mắt. Sau đó, phủ phấn nhũ (shimmer) lên vùng mí mắt chuyển động và phần dưới đường ""cut crease"" vừa tạo. Việc này giúp đôi mắt trông to hơn, có chiều sâu và nổi bật hơn nhờ hiệu ứng ánh nhũ bắt sáng.
"
Cách chọn primer cho da mụn?,"Để chọn primer cho da mụn, bạn nên ưu tiên các sản phẩm có chứa các thành phần như salicylic acid, tea tree oil hoặc niacinamide để giúp kiểm soát dầu thừa, giảm viêm và ngăn ngừa mụn. Chọn primer dạng gel hoặc lotion, tránh các sản phẩm chứa dầu khoáng hoặc silicone nặng có thể gây tắc nghẽn lỗ chân lông. Quan trọng nhất, hãy tìm sản phẩm ""non-comedogenic"" (không gây mụn) và thử nghiệm trên một vùng da nhỏ trước khi sử dụng toàn mặt.
"
Làm sao tạo makeup cho buổi lễ hội ánh sáng ban đêm?,"Để có makeup lộng lẫy cho lễ hội ánh sáng ban đêm, bạn nên tập trung vào mắt và má.

1.  **Mắt:** Sử dụng phấn mắt nhũ lấp lánh với tông màu đậm như xanh dương, tím hoặc đồng. Đánh nhũ tập trung ở bầu mắt và hốc mắt. Kẻ eyeliner lấp lánh và chuốt mascara dày.
2.  **Má:** Sử dụng highlighter lấp lánh để tạo điểm nhấn cho gò má, sống mũi và khóe mắt.
3.  **Môi:** Chọn son bóng hoặc son kem lì với màu sắc nổi bật như đỏ ruby hoặc hồng san hô.

Lý do: Ánh sáng yếu sẽ làm makeup nhũ lấp lánh trở nên nổi bật và thu hút hơn.
"
"Kỹ thuật ""feathered blush"" là gì?","Kỹ thuật ""feathered blush"" (đánh má hồng tản màu) là xu hướng trang điểm má hồng đang được ưa chuộng, tạo hiệu ứng má ửng hồng tự nhiên, không đường viền rõ ràng. 

**Cách thực hiện:**
1. Thoa má hồng lên vùng gò má như bình thường.
2. Dùng cọ nhỏ hoặc mút tán đều, kéo dài màu má hồng về phía thái dương và hòa trộn vào vùng da xung quanh mắt.
3. Tán nhẹ nhàng để màu chuyển mờ dần, tạo cảm giác tự nhiên như làn da đang ửng hồng.

Kỹ thuật này phù hợp với nhiều hình dáng khuôn mặt, giúp khuôn mặt trông tươi tắn và trẻ trung hơn.
"
Cách chọn son môi cho da dầu?,"Chào bạn! Với da dầu, việc chọn son môi cần lưu ý để tránh tình trạng son nhanh trôi và bết dính. Ưu tiên các loại son có chất liệu lì (matte) hoặc kem mịn, vì chúng ít bóng dầu hơn. Tránh son bóng (glossy) vì dễ làm da dầu hơn. 

Trước khi đánh son, hãy tẩy tế bào chết nhẹ nhàng và dùng phấn phủ để hút dầu. Chọn son có thành phần dưỡng ẩm vừa phải, tránh son quá khô làm môi nứt nẻ. Cuối cùng, dùng giấy thấm dầu nhẹ nhàng sau khi đánh son để giữ son lâu trôi hơn.
"
"Kỹ thuật ""luminous veil"" là gì?","Kỹ thuật ""luminous veil"" (lớp màn rạng rỡ) là kỹ thuật trang điểm tạo hiệu ứng da căng bóng, khỏe mạnh từ bên trong, thay vì chỉ tập trung che phủ. 

**Các bước thực hiện:**

1.  **Dưỡng ẩm kỹ:** Đây là bước quan trọng nhất.
2.  **Sử dụng kem lót bắt sáng:** Chọn loại có hạt ngọc trai hoặc thành phần dưỡng ẩm.
3.  **Trộn kem nền với dầu dưỡng/serum:** Giúp kem nền mỏng nhẹ, dễ tán và tạo độ glow.
4.  **Tán đều:** Dùng cọ hoặc mút, tán nhẹ nhàng theo chiều lỗ chân lông.

Kỹ thuật này phù hợp với da khô, thường và cả da dầu ít, giúp da trông tự nhiên, rạng rỡ.
"
Cách chọn eyeliner cho makeup ban ngày?,"Để chọn eyeliner cho makeup ban ngày, bạn nên ưu tiên những màu sắc tự nhiên, không quá nổi bật. Eyeliner đen tuyền thường hợp với makeup đậm, vì vậy hãy chọn màu nâu sẫm, xám tro hoặc xanh navy. Chất liệu nên là chì kẻ mắt hoặc gel liner, dễ tán và tạo hiệu ứng mềm mại. Nên kẻ eyeliner mảnh, sát đường chân mi trên để đôi mắt trông to và có chiều sâu hơn. Tránh kẻ eyeliner dày hoặc có cánh quá dài, sẽ làm makeup trông nặng nề.
"
Làm sao tạo makeup cho buổi tiệc Giáng sinh ban ngày?,"Để có makeup tiệc Giáng sinh ban ngày, bạn nên ưu tiên vẻ tươi tắn, rạng rỡ.

1.  **Nền:** Dùng kem nền nhẹ nhàng, che khuyết điểm vừa đủ.
2.  **Mắt:** Phấn mắt tông ấm như cam đất, nâu đồng. Có thể thêm chút nhũ vàng/bạc ở khóe mắt.
3.  **Má:** Hồng đào hoặc cam san hô để tạo độ ửng hồng tự nhiên.
4.  **Môi:** Son đỏ đất, cam cháy hoặc hồng san hô.
5.  **Hoàn thiện:** Kẻ eyeliner mảnh và mascara để mở rộng đôi mắt.

Lý do: Màu sắc ấm áp phù hợp không khí Giáng sinh, makeup nhẹ nhàng vẫn tôn được vẻ đẹp tự nhiên trong buổi tiệc ban ngày.
"
Cách chọn kem nền cho da lão hóa vào mùa hè?,"Chào bạn, với da lão hóa vào mùa hè, việc chọn kem nền cần đặc biệt chú ý để vừa che phủ tốt, vừa không làm nặng mặt hay gây bí bách.

**Bước 1:** Ưu tiên kem nền có độ che phủ vừa phải, chất lỏng hoặc kem nhẹ.
**Bước 2:** Chọn thành phần dưỡng ẩm như hyaluronic acid, glycerin để cấp nước, làm đầy nếp nhăn.
**Bước 3:** Tìm các sản phẩm có chỉ số SPF từ 30 trở lên để bảo vệ da khỏi tác hại của ánh nắng.
**Lý do:** Da lão hóa thường mỏng, dễ mất nước và nhạy cảm hơn. Kem nền quá dày có thể làm lộ nếp nhăn và gây bí lỗ chân lông.
"
"Kỹ thuật ""sparkle liner"" là gì?","""Sparkle liner"" là kỹ thuật trang điểm mắt sử dụng phấn nhũ hoặc keo dán mi kết hợp với nhũ để tạo đường kẻ mắt lấp lánh. 

**Các bước thực hiện:**

1.  Kẻ mắt nước hoặc chì như bình thường.
2.  Dùng cọ nhỏ hoặc tăm bông lấy keo dán mi/nhũ, điểm dọc theo đường kẻ mắt.
3.  Nhấn nhẹ nhũ lên để cố định.

Kỹ thuật này giúp đôi mắt thêm phần nổi bật, thu hút, đặc biệt phù hợp với các buổi tiệc hoặc sự kiện."
Làm sao tạo makeup cho buổi lễ hội Carnival ban ngày?,"Chào bạn, để có makeup lộng lẫy cho lễ hội Carnival ban ngày, bạn nên tập trung vào sự rực rỡ và bền màu.

1.  **Nền:** Dùng kem nền lâu trôi, che phủ tốt.
2.  **Mắt:** Phấn mắt màu sắc nổi bật (xanh, hồng, tím), có thể thêm kim tuyến. Vẽ eyeliner đậm và gắn mi giả.
3.  **Má:** Sử dụng phấn má hồng hoặc cam đào để tạo điểm nhấn.
4.  **Môi:** Son môi màu tươi sáng, có thể dùng son bóng để tăng độ bắt sáng.
5.  **Điểm nhấn:** Vẽ thêm họa tiết, đính đá hoặc sử dụng sticker trang trí.

Lưu ý dùng xịt khóa nền để giữ lớp makeup lâu trôi dưới ánh nắng nhé!
"
"Kỹ thuật ""soft wing"" là gì?","Kỹ thuật ""soft wing"" (cánh mắt mềm mại) là kiểu kẻ mắt tạo hiệu ứng đôi mắt sắc sảo nhưng vẫn tự nhiên, không quá sắc nét như ""cat eye"" truyền thống. 

**Cách thực hiện:**

1.  **Kẻ một đường viền mỏng** dọc theo đường mi trên, hơi kéo dài ra ngoài.
2.  **Nhẹ nhàng tán** phần đuôi mắt bằng cọ nhỏ hoặc bông tăm để làm mờ đường kẻ, tạo độ ""mềm"".
3.  **Tránh đường kẻ quá sắc**, ưu tiên sự hòa quyện với màu mắt.

""Soft wing"" phù hợp với mọi hình dáng mắt, đặc biệt là mắt một mí hoặc mắt hơi sụp, giúp mở rộng và tạo chiều sâu cho đôi mắt.
"
Cách chọn son môi cho buổi tiệc tối mùa xuân?,"Để chọn son môi cho buổi tiệc tối mùa xuân, bạn nên ưu tiên các màu sắc tươi sáng và rạng rỡ. 

**Bước 1:** Xác định tông da. Da sáng hợp các màu hồng đào, cam san hô. Da trung bình hợp đỏ gạch, hồng đất. Da ngăm hợp đỏ rượu, tím berry.
**Bước 2:** Chọn chất son. Son kem lì hoặc son satin giúp màu son lâu trôi và lên màu chuẩn.
**Bước 3:** Ưu tiên các màu như hồng baby, cam san hô, đỏ cam hoặc đỏ cherry để tạo vẻ ngoài tươi trẻ, tràn đầy sức sống.
"
Làm sao làm sạch cọ sau khi dùng phấn mắt đậm?,"Chào bạn, việc làm sạch cọ sau khi dùng phấn mắt đậm rất quan trọng để đảm bảo vệ sinh và độ bền của cọ. Đây là các bước thực hiện:

1. **Loại bỏ phấn thừa:** Gõ nhẹ cọ lên mu bàn tay hoặc dùng khăn giấy để loại bỏ phấn mắt bám trên cọ.
2. **Sử dụng dung dịch chuyên dụng:** Xịt dung dịch làm sạch cọ hoặc pha loãng dầu dừa/dầu olive với nước rửa chén nhẹ.
3. **Vệ sinh cọ:** Nhúng cọ vào dung dịch, xoay nhẹ nhàng để làm sạch.
4. **Rửa sạch:** Rửa cọ dưới nước ấm cho đến khi nước trong.
5. **Làm khô:** Vắt nhẹ nước và phơi khô cọ theo chiều lông xuống dưới.

Việc này giúp loại bỏ hoàn toàn sắc tố, tránh vi khuẩn và giữ cọ luôn mềm mại.
"
"Kỹ thuật ""bronzed smokey"" là gì?","""Bronzed smokey"" là kỹ thuật trang điểm mắt tập trung vào tông màu đồng, nâu ấm và vàng kim để tạo chiều sâu và vẻ ngoài lấp lánh, khỏe khoắn. 

**Các bước thực hiện:**

1.  **Tạo lớp nền:** Phủ phấn mắt màu đồng lên toàn bộ bầu mắt.
2.  **Tạo chiều sâu:** Dùng phấn nâu đậm hơn tán vào hốc mắt và đuôi mắt.
3.  **Làm sáng:** Thêm chút phấn vàng kim vào giữa bầu mắt và khóe mắt.
4.  **Pha trộn:** Tán đều các màu để chuyển màu mượt mà.
5.  **Hoàn thiện:** Kẻ mắt và chuốt mascara.

Kỹ thuật này phù hợp với nhiều màu da và tạo hiệu ứng đôi mắt quyến rũ, ấm áp.
"
Cách chọn primer cho da dầu vào mùa hè?,"Chào bạn, với da dầu vào mùa hè, việc chọn primer rất quan trọng để lớp trang điểm bền lâu và kiểm soát dầu thừa. Bạn nên ưu tiên các loại primer có kết cấu gel hoặc lỏng, chứa các thành phần như silicone (dimethicone) hoặc bột khoáng (silica) giúp làm mịn da, thu nhỏ lỗ chân lông và hấp thụ dầu. 

Tránh các loại primer chứa dầu hoặc có thành phần dưỡng ẩm quá nhiều. Hãy thử nghiệm trên một vùng da nhỏ để đảm bảo primer không gây bí bách hoặc làm da đổ dầu nhiều hơn nhé!
"
Làm sao tạo makeup cho buổi tiệc ngoài vườn mùa thu?,"Để có lớp trang điểm phù hợp tiệc vườn mùa thu, bạn nên ưu tiên vẻ đẹp tự nhiên, ấm áp.

1.  **Nền:** Chọn kem nền nhẹ nhàng, độ che phủ vừa phải, kết hợp phấn má hồng tone đào hoặc cam đất.
2.  **Mắt:** Sử dụng bảng màu mắt ấm như nâu, cam, vàng đồng. Đánh nhũ mắt nhẹ nhàng ở bầu mắt.
3.  **Môi:** Son môi tone đỏ gạch, cam cháy hoặc nâu đất sẽ rất hợp với không khí mùa thu.
4.  **Hoàn thiện:** Phấn highlight nhẹ nhàng ở gò má, sống mũi để tăng sự tươi tắn."
"Kỹ thuật ""dewy lips"" là gì?","Kỹ thuật ""dewy lips"" (môi bóng mọng tự nhiên) tạo hiệu ứng đôi môi căng mọng, ẩm ướt như sương sớm. Để thực hiện, bạn cần:

1. **Tẩy tế bào chết môi:** Loại bỏ da chết giúp son lên màu chuẩn và mịn hơn.
2. **Dưỡng ẩm:** Sử dụng son dưỡng hoặc vaseline để môi mềm mại.
3. **Son màu:** Chọn son có finish satin hoặc cream.
4. **Highlight:** Thoa một chút highlight ở lòng môi để tạo độ bóng.
5. **Gloss (tùy chọn):** Thêm một lớp gloss mỏng nếu muốn đôi môi bóng hơn.
"
Cách chọn bronzer cho da trung tính?,"Với da trung tính, bạn may mắn vì có thể thử nhiều tông bronzer khác nhau! Hãy tìm bronzer có undertone trung tính hoặc hơi ấm (golden undertone). Tránh bronzer quá cam hoặc quá lạnh.

**Cách chọn:**

1.  **Màu sắc:** Chọn màu đậm hơn 1-2 tông so với da thật.
2.  **Kết cấu:** Phấn mịn phù hợp da thường/khô, kem phù hợp da khô/trưởng thành.
3.  **Thử màu:** Ánh sáng tự nhiên là tốt nhất để xem màu bronzer lên da như thế nào.
"
Làm sao tạo makeup cho buổi tiệc trên bãi biển ban ngày?,"Để có lớp trang điểm hoàn hảo cho buổi tiệc trên bãi biển ban ngày, bạn nên ưu tiên sự tươi tắn, tự nhiên và bền vững.

1.  **Dưỡng ẩm:** Bắt đầu với kem dưỡng ẩm có SPF để bảo vệ da khỏi ánh nắng.
2.  **Nền:** Sử dụng BB cream hoặc cushion mỏng nhẹ thay vì foundation dày.
3.  **Màu mắt:** Chọn tông màu pastel hoặc nude, có thể thêm chút nhũ nhẹ.
4.  **Má hồng:** Sử dụng má hồng kem màu cam đào hoặc hồng san hô.
5.  **Son:** Son dưỡng có màu hoặc son tint nhẹ nhàng.
6.  **Chống nước:** Sử dụng mascara và eyeliner chống nước.

"
"Kỹ thuật ""pastel glow"" là gì?","""Pastel glow"" là kỹ thuật trang điểm tạo hiệu ứng làn da trong trẻo, rạng rỡ như phát sáng, sử dụng các tông màu pastel nhẹ nhàng. 

**Các bước thực hiện:**

1.  **Dưỡng ẩm:** Da cần đủ ẩm để lớp nền mịn màng.
2.  **Nền:** Chọn foundation/cushion tông màu sáng hơn da 1-2 tông.
3.  **Highlight:** Sử dụng highlighter pastel (hồng, tím lavender, xanh bạc hà) ở gò má, sống mũi, nhân trung.
4.  **Má hồng:** Thêm má hồng pastel cùng tông với highlighter.
5.  **Hoàn thiện:** Xịt khóa nền để giữ lớp trang điểm bền lâu.

Kỹ thuật này phù hợp với các dịp đặc biệt, giúp bạn nổi bật và có vẻ ngoài tươi tắn.
"
Làm sao làm sạch beauty blender sau khi dùng phấn má hồng?,"Chào bạn, để làm sạch beauty blender sau khi dùng phấn má hồng, bạn hãy làm theo các bước sau nhé:

1. **Rửa dưới vòi nước ấm:** Xả nước ấm (không nóng) để loại bỏ bớt phấn thừa.
2. **Sử dụng chất tẩy rửa chuyên dụng:** Cho một lượng nhỏ dung dịch tẩy rửa beauty blender hoặc dầu tẩy trang lên miếng mút.
3. **Bóp nhẹ nhàng:** Bóp và xoay nhẹ nhàng để loại bỏ hoàn toàn phấn. Tránh vặn xoắn mạnh làm hỏng cấu trúc mút.
4. **Xả sạch và phơi khô:** Xả lại bằng nước sạch cho đến khi không còn bọt, sau đó vắt nhẹ và phơi khô ở nơi thoáng mát.

Việc vệ sinh thường xuyên giúp ngăn ngừa vi khuẩn và kéo dài tuổi thọ của beauty blender.
"
"Kỹ thuật ""halo liner"" là gì?","Kỹ thuật ""halo liner"" (kẻ mắt halo) là xu hướng trang điểm mắt mới, tạo hiệu ứng đôi mắt to tròn và long lanh. Thay vì kẻ viền mắt thông thường, bạn kẻ một đường liner đậm ở phần đuôi mắt, sau đó mờ dần về phía đầu mắt, tạo thành một ""vầng hào quang"" sáng. 

**Cách thực hiện:**
1. Kẻ liner đậm ở đuôi mắt.
2. Dùng cọ nhỏ hoặc tăm bông làm mờ dần liner về phía đầu mắt.
3. Có thể thêm chút nhũ hoặc phấn sáng ở giữa bầu mắt để tăng hiệu ứng.

Kỹ thuật này phù hợp với nhiều hình dáng mắt và giúp đôi mắt trông cuốn hút hơn.
"
Cách chọn primer cho da lão hóa?,"Chào bạn, với da lão hóa, việc chọn primer rất quan trọng để có lớp nền mịn màng và che phủ tốt các nếp nhăn. 

**Bước 1:** Ưu tiên các loại primer chứa thành phần dưỡng ẩm như hyaluronic acid, glycerin hoặc các loại dầu thực vật.
**Bước 2:** Chọn primer có kết cấu mịn, nhẹ, tránh các sản phẩm dạng bột có thể làm lộ nếp nhăn.
**Bước 3:** Tìm các loại primer có tác dụng làm đầy nếp nhăn tạm thời (blurring effect) hoặc chứa silicone để lấp đầy các rãnh nhỏ.
**Lý do:** Da lão hóa thường khô và có nhiều nếp nhăn, nên cần cấp ẩm và làm mịn bề mặt da trước khi trang điểm."
Làm sao tạo makeup cho buổi lễ hội hóa trang ban ngày?,"Để có makeup lễ hội hóa trang ban ngày, bạn nên ưu tiên sự nổi bật nhưng vẫn giữ được vẻ tươi tắn.

1.  **Nền:** Dùng kem nền nhẹ nhàng, che khuyết điểm vừa đủ.
2.  **Mắt:** Chọn màu mắt sáng, nổi bật như cam, hồng, xanh dương. Có thể thêm kim tuyến hoặc đá lấp lánh.
3.  **Má:** Sử dụng phấn má hồng hoặc cam đào để tạo vẻ tươi tắn.
4.  **Môi:** Son màu tươi sáng, phù hợp với trang phục.
5.  **Hoàn thiện:** Đừng quên dùng xịt khóa lớp trang điểm để giữ lâu trôi."
Làm sao làm sạch cọ sau khi dùng highlighter dạng kem?,"Chào bạn, việc làm sạch cọ sau khi dùng highlighter kem rất quan trọng để đảm bảo vệ sinh và độ bền của cọ. Đây là các bước thực hiện:

1. **Loại bỏ phần highlighter thừa:** Dùng khăn giấy hoặc miếng bông gòn nhẹ nhàng loại bỏ lượng kem còn sót lại trên cọ.
2. **Sử dụng dầu tẩy trang:** Cho một lượng nhỏ dầu tẩy trang lên cọ, massage nhẹ nhàng để làm tan highlighter.
3. **Rửa với nước ấm và sữa rửa mặt:** Rửa sạch cọ với nước ấm và một chút sữa rửa mặt dịu nhẹ.
4. **Làm khô:** Vắt nhẹ nước và để cọ khô tự nhiên, lông cọ hướng xuống dưới.

Việc dùng dầu tẩy trang trước giúp hòa tan các hạt nhũ, tránh làm tắc nghẽn lỗ cọ.
"
"Kỹ thuật ""sunset eyes"" là gì?","""Sunset eyes"" là kỹ thuật trang điểm mắt lấy cảm hứng từ màu sắc của hoàng hôn. Đầu tiên, bạn tán màu cam hoặc đào ấm áp lên bầu mắt. Sau đó, thêm màu hồng hoặc tím vào phần đuôi mắt và hốc mắt, hòa trộn nhẹ nhàng để tạo hiệu ứng chuyển màu mượt mà. Cuối cùng, dùng màu nâu hoặc đồng để làm nổi bật đường hốc mắt, tạo chiều sâu. Kỹ thuật này giúp đôi mắt trông ấm áp, lãng mạn và thu hút.
"
Làm sao tạo makeup cho buổi tiệc Valentine ban đêm?,"Để có makeup Valentine đêm lãng mạn, bạn nên tập trung vào đôi mắt và môi.

1.  **Mắt:** Dùng phấn mắt màu hồng đào, nâu đồng, hoặc tím plum để tạo chiều sâu. Đừng quên kẻ eyeliner mảnh và mascara để mở rộng đôi mắt.
2.  **Da:** Nền mịn lì, đánh nhẹ highlighter ở gò má, sống mũi để có vẻ glowy.
3.  **Môi:** Son đỏ rượu, hồng đất hoặc cam đất là lựa chọn hoàn hảo.

Lý do: Màu sắc ấm áp, lãng mạn phù hợp không khí Valentine, giúp bạn nổi bật trong đêm.
"
"Kỹ thuật ""graphic blush"" là gì?","Kỹ thuật ""graphic blush"" là xu hướng trang điểm má hồng độc đáo, tạo khối màu rõ rệt, không hòa tan tự nhiên như blush thông thường. Thay vào đó, bạn vẽ một hình dạng cụ thể (đường nét, hình trái tim, hình cánh bướm...) lên má, thường kéo dài lên đến thái dương hoặc thậm chí đến đuôi mắt. 

Kỹ thuật này giúp tạo điểm nhấn ấn tượng, cá tính và thường được sử dụng với má hồng kem hoặc gel để dễ dàng tạo hình và giữ màu tốt.
"
Cách chọn kem nền cho da khô vào mùa hè?,"Chào bạn, với da khô vào mùa hè, việc chọn kem nền cần đặc biệt chú trọng cấp ẩm. Hãy ưu tiên các loại kem nền có kết cấu lỏng nhẹ, chứa thành phần dưỡng ẩm như hyaluronic acid, glycerin, hoặc dầu thực vật. 

**Các bước chọn kem nền:**

1.  **Xác định độ che phủ:** Da khô thường dễ lộ vân, nên chọn kem nền che phủ vừa phải.
2.  **Chọn loại nền:** Kem dưỡng ẩm có màu (tinted moisturizer) hoặc BB cream là lựa chọn tốt. Nếu cần che phủ hơn, dùng kem nền lỏng.
3.  **Kiểm tra thành phần:** Tránh các sản phẩm chứa cồn, vì sẽ làm da khô hơn.
"
Làm sao tạo makeup cho buổi tiệc trên du thuyền ban ngày?,"Để có lớp trang điểm hoàn hảo cho buổi tiệc trên du thuyền ban ngày, bạn nên ưu tiên sự tươi tắn và tự nhiên.

1.  **Chuẩn bị da:** Dưỡng ẩm kỹ để da căng bóng.
2.  **Nền:** Chọn kem nền mỏng nhẹ, chống nắng, độ che phủ vừa phải.
3.  **Mắt:** Phấn mắt màu champagne hoặc hồng đào, kết hợp mascara chống thấm nước.
4.  **Má:** Hồng đào hoặc cam san hô để tạo vẻ khỏe khoắn.
5.  **Môi:** Son dưỡng có màu hoặc son lì nhẹ nhàng.

Lưu ý: Cố định lớp trang điểm bằng xịt khoáng để bền màu dưới ánh nắng và gió biển.
"
Làm sao tạo makeup cho buổi lễ hội Tết Trung Thu?,"Để có makeup Tết Trung Thu rạng rỡ, bạn hãy thử các bước sau nhé:

1.  **Nền:** Chọn kem nền nhẹ nhàng, che khuyết điểm vừa đủ để có làn da tự nhiên.
2.  **Mắt:** Sử dụng phấn mắt màu cam đất, nâu vàng hoặc đỏ rượu để tạo chiều sâu. Kẻ eyeliner mảnh và chuốt mascara.
3.  **Má:** Phấn má hồng màu cam đào hoặc hồng san hô sẽ giúp khuôn mặt tươi tắn.
4.  **Môi:** Son đỏ cam hoặc đỏ gạch là lựa chọn hoàn hảo, thể hiện sự ấm áp của mùa lễ hội.

Lưu ý: Ưu tiên sự nhẹ nhàng, tự nhiên để tôn lên vẻ đẹp tươi trẻ trong ngày Tết Trung Thu nhé!
"
Cách chọn son môi cho da sáng vào mùa hè?,"Chào bạn! Với làn da sáng vào mùa hè, bạn nên ưu tiên các màu son tươi tắn, rạng rỡ.

**Bước 1:** Chọn màu son có undertone ấm như cam san hô, hồng đào, hoặc đỏ cam. Những màu này sẽ làm da bạn trông khỏe khoắn và tràn đầy sức sống.

**Bước 2:** Ưu tiên chất son nhẹ nhàng như son tint, son kem lì hoặc son dưỡng có màu để tránh làm da bị bí bách trong thời tiết nóng ẩm.

**Lý do:** Màu son quá tối có thể làm da bạn trông nhợt nhạt, còn chất son dày dễ gây cảm giác khó chịu.
"
Làm sao làm sạch beauty blender sau khi dùng phấn mắt neon?,"Chào bạn,

Làm sạch beauty blender sau khi dùng phấn mắt neon cần cẩn thận để tránh màu bám lại. Đây là các bước:

1. **Rửa sơ:** Rửa dưới vòi nước ấm để loại bỏ phấn thừa.
2. **Sử dụng chất tẩy rửa:** Dùng dầu tẩy trang hoặc xà phòng chuyên dụng cho cọ/beauty blender, tạo bọt và nhẹ nhàng bóp beauty blender.
3. **Xả sạch:** Rửa lại thật kỹ bằng nước ấm cho đến khi nước trong.
4. **Phơi khô:** Vắt nhẹ và phơi khô ở nơi thoáng mát, tránh ánh nắng trực tiếp.

Phấn neon khó trôi hơn nên có thể cần lặp lại bước 2-3."
"Kỹ thuật ""jewel tone lips"" là gì?","""Jewel tone lips"" là kỹ thuật trang điểm môi sử dụng các tông màu đậm, rực rỡ như ruby, sapphire, emerald (đỏ ruby, xanh sapphire, xanh ngọc lục bảo) lấy cảm hứng từ màu sắc của đá quý. 

**Cách thực hiện:**

1.  **Chuẩn bị môi:** Tẩy tế bào chết và dưỡng ẩm.
2.  **Kẻ viền môi:** Sử dụng bút chì cùng tông màu son.
3.  **Tô son:** Tô son trực tiếp hoặc dùng cọ để có độ chính xác cao.
4.  **Hoàn thiện:** Có thể dùng son bóng để tăng độ căng mọng.

Kỹ thuật này giúp đôi môi trở nên nổi bật, sang trọng và thu hút.
"
Cách chọn mascara cho mi ngắn và thưa?,"Để chọn mascara cho mi ngắn và thưa, bạn nên ưu tiên các loại có công thức chứa sợi fiber (sợi tơ) hoặc có khả năng dày mi. Bước 1: Chọn mascara có đầu cọ nhỏ, giúp dễ dàng tiếp cận và phủ đều từng sợi mi. Bước 2: Ưu tiên màu đen hoặc nâu đậm để tạo cảm giác mi dày hơn. Bước 3: Chải mascara theo hình zig-zag từ chân mi lên ngọn để tăng độ cong và độ dài.
"
Làm sao tạo makeup cho buổi tiệc ngoài trời mùa đông?,"Để có lớp trang điểm hoàn hảo cho buổi tiệc ngoài trời mùa đông, bạn cần tập trung vào sự bền vững và ấm áp.

1.  **Dưỡng ẩm:** Mùa đông da dễ khô, hãy cấp ẩm kỹ lưỡng trước khi trang điểm.
2.  **Nền:** Chọn kem nền có độ che phủ vừa phải, kết hợp với phấn khóa để tăng độ bền.
3.  **Màu sắc:** Sử dụng tông màu ấm như cam đất, nâu tây để tạo vẻ ấm áp.
4.  **Mắt:** Chọn phấn mắt lì hoặc nhũ nhẹ, kết hợp với mascara chống thấm nước.
5.  **Môi:** Son lì hoặc son kem có dưỡng ẩm là lựa chọn tốt.
6.  **Khóa lớp trang điểm:** Xịt khóa lớp trang điểm để giữ lớp makeup bền lâu hơn."
Làm sao chọn màu son cho tông da trung tính?,"Chào bạn! Với tông da trung tính, bạn thật may mắn vì có thể ""cân"" được rất nhiều màu son khác nhau. Tuy nhiên, để chọn được màu son tôn da nhất, bạn nên ưu tiên các màu trung tính như hồng đào, cam san hô, hoặc màu nude có chút ấm áp. Tránh các màu quá sáng hoặc quá tối, vì chúng có thể làm da bạn trông xỉn màu. Bạn có thể thử son màu berry nhẹ nhàng để tạo điểm nhấn nhé!
"
Cách tạo hiệu ứng mắt ướt (wet look) bằng makeup?,"Để tạo hiệu ứng mắt ướt, bạn cần chuẩn bị phấn mắt bóng (cream eyeshadow) hoặc phấn mắt nhũ.

1.  **Chuẩn bị:** Bắt đầu với lớp kem lót mắt để tăng độ bám và làm nổi bật màu.
2.  **Phấn mắt:** Dùng cọ dẹt tán đều phấn mắt bóng lên toàn bộ bầu mắt, tập trung vào vùng giữa.
3.  **Highlight:** Thêm chút highlight ở khóe mắt và dưới chân mày để tăng hiệu ứng bắt sáng.
4.  **Hoàn thiện:** Có thể dùng xịt khoáng để ""khóa"" lớp makeup và tăng độ bóng mượt.

Hiệu ứng này giúp đôi mắt trông quyến rũ và có chiều sâu hơn.
"
Tại sao cần dùng kem lót cho môi trước son?,"Chào bạn,

Kem lót cho môi là bước chuẩn bị quan trọng trước khi đánh son, giúp son lên màu chuẩn và bền hơn. Lý do là vì môi chúng ta có xu hướng khô ráp, nhiều đường vân, và có sự khác biệt về sắc tố da. 

Kem lót sẽ:

1.  **Làm mịn bề mặt môi:** Che đi các rãnh, giúp son không bị lem.
2.  **Cấp ẩm:** Giữ cho môi mềm mại, tránh tình trạng bong tróc.
3.  **Trung hòa sắc tố:** Giúp màu son lên chuẩn màu như ý muốn.
"
Kỹ thuật spotlight eye là gì?,"Kỹ thuật ""spotlight eye"" (mắt spotlight) là xu hướng trang điểm tập trung vào việc tạo điểm nhấn rực rỡ ở trung tâm bầu mắt, thường sử dụng phấn nhũ hoặc highlight. 

**Các bước thực hiện:**

1.  **Tạo lớp nền:** Phủ phấn mắt màu trung tính trên toàn bầu mắt.
2.  **Đánh sáng trung tâm:** Dùng cọ nhỏ, đánh phấn nhũ/highlight trực tiếp lên vùng trung tâm bầu mắt, gần hốc mắt.
3.  **Tạo chiều sâu:** Có thể thêm chút phấn tối màu ở góc ngoài mắt để tăng độ sâu.

Kỹ thuật này giúp đôi mắt trông to tròn, thu hút và có chiều sâu hơn.
"
Cách chọn kem nền cho da hỗn hợp vào mùa đông?,"Chào bạn, da hỗn hợp vào mùa đông cần kem nền cân bằng ẩm và kiểm soát dầu. Hãy chọn loại có kết cấu mỏng nhẹ, chứa thành phần dưỡng ẩm như hyaluronic acid, glycerin. Ưu tiên kem nền có chỉ số SPF để bảo vệ da khỏi tia UV.

**Các bước chọn kem nền:**

1.  Xác định vùng da dầu (thường chữ T) và vùng da khô.
2.  Chọn kem nền ""oil-free"" hoặc ""mattifying"" cho vùng dầu, và kem nền ""hydrating"" cho vùng khô.
3.  Thử kem nền lên da trước khi mua để đảm bảo màu sắc và kết cấu phù hợp.
"
Mascara màu nào hợp với makeup tự nhiên?,"Để có makeup tự nhiên, bạn nên ưu tiên mascara màu nâu hoặc đen nâu. Màu đen tuyền có thể quá mạnh, tạo cảm giác nặng nề cho đôi mắt. 

Mascara nâu giúp làm dày và dài mi một cách tinh tế, tạo hiệu ứng đôi mắt to tròn tự nhiên. Đen nâu là lựa chọn an toàn hơn nếu bạn muốn chút sắc sảo, nhưng vẫn giữ được vẻ nhẹ nhàng, phù hợp với phong cách trang điểm hàng ngày.
"
Làm sao tạo lớp nền glowy mà không bóng nhờn?,"Để có lớp nền glowy mà không bị bóng nhờn, bạn cần chú trọng dưỡng ẩm và chọn đúng sản phẩm. 

1. **Dưỡng ẩm:** Sử dụng kem dưỡng ẩm phù hợp với da trước khi trang điểm.
2. **Primer:** Chọn primer có khả năng kiềm dầu và làm mịn da.
3. **Foundation:** Ưu tiên foundation có kết cấu nhẹ, ẩm mịn (dewy finish) thay vì matte.
4. **Setting Spray:** Cuối cùng, dùng setting spray dạng xịt khóa lớp nền, giúp da căng bóng tự nhiên mà không bị bóng dầu.
"
Toner dạng xịt có lợi ích gì trước makeup?,"Chào bạn, với vai trò là chuyên gia trang điểm, tôi xin chia sẻ về lợi ích của toner dạng xịt trước khi makeup:

1. **Cấp ẩm:** Toner xịt giúp da đủ ẩm, làm mềm da và giúp lớp nền mướt mịn hơn.
2. **Cân bằng pH:** Sau khi rửa mặt, toner giúp cân bằng độ pH tự nhiên của da, tạo môi trường tốt cho các bước skincare và makeup tiếp theo.
3. **Làm dịu da:** Nếu da nhạy cảm hoặc dễ kích ứng, toner xịt có thể làm dịu da, giảm đỏng và khó chịu.
4. **Khóa ẩm:** Giúp khóa ẩm từ các bước dưỡng trước, tăng cường hiệu quả dưỡng da.
"
Cách chọn màu bronzer cho da lạnh?,"Chào bạn! Với làn da lạnh, việc chọn bronzer cần chú ý để tránh bị ""lệch tông"". Hãy ưu tiên các tông bronzer ấm áp nhưng không quá cam, như màu đào, nâu vàng hoặc nâu hồng. Tránh các màu bronzer quá đỏ hoặc cam đất vì chúng có thể làm da trông xỉn màu. Thử màu lên cổ tay để xem màu nào hòa hợp nhất với da bạn nhé!
"
Kỹ thuật blush layering là gì?,"Kỹ thuật blush layering (tầng lớp má hồng) là cách tạo chiều sâu và độ tự nhiên cho đôi má bằng cách sử dụng nhiều loại má hồng với các chất kết cấu và tông màu khác nhau. 

**Các bước thực hiện:**

1.  **Base:** Bắt đầu với má hồng kem hoặc lỏng để tạo lớp nền ẩm mịn.
2.  **Color:** Tiếp theo, dùng má hồng dạng bột với tông màu tương tự hoặc đậm hơn một chút để tăng sắc độ.
3.  **Highlight (tùy chọn):** Cuối cùng, thoa một chút má hồng nhũ hoặc highlight lên gò má để tạo hiệu ứng bắt sáng.

Kỹ thuật này giúp má hồng bám lâu hơn và trông tự nhiên hơn so với chỉ dùng một loại.
"
Làm sao giữ makeup đẹp khi đi bơi?,"Để giữ makeup đẹp khi đi bơi, bạn cần ưu tiên sự bền vững và hạn chế sản phẩm. Đầu tiên, dùng kem lót chống thấm nước để tạo lớp nền vững chắc. Tiếp theo, chọn foundation, phấn mắt, mascara và son lì, chống nước. Đừng quên dùng bút kẻ mắt và eyeliner waterproof. Cuối cùng, xịt một lớp xịt khóa makeup để ""khóa"" tất cả lại. Tránh đánh quá đậm vì có thể bị lem khi tiếp xúc với nước.
"
Cách chọn phấn mắt cho mắt xanh?,"Để chọn phấn mắt cho mắt xanh, bạn nên ưu tiên các tông màu ấm. Màu đồng, vàng đồng, cam đất, hoặc nâu đào sẽ làm nổi bật màu xanh của mắt và tạo sự tương phản hài hòa. Tránh các màu xanh dương hoặc tím quá đậm vì có thể khiến mắt trông xỉn màu. Bạn có thể kết hợp nhiều màu để tạo chiều sâu, ví dụ: đánh màu đồng làm base, sau đó thêm chút cam đất vào hốc mắt.
"
Mặt nạ dưỡng da trước makeup có tác dụng gì?,"Chào bạn,

Mặt nạ dưỡng da trước makeup có tác dụng cấp ẩm, làm dịu da và giúp lớp nền mịn màng hơn. Việc này đặc biệt quan trọng với da khô hoặc da dễ bị kích ứng. 

**Cụ thể:**

1.  **Cấp ẩm:** Mặt nạ giúp da đủ ẩm, tránh tình trạng lớp nền bị mốc, bong tróc.
2.  **Làm dịu:** Giảm đỏ, kích ứng, giúp da cân bằng trước khi trang điểm.
3.  **Mịn da:** Mặt nạ giúp làm đầy các nếp nhăn nhỏ, tạo bề mặt da láng mịn, giúp lớp nền bám tốt hơn.

Nên chọn mặt nạ phù hợp với loại da và thời gian sử dụng vừa đủ (15-20 phút) trước khi makeup nhé!
"
Kỹ thuật lip plumping makeup là gì?,"Kỹ thuật lip plumping makeup là tạo hiệu ứng đôi môi căng mọng hơn bằng trang điểm, không cần phẫu thuật. Các bước thực hiện:

1. **Tẩy tế bào chết:** Giúp môi mịn màng, dễ ăn son.
2. **Tạo đường viền:** Vẽ viền môi hơi vượt quá đường môi tự nhiên một chút.
3. **Đánh highlight:** Điểm highlight nhỏ ở lòng môi dưới và trên.
4. **Sử dụng son bóng:** Son bóng giúp phản chiếu ánh sáng, tạo cảm giác môi đầy đặn.
5. **Màu son:** Chọn màu son tươi sáng hoặc trung tính.

Kỹ thuật này dựa trên nguyên tắc đánh lừa thị giác, tạo chiều sâu và độ bóng để môi trông đầy đặn hơn.
"
Cách chọn setting powder cho da khô?,"Chào bạn! Với da khô, việc chọn setting powder cần lưu ý để tránh làm da mất thêm độ ẩm. Hãy ưu tiên các loại powder có kết cấu mịn, dạng bột nén hoặc kem nén thay vì bột rời. 

**Bước 1:** Chọn loại có thành phần dưỡng ẩm như hyaluronic acid, glycerin, hoặc dầu thực vật.
**Bước 2:** Tránh các loại chứa talc hoặc silica quá nhiều vì chúng hút ẩm mạnh.
**Bước 3:** Sử dụng cọ mềm, đánh nhẹ nhàng lên vùng da cần giữ lớp trang điểm, tránh chà xát.
"
Làm sao tạo makeup cho buổi hẹn ban ngày?,"Để có lớp trang điểm tự nhiên cho buổi hẹn ban ngày, bạn hãy bắt đầu bằng lớp nền nhẹ nhàng với kem dưỡng ẩm có màu hoặc BB cream. Tiếp theo, dùng phấn má hồng màu đào hoặc hồng san hô để tạo vẻ tươi tắn. Đừng quên mascara để mở rộng đôi mắt và son dưỡng môi có màu nhẹ nhàng. Cuối cùng, một chút phấn highlight ở gò má và sống mũi sẽ giúp bạn tỏa sáng. Quan trọng nhất là giữ cho lớp trang điểm thật mỏng nhẹ, tập trung vào sự tươi tắn tự nhiên!
"
Kỹ thuật duo-chrome eyeshadow là gì?,"Kỹ thuật duo-chrome eyeshadow là sử dụng phấn mắt có hai tông màu chuyển đổi lẫn nhau khi nhìn ở các góc độ khác nhau. 

**Cách thực hiện:**
1.  **Chọn phấn:** Chọn phấn duo-chrome với màu sắc bạn yêu thích.
2.  **Thoa phấn:** Thoa đều lên bầu mắt, tập trung vào vùng giữa.
3.  **Nhìn và điều chỉnh:** Nghiêng đầu và quan sát sự chuyển màu, có thể thêm lớp phấn mỏng để tăng hiệu ứng.

Hiệu ứng này tạo chiều sâu và sự lấp lánh độc đáo cho đôi mắt.
"
Cách chọn màu má hồng cho tông da ấm?,"Chào bạn! Với tông da ấm, bạn nên ưu tiên các màu má hồng có undertone ấm tương tự để tạo sự hài hòa. Cụ thể:

1.  **Màu đào:** Phù hợp với mọi mức độ da ấm, mang đến vẻ tươi trẻ.
2.  **Màu cam san hô:** Tuyệt vời cho da ấm trung bình đến tối, tạo sự rạng rỡ.
3.  **Màu hồng đất:** Lựa chọn lý tưởng cho da ấm sáng, giúp khuôn mặt có chiều sâu.

Tránh các màu hồng baby hoặc tím quá nhiều vì có thể làm da trông xỉn màu.
"
Làm sao làm sạch cọ sau khi dùng phấn mắt kim loại?,"Chào bạn,

Làm sạch cọ sau khi dùng phấn mắt kim loại cần cẩn thận để không làm hỏng cọ và loại bỏ hoàn toàn phấn. Đây là các bước:

1. **Gõ nhẹ:** Gõ nhẹ đầu cọ lên mặt phẳng để loại bỏ phấn thừa.
2. **Dung dịch làm sạch:** Xịt dung dịch chuyên dụng cho cọ hoặc pha loãng dầu baby với nước rửa chén nhẹ.
3. **Làm sạch:** Nhẹ nhàng xoay cọ trên miếng lót làm sạch hoặc khăn mềm.
4. **Rửa sạch:** Rửa cọ dưới nước ấm cho đến khi nước trong.
5. **Làm khô:** Vắt nhẹ nước và phơi khô cọ theo chiều lông xuống.

Việc này giúp cọ luôn sạch sẽ, mềm mại và kéo dài tuổi thọ.
"
Kỹ thuật soft-focus makeup là gì?,"Kỹ thuật trang điểm soft-focus là xu hướng tạo lớp nền mịn màng, tự nhiên như được ""lọc"" qua lăng kính mềm mại. Thay vì che phủ hoàn toàn, kỹ thuật này tập trung vào làm mờ các đường nét sắc sảo, giảm thiểu lỗ chân lông và nếp nhăn. 

**Cách thực hiện:** Dùng kem nền mỏng nhẹ, kết hợp highlighter ở những điểm bắt sáng và phấn má hồng tông màu ấm. Tránh contour quá rõ ràng, thay vào đó dùng bronzer để tạo chiều sâu nhẹ nhàng. Mục tiêu là làn da trông rạng rỡ, khỏe mạnh chứ không phải ""mặt nạ"" hoàn hảo.
"
Làm sao tạo makeup cho ngày cắm trại?,"Chào bạn, để có một lớp makeup phù hợp cho ngày cắm trại, hãy ưu tiên sự tự nhiên và bền vững nhé!

1.  **Dưỡng ẩm:** Bước quan trọng nhất, giúp da không bị khô ráp do thời tiết.
2.  **Kem chống nắng:** Bảo vệ da khỏi tác hại của UV là điều bắt buộc.
3.  **BB cream/Kem nền nhẹ:** Che phủ vừa phải, không gây bí da.
4.  **Má hồng/Son tint:** Tạo chút sắc màu tươi tắn.
5.  **Chống nước:** Chọn sản phẩm chống nước để makeup bền lâu.

Tránh makeup quá đậm, hãy để làn da ""thở"" tự nhiên bạn nhé!
"
Kỹ thuật monochromatic makeup làm thế nào?,"Kỹ thuật trang điểm monochromatic (một màu) tập trung sử dụng các sắc thái khác nhau của một màu duy nhất trên toàn bộ khuôn mặt, tạo sự hài hòa và tinh tế. 

**Các bước thực hiện:**

1.  **Chọn màu:** Chọn màu yêu thích, phù hợp với tông da.
2.  **Mắt:** Sử dụng phấn mắt từ nhạt đến đậm của màu đã chọn.
3.  **Má:** Thoa phấn má hồng cùng tông màu, tán đều.
4.  **Môi:** Sử dụng son môi hoặc son tint cùng màu.
5.  **Tạo khối (tùy chọn):** Dùng phấn tạo khối màu lạnh hơn một chút để định hình khuôn mặt.

Kỹ thuật này giúp khuôn mặt trông cân đối và hiện đại.
"
Cách chọn son môi cho sự kiện ngoài trời ban ngày?,"Để chọn son môi cho sự kiện ngoài trời ban ngày, bạn nên ưu tiên các màu sắc tươi sáng, tự nhiên như hồng san hô, cam đào hoặc đỏ cam. Những màu này sẽ giúp bạn trông rạng rỡ và phù hợp với ánh sáng tự nhiên. Chất son nên là lì hoặc bán lì để giữ màu tốt và tránh bị bóng dầu dưới ánh nắng. Tránh các màu quá đậm hoặc quá tối vì có thể trông không tự nhiên và ""dừ"" hơn.
"
Làm sao làm sạch beauty blender sau khi dùng son đậm?,"Chào bạn, việc làm sạch beauty blender sau khi dùng son đậm rất quan trọng để tránh lây nhiễm màu và vi khuẩn. Đây là các bước mình thường làm:

1. **Rửa sơ:** Rửa nhẹ nhàng dưới nước ấm để loại bỏ phần son thừa.
2. **Sử dụng chất tẩy rửa:** Cho một lượng nhỏ dầu tẩy trang hoặc xà phòng dịu nhẹ lên blender, nhẹ nhàng bóp và xoa đều.
3. **Xả sạch:** Rửa lại thật kỹ bằng nước ấm cho đến khi không còn bọt.
4. **Phơi khô:** Vắt nhẹ và phơi khô ở nơi thoáng mát, tránh ánh nắng trực tiếp.

Việc dùng dầu tẩy trang giúp hòa tan sắc tố son hiệu quả hơn.
"
Kỹ thuật double cleansing cho makeup đậm hoạt động ra sao?,"Double cleansing là kỹ thuật làm sạch da hai bước, đặc biệt hiệu quả với makeup đậm. **Bước 1:** Dùng dầu tẩy trang (cleansing oil) hòa tan các sản phẩm makeup gốc dầu như kem nền, son lì, mascara chống thấm nước. **Bước 2:** Sử dụng sữa rửa mặt (cleanser) dịu nhẹ loại bỏ cặn dầu, bụi bẩn và mồ hôi còn sót lại. Việc này giúp da sạch sâu, ngăn ngừa tắc nghẽn lỗ chân lông và các vấn đề về da.
"
Làm sao tạo makeup cho buổi hòa nhạc ngoài trời?,"Để có lớp makeup hoàn hảo cho buổi hòa nhạc ngoài trời, bạn cần ưu tiên sự bền vững và nổi bật.

1.  **Chuẩn bị da:** Dưỡng ẩm kỹ để da không bị khô dưới ánh nắng.
2.  **Kem nền:** Chọn loại có độ che phủ vừa phải, chống nước và có chỉ số SPF.
3.  **Mắt:** Sử dụng phấn mắt màu đậm, bền màu và có thể kết hợp nhũ để nổi bật.
4.  **Má & Môi:** Tô má hồng và son môi màu sắc tươi sáng, bền màu.
5.  **Khóa lớp makeup:** Dùng xịt khóa makeup để giữ lớp trang điểm lâu trôi.

Lý do: Hòa nhạc ngoài trời thường kéo dài, thời tiết có thể thay đổi nên cần makeup bền vững. Màu sắc nổi bật giúp bạn dễ dàng được nhận ra trong đám đông.
"
Kỹ thuật glass lips là gì?,"Kỹ thuật glass lips (hay còn gọi là môi thủy tinh) là xu hướng trang điểm môi tạo hiệu ứng căng mọng, bóng bẩy như mặt kính. Để thực hiện, bạn cần:

1. **Tạo đường viền môi:** Dùng bút kẻ môi trùng màu hoặc đậm hơn môi thật một chút.
2. **Tô son:** Chọn son có màu sắc yêu thích, tô đều.
3. **Highlight:** Thoa highlight (bột hoặc kem) ở lòng môi, chính giữa môi trên và dưới.
4. **Son bóng:** Cuối cùng, phủ một lớp son bóng trong suốt để hoàn thiện.

Highlight và son bóng giúp ánh sáng phản xạ, tạo cảm giác môi đầy đặn và căng mọng.
"
Cách chọn mascara cho mi ngắn?,"Để chọn mascara cho mi ngắn, bạn nên ưu tiên các loại có công thức làm dày và cong mi. Mascara có đầu cọ nhỏ, sợi ngắn và dày đặc sẽ giúp phủ đều từ chân mi, tạo cảm giác mi dài hơn. Màu đen hoặc nâu đậm cũng giúp mi trông rõ ràng hơn. Tránh mascara quá ướt hoặc có nhiều sợi fiber, vì có thể gây nặng mi và làm mi cụp xuống.
"
Làm sao tạo makeup cho buổi tiệc trên du thuyền?,"Để có lớp trang điểm hoàn hảo cho buổi tiệc trên du thuyền, bạn nên ưu tiên sự bền vững và tươi tắn.

1.  **Chuẩn bị da:** Dưỡng ẩm kỹ để da không bị khô do gió biển.
2.  **Nền:** Chọn kem nền chống thấm nước, độ che phủ vừa phải, kết hợp phấn phủ dạng bột để giữ lớp nền lâu trôi.
3.  **Mắt:** Sử dụng mắt nhũ lấp lánh hoặc màu đồng ấm áp, kết hợp mascara chống thấm nước.
4.  **Môi:** Son kem lì hoặc son tint bền màu là lựa chọn tốt.
5.  **Khóa lớp trang điểm:** Xịt khóa trang điểm để giữ mọi thứ cố định suốt buổi tiệc.
"
Kỹ thuật smokey cat eye là gì?,"Kỹ thuật Smokey Cat Eye là sự kết hợp giữa phong cách mắt khói (smokey eyes) và đường kẻ mắt mèo (cat eye) sắc sảo. Đầu tiên, bạn tán phấn mắt tối màu (đen, nâu, xám) dọc theo đường hốc mắt và đuôi mắt, mờ dần về phía hốc mắt. Sau đó, dùng eyeliner đen kẻ một đường viền mắt mèo rõ nét, từ khóe mắt trong kéo dài ra ngoài và hơi cong lên. Kỹ thuật này giúp đôi mắt trông sâu hơn, sắc sảo và quyến rũ hơn.
"
Làm sao làm sạch cọ sau khi dùng glitter?,"Chào bạn, làm sạch cọ sau khi dùng glitter cần cẩn thận để không làm hỏng sợi cọ và loại bỏ hoàn toàn các hạt lấp lánh. Đây là các bước:

1. **Loại bỏ glitter khô:** Gõ nhẹ cọ lên tay hoặc dùng khăn giấy để loại bỏ glitter thừa.
2. **Rửa cọ:** Dùng nước ấm và dầu rửa cọ chuyên dụng (hoặc dầu baby oil) nhẹ nhàng xoa đều.
3. **Xả sạch:** Rửa kỹ dưới vòi nước ấm cho đến khi nước trong.
4. **Làm khô:** Vắt nhẹ nước và phơi khô cọ theo chiều lông xuống dưới.

Việc dùng dầu giúp hòa tan glitter, tránh làm sợi cọ bị gãy.
"
Kỹ thuật luminous skin là gì?,"Kỹ thuật ""luminous skin"" (làn da rạng rỡ) tập trung vào việc tạo hiệu ứng da căng bóng, khỏe mạnh từ bên trong, thay vì che phủ hoàn toàn. 

**Các bước chính:**

1.  **Dưỡng ẩm kỹ:** Sử dụng serum, kem dưỡng ẩm phù hợp.
2.  **Sử dụng kem lót/primer:** Chọn loại có thành phần dưỡng ẩm, bắt sáng.
3.  **Nền mỏng nhẹ:** Ưu tiên cushion, foundation mỏng, hoặc BB cream.
4.  **Highlight:** Tập trung ở gò má, sống mũi, trán, cằm.

**Lý do:** Kỹ thuật này giúp ánh sáng phản chiếu tốt hơn, làm da trông tươi tắn, tự nhiên.
"
Cách chọn màu son cho makeup văn phòng?,"Để chọn son cho makeup văn phòng, ưu tiên các màu tự nhiên, nhẹ nhàng. Các lựa chọn an toàn bao gồm:

1.  **Hồng nude/màu đào:** Tạo vẻ thanh lịch, nữ tính.
2.  **Cam đất:** Hiện đại, năng động nhưng vẫn tinh tế.
3.  **Đỏ cam gạch:** Phù hợp với nhiều tông da, giúp da sáng hơn.
4.  **Hồng baby:** Nhẹ nhàng, tươi trẻ.

Tránh các màu quá nổi bật như đỏ tươi, tím, hoặc các màu có nhũ. Chất son nên chọn matte hoặc semi-matte để giữ lâu và không gây cảm giác quá ""tắc"".
"
Làm sao tạo makeup cho buổi picnic?,"Chào bạn, để có makeup phù hợp cho buổi picnic, hãy ưu tiên sự tự nhiên, nhẹ nhàng nhé!

1.  **Dưỡng ẩm:** Bước quan trọng để lớp nền mịn màng.
2.  **Kem chống nắng:** Bảo vệ da khỏi tác hại của ánh nắng mặt trời.
3.  **Nền:** Dùng BB cream hoặc cushion mỏng nhẹ, che khuyết điểm vừa đủ.
4.  **Màu mắt:** Chọn tone pastel hoặc nude, tán nhẹ nhàng.
5.  **Má hồng:** Tô nhẹ nhàng để có đôi má ửng hồng tự nhiên.
6.  **Son:** Son tint hoặc son dưỡng có màu là lựa chọn lý tưởng.

Tránh makeup quá đậm để giữ vẻ tươi tắn suốt buổi picnic bạn nhé!
"
Kỹ thuật bold blush là gì?,"Kỹ thuật ""bold blush"" (tạo khối má đậm) là xu hướng trang điểm nhấn mạnh vào đôi má ửng hồng rực rỡ, tạo hiệu ứng khuôn mặt khỏe khoắn, trẻ trung. 

**Cách thực hiện:**
1.  Chọn phấn má hồng có màu sắc yêu thích (hồng đào, cam đất,...).
2.  Thoa phấn lên vùng gò má, kéo dài về phía thái dương, tạo hình chữ C.
3.  Tăng dần lượng phấn để đạt độ đậm mong muốn.
4.  Có thể dùng cọ nhỏ để tán đều viền phấn, tránh đường nét bị gắt.

Kỹ thuật này phù hợp với những bạn có làn da trắng sáng và muốn tạo điểm nhấn cho khuôn mặt.
"
Cách chọn phấn mắt cho da trung tính?,"Chào bạn! Với làn da trung tính, bạn thật may mắn vì có thể ""cân"" được hầu hết các màu phấn mắt! Tuy nhiên, để đôi mắt thêm nổi bật, hãy ưu tiên các tông màu:

1. **Màu trung tính ấm:** Vàng đồng, nâu đào, cam đất sẽ làm mắt bạn ấm áp, có chiều sâu.
2. **Màu trung tính lạnh:** Xám tro, tím than, xanh rêu sẽ tạo vẻ sắc sảo, cuốn hút.
3. **Màu nổi bật:** Hồng san hô, tím lavender cũng rất hợp, nhưng nên dùng làm điểm nhấn.

Hãy thử nghiệm để tìm ra màu sắc phù hợp nhất với sở thích và trang phục nhé!
"
Làm sao tạo makeup cho buổi tiệc BBQ ban ngày?,"Chào bạn, để có một lớp makeup phù hợp cho buổi tiệc BBQ ban ngày, bạn nên ưu tiên sự tự nhiên, tươi tắn và bền màu.

1.  **Chuẩn bị da:** Dưỡng ẩm kỹ để da căng bóng.
2.  **Nền:** Dùng kem nền mỏng nhẹ, có chỉ số SPF để bảo vệ da.
3.  **Mắt:** Phấn mắt màu nude hoặc cam đào, kết hợp mascara chống thấm nước.
4.  **Má:** Hồng đào nhẹ nhàng để khuôn mặt tươi sáng.
5.  **Môi:** Son tint hoặc son dưỡng có màu để đôi môi căng mọng tự nhiên.

Tránh makeup quá đậm vì ánh nắng sẽ làm lớp trang điểm dễ bị chảy.
"
Kỹ thuật winged liner ombre là gì?,"Kỹ thuật winged liner ombre là sự kết hợp giữa eyeliner cánh gà (winged liner) và hiệu ứng ombre. Bắt đầu bằng việc vẽ một đường eyeliner mỏng gần đường mi mắt, sau đó tăng dần độ dày về phía đuôi mắt để tạo độ đậm nhạt. Cuối cùng, kéo dài đường eyeliner ra ngoài tạo thành cánh, đồng thời làm mờ phần cánh để tạo hiệu ứng ombre mềm mại, không quá sắc sảo. Kỹ thuật này giúp đôi mắt trông sâu hơn, sắc sảo hơn nhưng vẫn giữ được vẻ tự nhiên.
"
Cách chọn setting spray cho da mụn?,"Chào bạn, với da mụn, việc chọn setting spray cần lưu ý một số điểm để tránh làm tình trạng mụn trở nên nghiêm trọng hơn.

**Bước 1:** Ưu tiên các sản phẩm **không chứa cồn (alcohol-free)**, vì cồn có thể làm khô da, kích thích tuyến bã nhờn hoạt động mạnh hơn.
**Bước 2:** Tìm các thành phần **lành tính, dịu nhẹ**, có thể kể đến như nước hoa hồng, lô hội, hoặc trà xanh.
**Bước 3:** Chọn loại **có khả năng kiểm soát dầu thừa** và **giữ ẩm** để cân bằng da.
**Bước 4:** Ưu tiên các sản phẩm **non-comedogenic** (không gây tắc lỗ chân lông).
"
Làm sao tạo makeup cho buổi hẹn mùa thu?,"Để có một lớp trang điểm hẹn hò mùa thu nhẹ nhàng, ấm áp, bạn hãy bắt đầu với lớp nền mỏng nhẹ, tập trung vào dưỡng ẩm. Tiếp theo, sử dụng phấn mắt tông màu ấm như cam đất, nâu gạch để tạo chiều sâu. Đừng quên kẻ mắt mảnh và mascara để đôi mắt thêm long lanh. Cuối cùng, chọn son môi màu nude, hồng đào hoặc đỏ cam để hoàn thiện vẻ ngoài dịu dàng, lãng mạn, phù hợp với không khí mùa thu.
"
Kỹ thuật pearlescent glow là gì?,"Kỹ thuật ""pearlescent glow"" (tỏa sáng ngọc trai) là xu hướng trang điểm tạo hiệu ứng da căng bóng, khỏe mạnh, tự nhiên như được chiếu sáng từ bên trong. 

**Cách thực hiện:**

1.  **Dưỡng ẩm:** Bước quan trọng nhất để da mịn màng.
2.  **Highlight dạng lỏng/kem:** Thoa lên các điểm cao như gò má, sống mũi, nhân trung, dưới chân mày.
3.  **Phấn highlight:** Tăng cường độ glow bằng phấn highlight nhũ ngọc trai.

**Lý do:** Các hạt ngọc trai phản xạ ánh sáng, tạo chiều sâu và vẻ rạng rỡ cho da.
"
Cách chọn mỹ phẩm cho makeup đi biển?,"Để chọn mỹ phẩm makeup đi biển, ưu tiên các sản phẩm chống nước, lâu trôi và có chỉ số SPF.

1.  **Kem nền/BB cream:** Chọn loại có kết cấu nhẹ, chống nước, SPF 30+.
2.  **Chống nắng:** Quan trọng nhất! Dùng kem chống nắng phổ rộng, SPF 50+ và thoa lại sau mỗi 2 tiếng.
3.  **Mascara/Eyeliner:** Chọn loại waterproof để tránh lem.
4.  **Son môi:** Son có màu, có dưỡng ẩm và SPF để bảo vệ môi.
5.  **Phấn:** Phấn khoáng hoặc phấn nén chống nước giúp kiểm soát dầu.

Tránh dùng quá nhiều lớp makeup để da ""thở"" được dưới nắng.
"
Làm sao làm sạch cọ sau khi dùng kem nền?,"Chào bạn, việc vệ sinh cọ sau khi dùng kem nền rất quan trọng để đảm bảo vệ sinh và kéo dài tuổi thọ cọ. Đây là các bước thực hiện:

1. **Loại bỏ kem nền thừa:** Dùng khăn giấy hoặc miếng bông gòn lau nhẹ nhàng để loại bỏ lượng kem nền còn sót lại trên cọ.
2. **Vệ sinh bằng dung dịch chuyên dụng:** Cho một lượng nhỏ dung dịch vệ sinh cọ (hoặc dầu gội em bé dịu nhẹ) vào lòng bàn tay, nhẹ nhàng xoay cọ trên lòng bàn tay để tạo bọt và làm sạch.
3. **Rửa sạch:** Rửa cọ dưới nước ấm cho đến khi nước trong.
4. **Làm khô:** Vắt nhẹ nước và để cọ khô tự nhiên, lông cọ hướng xuống dưới để tránh nước làm hỏng cán cọ.
"
Kỹ thuật velvet lips là gì?,"Kỹ thuật velvet lips (son môi nhung) tạo hiệu ứng môi mềm mại, mịn màng như nhung. Các bước thực hiện:

1.  **Tẩy tế bào chết môi:** Giúp môi mịn màng, son lên chuẩn màu.
2.  **Dưỡng ẩm:** Đảm bảo môi đủ ẩm để son không bị vón cục.
3.  **Kẻ viền môi:** Tạo dáng môi sắc nét.
4.  **Đánh lớp son đầu tiên:** Dùng son kem hoặc son thỏi, bặm nhẹ.
5.  **Đánh lớp son thứ hai:** Dùng cọ nhỏ đánh đều, tạo hiệu ứng ombre nhẹ nhàng.
6.  **Phủ một lớp giấy ăn mỏng:** Giúp son bám lâu và tạo hiệu ứng lì mịn."
Cách chọn màu son cho da nám?,"Chào bạn, việc chọn son cho da nám cần lưu ý để không làm lộ rõ hơn các đốm nám.

**Bước 1:** Xác định tông da (ấm, lạnh, trung tính).
**Bước 2:** Ưu tiên các màu son có undertone ấm như cam, đào, hồng san hô. Chúng sẽ làm da sáng hơn, che mờ vết nám.
**Bước 3:** Tránh các màu son quá tối hoặc quá sáng, đặc biệt là các màu nude lạnh, tím, hoặc đỏ tươi. Chúng có thể làm da trông xỉn màu và nám rõ hơn.
**Lý do:** Màu ấm trung hòa sắc tố nám, tạo sự cân bằng cho da.
"
Làm sao tạo makeup cho buổi tiệc mùa đông?,"Để có một lớp trang điểm tiệc mùa đông hoàn hảo, bạn nên tập trung vào sự ấm áp và lấp lánh.

1.  **Nền:** Sử dụng kem nền ẩm mịn để tránh tình trạng khô da.
2.  **Mắt:** Chọn phấn mắt tông ấm như nâu đồng, vàng gold, hoặc burgundy. Đừng quên chút nhũ để đôi mắt thêm lấp lánh.
3.  **Má:** Sử dụng phấn má hồng màu đào hoặc hồng san hô để tạo vẻ ửng hồng tự nhiên.
4.  **Môi:** Son đỏ ruby hoặc màu berry trầm sẽ là lựa chọn tuyệt vời.
5.  **Hoàn thiện:** Phấn highlight nhẹ nhàng ở gò má và sống mũi để tăng độ rạng rỡ."
Kỹ thuật diffused blush là gì?,"Kỹ thuật diffused blush (hay còn gọi là má hồng tệp viền) là xu hướng trang điểm má hồng đang được ưa chuộng, tạo hiệu ứng má ửng hồng tự nhiên, khỏe khoắn.

**Cách thực hiện:** Thay vì đánh má hồng tập trung ở gò má, bạn đánh một lượng nhỏ má hồng lên vùng trung tâm gò má và hòa nhuyễn ra ngoài, hòa lẫn vào da. Có thể dùng cọ mềm hoặc mút trang điểm để tán đều. Kỹ thuật này giúp tránh đường viền má hồng sắc nét, mang lại vẻ đẹp tự nhiên, trẻ trung.
"
"Kỹ thuật ""cloud skin"" trong makeup là gì?","""Cloud skin"" là kỹ thuật trang điểm tạo hiệu ứng làn da mờ ảo, mịn màng như làn da được bao phủ bởi mây. Thay vì lớp nền hoàn hảo, không tì vết, cloud skin tập trung vào sự tự nhiên và căng bóng.

**Các bước thực hiện:**

1.  Dưỡng ẩm kỹ lưỡng.
2.  Sử dụng kem nền mỏng nhẹ, trộn cùng highlight lỏng.
3.  Tập trung đánh kem nền ở vùng trung tâm khuôn mặt, tán đều ra ngoài.
4.  Hoàn thiện bằng xịt khóa nền để tăng độ căng bóng.

Kỹ thuật này phù hợp với những ai yêu thích vẻ đẹp tự nhiên, khỏe khoắn.
"
Cách chọn kem nền cho da không đều màu?,"Để chọn kem nền cho da không đều màu, bạn nên ưu tiên các sản phẩm có khả năng che phủ tốt (medium đến full coverage). Hãy tìm các thành phần như vitamin C hoặc niacinamide giúp làm sáng da và cải thiện sắc tố. Quan trọng nhất là chọn tông màu kem nền gần với màu da thật, hoặc hơi sáng hơn một chút để tạo hiệu ứng nâng tông. Đừng quên thử kem nền lên vùng da cổ để đảm bảo màu sắc hòa hợp nhé!
"
Tại sao cần dùng phấn phủ sau concealer?,"Chào bạn,

Việc dùng phấn phủ sau concealer là bước quan trọng để hoàn thiện lớp trang điểm và giúp concealer bám lâu hơn. Phấn phủ giúp ""khóa"" concealer, ngăn không cho nó bị lem, trôi hoặc vón cục, đặc biệt là ở vùng dưới mắt hoặc những vùng da dễ đổ dầu. Đồng thời, phấn phủ còn giúp làm mờ các nếp nhăn và lỗ chân lông, tạo bề mặt da mịn màng, tự nhiên hơn cho các bước trang điểm tiếp theo.
"
"Làm sao tạo hiệu ứng ""sun-kissed"" tự nhiên?","Để tạo hiệu ứng ""sun-kissed"" tự nhiên, bạn cần tập trung vào 3 bước chính:

1. **Tạo khối:** Dùng phấn bronzer màu ấm, tán nhẹ nhàng dưới gò má, dọc theo chân tóc và sống mũi. Điều này tạo chiều sâu và vẻ ấm áp cho khuôn mặt.
2. **Highlight:** Thêm chút highlighter dạng kem hoặc phấn ở gò má, cầu mũi, nhân trung và khóe mắt để bắt sáng, tạo hiệu ứng da căng bóng.
3. **Màu má hồng:** Chọn màu má hồng đào hoặc cam san hô, tán nhẹ lên gò má để tăng thêm vẻ tươi tắn, khỏe khoắn.
"
Làm sao khắc phục lớp nền bị nứt khi trời lạnh?,"Chào bạn, lớp nền bị nứt khi trời lạnh là vấn đề nhiều người gặp phải. Để khắc phục, bạn cần:

1. **Dưỡng ẩm kỹ:** Sử dụng kem dưỡng ẩm giàu ẩm trước khi trang điểm.
2. **Chọn nền ẩm:** Ưu tiên các loại nền có thành phần dưỡng ẩm, finish căng bóng hoặc satin.
3. **Tránh lớp nền dày:** Thoa nền mỏng, nhiều lớp để đảm bảo độ tự nhiên và linh hoạt.
4. **Sử dụng xịt khóa nền:** Giúp nền bám dính, hạn chế khô và nứt.

Lý do là vì không khí lạnh làm da mất nước, khiến lớp nền dễ bị khô và bong tróc.
"
"Kỹ thuật ""floating eyeliner"" khác gì eyeliner thường?","Chào bạn,

Kỹ thuật ""floating eyeliner"" (kẻ mắt lơ lửng) khác eyeliner thường ở chỗ đường kẻ không sát đường mi mắt mà cách một khoảng nhỏ (khoảng 1-2mm). Thay vì tạo cảm giác mắt sắc sảo, eyeliner thường, floating eyeliner tạo hiệu ứng đôi mắt to tròn, tự nhiên và đôi khi có phần ""mơ màng"" hơn. Kỹ thuật này phù hợp với những bạn có mắt một mí hoặc mí lót, giúp mở rộng và làm rõ mắt hơn.
"
Cách chọn son dưỡng có màu cho môi nhạy cảm?,"Để chọn son dưỡng có màu cho môi nhạy cảm, bạn cần ưu tiên thành phần lành tính. Hãy tìm son chứa dầu thực vật (dầu jojoba, dầu hạt hướng dương), sáp ong, vitamin E và không chứa hương liệu, cồn, paraben. Ưu tiên các thương hiệu dược mỹ phẩm uy tín. Nên thử sản phẩm trên vùng da nhỏ trước khi dùng, và chọn màu sắc nhẹ nhàng để tránh gây kích ứng.
"
Làm sao tạo makeup phong cách Đông Dương?,"Để tạo makeup phong cách Đông Dương, bạn cần tập trung vào sự tự nhiên, thanh lịch và đôi chút hoài cổ.

1.  **Da:** Ưu tiên lớp nền mỏng nhẹ, che khuyết điểm vừa đủ để giữ vẻ tự nhiên.
2.  **Mắt:** Sử dụng phấn mắt màu đất, cam đất hoặc nâu vàng, tán đều và nhẹ nhàng. Kẻ mắt mảnh, không quá sắc sảo.
3.  **Má:** Phấn má hồng màu đào hoặc cam san hô, đánh nhẹ nhàng theo đường xương gò má.
4.  **Môi:** Son màu nude, hồng đào hoặc đỏ cam, đánh lòng môi để tạo hiệu ứng tự nhiên.

Phong cách này tôn lên vẻ đẹp dịu dàng, đằm thắm của người phụ nữ Á Đông.
"
Tại sao cần dùng primer trước phấn mắt?,"Chào bạn,

Primer cho mắt đóng vai trò rất quan trọng trong trang điểm mắt. Nó tạo một lớp nền mịn màng, giúp phấn mắt bám dính tốt hơn, lên màu chuẩn và hạn chế tình trạng vón cục, lem luốc. 

Đồng thời, primer còn giúp kiểm soát dầu trên vùng da mắt, ngăn ngừa phấn mắt bị trôi do mồ hôi hay bã nhờn. Một số loại primer còn có khả năng che đi các nếp nhăn nhỏ và quầng thâm, giúp vùng mắt trông tươi sáng hơn.
"
Cách chọn cọ cho kem che khuyết điểm?,"Để chọn cọ che khuyết điểm phù hợp, bạn nên ưu tiên các loại cọ nhỏ, đầu bằng và lông mềm mại. Cọ đầu bằng giúp bạn dễ dàng che phủ các vùng nhỏ như quầng thâm mắt, mụn hoặc vết thâm. Lông mềm mại đảm bảo kem được tán đều, không gây kích ứng da. Bạn có thể chọn cọ synthetic (tổng hợp) nếu da nhạy cảm, hoặc cọ lông tự nhiên cho độ bám kem tốt hơn.
"
"Làm sao tạo hiệu ứng môi ""blurred lips""?","Để tạo hiệu ứng môi ""blurred lips"" (môi nhòe), bạn thực hiện các bước sau:

1. **Tô son lì:** Chọn màu son yêu thích và tô đều lên môi.
2. **Nhòe viền:** Dùng tăm bông hoặc cọ nhỏ, nhẹ nhàng nhòe phần viền son ra ngoài, tạo hiệu ứng mềm mại, tự nhiên.
3. **Thêm son bóng (tùy chọn):** Đánh một lớp son bóng mỏng ở giữa môi để tăng độ căng mọng.

Hiệu ứng này giúp môi trông đầy đặn, trẻ trung và không quá sắc sảo.
"
Cách chọn phấn tạo khối cho da nhạy cảm?,"Chào bạn, với da nhạy cảm, việc chọn phấn tạo khối cần đặc biệt cẩn thận. Hãy ưu tiên các sản phẩm dạng kem hoặc cushion, có thành phần dịu nhẹ, không chứa hương liệu, cồn và paraben. Chọn màu phấn tối hơn da 1-2 tông để tạo hiệu ứng tự nhiên. Nên thử sản phẩm trên một vùng da nhỏ trước khi sử dụng rộng rãi để đảm bảo không gây kích ứng. Ưu tiên các thương hiệu dược mỹ phẩm hoặc chuyên dành cho da nhạy cảm nhé!
"
Làm sao bảo quản mỹ phẩm trong tủ lạnh?,"Chào bạn, việc bảo quản mỹ phẩm trong tủ lạnh có thể giúp kéo dài tuổi thọ và duy trì hiệu quả của sản phẩm, đặc biệt là vào mùa hè. Dưới đây là các bước thực hiện:

1. **Chọn sản phẩm:** Không phải sản phẩm nào cũng cần bảo quản lạnh. Ưu tiên các sản phẩm chứa vitamin C, retinol, serum, kem mắt, mặt nạ...
2. **Bao bì kín:** Đảm bảo sản phẩm được đóng kín để tránh nhiễm khuẩn.
3. **Nhiệt độ:** Để ở ngăn mát, nhiệt độ khoảng 4-10°C. Tránh ngăn đá vì có thể làm thay đổi công thức.
4. **Lưu ý:** Một số sản phẩm có thể bị tách lớp khi lạnh, hãy lắc đều trước khi dùng.
"
"Kỹ thuật ""negative space cut-crease"" là gì?","Kỹ thuật ""negative space cut-crease"" là một kiểu trang điểm mắt độc đáo, tạo chiều sâu và sự ấn tượng. Thay vì đánh phấn màu trên toàn bộ hốc mắt, kỹ thuật này tập trung vào việc tạo hình khối bằng cách ""cắt"" đường crease (nếp gấp mí mắt) bằng phấn tối màu, để lại khoảng trống (negative space) ở phần bầu mắt. 

Điều này giúp mắt trông to hơn, sắc sảo hơn và tạo hiệu ứng 3D. Kỹ thuật này phù hợp với nhiều hình dáng mắt, đặc biệt là mắt một mí hoặc mí lót.
"
Cách chọn son cho makeup phong cách Địa Trung Hải?,"Để chọn son cho makeup phong cách Địa Trung Hải, bạn nên ưu tiên các màu son tự nhiên, gợi cảm như hồng đào, cam san hô, hoặc đỏ gạch. Những màu này tôn lên vẻ khỏe khoắn, tràn đầy nắng của phong cách này. Chất son nên chọn là ẩm mượt, bóng nhẹ (như son tint, son balm) thay vì lì hoàn toàn để tạo hiệu ứng bờ môi căng mọng, tự nhiên như vừa tắm biển. Tránh các màu son quá sẫm màu hoặc quá nổi bật.
"
Làm sao làm sạch cọ sau khi dùng phấn mắt nhũ?,"Chào bạn, việc làm sạch cọ sau khi dùng phấn mắt nhũ rất quan trọng để đảm bảo vệ sinh và giữ độ bền cọ. Đây là các bước thực hiện:

1. **Loại bỏ phấn thừa:** Gõ nhẹ cọ lên tay hoặc dùng khăn giấy để loại bỏ phấn mắt thừa.
2. **Sử dụng dung dịch chuyên dụng:** Đổ một lượng nhỏ dung dịch làm sạch cọ (hoặc dầu dừa/dầu olive) lên lòng bàn tay.
3. **Vệ sinh cọ:** Nhúng đầu cọ vào dung dịch, xoay nhẹ nhàng để làm tan nhũ.
4. **Rửa sạch:** Rửa cọ dưới nước ấm cho đến khi nước trong.
5. **Làm khô:** Vắt nhẹ nước và phơi khô cọ theo chiều lông xuống dưới.

Việc này giúp loại bỏ hoàn toàn nhũ, tránh cọ bị vón cục và nhiễm khuẩn.
"
"Kỹ thuật ""feathered brows"" tạo lông mày thế nào?","Kỹ thuật ""feathered brows"" (lông mày phẩy sợi) tạo hình lông mày tự nhiên như lông mày thật bằng cách sử dụng các đường nét mảnh, nhẹ nhàng, phẩy theo chiều lông mọc. 

**Các bước thực hiện:**

1.  **Phác thảo:** Xác định hình dáng lông mày phù hợp.
2.  **Tạo sợi:** Dùng bút/dao khắc lông mày tạo các sợi lông mảnh, bắt đầu từ phần đầu lông mày và kéo dài đến đuôi.
3.  **Xen kẽ:** Phẩy sợi lông xen kẽ, tạo độ dày mỏng tự nhiên.
4.  **Hoàn thiện:** Dùng chải lông mày chải nhẹ để các sợi hòa quyện, tạo hiệu ứng lông mày mềm mại, tự nhiên."
Cách chọn kem nền cho makeup chụp ảnh ngoài trời?,"Để chọn kem nền cho makeup chụp ảnh ngoài trời, bạn nên ưu tiên các loại có độ che phủ vừa phải đến cao, kết cấu lỏng nhẹ, và đặc biệt là khả năng chống nắng tốt (SPF 30 trở lên). Chọn tông màu kem nền sát với màu da thật hoặc sáng hơn nửa tông để tránh bị tối khi lên ảnh. Chất kem nền nên có khả năng kiểm soát dầu, tránh gây bóng dầu dưới ánh nắng. Nên thử kem nền trên da cổ để đảm bảo màu sắc hòa hợp với da mặt nhé!
"
Làm sao tạo makeup phong cách Art Deco?,"Để tạo makeup phong cách Art Deco, bạn cần tập trung vào sự tương phản mạnh mẽ và đường nét sắc sảo.

1.  **Da:** Dùng kem nền lì, che khuyết điểm kỹ để có làn da hoàn hảo.
2.  **Mắt:** Vẽ mắt mèo đậm, kéo dài. Sử dụng phấn mắt tối màu (đen, xám, xanh navy) kết hợp ánh kim (vàng, bạc).
3.  **Má:** Tạo khối cao, sắc nét dưới gò má.
4.  **Môi:** Son đỏ đậm hoặc burgundy, vẽ viền môi rõ ràng.

Art Deco đề cao sự quyến rũ, sang trọng nên đừng ngại nhấn nhá!
"
Tại sao cần dùng tẩy tế bào chết môi trước son?,"Chào bạn,

Tẩy tế bào chết môi trước khi đánh son là bước quan trọng để có đôi môi mềm mại và son lên màu chuẩn hơn. Da môi không có tuyến dầu, dễ bị khô và bong tróc, lớp tế bào chết tích tụ sẽ làm son khó bám, dễ lem và màu son không được tươi sáng. 

Việc tẩy tế bào chết giúp loại bỏ lớp da chết này, giúp son dễ dàng len lỏi vào rãnh môi, giữ màu lâu hơn và cho đôi môi mịn màng, căng mọng. Bạn có thể dùng sản phẩm tẩy tế bào chết chuyên dụng hoặc hỗn hợp đường và mật ong tự nhiên.
"
Làm sao khắc phục eyeliner bị lem dưới mắt?,"Để khắc phục eyeliner bị lem dưới mắt, bạn có thể thử các bước sau:

1. **Chuẩn bị:** Thấm dầu vùng dưới mắt bằng phấn bột hoặc giấy thấm dầu trước khi trang điểm.
2. **Chọn sản phẩm:** Ưu tiên eyeliner chống nước, lâu trôi. Eyeliner gel hoặc chì có công thức đặc biệt thường ít lem hơn.
3. **Kỹ thuật:** Vẽ eyeliner mỏng, tránh kéo căng da mi mắt.
4. **Khóa màu:** Dặm nhẹ phấn bột lên trên đường eyeliner để cố định.
5. **Dặm lại:** Mang theo bông tăm và kem che khuyết điểm để dặm lại khi cần.
"
"Kỹ thuật ""glossy blush"" tạo má hồng ra sao?","Kỹ thuật ""glossy blush"" (má hồng bóng) tạo hiệu ứng da căng mọng, khỏe khoắn. Đầu tiên, bạn đánh má hồng kem hoặc lỏng lên vùng gò má như bình thường. Sau đó, dùng cọ nhỏ hoặc ngón tay thoa một lớp son bóng (lip gloss) trong suốt lên trên lớp má hồng vừa đánh. Lớp son bóng giúp bắt sáng, tạo độ ẩm và làm má hồng trông tự nhiên, căng mọng hơn. Lưu ý chọn son bóng không màu để tránh làm thay đổi sắc độ má hồng.
"
Cách chọn son cho makeup phong cách Scandinavian?,"Phong cách Scandinavian (Bắc Âu) trong trang điểm đề cao vẻ đẹp tự nhiên, khỏe khoắn. Vì vậy, khi chọn son, bạn nên ưu tiên các màu nude, hồng đào, hoặc màu berry nhạt. 

**Bước 1:** Chọn chất son ẩm mịn (son dưỡng có màu, son kem) thay vì lì để đôi môi căng mọng tự nhiên.
**Bước 2:** Ưu tiên các tông màu gần màu môi tự nhiên của bạn.
**Bước 3:** Tránh các màu son quá nổi bật hoặc quá tối.

Lý do: Màu son tự nhiên giúp khuôn mặt tươi tắn, hài hòa, phù hợp với triết lý ""ít là nhiều"" của phong cách Scandinavian.
"
"Làm sao tạo hiệu ứng mắt ""puppy eyes"" tự nhiên?","Để tạo hiệu ứng ""puppy eyes"" tự nhiên, bạn cần tập trung vào việc mở to và làm sáng đôi mắt.

1. **Kẻ eyeliner:** Kẻ eyeliner mảnh, tập trung vào 2/3 đường mắt trên, hơi kéo dài ở đuôi mắt.
2. **Mascara:** Chải mascara kỹ ở mi trên và dưới, đặc biệt nhấn vào mi dưới để mắt trông to hơn.
3. **Highlight:** Thêm chút highlight ở khóe mắt và đường nước mắt để tạo điểm sáng.
4. **Màu mắt:** Sử dụng màu mắt sáng, nhũ nhẹ ở bầu mắt.

Lý do: Các bước này giúp mắt trông to tròn, long lanh và biểu cảm hơn, giống đôi mắt của chú cún con.
"
"Kỹ thuật ""brushed-up brows"" khác gì soap brows?","""Brushed-up brows"" và ""soap brows"" đều tạo dáng lông mày tự nhiên, phồng nhẹ nhưng có sự khác biệt. ""Soap brows"" dùng xà phòng (hoặc sản phẩm chuyên dụng) để cố định lông mày, tạo độ giữ nếp cao, phù hợp da dầu. ""Brushed-up brows"" dùng gel trong suốt hoặc mascara không màu, độ giữ nếp nhẹ nhàng hơn, phù hợp mọi loại da và tạo cảm giác lông mày mềm mại, tự nhiên hơn. Lựa chọn tùy thuộc vào sở thích và loại da của bạn.
"
Cách chọn cọ cho phấn highlighter dạng bột?,"Để chọn cọ highlighter bột, bạn nên ưu tiên các loại cọ đầu nhỏ, dáng xéo hoặc tròn vút. Lông cọ mềm, tơi sẽ giúp lấy và tán highlighter mịn màng, tránh gây vón cục. Cọ xéo phù hợp đánh highlight đường xương gò má, sống mũi. Cọ tròn vút thích hợp đánh highlight vùng đầu mũi, nhân trung, khóe mắt. Chất liệu lông tổng hợp dễ vệ sinh, giá cả phải chăng cũng là lựa chọn tốt.
"
Làm sao tạo makeup phong cách Ma-rốc hiện đại?,"Để tạo makeup phong cách Ma-rốc hiện đại, bạn bắt đầu với lớp nền hoàn hảo, sau đó nhấn mạnh mắt với phấn mắt màu đồng, vàng kim hoặc nâu đất. Kẻ mắt đen đậm, kéo dài và sử dụng mascara dày mi. Điểm nhấn là son môi màu đỏ cam hoặc hồng đất. Đừng quên sử dụng highlighter để tạo độ glow trên gò má và sống mũi, thể hiện sự sang trọng và quyến rũ đặc trưng của phong cách này.
"
Tại sao cần dùng setting spray hai lớp?,"Chào bạn,

Việc dùng setting spray hai lớp là một mẹo nhỏ giúp lớp trang điểm bền vững hơn, đặc biệt là với những cô nàng da dầu hoặc trong thời tiết nóng ẩm. Lớp đầu tiên giúp các lớp makeup ""khóa"" vào nhau, còn lớp thứ hai tạo một màng bảo vệ, chống lại sự trôi xệ, xuống tông do mồ hôi và bã nhờn. Hãy xịt lớp đầu tiên sau khi hoàn thành toàn bộ makeup, để khô rồi xịt lớp thứ hai để đạt hiệu quả tốt nhất nhé!
"
Cách chọn son cho môi không đều màu?,"Để chọn son cho môi không đều màu, bạn nên ưu tiên các màu son có độ che phủ tốt, chất son lì hoặc bán lì. Các màu nude, hồng đào, cam đất sẽ giúp cân bằng sắc tố môi hiệu quả hơn.

**Các bước thực hiện:**

1.  **Tẩy tế bào chết:** Giúp môi mềm mịn, son lên đều màu hơn.
2.  **Sử dụng kem lót:** Tạo lớp nền mịn, tăng độ bám son.
3.  **Chọn màu son:** Thử son trực tiếp lên môi để xem màu có phù hợp và che phủ tốt không.
"
Làm sao tạo lớp nền cho da có lỗ chân lông to?,"Để tạo lớp nền hoàn hảo cho da lỗ chân lông to, bạn cần các bước sau:

1. **Làm sạch & Se khít lỗ chân lông:** Dùng sữa rửa mặt dịu nhẹ, sau đó toner có BHA/AHA giúp làm sạch sâu và thu nhỏ lỗ chân lông.
2. **Dưỡng ẩm:** Cấp ẩm đủ để da không tiết dầu thừa, làm lỗ chân lông bớt rõ.
3. **Sử dụng Primer:** Chọn loại primer có silicone lấp đầy lỗ chân lông, tạo bề mặt mịn màng.
4. **Foundation:** Dùng foundation mỏng, nhẹ, tránh loại đặc gây bí da.
5. **Phấn phủ:** Dặm phấn phủ dạng bột mịn ở vùng lỗ chân lông to để cố định lớp nền và kiểm soát dầu.
"
Cách chọn phấn mắt cho makeup phong cách Bollywood?,"Để có đôi mắt lấp lánh kiểu Bollywood, hãy chọn phấn mắt với các tông màu ấm áp như vàng đồng, đồng, cam đất, và đỏ gạch. Bắt đầu với phấn nền màu nude, sau đó tán màu đậm hơn ở đuôi mắt và hốc mắt. Đừng quên highlight vùng dưới mắt bằng phấn nhũ vàng hoặc bạc để tăng độ sâu và cuốn hút. Quan trọng nhất là blend màu kỹ để tạo hiệu ứng chuyển màu mượt mà, đặc trưng của phong cách này.
"
Làm sao khắc phục son bị dính răng?,"Chào bạn, tình trạng son dính răng rất phổ biến! Để khắc phục, bạn có thể thử các bước sau:

1. **Bặm môi nhẹ nhàng vào một tờ giấy ăn:** Loại bỏ lớp son thừa bên ngoài.
2. **Bôi một lớp son mỏng:** Son quá dày dễ dính răng hơn.
3. **Sử dụng son có chất dưỡng ẩm:** Son ẩm bám dính ít hơn son lì.
4. **Kiểm tra sau khi tô:** Mở miệng nhẹ, chu môi để đảm bảo son không chạm răng.

Chúc bạn luôn xinh đẹp!
"
"Kỹ thuật ""sculpted blush"" tạo má hồng thế nào?","Kỹ thuật ""sculpted blush"" (má hồng điêu khắc) tạo khối cho gương mặt bằng cách đánh má hồng không chỉ lên gò má, mà còn kéo dài về phía thái dương.

**Các bước thực hiện:**

1.  **Xác định vị trí:** Bắt đầu từ gò má, hướng lên và kéo dài về phía thái dương, tạo đường cong chữ C nhẹ nhàng.
2.  **Đánh phấn:** Dùng cọ má hồng mềm, đánh phấn theo đường đã xác định.
3.  **Tán đều:** Tán kỹ để phấn hòa quyện với da, tránh đường viền sắc nét.

Kỹ thuật này giúp khuôn mặt trông thon gọn, có chiều sâu và tự nhiên hơn.
"
Cách chọn mascara cho makeup phong cách tối giản?,"Để chọn mascara cho makeup tối giản, hãy ưu tiên những sản phẩm tập trung vào hiệu ứng tự nhiên. Mascara đen nâu hoặc xám tro sẽ mềm mại hơn đen tuyền, phù hợp với phong cách này. Chọn loại có công thức không quá dày, chỉ cần làm cong mi và tăng độ dài nhẹ nhàng. 

Loại cọ nhỏ, thưa sẽ giúp phủ đều mascara mà không gây vón cục, tạo hiệu ứng mi rạng rỡ tự nhiên. Tránh các loại mascara có chức năng volumizing (tạo độ dày) quá mức.
"
Làm sao tạo makeup phong cách Celtic?,"Để tạo makeup phong cách Celtic, bạn cần tập trung vào đôi mắt và đường nét sắc sảo.

1.  **Phấn mắt:** Sử dụng các gam màu đất, nâu, đồng hoặc xanh rêu. Tạo hiệu ứng mắt sâu bằng cách tán màu tối ở hốc mắt và màu sáng hơn ở bọng mắt.
2.  **Eyeliner:** Vẽ eyeliner đen sắc nét, kéo dài đuôi mắt.
3.  **Đường nét:** Sử dụng bronzer để tạo đường nét góc cạnh cho khuôn mặt, nhấn mạnh xương gò má.
4.  **Son môi:** Chọn son màu nude, đỏ burgundy hoặc nâu đất.
5.  **Điểm nhấn:** Vẽ họa tiết Celtic đơn giản lên má hoặc trán bằng eyeliner trắng hoặc đen."
Tại sao cần làm nóng beauty blender trước khi dùng?,"Chào bạn, một chuyên gia trang điểm đây!

Làm nóng beauty blender trước khi dùng là bước quan trọng để có lớp nền hoàn hảo. Khi làm ướt và vắt khô blender, bạn đã tạo độ ẩm. Việc làm nóng (bằng cách chà xát nhẹ nhàng) giúp beauty blender nở ra, kết cấu trở nên mềm mại và đàn hồi hơn. Điều này giúp giảm thiểu lượng sản phẩm bị hút vào blender, tăng khả năng tán đều và mịn màng trên da, tránh gây cakey.
"
Cách chọn son cho makeup phong cách Art Nouveau?,"Để chọn son cho makeup phong cách Art Nouveau, bạn nên ưu tiên các màu son trầm ấm, gợi cảm như đỏ mận, đỏ gạch, hồng đất hoặc cam đất. Những màu này phản ánh tinh thần lãng mạn, cổ điển của phong cách này. 

Chất son lý tưởng là lì hoặc bán lì để tạo hiệu ứng ""môi mọng"" tự nhiên, không quá bóng bẩy. Bạn có thể dùng son kem hoặc son thỏi đều được. Đừng quên dùng chì kẻ môi cùng tông để định hình và làm sắc nét đôi môi nhé!
"
"Làm sao tạo hiệu ứng mắt ""glazed donut""?","Để tạo hiệu ứng mắt ""glazed donut"" đang thịnh hành, bạn cần:

1. **Phấn mắt:** Chọn phấn mắt màu champagne hoặc nâu nhạt, tán đều lên bầu mắt.
2. **Highlight:** Dùng highlight lỏng hoặc phấn highlight nhũ, tập trung vào giữa bầu mắt và khóe mắt trong.
3. **Nhũ:** Thêm một lớp nhũ mịn, màu trắng hoặc ngọc trai lên trên lớp highlight.
4. **Blending:** Tán nhẹ nhàng để các lớp hòa quyện, tạo hiệu ứng ướt át, căng bóng như lớp men đường trên bánh donut.
"
"Kỹ thuật ""draped highlighter"" là gì?","Kỹ thuật ""draped highlighter"" là một xu hướng trang điểm giúp tạo hiệu ứng đường nét khuôn mặt rõ ràng và sống động hơn, thay vì chỉ đánh highlight ở những điểm cao nhất.

**Cách thực hiện:**

1.  **Đánh highlight:** Thoa highlighter dạng kem hoặc lỏng xuống hai bên thái dương, dọc theo xương gò má (từ tai về phía khóe miệng) và xuống cả phần xương hàm.
2.  **Tán đều:** Dùng cọ hoặc mút tán đều highlighter, tạo hiệu ứng ""vuốt"" nhẹ nhàng theo đường nét khuôn mặt.

**Lý do:** Kỹ thuật này tạo ra chiều sâu và sự tương phản, giúp khuôn mặt trông thon gọn và có cấu trúc hơn.
"
Làm sao tạo makeup phong cách Byzantine?,"Phong cách Byzantine lấy cảm hứng từ nghệ thuật khảm cổ đại, tập trung vào sự trang trọng và huyền bí.

1.  **Nền:** Sử dụng kem nền lì, màu sáng hơn da tự nhiên một chút.
2.  **Mắt:** Phủ phấn mắt màu vàng đồng hoặc xanh lam lên toàn bộ bầu mắt. Kẻ mắt đậm, sắc sảo.
3.  **Má:** Tạo khối nhẹ nhàng để khuôn mặt có chiều sâu.
4.  **Môi:** Tô son đỏ đậm hoặc màu mận chín.
5.  **Điểm nhấn:** Sử dụng highlight vàng hoặc bạc ở gò má, trán và sống mũi."
Tại sao cần thử mỹ phẩm ở vùng cổ thay vì tay?,"Chào bạn,

Việc thử mỹ phẩm ở vùng cổ thay vì tay là một mẹo nhỏ nhưng rất hữu ích của các chuyên gia trang điểm. Lý do là vì vùng da cổ có độ nhạy cảm và đặc tính tương đồng với da mặt hơn so với da tay. Da tay thường xuyên tiếp xúc với môi trường, dễ bị khô ráp và tổn thương, dẫn đến kết quả thử nghiệm không chính xác. Thử ở cổ giúp bạn đánh giá khả năng gây kích ứng, màu sắc và kết cấu sản phẩm trên da mặt một cách đáng tin cậy hơn.
"
Cách chọn cọ cho phấn mắt dạng kem?,"Để chọn cọ phù hợp với phấn mắt kem, bạn nên ưu tiên các loại cọ đầu bằng, nhỏ và dẹt. Chất liệu lông cọ nên là tổng hợp (synthetic) vì phấn mắt kem dễ bám vào lông tự nhiên, khó vệ sinh. Cọ đầu bằng giúp tán đều phấn, tạo lớp nền mịn màng. Kích thước nhỏ giúp dễ dàng thao tác ở vùng mắt, đặc biệt là phần hốc mắt và đuôi mắt.
"
"Làm sao tạo hiệu ứng môi ""velvet lips""?","Để tạo hiệu ứng ""velvet lips"" (môi nhung), bạn cần chuẩn bị son kem lì, son dưỡng và phấn rôm.

1.  **Tẩy tế bào chết môi:** Giúp môi mềm mịn.
2.  **Dưỡng ẩm:** Son dưỡng giúp môi căng mọng, dễ lên màu.
3.  **Đánh lớp son kem lì mỏng:** Chọn màu son yêu thích, đánh đều.
4.  **Tạo hiệu ứng mờ:** Dùng cọ nhỏ hoặc tăm bông tán nhẹ phấn rôm lên lớp son.
5.  **Thêm lớp son kem mỏng (tùy chọn):** Để tăng độ đậm nét.

Hiệu ứng này tạo cảm giác môi mềm mại, mịn màng như nhung.
"
"Kỹ thuật ""soft focus skin"" là gì?","Kỹ thuật ""soft focus skin"" là xu hướng trang điểm tạo hiệu ứng làn da mịn màng, tự nhiên như được làm mềm bằng filter. Bí quyết nằm ở việc sử dụng lớp nền mỏng nhẹ, tập trung vào dưỡng ẩm da trước khi trang điểm.

**Các bước thực hiện:**

1.  **Dưỡng ẩm kỹ:** Da đủ ẩm sẽ giúp lớp nền bám tốt và mịn màng hơn.
2.  **Sử dụng kem lót:** Chọn loại kem lót làm mịn da, che phủ lỗ chân lông.
3.  **Lớp nền mỏng nhẹ:** Ưu tiên các sản phẩm có kết cấu lỏng, hoặc cushion.
4.  **Tập trung vào vùng trung tâm khuôn mặt:** Giảm dần lượng sản phẩm về phía hai bên.

"
Cách chọn son cho makeup phong cách Regency?,"Để chọn son cho makeup phong cách Regency, hãy ưu tiên các màu sắc tự nhiên, nhẹ nhàng. Son đỏ hồng (rose pink), đỏ san hô (coral red) hoặc màu mận chín (muted plum) là lựa chọn hoàn hảo, gợi nhớ vẻ đẹp quý phái nhưng kín đáo của phụ nữ thời kỳ đó. Chất son nên là satin hoặc matte, tránh bóng quá mức. Lý do là vì phong cách Regency đề cao vẻ đẹp tinh tế, không phô trương, và đôi môi chỉ nên được tô điểm nhẹ nhàng.
"
Làm sao khắc phục phấn mắt bị rơi xuống má?,"Chào bạn, tình trạng phấn mắt rơi xuống má rất phổ biến! Để khắc phục, bạn có thể làm theo các bước sau:

1. **Dùng khăn giấy:** Nhẹ nhàng thấm phấn rơi bằng khăn giấy, tránh chà xát làm lem.
2. **Dùng cọ nhỏ:** Lấy một lượng nhỏ phấn nền hoặc phấn phủ trùng màu da, dùng cọ nhỏ tán nhẹ lên vùng phấn bị rơi để che phủ.
3. **Tập trung khi đánh:** Khi đánh phấn mắt, hãy chú ý đánh mắt nhìn xuống để tránh phấn rơi.

Chúc bạn thành công!
"
"Kỹ thuật ""smudged liner"" tạo mắt thế nào?","Kỹ thuật ""smudged liner"" (kẻ mắt nhòe) tạo đôi mắt sâu hút, quyến rũ bằng cách làm mờ đường kẻ mắt sắc sảo.

**Các bước thực hiện:**

1.  **Kẻ mắt:** Dùng eyeliner (gel, chì hoặc liquid) kẻ một đường sát chân mi trên và dưới.
2.  **Nhòe:** Dùng cọ nhỏ, đầu dẹt hoặc tăm bông làm mờ đường kẻ, đặc biệt ở phần đuôi mắt.
3.  **Tạo chiều sâu:** Có thể dùng thêm phấn mắt tối màu để tăng độ nhòe và chiều sâu cho mắt.

Kỹ thuật này phù hợp với nhiều hình dáng mắt và tạo hiệu ứng ""mắt khói"" nhẹ nhàng.
"
Cách chọn phấn mắt cho makeup phong cách Polynesian?,"Để chọn phấn mắt cho makeup phong cách Polynesian, bạn nên ưu tiên các màu sắc lấy cảm hứng từ thiên nhiên: xanh dương đại dương, xanh lá cây rừng, nâu đất, vàng cát và cam san hô. 

**Bước 1:** Chọn phấn mắt màu xanh dương hoặc xanh lá cây làm màu chủ đạo, tán đều lên bầu mắt.
**Bước 2:** Sử dụng phấn màu nâu đất hoặc vàng cát để tạo chiều sâu cho hốc mắt.
**Bước 3:** Thêm một chút phấn màu cam san hô ở khóe mắt để tạo điểm nhấn tươi sáng.
"
Làm sao tạo lớp nền cho da nám khi chụp ảnh?,"Để tạo lớp nền hoàn hảo cho da nám khi chụp ảnh, bạn cần thực hiện các bước sau:

1. **Làm sạch & dưỡng ẩm:** Chuẩn bị da sạch sẽ, cấp ẩm đầy đủ để lớp nền bám tốt hơn.
2. **Che khuyết điểm:** Dùng kem che khuyết điểm màu cam/đỏ để trung hòa sắc tố nám, sau đó phủ một lớp kem che khuyết điểm trùng màu da.
3. **Nền:** Chọn foundation có độ che phủ vừa phải, tán đều bằng cọ hoặc mút.
4. **Phấn phủ:** Cố định lớp nền bằng phấn phủ trong suốt, tránh chọn phấn có màu để không làm lộ nám.

Lưu ý: Ánh sáng máy ảnh có thể làm lộ khuyết điểm, nên cần che phủ kỹ càng nhưng vẫn giữ được vẻ tự nhiên.
"
Tại sao cần dùng cọ riêng cho mỗi sản phẩm?,"Chào bạn, việc sử dụng cọ riêng cho từng sản phẩm trang điểm là rất quan trọng để đảm bảo vệ sinh và chất lượng lớp trang điểm.

**Lý do:**

*   **Ngăn ngừa lẫn màu:** Cọ dùng chung dễ làm màu sản phẩm bị lẫn, ảnh hưởng đến kết quả trang điểm.
*   **Tránh nhiễm khuẩn:** Việc dùng chung cọ có thể lây lan vi khuẩn từ sản phẩm này sang sản phẩm khác, gây kích ứng da hoặc mụn.
*   **Duy trì chất lượng sản phẩm:** Cọ sạch sẽ giúp bảo quản sản phẩm tốt hơn, kéo dài tuổi thọ.

"
Cách chọn son cho makeup phong cách Bauhaus?,"Phong cách Bauhaus trong trang điểm đề cao sự tối giản, hình khối và màu sắc cơ bản. Với son, bạn nên chọn các màu sắc đậm, rõ ràng như đỏ tươi, cam đất, hoặc hồng fuchsia. Tránh các màu pastel hoặc quá nhạt. Chất son nên là matte hoặc satin để tạo hiệu ứng sắc nét, không bóng bẩy. Quan trọng nhất là son phải là điểm nhấn duy nhất trên môi, cân bằng với layout trang điểm mắt và má đơn giản.
"
"Làm sao tạo hiệu ứng mắt ""cat flick""?","Để tạo hiệu ứng mắt ""cat flick"" (mắt mèo) quyến rũ, bạn cần thực hiện các bước sau:

1. **Kẻ eyeliner:** Bắt đầu từ 2/3 đường mi trên, kẻ một đường mỏng, hơi cong theo hình dáng mắt.
2. **Tạo đuôi:** Kéo dài đường kẻ ra ngoài, hướng lên trên và tạo thành một đường cong nhỏ, giống như đuôi mèo.
3. **Lấp đầy:** Lấp đầy khoảng trống giữa đường kẻ và đường mi mắt.
4. **Điều chỉnh:** Kiểm tra và điều chỉnh độ dày, độ cong của đường kẻ cho cân đối.

Lý do cần kẻ từ 2/3 mi mắt là để dễ dàng tạo hình và tránh bị lem.
"
"Kỹ thuật ""layered blush"" là gì?","Kỹ thuật ""layered blush"" (đánh má hồng nhiều lớp) là cách tạo chiều sâu và vẻ tự nhiên cho đôi má. Đầu tiên, bạn đánh một lớp má hồng màu nhạt, rộng hơn vùng má tự nhiên để làm nền. Sau đó, đánh lớp thứ hai với màu đậm hơn, tập trung vào vùng gò má cao nhất. 

Cách này giúp má hồng không bị ""vỡ"" mà hòa quyện vào da, tạo hiệu ứng ửng hồng khỏe khoắn và bền màu hơn. Nó đặc biệt phù hợp với các loại má hồng dạng kem hoặc lỏng.
"
Cách chọn phấn phủ cho makeup phong cách sân khấu?,"Để chọn phấn phủ cho makeup sân khấu, bạn cần ưu tiên loại có khả năng khóa lớp nền tốt, kiểm soát dầu và đặc biệt là **phấn phủ trong suốt (translucent)** hoặc **phấn phủ màu da (toned)** trùng với màu da. 

**Bước 1:** Chọn phấn phủ dạng bột mịn, giúp tránh hiện tượng cakey dưới ánh đèn mạnh.
**Bước 2:** Ưu tiên phấn có thành phần kiềm dầu để giữ lớp makeup bền lâu.
**Bước 3:** Test màu phấn trên da để đảm bảo hòa quyện, tránh gây trắng bệch hoặc lệch tông.
"
Làm sao tạo makeup phong cách Inuit?,"Để tạo makeup phong cách Inuit, bạn tập trung vào đôi mắt và đôi má ửng hồng tự nhiên.

1.  **Mắt:** Sử dụng phấn mắt màu xanh lam, xám, hoặc tím để tạo chiều sâu. Vẽ đường kẻ mắt dày, kéo dài ra phía đuôi mắt, gợi nhớ hình dáng mắt cá.
2.  **Má:** Thoa phấn má hồng màu hồng đào hoặc cam đào lên gò má cao, tạo hiệu ứng đôi má ửng hồng do lạnh.
3.  **Môi:** Sử dụng son dưỡng môi hoặc son màu nude để giữ môi ẩm và tự nhiên.

Phong cách này nhấn mạnh vẻ đẹp khỏe khoắn, thích nghi với thời tiết khắc nghiệt của vùng Inuit.
"
Tại sao cần làm sạch beauty blender hằng ngày?,"Chào bạn, một chuyên gia trang điểm luôn khuyên rằng nên làm sạch beauty blender hàng ngày vì một số lý do quan trọng:

1. **Vệ sinh:** Beauty blender là môi trường lý tưởng cho vi khuẩn phát triển, đặc biệt khi sử dụng với các sản phẩm ẩm ướt. Làm sạch giúp ngăn ngừa mụn và các vấn đề về da.
2. **Đảm bảo chất lượng lớp trang điểm:** Blender bẩn sẽ làm lẫn màu sản phẩm, khiến lớp nền không đều màu và khó tán.
3. **Kéo dài tuổi thọ:** Vệ sinh thường xuyên giúp giữ cho blender mềm mại, không bị biến dạng và sử dụng được lâu hơn.
"
Cách chọn son cho makeup phong cách Steampunk?,"Để chọn son cho makeup Steampunk, bạn nên ưu tiên các tông màu đậm, cổ điển và có chút ""dị"". Đỏ burgundy, nâu chocolate, tím sẫm hoặc thậm chí đen tuyền là những lựa chọn tuyệt vời. Chất son lì hoặc velvet sẽ phù hợp hơn son bóng, tạo cảm giác mạnh mẽ, bí ẩn. Lý do là vì Steampunk lấy cảm hứng từ thời đại Victoria, nơi những màu sắc này rất được ưa chuộng và thể hiện sự cá tính.
"
"Làm sao tạo hiệu ứng mắt ""dewy eyes""?","Để tạo hiệu ứng ""dewy eyes"" (mắt ướt át), bạn cần tập trung vào sự căng bóng và bắt sáng.

1. **Chuẩn bị:** Dùng kem lót mắt để làm mịn da và tăng độ bám.
2. **Phấn mắt:** Chọn phấn mắt nhũ hoặc satin, đánh nhẹ nhàng lên bầu mắt.
3. **Highlight:** Thoa highlight dạng kem hoặc lỏng ở khóe mắt, dưới chân mày và đường viền mắt dưới.
4. **Mascara:** Chuốt mascara trong suốt hoặc màu nâu nhạt để tạo độ dày tự nhiên.
5. **Xịt khóa:** Xịt nhẹ xịt khóa trang điểm để giữ lớp trang điểm bền lâu và tăng độ bóng.
"
"Kỹ thuật ""contour blush"" kết hợp tạo khối ra sao?","Kỹ thuật ""contour blush"" kết hợp tạo khối giúp khuôn mặt trông thon gọn, có chiều sâu và đôi má ửng hồng tự nhiên.

**Các bước thực hiện:**

1.  **Tạo khối:** Dùng phấn tạo khối (màu tối hơn da) đánh dọc theo xương gò má, từ thái dương về phía khóe miệng, tạo bóng đổ.
2.  **Đánh má hồng:** Chọn phấn má hồng (màu phù hợp) đánh lên vùng da cao nhất của gò má, hòa trộn với phần tạo khối để tạo hiệu ứng chuyển màu mềm mại.
3.  **Tán đều:** Dùng cọ tán đều cả hai sản phẩm để không còn đường nét rõ ràng, giúp khuôn mặt trông tự nhiên hơn.

"
Cách chọn cọ cho makeup phong cách festival?,"Chào bạn, để chọn cọ makeup cho phong cách festival, bạn nên ưu tiên sự tiện lợi và đa năng.

1. **Cọ phấn mắt:** Chọn loại đầu nhỏ, dẹt hoặc vát để dễ dàng tán phấn lên mắt, tạo điểm nhấn lấp lánh.
2. **Cọ highlight:** Cọ nhỏ, đầu vát giúp highlight chính xác các vị trí như gò má, sống mũi.
3. **Cọ má hồng:** Cọ vát xéo giúp tạo khối nhẹ nhàng, phù hợp với phong cách tự do của festival.
4. **Cọ môi:** Cọ nhỏ, dẹt giúp tô son sắc nét.

Nên chọn cọ tổng hợp để dễ vệ sinh và phù hợp với nhiều loại mỹ phẩm.
"
Làm sao tạo lớp nền cho da dầu khi trời ẩm?,"Để tạo lớp nền hoàn hảo cho da dầu khi trời ẩm, bạn cần:

1. **Làm sạch & Cân bằng:** Rửa mặt kỹ với sữa rửa mặt dịu nhẹ, dùng toner cân bằng da.
2. **Kiểm soát dầu:** Thoa một lớp kem lót kiềm dầu, giúp hút dầu thừa và làm mịn da.
3. **Nền lì:** Chọn foundation dạng lì, mỏng nhẹ, có khả năng kiểm soát dầu tốt. Thoa bằng mút hoặc cọ để lớp nền mỏng, tự nhiên.
4. **Khóa lớp nền:** Dùng phấn phủ bột hoặc dạng nén để khóa lớp nền, giúp bền màu và hạn chế bóng dầu.
"
Tại sao cần thử phấn mắt dưới ánh sáng khác nhau?,"Chào bạn, việc thử phấn mắt dưới nhiều nguồn sáng là rất quan trọng để đảm bảo màu sắc lên chuẩn và phù hợp với mọi hoàn cảnh. Ánh sáng nhân tạo (như đèn trong nhà) có thể làm màu phấn mắt trông khác so với ánh sáng tự nhiên (ánh nắng mặt trời). 

Việc thử màu dưới nhiều loại ánh sáng giúp bạn:

*   **Tránh ""lạc quẻ"":** Màu đẹp trong nhà có thể bị nhợt nhạt hoặc quá đậm ngoài trời.
*   **Chọn màu phù hợp:** Đảm bảo màu mắt tôn lên màu da và phù hợp với phong cách trang điểm tổng thể.
*   **Đảm bảo sự tự tin:** Bạn sẽ không lo lắng về việc màu mắt bị ""sai tông"" khi thay đổi địa điểm."
Cách chọn son cho makeup phong cách Rococo?,"Phong cách Rococo đề cao vẻ đẹp kiêu kỳ, quý phái. Khi chọn son, ưu tiên các màu son trầm ấm, cổ điển như đỏ đun, đỏ burgundy, hồng đất hoặc tím plum. Chất son nên là lì hoặc satin để tạo hiệu ứng sang trọng, không quá bóng bẩy. Tránh các màu neon, quá tươi sáng. Lưu ý, đánh son lòng môi và dùng thêm bút kẻ viền môi cùng tông để định hình đôi môi trái tim đặc trưng của phong cách này.
"
"Làm sao tạo hiệu ứng môi ""stained lips""?","Để tạo hiệu ứng môi ""stained lips"" (môi nhuộm), bạn thực hiện các bước sau:

1. **Tô son:** Chọn son tint hoặc son kem lì, tô đều lên môi.
2. **Nhấn môi:** Dùng khăn giấy thấm nhẹ nhàng để loại bỏ lớp son thừa, giữ lại màu sắc tự nhiên.
3. **Lặp lại:** Tô thêm một lớp son mỏng và lại nhấn bằng khăn giấy. Lặp lại 2-3 lần để màu son bám sâu và bền màu, tạo hiệu ứng như vừa ăn xong quả mọng.
"
Cách chọn phấn mắt cho makeup phong cách Andean?,"Để chọn phấn mắt cho makeup phong cách Andean, bạn nên ưu tiên các tông màu lấy cảm hứng từ thiên nhiên và văn hóa vùng núi. Bắt đầu với phấn nền màu nâu đất hoặc be nhạt để làm base. Sau đó, sử dụng các màu như cam đất, đỏ gạch, xanh rêu đậm hoặc tím than để tạo chiều sâu. Đừng quên thêm chút ánh nhũ đồng hoặc vàng để tăng vẻ ấm áp, gợi nhớ ánh nắng trên dãy Andes. Lưu ý blend màu kỹ để tạo hiệu ứng chuyển màu mượt mà, tự nhiên.
"
Làm sao khắc phục lớp nền bị loang khi đổ mồ hôi?,"Để khắc phục lớp nền bị loang khi đổ mồ hôi, bạn cần chuẩn bị kỹ càng và chọn đúng sản phẩm:

1. **Làm sạch & dưỡng ẩm:** Da sạch, đủ ẩm giúp nền bám tốt hơn.
2. **Sử dụng primer:** Primer tạo lớp màng bảo vệ, khóa ẩm và giúp nền bám dính.
3. **Chọn nền phù hợp:** Ưu tiên nền chống thấm nước, kiềm dầu và có độ che phủ vừa phải.
4. **Kỹ thuật đánh nền:** Đánh mỏng lớp nền, dùng mút hoặc cọ để tán đều.
5. **Phấn phủ:** Dùng phấn phủ dạng bột hoặc nén để khóa nền, đặc biệt ở vùng chữ T.
"
"Kỹ thuật ""frosted eyes"" tạo mắt thế nào?","Kỹ thuật ""frosted eyes"" (mắt phủ sương) tạo hiệu ứng đôi mắt long lanh, cuốn hút bằng cách sử dụng phấn mắt nhũ hoặc highlight.

**Các bước thực hiện:**

1.  **Chuẩn bị:** Thoa kem lót mắt để phấn bám tốt hơn.
2.  **Phấn mắt:** Chọn phấn mắt màu sáng (trắng ngà, champagne) có nhũ mịn, tán đều lên bầu mắt.
3.  **Highlight:** Dùng cọ nhỏ, đánh highlight lấp lánh ở khóe mắt, dưới chân mày và đường viền mắt dưới.
4.  **Hoàn thiện:** Có thể dùng mascara để tăng độ sâu cho mắt.

Kỹ thuật này phù hợp với các buổi tiệc hoặc sự kiện đặc biệt."
Cách chọn son cho makeup phong cách Cyberpunk?,"Để chọn son cho makeup Cyberpunk, bạn nên ưu tiên các màu sắc nổi bật, tương phản cao. Các lựa chọn lý tưởng bao gồm:

1.  **Đỏ đậm/Đỏ cam:** Tạo điểm nhấn mạnh mẽ, thể hiện sự nổi loạn.
2.  **Hồng neon/Tím:** Phù hợp với ánh sáng huỳnh quang đặc trưng của phong cách này.
3.  **Đen/Xám:** Mang đến vẻ bí ẩn, cá tính.
4.  **Trắng/Bạc (son lấp lánh):** Tạo hiệu ứng tương lai, công nghệ cao.

Chất son nên là lì hoặc bóng tùy sở thích, nhưng ưu tiên độ bền màu để giữ lâu trong suốt quá trình ""chinh chiến"".
"
Làm sao tạo makeup cho da có vết đỏ?,"Chào bạn, để trang điểm cho da có vết đỏ, bạn cần thực hiện các bước sau:

1. **Làm dịu da:** Sử dụng kem dưỡng ẩm có chứa thành phần như lô hội hoặc trà xanh.
2. **Che khuyết điểm:** Chọn kem che khuyết điểm màu xanh lá cây để trung hòa sắc đỏ, sau đó dùng kem che khuyết điểm màu da để che phủ hoàn toàn.
3. **Nền:** Dùng phấn nền có độ che phủ vừa phải, tránh các sản phẩm gây kích ứng.
4. **Phấn phủ:** Cố định lớp nền bằng phấn phủ trong suốt.

Lý do: Màu xanh lá cây là đối lập của màu đỏ, giúp cân bằng sắc tố da.
"
Tại sao cần dùng lip primer trước son?,"Chào bạn,

Lip primer là bước chuẩn bị quan trọng trước khi đánh son, đặc biệt với những ai có môi khô hoặc muốn son lâu trôi hơn. Primer giúp làm mịn bề mặt môi, lấp đầy các rãnh nhỏ, giúp son lên màu đều và không bị lem. Đồng thời, nó tạo một lớp bảo vệ, ngăn ngừa son bám vào các vết khô, giúp son giữ màu lâu hơn và dưỡng ẩm cho môi.
"
Cách chọn cọ cho phấn bronzer dạng kem?,"Để chọn cọ phù hợp với phấn bronzer dạng kem, bạn nên ưu tiên cọ đầu bằng, lông mềm và dày dặn. Cọ đầu bằng giúp bạn tán đều sản phẩm, tránh đường nét quá sắc. Lông mềm giúp phấn bronzer hòa quyện với da tự nhiên, không gây vệt. Độ dày dặn của cọ giúp lấy và giữ lượng sản phẩm vừa đủ, kiểm soát tốt hơn khi tán. Nên chọn cọ có kích thước vừa phải, phù hợp với diện tích da cần đánh bronzer.
"
"Làm sao tạo hiệu ứng mắt ""smoky halo""?","Để tạo hiệu ứng mắt ""smoky halo"" (mắt khói halo), bạn thực hiện theo các bước sau:

1. **Tạo lớp nền:** Phủ phấn mắt màu nude lên toàn bộ bầu mắt.
2. **Đánh màu đậm:** Dùng cọ nhỏ đánh màu mắt tối (nâu, xám, đen) tập trung ở đuôi mắt và hốc mắt, tán đều.
3. **Tạo điểm nhấn:** Đánh phấn mắt nhũ hoặc màu sáng ở giữa bầu mắt, trên màu tối, tạo hiệu ứng halo.
4. **Tán đều:** Dùng cọ sạch hòa trộn các màu để chuyển màu mượt mà.
5. **Hoàn thiện:** Kẻ eyeliner và mascara để tăng độ sâu cho mắt.
"
Cách chọn phấn phủ cho makeup phong cách phim cổ trang?,"Để chọn phấn phủ cho makeup phong cách phim cổ trang, bạn nên ưu tiên phấn phủ dạng bột mịn, màu trắng hoặc trắng ngà. Phấn bột giúp tạo hiệu ứng da trắng sáng, không tì vết như các nhân vật cổ trang. 

**Các bước chọn phấn:**

1.  **Chọn màu:** Trắng hoặc trắng ngà phù hợp với tông da và tạo vẻ thanh thoát.
2.  **Chọn chất phấn:** Phấn bột mịn, dễ tán, không gây cakey.
3.  **Chọn loại phấn:** Phấn phủ trong suốt hoặc phấn có màu nhẹ.

Lý do: Phong cách cổ trang thường chú trọng vào sự trắng sáng của làn da.
"
Làm sao tạo makeup phong cách Persian?,"Để tạo makeup phong cách Persian, bạn tập trung vào đôi mắt sắc sảo và làn da hoàn hảo.

1.  **Da:** Sử dụng kem nền che phủ tốt, phấn phủ mịn để có làn da không tì vết.
2.  **Mắt:** Vẽ eyeliner đen đậm, kéo dài, hơi cong lên ở đuôi mắt. Phủ phấn mắt màu ấm như đồng, nâu hoặc tím.
3.  **Môi:** Son môi màu nude, hồng đào hoặc đỏ cam.
4.  **Má:** Phấn má hồng màu đào nhẹ nhàng.

Phong cách này nhấn mạnh vào sự quyến rũ, bí ẩn và sang trọng.
"
Tại sao cần làm sạch cọ bằng dung dịch chuyên dụng?,"Chào bạn,

Việc làm sạch cọ trang điểm bằng dung dịch chuyên dụng là rất quan trọng vì nhiều lý do. Thứ nhất, cọ là nơi tích tụ vi khuẩn từ da, mỹ phẩm cũ và bụi bẩn, gây ra mụn, kích ứng da. Dung dịch chuyên dụng giúp loại bỏ triệt để các tạp chất này. 

Thứ hai, việc làm sạch cọ định kỳ giúp cọ giữ được hình dáng, độ mềm mại và kéo dài tuổi thọ. Cuối cùng, cọ sạch sẽ giúp màu mỹ phẩm lên chuẩn và dễ dàng blend hơn.
"
Cách chọn son cho makeup phong cách Victorian?,"Để chọn son cho makeup phong cách Victorian, bạn nên ưu tiên các màu son trầm, tối và có chút ""vintage"". Các lựa chọn hoàn hảo bao gồm: đỏ burgundy (đỏ rượu vang), đỏ gạch, màu mận chín, hoặc thậm chí là màu nâu đất. 

**Lý do:** Phong cách Victorian đề cao vẻ đẹp cổ điển, bí ẩn và đôi khi hơi u ám. Các màu son này sẽ giúp tái hiện lại tinh thần đó, đồng thời tạo nên đôi môi đầy mê hoặc và quyến rũ. Chất son nên là matte hoặc satin để tăng thêm vẻ thanh lịch.
"
"Làm sao tạo hiệu ứng môi ""ombre gloss""?","Để tạo hiệu ứng môi ombre gloss, bạn cần chuẩn bị son môi lì (màu đậm hơn) và son bóng (màu nhạt hơn hoặc trong suốt).

1.  **Tô son lì:** Tô son lì vào 2/3 phần môi dưới, mờ dần về phía môi trên.
2.  **Tô son bóng:** Tô son bóng lên 1/3 môi trên, hòa trộn nhẹ nhàng với phần son lì bên dưới.
3.  **Hoàn thiện:** Bạn có thể dùng tăm bông để điều chỉnh độ hòa trộn, tạo hiệu ứng ombre rõ nét hoặc tự nhiên hơn. Hiệu ứng này giúp môi trông đầy đặn và có chiều sâu.
"
"Kỹ thuật ""soft sculpted"" tạo khối thế nào?","Kỹ thuật ""soft sculpted"" (tạo khối nhẹ nhàng) tập trung vào việc tạo chiều sâu tự nhiên, không đường nét sắc sảo.

1. **Chọn sản phẩm:** Dùng phấn hoặc kem tạo khối màu lạnh, tone trầm hơn da 2-3 bậc.
2. **Đánh khối:** Tập trung dưới gò má (từ tai về khóe miệng), hai bên thái dương, và dọc theo đường chân tóc.
3. **Tán đều:** Đây là bước quan trọng nhất! Dùng cọ mềm, tán kỹ để khối hòa quyện hoàn toàn với da, không để vệt.
4. **Highlight:** Đánh highlight nhẹ ở gò má, sống mũi, trán để tăng hiệu ứng chiều sâu.

Mục đích là tạo bóng đổ tinh tế, giúp khuôn mặt thon gọn và có cấu trúc hơn một cách tự nhiên.
"
Cách chọn phấn mắt cho makeup phong cách Aboriginal?,"Để chọn phấn mắt cho makeup phong cách Aboriginal, bạn nên ưu tiên các tông màu đất như nâu, cam đất, vàng ochre và đỏ gạch. Những màu này tượng trưng cho đất đai và văn hóa bản địa. Bạn có thể kết hợp các màu này để tạo chiều sâu cho đôi mắt. Thêm chút ánh nhũ đồng hoặc vàng để tăng thêm sự ấm áp và linh thiêng. Tránh các màu quá sặc sỡ hoặc hiện đại, tập trung vào sự tự nhiên và mộc mạc.
"
Làm sao khắc phục mascara bị vón cục?,"Mascara bị vón cục là vấn đề phổ biến! Để khắc phục, bạn có thể thử những cách sau:

1. **Dùng lược chải mi sạch:** Chải nhẹ nhàng từ chân đến ngọn mi để gỡ các vón cục.
2. **Thêm vài giọt dung dịch nước muối sinh lý:** Nhỏ 1-2 giọt vào mascara, lắc nhẹ để làm loãng. *Lưu ý:* Không dùng nước thường vì dễ gây nhiễm khuẩn.
3. **Bảo quản đúng cách:** Đậy kín nắp sau khi dùng, tránh để mascara tiếp xúc trực tiếp với ánh nắng hoặc nhiệt độ cao.
"
Cách chọn cọ cho makeup phong cách opera?,"Để makeup phong cách opera ấn tượng, bạn cần bộ cọ đa dạng:

1. **Cọ nền (Foundation Brush):** Chọn loại đầu dẹt, lông mềm để tán đều kem nền dày dặn, tạo lớp base hoàn hảo.
2. **Cọ contouring:** Cọ vát xéo giúp tạo khối xương rõ nét, đặc trưng của makeup opera.
3. **Cọ mắt:** Nhiều kích cỡ, từ nhỏ để tán phấn mắt, đến lớn để tạo chiều sâu.
4. **Cọ môi:** Đầu nhỏ, dẹt để tô viền môi sắc sảo, phù hợp với son đỏ đậm.
5. **Cọ highlight:** Cọ nhỏ, đầu tròn để đánh highlight bắt sáng ở gò má, trán, cằm.
"
Làm sao tạo makeup phong cách Tibetan?,"Để tạo makeup phong cách Tạng, bạn cần tập trung vào đôi mắt và đôi môi.

1.  **Da:** Giữ lớp nền tự nhiên, không quá trắng.
2.  **Mắt:** Sử dụng phấn mắt màu đỏ, cam hoặc nâu đất, tán đều và đậm ở đuôi mắt. Kẻ mắt đen dày, kéo dài.
3.  **Môi:** Tô son đỏ đậm, có thể dùng cọ để tạo hình môi đầy đặn.
4.  **Má:** Phủ má hồng màu hồng đào nhẹ nhàng.

Phong cách này nhấn mạnh vào sự mạnh mẽ, khỏe khoắn và vẻ đẹp truyền thống của người Tạng.
"
Tại sao cần dùng setting powder cho baking?,"Setting powder (phấn khóa) đóng vai trò quan trọng trong kỹ thuật baking vì nó giúp ""khóa"" lớp kem nền và concealer ở dưới, tạo độ matte và ngăn ngừa tình trạng vệt nứt, mốc do kem nền bị oxy hóa. Khi baking, chúng ta dùng một lượng lớn phấn, để phấn hút dầu và độ ẩm từ kem nền, giúp lớp nền bám lâu hơn và trông tự nhiên hơn. Sau khi baking, chúng ta sẽ ""hất"" bớt phấn đi để có lớp nền hoàn hảo.
"
Cách chọn son cho makeup phong cách Renaissance?,"Để chọn son cho makeup phong cách Renaissance, bạn nên ưu tiên các màu son trầm ấm, tự nhiên như đỏ đun, đỏ gạch, hồng đất hoặc màu mận chín. Những màu này gợi nhớ đến vẻ đẹp cổ điển và quý phái của thời kỳ Phục Hưng. Chất son nên là lì hoặc bán lì để tạo hiệu ứng ""môi nhung"" đặc trưng. Tránh các màu son quá tươi sáng hoặc bóng bẩy, vì chúng không phù hợp với phong cách trang điểm này.
"
"Làm sao tạo hiệu ứng mắt ""galaxy eyes""?","Để tạo hiệu ứng mắt ""galaxy eyes"", bạn cần:

1. **Phủ mắt màu tối:** Chọn màu tím đậm, xanh navy hoặc đen làm base.
2. **Thêm các màu galaxy:** Dùng cọ nhỏ, điểm các màu tím nhạt, hồng, xanh lam, trắng lên bầu mắt, tập trung ở giữa và đuôi mắt.
3. **Nhũ:** Thêm nhũ lấp lánh màu bạc hoặc trắng để tạo hiệu ứng sao.
4. **Blending:** Nhẹ nhàng hòa trộn các màu để tạo độ chuyển mượt mà.
5. **Mascara:** Chuốt mascara để hoàn thiện.

Hiệu ứng này tạo chiều sâu và vẻ huyền ảo cho đôi mắt.
"
"Kỹ thuật ""sheer contour"" là gì?","""Sheer contour"" (tạo khối nhẹ nhàng) là kỹ thuật tạo chiều sâu cho khuôn mặt một cách tự nhiên, không lộ rõ đường nét như contour truyền thống. 

**Cách thực hiện:**

1.  Chọn phấn contour kem hoặc stick tông màu gần với màu da tự nhiên, nhưng hơi lạnh hơn.
2.  Thoa một lượng nhỏ sản phẩm dưới gò má, dọc theo đường chân tóc và hai bên cánh mũi.
3.  Dùng mút hoặc cọ tán đều, hòa trộn kỹ để không thấy ranh giới sản phẩm.

**Lý do:** Kỹ thuật này phù hợp với những người mới bắt đầu hoặc thích phong cách trang điểm tự nhiên, hàng ngày.
"
Cách chọn phấn phủ cho makeup phong cách ballet?,"Để chọn phấn phủ cho makeup phong cách ballet, bạn nên ưu tiên phấn phủ trong suốt hoặc tông màu sáng hơn da một chút. Phấn phủ dạng bột mịn sẽ giúp lớp nền nhẹ nhàng, tự nhiên, tạo hiệu ứng làn da ""không tì vết"" như vũ công ballet. Tránh phấn phủ có màu quá đậm hoặc chứa nhiều nhũ, vì sẽ làm mất đi vẻ thanh khiết, tinh tế của phong cách này. Nên chọn phấn phủ có khả năng kiềm dầu tốt để giữ lớp makeup bền lâu.
"
Làm sao tạo makeup phong cách Mayan?,"Để tạo makeup phong cách Mayan, bạn cần tập trung vào mắt và môi.

1.  **Mắt:** Sử dụng phấn mắt màu đất, nâu, đồng và xanh đậm. Vẽ đường kẻ mắt dày, sắc sảo, kéo dài ra ngoài. Có thể thêm họa tiết hình học lấy cảm hứng từ kiến trúc Mayan.
2.  **Môi:** Tô son màu đỏ đậm hoặc burgundy.
3.  **Da:** Giữ lớp nền tự nhiên, có thể thêm chút contour để tạo chiều sâu.

Phong cách Mayan nhấn mạnh sự mạnh mẽ và bí ẩn, nên đừng ngại thử nghiệm với các đường nét táo bạo!
"
"Kỹ thuật ""frosted blush"" tạo má hồng như thế nào?","Kỹ thuật ""frosted blush"" (má hồng phủ sương) tạo hiệu ứng má ửng hồng tự nhiên, căng bóng.

**Các bước thực hiện:**

1.  **Đánh lớp nền:** Hoàn thành lớp nền hoàn hảo.
2.  **Má hồng kem:** Thoa má hồng kem lên vùng gò má, tập trung ở phần cao nhất.
3.  **Má hồng bột:** Dùng cọ nhẹ nhàng phủ một lớp má hồng bột trùng màu hoặc nhạt hơn lên trên lớp kem.
4.  **Highlight:** Thoa highlight lấp lánh lên đỉnh gò má để tăng hiệu ứng ""frosted"".

**Lý do:** Lớp kem tạo độ ẩm, lớp bột khóa màu, highlight tạo độ bắt sáng, tổng hòa tạo hiệu ứng má hồng tự nhiên, khỏe khoắn.
"
Làm sao chọn kem nền cho da bị rosacea?,"Chào bạn, việc chọn kem nền cho da rosacea cần sự cẩn thận để tránh làm tình trạng kích ứng trở nên nghiêm trọng hơn.

**Bước 1:** Ưu tiên kem nền khoáng (mineral foundation) hoặc có thành phần dịu nhẹ, không chứa cồn, hương liệu, dầu khoáng và các chất gây kích ứng.
**Bước 2:** Chọn màu kem nền gần với tông da tự nhiên, tránh màu quá sáng hoặc quá tối.
**Bước 3:** Nên thử kem nền trên một vùng da nhỏ trước khi sử dụng toàn mặt để đảm bảo không gây phản ứng.
**Lý do:** Da rosacea rất nhạy cảm, dễ bị kích ứng bởi các thành phần hóa học. Kem nền khoáng lành tính hơn, giúp che phủ nhẹ nhàng mà không gây hại.
"
Tại sao cần dùng lip scrub trước son bóng?,"Chào bạn,

Lip scrub (tẩy tế bào chết môi) rất cần thiết trước khi dùng son bóng vì một số lý do sau:

1. **Loại bỏ tế bào chết:** Môi thường có da chết, đặc biệt khi thời tiết khô. Lip scrub giúp loại bỏ lớp da này, giúp son bóng lên màu đều và mịn màng hơn.
2. **Tăng cường lưu thông máu:** Massage nhẹ nhàng khi dùng scrub kích thích tuần hoàn máu, giúp môi căng mọng và khỏe mạnh hơn.
3. **Giúp son bóng bám lâu hơn:** Bề mặt môi mịn màng sẽ giúp son bóng bám dính tốt hơn, hạn chế tình trạng lem hoặc nhanh phai màu.
"
Cách tạo makeup phong cách Sumerian cổ đại?,"Để tái hiện phong cách trang điểm Sumerian cổ đại, bạn cần tập trung vào đôi mắt to và sắc sảo.

1.  **Da:** Sử dụng phấn nền sáng màu, gần với màu da tự nhiên.
2.  **Mắt:** Vẽ đường kẻ mắt dày, đậm bằng kohl đen (có thể dùng eyeliner đen). Kéo dài đường kẻ ra ngoài đuôi mắt.
3.  **Môi:** Tô son đỏ đậm hoặc tím sẫm.
4.  **Má:** Sử dụng phấn má hồng đào nhẹ nhàng.

Phong cách này nhấn mạnh vào sự tương phản giữa mắt và môi, thể hiện vẻ đẹp quyền lực và bí ẩn.
"
Làm sao chọn mascara cho mi thưa?,"Để chọn mascara cho mi thưa, bạn nên ưu tiên các loại có công thức chứa sợi fiber (sợi tơ) hoặc có kết cấu đặc, nhiều sáp. Những loại này giúp bám và làm dày mi hiệu quả hơn. 

Chọn đầu cọ nhỏ, có nhiều gai nhỏ để dễ dàng len lỏi và phủ đều từng sợi mi, kể cả những sợi mi nhỏ nhất. Màu đen hoặc nâu đậm sẽ giúp mi trông rõ ràng hơn. Tránh mascara chống thấm nước nếu muốn mi trông tự nhiên và dễ dàng tẩy trang.
"
Cách khắc phục phấn mắt bị xuống màu sau vài giờ?,"Chào bạn, tình trạng phấn mắt xuống màu sau vài giờ là khá phổ biến. Để khắc phục, bạn cần chuẩn bị kỹ lớp nền mắt:

1.  **Che khuyết điểm:** Thoa che khuyết điểm lên vùng mắt để trung hòa sắc tố da và tạo bề mặt mịn.
2.  **Phấn lót mắt (Eye primer):** Đây là bước quan trọng nhất, giúp phấn mắt bám dính tốt hơn, lên màu chuẩn và hạn chế lem.
3.  **Phấn bột:** Nhẹ nhàng phủ một lớp phấn bột trong suốt để khóa lớp nền.

Ngoài ra, chọn phấn mắt chất lượng tốt và sử dụng cọ phù hợp cũng giúp cải thiện độ bền màu."
"Kỹ thuật ""peachy glow"" tạo da thế nào?","Kỹ thuật ""peachy glow"" tạo hiệu ứng da khỏe khoắn, rạng rỡ nhờ sắc đào ấm áp. Đầu tiên, dùng kem nền nhẹ nhàng, sau đó thoa phấn má hồng màu đào lên gò má, tán đều về phía thái dương. Tiếp theo, dùng highlighter màu champagne hoặc đào nhạt nhấn vào gò má, sống mũi, và khóe mắt. Cuối cùng, thoa một chút son dưỡng môi màu đào để hoàn thiện vẻ ngoài tươi tắn. Sắc đào giúp da trông ấm áp, tràn đầy sức sống.
"
Làm sao tạo makeup phong cách cổ Ai Cập?,"Để tạo makeup phong cách Ai Cập cổ đại, bạn cần tập trung vào mắt và môi.

1.  **Mắt:** Vẽ đường eyeliner đen đậm, kéo dài và sắc sảo ở cả mí trên và mí dưới. Màu xanh lam hoặc xanh lục bảo có thể được thêm vào hốc mắt.
2.  **Môi:** Tô son đỏ đậm hoặc màu burgundy.
3.  **Da:** Giữ lớp nền sáng, mịn màng.
4.  **Màu sắc:** Sử dụng các màu vàng kim, xanh lam, đỏ để nhấn nhá.

Phong cách này tượng trưng cho sự quyền lực và vẻ đẹp thần thánh của các nữ thần Ai Cập.
"
Tại sao cần dùng kem dưỡng vùng mắt trước concealer?,"Chào bạn,

Việc dùng kem dưỡng vùng mắt trước concealer là bước quan trọng để có lớp trang điểm mắt hoàn hảo. Vùng da quanh mắt mỏng manh, dễ khô và xuất hiện nếp nhăn. Kem dưỡng giúp cấp ẩm, làm mềm da, giúp concealer dễ tán, không bị vón cục hay lộ vân cười. Đồng thời, lớp dưỡng ẩm này còn tạo hiệu ứng làm mờ các nếp nhăn, giúp concealer che phủ quầng thâm và bọng mắt hiệu quả hơn.
"
Cách chọn son cho makeup phong cách Caribbean?,"Để chọn son cho makeup phong cách Caribbean, bạn nên ưu tiên các màu sắc tươi sáng, rực rỡ như đỏ cam, hồng fuchsia, hoặc cam san hô. Những màu này gợi nhớ đến hoa quả nhiệt đới và ánh nắng mặt trời. Chất son bóng hoặc satin sẽ phù hợp hơn son lì, giúp đôi môi căng mọng và tràn đầy sức sống. Tránh các màu son quá tối hoặc trầm, vì chúng sẽ làm mất đi vẻ tươi trẻ của phong cách Caribbean.
"
"Kỹ thuật ""soft siren eyes"" là gì?","""Soft siren eyes"" là kỹ thuật trang điểm mắt tạo hiệu ứng đôi mắt quyến rũ, bí ẩn nhưng vẫn tự nhiên. 

**Các bước thực hiện:**

1.  **Kẻ mắt:** Sử dụng eyeliner (gel, chì hoặc nước) kẻ đường viền mắt trên và dưới, kéo dài nhẹ ở đuôi mắt, tạo hình cánh chim nhẹ nhàng.
2.  **Pha màu:** Nhấn nhá đường kẻ mắt bằng phấn mắt màu nâu hoặc xám tro, tán đều để tạo chiều sâu.
3.  **Mascara:** Chải mascara cho cả mi trên và mi dưới để mở rộng đôi mắt.
4.  **Highlight:** Thêm chút highlight ở khóe mắt trong để đôi mắt thêm long lanh.

Kỹ thuật này tập trung vào việc tạo hình dáng mắt sắc sảo nhưng vẫn mềm mại, không quá sắc nét như ""cat eyes"".
"
Làm sao chọn cọ cho phấn tạo khối dạng lỏng?,"Để chọn cọ cho phấn tạo khối dạng lỏng, bạn nên ưu tiên cọ đầu vát, lông mềm và dày dặn. Cọ vát giúp bạn dễ dàng xác định vị trí tạo khối, còn lông mềm đảm bảo sản phẩm được tán đều, tự nhiên. Lông dày dặn giúp kiểm soát lượng sản phẩm, tránh tình trạng lên màu quá đậm. Nên chọn cọ tổng hợp để dễ vệ sinh và phù hợp với chất lỏng.
"
"Cách tạo hiệu ứng môi ""crushed velvet""?","Để tạo hiệu ứng môi ""crushed velvet"" (nhung vụn), bạn cần:

1. **Tạo lớp nền:** Tô son dưỡng ẩm để môi mềm mịn.
2. **Son chính:** Chọn son lì hoặc son kem lì có màu bạn thích.
3. **Tạo hiệu ứng:** Bặm môi nhẹ nhàng lên giấy ăn để loại bỏ lớp son bóng, giữ lại lớp màu mờ ảo, như nhung.
4. **Hoàn thiện:** Thoa thêm một lớp son mỏng nếu cần, tập trung vào trung tâm môi để tạo chiều sâu.

Hiệu ứng này tạo cảm giác đôi môi đầy đặn, mềm mại và quyến rũ.
"
"Kỹ thuật ""luminous blush"" tạo má hồng ra sao?","Kỹ thuật ""luminous blush"" (má hồng rạng rỡ) tập trung vào việc tạo hiệu ứng da khỏe mạnh, căng bóng chứ không chỉ đơn thuần là màu sắc. 

**Các bước thực hiện:**

1.  **Chọn sản phẩm:** Ưu tiên phấn má hồng dạng kem hoặc lỏng, có chứa các hạt phấn sáng.
2.  **Thoa kem dưỡng ẩm:** Đảm bảo da đủ ẩm để phấn bám tốt và tạo hiệu ứng glow.
3.  **Thoa phấn:** Thoa phấn lên vùng gò má, hòa trộn đều về phía thái dương.
4.  **Tạo lớp highlight:** Thêm một chút highlight lên gò má để tăng độ rạng rỡ.

Kỹ thuật này giúp khuôn mặt trông tươi tắn, trẻ trung và có sức sống hơn.
"
Làm sao chọn kem nền cho da có nếp nhăn?,"Để chọn kem nền cho da có nếp nhăn, bạn nên ưu tiên các sản phẩm có kết cấu lỏng nhẹ, ẩm mượt (như kem dưỡng hoặc cushion) thay vì dạng đặc, dày. Kem nền lỏng sẽ không ""bám"" vào nếp nhăn, làm chúng lộ rõ hơn.

Chọn các thành phần dưỡng ẩm như hyaluronic acid, glycerin để giúp da căng mọng, làm mờ nếp nhăn. Nên chọn kem nền có độ che phủ vừa phải, tránh che phủ quá dày. Cuối cùng, đừng quên thử kem nền trên da trước khi mua để đảm bảo màu sắc phù hợp và không gây kích ứng.
"
Cách tạo makeup phong cách Viking?,"Để tạo makeup phong cách Viking, bạn cần tập trung vào sự mạnh mẽ và tự nhiên.

1.  **Da:** Sử dụng kem nền lì, màu trung tính, che phủ vừa phải.
2.  **Mắt:** Phủ phấn mắt màu nâu đất hoặc xám tro lên toàn bộ bầu mắt. Đánh tan để tạo hiệu ứng smoky mắt nhẹ nhàng.
3.  **Môi:** Sử dụng son màu nude hoặc màu berry trầm.
4.  **Má:** Đánh nhẹ má hồng màu đào hoặc nâu đất để tạo vẻ khỏe khoắn.
5.  **Điểm nhấn:** Vẽ thêm các đường nét giả họa tiết Viking trên má hoặc trán bằng eyeliner đen hoặc màu nâu."
Tại sao cần thử concealer ở vùng quầng thâm?,"Việc thử concealer ở vùng quầng thâm là rất quan trọng để đảm bảo màu sắc hòa hợp với tông da và che phủ hiệu quả. Quầng thâm thường có màu xanh hoặc tím, do đó, concealer có tông màu đào hoặc cam sẽ giúp trung hòa các sắc tố này. Thử concealer trực tiếp giúp bạn chọn được màu sắc phù hợp nhất, tránh tình trạng concealer bị trắng bệch hoặc không che phủ được quầng thâm.
"
"Kỹ thuật ""smoky gradient"" là gì?","Kỹ thuật ""smoky gradient"" (hay còn gọi là mắt khói ombre) là kỹ thuật trang điểm mắt tạo chiều sâu bằng cách chuyển màu từ đậm đến nhạt một cách mượt mà. 

**Các bước thực hiện:**

1.  **Tạo khối:** Dùng màu tối nhất (thường là nâu, xám, đen) tập trung ở đuôi mắt và hốc mắt.
2.  **Phủ màu trung bình:** Phủ màu trung bình lên vùng giữa mí mắt, hòa trộn với màu tối.
3.  **Tạo sáng:** Dùng màu sáng nhất (nhũ, highlight) ở bọng mắt và đầu mí mắt để tạo điểm nhấn.
4.  **Hòa trộn:** Dùng cọ hòa trộn kỹ các đường màu để tạo hiệu ứng chuyển màu mượt mà, không bị vón cục.

Kỹ thuật này giúp đôi mắt trông sâu hơn, cuốn hút hơn.
"
Làm sao chọn son cho makeup phong cách Thái Lan cổ?,"Để chọn son cho makeup phong cách Thái Lan cổ, bạn nên ưu tiên các màu son trầm ấm, tự nhiên như hồng đào, cam đất, hoặc đỏ san hô. Những màu này gợi nhớ vẻ đẹp thanh lịch, dịu dàng của phụ nữ Thái xưa. 

**Lưu ý:**

*   **Chất son:** Nên chọn son có chất lì hoặc bán lì để giữ màu lâu và tạo cảm giác cổ điển.
*   **Độ đậm:** Màu son không nên quá rực rỡ, hãy chọn tông màu vừa phải để phù hợp với tổng thể makeup.
"
Cách làm sạch cọ sau khi dùng son kem?,"Chào bạn, việc vệ sinh cọ sau khi dùng son kem rất quan trọng để đảm bảo vệ sinh và kéo dài tuổi thọ cọ. Đây là các bước thực hiện:

1. **Loại bỏ son thừa:** Dùng khăn giấy hoặc bông gòn lau nhẹ nhàng để loại bỏ lượng son kem còn sót lại trên cọ.
2. **Vệ sinh bằng dung dịch chuyên dụng:** Đổ một lượng nhỏ dung dịch vệ sinh cọ (hoặc dầu dừa/dầu olive) lên lòng bàn tay, xoay nhẹ cọ trên lòng bàn tay để làm tan son.
3. **Rửa sạch:** Rửa cọ dưới nước ấm, nhẹ nhàng bóp để loại bỏ hoàn toàn dung dịch và son.
4. **Làm khô:** Vắt nhẹ nước, dùng khăn sạch thấm khô và để cọ khô tự nhiên, lông cọ hướng xuống dưới.
"
"Kỹ thuật ""dewy contour"" tạo khối thế nào?","Kỹ thuật ""dewy contour"" tạo khối khác với contour thông thường ở chỗ tập trung vào hiệu ứng căng bóng, tự nhiên.

**Các bước thực hiện:**

1.  **Chọn sản phẩm:** Dùng kem contour dạng lỏng hoặc kem stick có finish ẩm mịn, tránh phấn khô.
2.  **Đánh khối:** Đánh khối dọc theo xương gò má, đường viền hàm và hai bên cánh mũi.
3.  **Tán đều:** Dùng mút hoặc cọ tán đều, hòa trộn sản phẩm vào da, tạo hiệu ứng đổ bóng nhẹ nhàng, không đường nét cứng.
4.  **Highlight:** Thêm highlight ở vùng gò má, sống mũi để tăng độ căng bóng.

**Lý do:** Kỹ thuật này giúp khuôn mặt trông có chiều sâu nhưng vẫn giữ được vẻ tươi tắn, khỏe khoắn.
"
Làm sao chọn mascara cho makeup phong cách opera?,"Để chọn mascara cho makeup phong cách opera, bạn nên ưu tiên mascara có khả năng tạo độ dày và cong mi tối đa. Mascara đen tuyền là lựa chọn hàng đầu để tạo sự tương phản mạnh mẽ với làn da trắng và nhấn mạnh đôi mắt. 

Bạn có thể chọn loại mascara có chứa sợi fiber để tăng độ dày mi, hoặc dùng mascara có đầu cọ lớn, cong để dễ dàng tạo dáng mi. Đừng quên chuốt kỹ từ chân mi đến ngọn để đạt hiệu quả tốt nhất, tạo nên đôi mắt sắc sảo, ấn tượng đúng chất opera.
"
Cách tạo makeup phong cách Gothic Trung cổ?,"Để tạo makeup phong cách Gothic Trung cổ, bạn cần:

1. **Nền:** Sử dụng kem nền tông màu sáng hơn da tự nhiên để tạo vẻ tái nhợt đặc trưng.
2. **Mắt:** Tập trung vào mắt với phấn mắt màu tối như đen, xám, tím đậm. Vẽ mắt mèo sắc sảo và nhấn nhá bằng eyeliner đen.
3. **Môi:** Sử dụng son môi màu đỏ đậm, burgundy hoặc thậm chí đen để tạo điểm nhấn.
4. **Má:** Hóp má bằng phấn má màu xám tro hoặc tím than để tạo vẻ gầy gò, bí ẩn.
"
Tại sao cần dùng blotting paper thay vì dặm phấn?,"Chào bạn,

Blotting paper (giấy thấm dầu) và phấn có vai trò khác nhau. Dặm phấn giúp hấp thụ dầu thừa và che phủ lỗ chân lông, nhưng có thể gây bí da, làm lớp trang điểm dày hơn và dễ bị cakey. 

Ngược lại, blotting paper thấm dầu nhẹ nhàng, không làm xáo trộn lớp trang điểm, giúp da thông thoáng và giữ cho lớp nền tự nhiên hơn. Vì vậy, nếu chỉ cần kiểm soát dầu, blotting paper là lựa chọn tốt hơn.
"
Làm sao chọn phấn mắt cho mắt xám?,"Để chọn phấn mắt cho mắt xám, bạn nên ưu tiên các tông màu ấm áp để làm nổi bật màu mắt. Các lựa chọn tuyệt vời bao gồm:

1.  **Màu đồng, vàng đồng:** Tạo sự ấm áp và lấp lánh.
2.  **Màu hồng đào, san hô:** Làm mắt trông tươi sáng hơn.
3.  **Màu tím plum, burgundy:** Tạo chiều sâu và sự tương phản tinh tế.
4.  **Tránh:** Màu xám, bạc hoặc xanh lam vì có thể làm mắt trông nhợt nhạt.

Nên thử màu trên da trước khi mua để đảm bảo phù hợp với tông da của bạn.
"
"Kỹ thuật ""pearl skin"" là gì?","Kỹ thuật ""pearl skin"" (da ngọc trai) là xu hướng trang điểm Hàn Quốc tạo hiệu ứng da căng bóng, mịn màng như ngọc trai. 

**Các bước thực hiện:**

1.  **Dưỡng ẩm kỹ:** Đây là bước quan trọng nhất.
2.  **Sử dụng kem lót:** Chọn loại có khả năng bắt sáng.
3.  **Trang điểm nền mỏng nhẹ:** Ưu tiên cushion hoặc foundation dạng lỏng.
4.  **Highlight:** Tập trung ở gò má, sống mũi, trán và cằm.
5.  **Xịt khóa:** Giúp lớp trang điểm bền lâu và tăng độ bóng.

Kỹ thuật này giúp da trông khỏe mạnh, tươi tắn và có chiều sâu.
"
Làm sao tạo makeup phong cách Edo Nhật Bản?,"Để tạo makeup phong cách Edo (Nhật Bản cổ đại), bạn cần tập trung vào sự trắng bệch của da, đôi môi đỏ và mắt được nhấn nhá đặc biệt.

1.  **Da:** Sử dụng phấn nền trắng (shiro-nuri) để tạo lớp nền hoàn toàn trắng.
2.  **Mắt:** Vẽ mắt nhỏ, dài và hơi chếch lên, thường dùng màu đen hoặc đỏ.
3.  **Môi:** Tô son đỏ đậm, vẽ môi hình lá đào nhỏ nhắn.
4.  **Má:** Thường không trang điểm má hoặc dùng chút hồng nhạt.

Phong cách này tượng trưng cho vẻ đẹp lý tưởng của phụ nữ thời Edo, nhấn mạnh sự tinh khiết và thanh lịch.
"
Cách chọn son cho môi khô vào mùa đông?,"Chào bạn, với môi khô vào mùa đông, việc chọn son cần ưu tiên dưỡng ẩm. 

**Bước 1:** Ưu tiên son dưỡng có thành phần như sáp ong, bơ hạt mỡ, dầu jojoba.
**Bước 2:** Chọn son có chất son mềm mịn, tránh son lì hoàn toàn vì dễ làm khô môi hơn.
**Bước 3:** Nên dùng son có màu nhẹ nhàng hoặc trong suốt để môi được ""thở"".
**Bước 4:** Trước khi đánh son màu, hãy thoa một lớp son dưỡng để bảo vệ môi.

Lý do: Môi khô dễ bong tróc, nứt nẻ, cần được cung cấp đủ độ ẩm và bảo vệ.
"
"Kỹ thuật ""feline flick"" khác gì cat eye?","Chào bạn,

""Feline flick"" và ""cat eye"" đều là những kỹ thuật tạo dáng mắt sắc sảo, nhưng có sự khác biệt tinh tế. ""Cat eye"" thường có đường kẻ đậm, dày và kéo dài, tạo hình mắt mèo cổ điển. Còn ""feline flick"" nhẹ nhàng hơn, đường kẻ mảnh, tập trung vào việc ""bật"" đuôi mắt lên một chút, tạo vẻ mắt tinh nghịch, quyến rũ tự nhiên. ""Feline flick"" phù hợp với trang điểm hàng ngày, trong khi ""cat eye"" thường dùng cho các dịp đặc biệt.
"
Làm sao chọn cọ cho phấn mắt dạng lỏng?,"Để chọn cọ cho phấn mắt dạng lỏng, bạn nên ưu tiên cọ đầu bằng, nhỏ và dẹt. Chất liệu lông cọ nên là tổng hợp (synthetic) vì phấn mắt lỏng dễ làm hỏng lông tự nhiên. Cọ đầu bằng giúp bạn dễ dàng tán đều phấn, tạo hiệu ứng lì mịn. Kích thước nhỏ giúp kiểm soát lượng sản phẩm và thao tác chính xác ở vùng mắt. Nên chọn cọ có độ đàn hồi vừa phải để dễ blend màu.
"
"Cách tạo hiệu ứng môi ""petal lips""?","Để tạo hiệu ứng ""petal lips"" (môi cánh hoa) mềm mại, bạn thực hiện theo các bước sau:

1. **Tạo đường viền:** Dùng bút chì kẻ môi, vẽ viền môi tự nhiên, hơi bo tròn ở phần giữa môi trên.
2. **Tô son:** Tô son dưỡng hoặc son kem lì màu nude/hồng nhạt làm base.
3. **Tạo hiệu ứng ombre:** Tô son chính vào giữa môi, đậm dần về phía viền.
4. **Nhấn nhá:** Dùng cọ nhỏ tán nhẹ son ra ngoài viền môi, tạo hiệu ứng mờ ảo như cánh hoa.
5. **Hoàn thiện:** Thoa một lớp son bóng mỏng ở giữa môi để đôi môi căng mọng.
"
"Kỹ thuật ""radiant skin"" tạo da thế nào?","Kỹ thuật ""radiant skin"" (da rạng rỡ) tập trung vào việc tạo hiệu ứng da căng bóng, khỏe mạnh từ bên trong. Các bước chính bao gồm:

1. **Dưỡng ẩm kỹ:** Sử dụng serum, kem dưỡng ẩm phù hợp để cấp nước, làm mềm da.
2. **Che khuyết điểm nhẹ nhàng:** Ưu tiên các sản phẩm che phủ mỏng, tập trung vào vùng cần thiết.
3. **Highlight:** Thêm highlight ở gò má, sống mũi, trán để bắt sáng, tạo chiều sâu.
4. **Sử dụng phấn nước/kem nền có độ glow:** Chọn sản phẩm có thành phần dưỡng ẩm, mang lại hiệu ứng căng bóng tự nhiên.

Mục đích là làm nổi bật kết cấu da tự nhiên thay vì che phủ hoàn toàn.
"
Làm sao chọn kem nền cho da dầu khi chụp ảnh?,"Để chọn kem nền cho da dầu khi chụp ảnh, bạn nên ưu tiên các sản phẩm có kết cấu nhẹ, không gây bí da như kem nền dạng lỏng, mousse hoặc cushion. Chọn loại có ghi ""oil-free"", ""mattifying"" hoặc ""long-lasting"" để kiểm soát dầu tốt, giúp lớp nền bền màu và hạn chế lên ảnh bị bóng dầu. Quan trọng nhất, hãy thử kem nền trên da trước để đảm bảo màu sắc phù hợp và không gây kích ứng.
"
Cách tạo makeup phong cách Celtic cổ đại?,"Để tạo makeup phong cách Celtic cổ đại, bạn cần tập trung vào đôi mắt và da.

1.  **Da:** Sử dụng kem nền sáng màu, đánh nhẹ nhàng để tạo vẻ tự nhiên.
2.  **Mắt:** Vẽ đường kẻ mắt mảnh, sắc sảo bằng eyeliner đen hoặc xám đậm. Có thể thêm chút nhũ vàng hoặc đồng ở khóe mắt.
3.  **Môi:** Sử dụng son màu nude hoặc hồng nhạt.
4.  **Điểm nhấn:** Vẽ họa tiết Celtic đơn giản (hình xoắn ốc, nút thắt) bằng eyeliner trắng hoặc màu sắc tương phản lên má hoặc trán.

Phong cách này nhấn mạnh sự bí ẩn và kết nối với thiên nhiên.
"
Tại sao cần dùng lip liner trước son tint?,"Chào bạn,

Lip liner (son viền môi) rất cần thiết khi dùng son tint vì nhiều lý do:

1.  **Tạo hình môi:** Lip liner giúp bạn định hình lại đường môi, đặc biệt nếu môi không cân đối hoặc muốn tạo hiệu ứng môi dày hơn.
2.  **Ngăn son lem:** Son tint thường dễ bị lem, đặc biệt với những người có thói quen ăn uống. Lip liner tạo lớp nền giúp son bám tốt hơn, hạn chế lem ra ngoài.
3.  **Màu son chuẩn:** Lip liner cùng tông màu với son tint giúp màu son lên chuẩn và bền màu hơn.

Hy vọng điều này hữu ích cho bạn!
"
Làm sao chọn son cho makeup phong cách Bali?,"Để chọn son cho makeup phong cách Bali, bạn nên ưu tiên các màu son tự nhiên, tươi tắn, gợi cảm giác ""glowy"" khỏe khoắn. 

**Bước 1:** Chọn màu nude đào, hồng san hô hoặc cam đất. Những màu này tôn da, phù hợp với không khí nhiệt đới.
**Bước 2:** Chất son nên là bóng (glossy) hoặc lì nhưng có dưỡng ẩm để đôi môi căng mọng, tránh khô ráp.
**Bước 3:** Tránh các màu son quá sẫm màu hoặc quá nổi bật, vì phong cách Bali đề cao vẻ đẹp tự nhiên.
"
Cách khắc phục lớp nền bị oxy hóa?,"Chào bạn, lớp nền bị oxy hóa là tình trạng phổ biến, khiến da trông xỉn màu, không đều màu. Để khắc phục, bạn có thể thử các bước sau:

1. **Tẩy trang kỹ:** Loại bỏ hoàn toàn lớp nền cũ.
2. **Sử dụng toner cân bằng:** Giúp da sạch sâu và chuẩn bị cho các bước tiếp theo.
3. **Dưỡng ẩm:** Cung cấp độ ẩm cho da, giúp lớp nền mới bám tốt hơn.
4. **Sử dụng primer:** Tạo lớp lót giúp khóa màu nền và tăng độ bền.
5. **Chọn nền phù hợp:** Ưu tiên các loại nền có thành phần chống oxy hóa.
"
"Kỹ thuật ""soft halo"" tạo mắt thế nào?","Kỹ thuật ""soft halo"" tạo mắt tập trung vào hiệu ứng đôi mắt sáng, mở rộng và có chiều sâu.

**Các bước thực hiện:**

1.  **Tạo khối sáng:** Dùng phấn nhũ/highlight tán rộng ở giữa bầu mắt, tập trung vào vùng trung tâm.
2.  **Tạo khối tối:** Sử dụng phấn mắt tối hơn tán đều ở góc ngoài và hốc mắt, tạo độ tương phản.
3.  **Phủ nhẹ:** Dùng cọ mềm hòa trộn nhẹ nhàng hai vùng sáng tối, tránh đường viền sắc nét.
4.  **Mascara:** Chuốt mascara cho hàng mi cong và dày để hoàn thiện.

Kỹ thuật này phù hợp với nhiều hình dáng mắt, đặc biệt hiệu quả với mắt một mí hoặc mắt nhỏ.
"
Làm sao chọn cọ cho má hồng dạng lỏng?,"Để chọn cọ má hồng dạng lỏng, bạn nên ưu tiên cọ đầu vát hoặc đầu tròn nhỏ, lông mềm mại (tổng hợp hoặc tự nhiên đều được). Cọ vát giúp tạo khối và đường nét sắc sảo, còn cọ tròn giúp tán đều và tự nhiên hơn. Lông mềm mại giúp sản phẩm lỏng bám đều lên da, tránh gây vệt hoặc làm xước da. Nên chọn cọ có kích thước vừa phải, không quá to để dễ dàng kiểm soát lượng sản phẩm.
"
Cách tạo makeup phong cách Mughal?,"Phong cách trang điểm Mughal lấy cảm hứng từ vẻ đẹp hoàng gia Ấn Độ cổ đại, tập trung vào sự lộng lẫy và tinh tế.

1.  **Nền:** Sử dụng kem nền lì, che khuyết điểm kỹ lưỡng để có làn da hoàn hảo.
2.  **Mắt:** Phủ phấn mắt màu vàng đồng, nâu hoặc đồng trên bầu mắt. Kẻ mắt mèo đậm, sắc sảo.
3.  **Má:** Tạo khối nhẹ nhàng để tôn đường nét khuôn mặt. Đánh má hồng màu hồng đào hoặc cam đất.
4.  **Môi:** Sử dụng son môi màu đỏ ruby hoặc hồng san hô, đánh lòng môi để tạo hiệu ứng mọng.
5.  **Điểm nhấn:** Đính đá lấp lánh nhỏ quanh mắt hoặc trán để tăng thêm vẻ xa hoa."
Tại sao cần dùng setting spray chống nước cho makeup ngoài trời?,"Setting spray chống nước rất cần thiết cho makeup ngoài trời vì nhiều lý do. Đầu tiên, nó giúp khóa lớp trang điểm, ngăn mồ hôi, dầu thừa và độ ẩm làm trôi makeup. Thứ hai, khả năng chống nước giúp bảo vệ lớp trang điểm khỏi mưa nhẹ hoặc các hoạt động đổ mồ hôi. Cuối cùng, setting spray tạo một lớp màng bảo vệ, giúp makeup bền màu và giữ được vẻ tươi tắn suốt cả ngày, đặc biệt khi tiếp xúc với thời tiết khắc nghiệt.
"
Làm sao chọn phấn mắt cho makeup phong cách Sahara?,"Để chọn phấn mắt cho makeup phong cách Sahara, bạn nên ưu tiên các tông màu ấm như cam đất, nâu gạch, vàng đồng và đồng. Bắt đầu với phấn màu cam đất hoặc nâu gạch tán đều lên bầu mắt làm base. Sau đó, dùng màu vàng đồng hoặc đồng nhấn vào hốc mắt và đuôi mắt để tạo chiều sâu. Cuối cùng, có thể thêm chút nhũ vàng hoặc đồng ở giữa bầu mắt để tăng hiệu ứng lấp lánh, gợi nhớ vẻ đẹp sa mạc.
"
"Cách tạo hiệu ứng môi ""glass lips""?","Để tạo hiệu ứng ""glass lips"" (môi thủy tinh) căng bóng, bạn thực hiện các bước sau:

1. **Tẩy tế bào chết & dưỡng ẩm:** Môi mịn màng là nền tảng.
2. **Kẻ viền môi:** Sử dụng bút chì cùng màu hoặc nhạt hơn son.
3. **Son lót:** Giúp son bám tốt và tạo độ căng.
4. **Son màu:** Chọn son kem hoặc son bóng, đánh lớp mỏng.
5. **Son bóng/Gloss:** Thêm một lớp son bóng dày hơn ở giữa môi để tạo hiệu ứng 3D.

Hiệu ứng này nhấn mạnh vào độ ẩm và ánh sáng, giúp môi trông đầy đặn và quyến rũ.
"
Làm sao chọn kem nền cho da có sẹo mụn?,"Chào bạn, để chọn kem nền cho da có sẹo mụn, bạn cần ưu tiên các sản phẩm có khả năng che phủ tốt nhưng vẫn nhẹ nhàng, không gây bí da. 

**Bước 1:** Chọn kem nền có kết cấu lỏng, mỏng nhẹ (liquid hoặc cream) thay vì dạng stick.
**Bước 2:** Ưu tiên các thành phần lành tính, không gây kích ứng.
**Bước 3:** Chọn màu kem nền trùng với tông da hoặc sáng hơn một chút để làm nổi bật vùng da không bị sẹo.
**Bước 4:** Sử dụng cọ hoặc mút để tán đều, tránh làm lộ sẹo.
"
Cách tạo makeup phong cách Inca?,"Phong cách trang điểm Inca tập trung vào sự tự nhiên, khỏe mạnh với đôi mắt sắc sảo và đôi môi đỏ mọng.

**Các bước thực hiện:**

1.  **Da:** Sử dụng kem nền nhẹ nhàng, màu da tự nhiên.
2.  **Mắt:** Vẽ mắt mèo sắc nét bằng eyeliner đen, nhấn nhá bằng phấn mắt màu đất hoặc nâu.
3.  **Má:** Sử dụng phấn má hồng màu đào hoặc cam đất để tạo vẻ khỏe khoắn.
4.  **Môi:** Tô son đỏ tươi hoặc đỏ cam, có thể dùng thêm son bóng để tăng độ mọng.

**Lưu ý:** Người Inca chuộng các màu sắc lấy cảm hứng từ thiên nhiên."
Tại sao cần thử son ở môi thay vì tay?,"Chào bạn, một chuyên gia trang điểm sẽ luôn khuyên bạn thử son trực tiếp lên môi thay vì ở tay. Lý do là vì màu da môi khác biệt so với da tay – môi có sắc hồng tự nhiên và mỏng hơn, ảnh hưởng đến cách màu son hiển thị. Thử trên môi giúp bạn thấy được màu son thực tế sẽ lên màu như thế nào trên đôi môi của mình, từ đó chọn được màu son ưng ý nhất.
"
Làm sao chọn son cho makeup phong cách Provence?,"Để chọn son cho makeup phong cách Provence, bạn nên ưu tiên các màu son tự nhiên, nhẹ nhàng như hồng đào, cam san hô, hoặc màu nude có chút ấm áp. Những màu này sẽ giúp đôi môi trông căng mọng, khỏe khoắn mà vẫn giữ được vẻ thanh lịch, dịu dàng đặc trưng của phong cách Provence. Chất son nên chọn là son dưỡng, son tint hoặc son kem lì nhẹ để tạo cảm giác tự nhiên nhất.
"
Cách làm sạch beauty blender sau khi dùng nền chống nước?,"Chào bạn, việc làm sạch beauty blender sau khi dùng nền chống nước cần kỹ lưỡng để tránh vi khuẩn và đảm bảo độ bền của sản phẩm. Đây là các bước:

1. **Rửa sạch:** Xả beauty blender dưới vòi nước ấm cho đến khi nước trong.
2. **Sử dụng chất tẩy rửa:** Cho một lượng nhỏ dầu tẩy trang hoặc xà phòng dịu nhẹ lên blender, nhẹ nhàng bóp đều.
3. **Xả lại:** Tiếp tục xả sạch cho đến khi không còn bọt.
4. **Làm khô:** Vắt nhẹ, dùng khăn sạch thấm khô và để khô tự nhiên ở nơi thoáng mát.

Việc dùng dầu tẩy trang giúp hòa tan các thành phần chống nước hiệu quả hơn.
"
"Kỹ thuật ""velvet blush"" tạo má hồng ra sao?","Kỹ thuật ""velvet blush"" tạo má hồng tự nhiên, mịn màng như nhung với các bước sau:

1. **Chuẩn bị:** Dưỡng ẩm da trước khi trang điểm.
2. **Thoa kem nền/BB cream:** Giúp má hồng bám tốt hơn.
3. **Chọn phấn má hồng:** Ưu tiên chất kem hoặc phấn mịn, màu sắc tự nhiên.
4. **Tán phấn:** Dùng cọ đầu vát, tán nhẹ nhàng theo hình chữ C từ gò má lên thái dương, tập trung ở vùng sâu nhất của má.
5. **Tán đều:** Đảm bảo không còn đường viền sắc nét, hòa quyện với da.

Kỹ thuật này tạo hiệu ứng má hồng ""từ bên trong"", không bị vón cục.
"
Làm sao chọn mascara cho mi cong tự nhiên?,"Để chọn mascara cho mi cong tự nhiên, bạn nên ưu tiên các loại có công thức nhẹ, không quá dày đặc. Mascara dạng sợi (fiber mascara) giúp tăng độ dài và cong mi hiệu quả. Đầu cọ nhỏ, có thể xoay giúp dễ dàng tiếp cận từng sợi mi, đặc biệt là mi ở góc mắt. Chọn màu đen hoặc nâu phù hợp với màu tóc và da. Quan trọng nhất, hãy thử mascara trước khi mua để đảm bảo không gây vón cục hay khó chịu.
"
Cách tạo makeup phong cách Ottoman?,"Phong cách trang điểm Ottoman tập trung vào vẻ đẹp tự nhiên, làn da khỏe khoắn và đôi mắt sắc sảo.

1.  **Chuẩn bị da:** Dưỡng ẩm kỹ lưỡng để có làn da mịn màng.
2.  **Nền:** Sử dụng kem nền mỏng nhẹ, che khuyết điểm vừa đủ.
3.  **Mắt:** Vẽ mắt mèo sắc nét bằng eyeliner đen, nhấn nhá bằng phấn mắt màu đất hoặc nâu.
4.  **Má:** Phấn má hồng màu đào hoặc hồng san hô, đánh nhẹ nhàng để tạo vẻ ửng hồng tự nhiên.
5.  **Môi:** Son môi màu đỏ trầm hoặc màu nude.

Lưu ý: Người Ottoman xưa coi trọng vẻ đẹp tự nhiên nên lớp trang điểm không quá dày.
"
Tại sao cần dùng primer màu cam cho quầng thâm?,"Primer màu cam là ""vũ khí bí mật"" để che đi quầng thâm mắt hiệu quả. Màu cam là màu đối lập của màu xanh tím (màu sắc thường thấy của quầng thâm). Khi thoa primer cam lên vùng da này, nó sẽ trung hòa sắc tố xanh tím, giúp da sáng hơn và che mờ quầng thâm. Nhờ đó, lớp kem nền sau đó sẽ dễ dàng che phủ hoàn toàn, cho lớp trang điểm tự nhiên và rạng rỡ hơn.
"
Làm sao chọn phấn mắt cho makeup phong cách Navajo?,"Để chọn phấn mắt cho makeup phong cách Navajo, bạn nên ưu tiên các tông màu đất ấm như cam đất, nâu gạch, đồng, và vàng mù tạt. Thêm chút sắc đỏ cam hoặc tím than để tạo chiều sâu. 

**Cách chọn:**

1.  **Màu chủ đạo:** Cam đất hoặc nâu gạch cho bầu mắt.
2.  **Màu nhấn:** Đồng hoặc vàng mù tạt ở hốc mắt và đuôi mắt.
3.  **Màu tối:** Tím than hoặc nâu đậm để làm nổi bật và tạo hình.

Phong cách Navajo lấy cảm hứng từ thiên nhiên, nên màu sắc tự nhiên là yếu tố quan trọng.
"
"Cách tạo hiệu ứng môi ""marble lips""?","Để tạo hiệu ứng môi ""marble lips"" (môi cẩm thạch), bạn cần chuẩn bị son môi base cùng màu da hoặc nhạt hơn, và 2-3 màu son khác đậm hơn.

1.  **Son base:** Tô đều son base lên toàn bộ môi.
2.  **Tạo vân:** Dùng cọ nhỏ hoặc tăm bông, chấm nhẹ các màu son đậm hơn lên môi, tạo thành những đường vân ngẫu nhiên, không đều.
3.  **Nhấn nhá:** Dùng bông tăm hoặc cọ sạch nhẹ nhàng hòa trộn các màu son để tạo hiệu ứng loang lổ tự nhiên như đá cẩm thạch.
"
Làm sao chọn kem nền cho da hỗn hợp khi trời nóng?,"Chào bạn, với da hỗn hợp trong thời tiết nóng, việc chọn kem nền cần cân bằng giữa kiểm soát dầu vùng chữ T và cung cấp độ ẩm cho vùng da còn lại. 

**Bước 1:** Ưu tiên các loại kem nền có kết cấu nhẹ, như lotion, mousse hoặc cushion.
**Bước 2:** Chọn sản phẩm có ghi ""oil-free"", ""mattifying"" hoặc ""long-lasting"".
**Bước 3:** Tìm các thành phần dưỡng ẩm như hyaluronic acid, glycerin để tránh da bị khô.
**Bước 4:** Thử kem nền trên da trước khi mua để đảm bảo màu sắc và độ phù hợp.
"
Cách tạo makeup phong cách Khmer cổ?,"Để tạo makeup phong cách Khmer cổ, bạn cần tập trung vào sự sắc sảo và màu sắc tương phản.

1.  **Nền:** Sử dụng phấn nền tông màu sáng hơn da, tạo hiệu ứng da trắng sứ.
2.  **Mắt:** Vẽ mắt mèo sắc nét, kéo dài đuôi mắt. Sử dụng phấn mắt màu đỏ đậm hoặc cam đất, tán đều.
3.  **Má:** Đánh má hồng màu hồng đào hoặc cam san hô, tạo gò má cao.
4.  **Môi:** Tô son đỏ tươi hoặc đỏ cam, vẽ viền môi rõ ràng.
5.  **Điểm nhấn:** Thêm chút nhũ vàng hoặc bạc ở khóe mắt và gò má để tăng vẻ quyền quý."
Tại sao cần dùng cọ sạch khi blending phấn mắt?,"Chào bạn,

Việc sử dụng cọ sạch khi blending phấn mắt là cực kỳ quan trọng vì một số lý do sau:

1. **Tránh lẫn màu:** Cọ dính màu cũ sẽ làm màu mắt mới bị bẩn, khó lên màu chuẩn và làm màu blending bị ""đục"".
2. **Đảm bảo độ mềm mịn:** Cọ sạch giúp phấn mắt được tán đều, mịn màng, tránh hiện tượng vón cục hoặc tạo đường nét sắc sảo không mong muốn.
3. **Vệ sinh:** Cọ bẩn là môi trường lý tưởng cho vi khuẩn phát triển, có thể gây kích ứng da mắt.

Hãy làm sạch cọ sau mỗi lần sử dụng để có đôi mắt đẹp và an toàn nhé!
"
Làm sao chọn son cho makeup phong cách Tuscany?,"Để chọn son cho makeup phong cách Tuscany, bạn nên ưu tiên các màu son đất, nude, hoặc màu hồng đào nhẹ nhàng. Những tông màu này gợi nhớ đến vẻ đẹp tự nhiên của vùng đất Tuscany, với những cánh đồng hoa và màu đất ấm áp. Chất son nên là matte hoặc satin để tạo cảm giác cổ điển, tinh tế. Tránh các màu son quá nổi bật hoặc bóng bẩy, vì chúng sẽ làm mất đi vẻ đẹp mộc mạc của phong cách này.
"
"Cách tạo hiệu ứng mắt ""twilight eyes""?","Để tạo hiệu ứng ""Twilight Eyes"" (mắt hoàng hôn), bạn cần kết hợp các màu sắc chuyển từ tối đến sáng.

1.  **Phủ** phấn mắt màu tím đậm hoặc nâu sẫm ở đuôi mắt và hốc mắt.
2.  **Tạo** chuyển màu với phấn mắt màu hồng tím hoặc cam đào ở giữa bầu mắt.
3.  **Highlight** vùng đầu mắt và dưới chân mày bằng phấn nhũ màu vàng đồng hoặc trắng ngọc trai.
4.  **Kẻ** eyeliner màu nâu hoặc tím, và **chuốt** mascara để hoàn thiện.

Hiệu ứng này tạo chiều sâu và vẻ lãng mạn cho đôi mắt.
"
"Kỹ thuật ""sculpted glow"" tạo khối thế nào?","Kỹ thuật ""sculpted glow"" tạo khối tập trung vào việc định hình khuôn mặt bằng khối và highlight, nhưng vẫn giữ được vẻ tự nhiên, căng bóng.

**Các bước thực hiện:**

1.  **Tạo khối:** Dùng phấn hoặc kem tạo khối (màu tối hơn da 2-3 tông) đánh dọc theo xương gò má, hai bên thái dương, và đường viền hàm để tạo chiều sâu.
2.  **Highlight:** Áp dụng highlighter (màu sáng) lên gò má, sống mũi, trán, và nhân trung để bắt sáng.
3.  **Blending:** Đánh đều để các vùng khối và highlight hòa quyện, tránh đường nét sắc sảo.

Mục đích là tạo ra hiệu ứng khuôn mặt thon gọn, có góc cạnh nhưng vẫn rạng rỡ, khỏe khoắn.
"
Làm sao chọn cọ cho phấn highlighter dạng lỏng?,"Để chọn cọ highlighter lỏng, bạn nên ưu tiên các loại cọ đầu nhỏ, dáng dẹt hoặc vát xéo. Lông cọ nên mềm mại, tổng hợp (synthetic) để dễ dàng tán đều sản phẩm dạng lỏng mà không bị hấp thụ quá nhiều. Cọ đầu nhỏ giúp bạn kiểm soát lượng sản phẩm và đánh highlight chính xác vào các điểm cao như gò má, sống mũi, nhân trung. Tránh cọ quá to hoặc lông tự nhiên vì sẽ khó kiểm soát và gây lãng phí sản phẩm.
"
Cách tạo makeup phong cách Yoruba?,"Phong cách trang điểm Yoruba tập trung vào đôi mắt sắc sảo và đôi môi nổi bật, thể hiện sự mạnh mẽ và vẻ đẹp truyền thống.

1.  **Nền:** Sử dụng kem nền phù hợp tông da, che khuyết điểm kỹ càng.
2.  **Mắt:** Vẽ mắt mèo đậm, sắc nét với eyeliner đen. Phủ phấn mắt màu vàng đồng hoặc nâu ấm.
3.  **Môi:** Tô son đỏ đậm, sắc nét, có thể dùng chì kẻ môi để định hình.
4.  **Má:** Sử dụng phấn má hồng màu cam đất hoặc nâu đào để tạo đường nét khuôn mặt.
5.  **Hoàn thiện:** Thêm chút highlighter ở gò má và trán."
Tại sao cần thử phấn phủ ở vùng T?,"Vùng T (trán, mũi, cằm) thường bóng dầu hơn các vùng khác trên khuôn mặt do có nhiều tuyến bã nhờn. Thử phấn phủ ở vùng T giúp kiểm soát dầu thừa, làm mịn da và giúp lớp nền bền vững hơn. Việc này ngăn ngừa tình trạng phấn nền bị vón cục, lem luốc do dầu, đồng thời tạo hiệu ứng lớp nền hoàn hảo, tự nhiên hơn. Bạn nên dùng cọ nhỏ để tán phấn phủ nhẹ nhàng lên vùng T.
"
Làm sao chọn phấn mắt cho makeup phong cách Polynesian hiện đại?,"Để chọn phấn mắt cho makeup phong cách Polynesian hiện đại, hãy ưu tiên các tông màu lấy cảm hứng từ thiên nhiên: xanh biển sâu, xanh ngọc lam, nâu đất, vàng đồng và cam san hô. Bạn có thể kết hợp các màu này để tạo hiệu ứng chuyển màu ấn tượng, gợi nhớ đến biển cả và hoàng hôn nhiệt đới. Nên chọn phấn mắt có shimmer hoặc metallic để tăng thêm vẻ lấp lánh, đặc trưng của phong cách Polynesian.
"
"Cách tạo hiệu ứng môi ""frosted lips""?","Để tạo hiệu ứng môi ""frosted lips"" (môi sương giá), bạn cần:

1. **Tạo lớp nền:** Dùng son dưỡng ẩm để môi mềm mịn.
2. **Son kem lì:** Chọn son kem lì màu nude hoặc hồng nhạt, đánh một lớp mỏng.
3. **Phấn nhũ:** Dùng cọ nhỏ, nhẹ nhàng thoa phấn nhũ trắng hoặc bạc lên giữa môi dưới và môi trên.
4. **Hoàn thiện:** Có thể dùng son bóng không màu để tăng độ căng mọng.

Hiệu ứng này tạo cảm giác đôi môi trong veo, lấp lánh như phủ sương.
"
"Kỹ thuật ""blurred glow"" là gì?","Kỹ thuật ""blurred glow"" (tỏa sáng mờ ảo) là xu hướng trang điểm tạo hiệu ứng làn da mịn màng, khỏe khoắn tự nhiên, không phải kiểu bóng bẩy sắc nét. 

**Cách thực hiện:**

1.  **Dưỡng ẩm:** Bước quan trọng nhất!
2.  **Kem nền:** Chọn loại nền nhẹ, ẩm mịn, tán đều.
3.  **Highlight:** Tập trung highlight dạng kem/lỏng ở vùng gò má, sống mũi, trán, cằm, sau đó *nhẹ nhàng* blend ra xung quanh để tạo hiệu ứng tỏa sáng mờ.
4.  **Phấn phủ:** Dùng phấn phủ trong suốt, mỏng nhẹ để khóa lớp nền.

Mục đích là làm mờ các đường nét, cho da ""ngậm"" sáng từ bên trong.
"
Làm sao chọn kem nền cho da có tàn nhang?,"Để chọn kem nền cho da có tàn nhang, bạn nên ưu tiên các sản phẩm có khả năng che phủ vừa phải đến tốt, nhưng vẫn giữ được vẻ tự nhiên của da.

**Bước 1:** Chọn kem nền có tông màu ấm, vàng hoặc trung tính để trung hòa sắc tố nâu của tàn nhang.
**Bước 2:** Ưu tiên chất kem lỏng hoặc kem mousse, dễ tán đều và không gây nặng mặt.
**Bước 3:** Thử kem nền lên vùng da có tàn nhang để đảm bảo màu sắc hòa hợp và không làm tàn nhang trở nên nổi bật hơn.
"
Cách tạo makeup phong cách Aztec?,"Để tạo makeup phong cách Aztec, bạn cần tập trung vào đường nét sắc sảo và màu sắc đậm.

1.  **Phủ nền:** Sử dụng kem nền lì, che phủ hoàn toàn.
2.  **Mắt:** Vẽ đường kẻ mắt mèo dày, sắc nét bằng eyeliner đen. Thêm các họa tiết hình học Aztec (tam giác, đường thẳng, hình thoi) quanh mắt bằng eyeliner trắng hoặc màu sắc nổi bật như xanh dương, đỏ.
3.  **Má:** Tạo khối xương má cao, rõ nét.
4.  **Môi:** Sử dụng son môi đậm như đỏ thẫm hoặc burgundy.
5.  **Hoàn thiện:** Có thể thêm các chấm hoặc đường kẻ nhỏ trên trán và gò má để tăng tính Aztec."
Tại sao cần dùng lip balm trước son lì?,"Chào bạn,

Son lì thường có xu hướng làm khô môi vì thành phần của chúng ít dưỡng ẩm. Do đó, việc sử dụng lip balm trước khi đánh son lì là rất cần thiết. 

**Các bước thực hiện:**

1.  **Dưỡng ẩm:** Thoa một lớp lip balm mỏng lên môi và để khoảng 5-10 phút để son thấm vào da.
2.  **Loại bỏ dư thừa:** Dùng khăn giấy nhẹ nhàng thấm bớt lớp balm thừa.
3.  **Đánh son:** Tiếp tục đánh son lì như bình thường.

Việc này giúp môi mềm mại, tránh tình trạng bong tróc và giúp son lên màu chuẩn hơn, bền màu hơn.
"
"Kỹ thuật ""galactic glow"" là gì?","""Galactic glow"" là kỹ thuật trang điểm tạo hiệu ứng da phát sáng từ bên trong, như dải ngân hà. Đầu tiên, dưỡng ẩm kỹ lưỡng. Sau đó, dùng kem nền mỏng nhẹ, tập trung vào trung tâm khuôn mặt. Tiếp theo, thoa highlighter dạng lỏng hoặc kem lên gò má, sống mũi, trán và nhân trung. Cuối cùng, dùng cọ tán đều để highlighter hòa quyện với da, tạo độ glow tự nhiên, không bị vón cục. Kỹ thuật này giúp khuôn mặt trông tươi tắn, có chiều sâu và bắt sáng tốt.
"
Làm sao chọn son cho makeup phong cách Andalusia?,"Phong cách Andalusia (Tây Ban Nha) gợi cảm hứng từ sự quyến rũ, đam mê và vẻ đẹp tự nhiên. Để chọn son phù hợp, hãy ưu tiên các màu sắc đậm, gợi cảm như đỏ tươi, đỏ cherry, hoặc hồng đất. 

**Bước 1:** Chọn màu son ấm áp, phù hợp với tông da.
**Bước 2:** Chất son nên là lì hoặc bán lì để tạo sự sang trọng, bền màu.
**Bước 3:** Có thể kết hợp thêm chút son bóng ở lòng môi để tăng độ gợi cảm.

Lý do: Màu son đậm sẽ làm nổi bật đôi môi, tạo điểm nhấn cho phong cách Andalusia đầy mê hoặc.
"
Cách làm sạch cọ sau khi dùng glitter?,"Chào bạn, việc làm sạch cọ sau khi dùng glitter rất quan trọng để đảm bảo vệ sinh và kéo dài tuổi thọ cọ. Đây là các bước thực hiện:

1. **Loại bỏ glitter thừa:** Gõ nhẹ cọ xuống bề mặt mềm hoặc dùng nhíp gắp bỏ glitter lớn.
2. **Rửa cọ:** Dùng nước ấm và dầu rửa cọ chuyên dụng (hoặc dầu dừa) nhẹ nhàng xoa đều.
3. **Xả sạch:** Rửa kỹ dưới vòi nước ấm cho đến khi hết bọt và glitter.
4. **Làm khô:** Vắt nhẹ nước, dùng khăn sạch thấm và phơi khô tự nhiên, lông cọ hướng xuống dưới.

Việc dùng dầu giúp hòa tan glitter, tránh làm hỏng lông cọ.
"
"Kỹ thuật ""feathered eyeliner"" là gì?","Kỹ thuật ""feathered eyeliner"" (kẻ mắt lông vũ) là xu hướng trang điểm mắt tạo hiệu ứng đường kẻ mắt mềm mại, mờ dần như lông vũ. Thay vì đường kẻ sắc nét, bạn dùng cọ nhỏ hoặc tăm bông tán nhẹ phần đuôi mắt ra ngoài, tạo độ loang nhẹ. 

**Cách thực hiện:** Kẻ eyeliner như bình thường, sau đó dùng cọ đầu vát hoặc tăm bông làm sạch, nhẹ nhàng tán phần đuôi mắt ra ngoài theo hướng lên trên. Kỹ thuật này giúp đôi mắt trông to tròn, tự nhiên và có chiều sâu hơn.
"
Làm sao chọn mascara cho makeup phong cách phim giả tưởng?,"Để chọn mascara cho makeup phong cách phim giả tưởng, bạn nên ưu tiên các loại mascara có khả năng tạo hiệu ứng dày và dài mi ấn tượng. Mascara màu đen đậm hoặc xanh navy/tím than sẽ tăng thêm vẻ huyền bí. 

**Bước 1:** Chọn công thức chống thấm nước để giữ mi cong vút suốt buổi tiệc. **Bước 2:** Sử dụng mascara có chứa sợi fiber để tăng độ dày mi rõ rệt. **Bước 3:** Chải kỹ từ chân mi đến ngọn, có thể chải nhiều lớp để đạt hiệu ứng mong muốn.
"
Cách tạo makeup phong cách Maasai?,"Phong cách trang điểm Maasai lấy cảm hứng từ bộ tộc Maasai ở Kenya và Tanzania, nổi bật với màu sắc đậm và họa tiết độc đáo.

1.  **Da:** Sử dụng kem nền lì, màu trung tính hoặc hơi tối.
2.  **Mắt:** Vẽ đường kẻ mắt đen dày, sắc sảo. Thêm màu đỏ, cam hoặc vàng lên bầu mắt, tập trung vào hốc mắt.
3.  **Má:** Sử dụng phấn má hồng màu đỏ gạch hoặc cam đất, đánh cao và kéo về phía thái dương.
4.  **Môi:** Tô son đỏ đậm hoặc màu đất.
5.  **Hoạ tiết:** Vẽ các họa tiết hình học màu trắng hoặc đen lên má, trán, cằm bằng eyeliner hoặc phấn mắt.
"
Tại sao cần dùng primer màu hồng cho da xỉn?,"Primer màu hồng là ""cứu tinh"" cho da xỉn màu vì nó chứa các sắc tố hồng đào, giúp trung hòa các vùng da bị ửng xanh hoặc xám xịt. Khi thoa lên da, primer hồng sẽ làm sáng tông da, tạo hiệu ứng da khỏe khoắn, rạng rỡ hơn. Đồng thời, nó còn giúp lớp nền sau đó bám tốt hơn, che phủ đều màu và bền màu hơn, đặc biệt với những người da nhợt nhạt hoặc thiếu sức sống.
"
Làm sao chọn phấn mắt cho makeup phong cách Silk Road?,"Để chọn phấn mắt cho phong cách Silk Road, bạn nên ưu tiên các tông màu ấm áp lấy cảm hứng từ sa mạc và gia vị. Bắt đầu với phấn mắt màu nâu đất hoặc cam đất làm base. Sau đó, thêm các màu đồng, vàng gold hoặc đỏ gạch để tạo chiều sâu. Đừng quên một chút phấn mắt màu tím plum hoặc xanh rêu để tăng thêm vẻ bí ẩn, gợi nhớ đến lụa và đá quý trên Con đường Tơ lụa.
"
"Cách tạo hiệu ứng môi ""blooming lips""?","Để tạo hiệu ứng ""blooming lips"" (môi căng mọng tự nhiên), bạn thực hiện theo các bước sau:

1. **Tẩy tế bào chết:** Loại bỏ da chết giúp môi mềm mịn.
2. **Dưỡng ẩm:** Sử dụng son dưỡng để môi đủ ẩm, làm đầy rãnh môi.
3. **Kẻ viền môi:** Kẻ nhẹ rộng hơn một chút đường viền tự nhiên.
4. **Tô son:** Chọn son màu nude hoặc hồng đào, đánh đều.
5. **Highlight:** Thoa highlight ở lòng môi để tạo hiệu ứng căng mọng.
"
"Kỹ thuật ""ethereal blush"" là gì?","Kỹ thuật ""ethereal blush"" (phấn má hồng siêu thực) là xu hướng trang điểm má hồng đang được yêu thích, tạo hiệu ứng ửng hồng tự nhiên, trong trẻo như sương sớm. 

**Cách thực hiện:**
1.  **Chọn phấn má hồng:** Ưu tiên các tông màu hồng đào, baby pink hoặc cam san hô.
2.  **Đánh phấn:** Bắt đầu từ vùng gò má, tán nhẹ nhàng lên thái dương và sống mũi, tạo cảm giác làn da đang ""tỏa sáng"".
3.  **Tán đều:** Dùng cọ mềm mại để tán đều, tránh đường viền sắc nét.

Kỹ thuật này giúp khuôn mặt trông tươi tắn, trẻ trung và có chiều sâu.
"
Làm sao chọn kem nền cho da có vết thâm mụn?,"Để chọn kem nền cho da có vết thâm mụn, bạn nên ưu tiên các sản phẩm có khả năng che phủ tốt, nhưng vẫn giữ được vẻ tự nhiên. Hãy chọn kem nền có kết cấu lỏng nhẹ, không gây bí da, và chứa các thành phần làm dịu da như lô hội hoặc trà xanh. 

Quan trọng nhất là chọn màu kem nền trùng với tông da, hoặc sáng hơn một chút để che phủ vết thâm hiệu quả. Nên thử kem nền lên vùng da cổ để đảm bảo màu sắc phù hợp nhất.
"
Cách tạo makeup phong cách Minoan?,"Phong cách trang điểm Minoan (văn minh Crete cổ đại) tập trung vào sự tự nhiên và đôi mắt to tròn.

1.  **Da:** Sử dụng phấn nền sáng màu, gần với màu da tự nhiên.
2.  **Mắt:** Vẽ mắt to tròn bằng chì đen hoặc than, có thể kéo dài phần đuôi mắt.
3.  **Má:** Sử dụng phấn má hồng đào nhẹ nhàng.
4.  **Môi:** Tô son môi đỏ tươi hoặc màu san hô.
5.  **Điểm nhấn:** Vẽ một chấm nhỏ màu trắng ở trung tâm trán.

Phong cách này nhấn mạnh vẻ đẹp thanh tú, trẻ trung và khỏe mạnh.
"
Tại sao cần thử eyeliner ở mu bàn tay?,"Chào bạn,

Việc thử eyeliner ở mu bàn tay trước khi đánh lên mắt là một bước quan trọng. Da ở mu bàn tay có độ căng và màu sắc tương đồng với bầu mắt, giúp bạn dễ dàng kiểm tra màu sắc thực tế của eyeliner, độ đậm nhạt và khả năng lên màu. Đồng thời, bạn có thể làm quen với đầu cọ và dễ dàng điều chỉnh lực tay để có đường kẻ được như ý muốn, tránh gây khó chịu hay lem khi đánh lên mắt.
"
"Kỹ thuật ""nebula eyes"" là gì?","Nebula eyes (mắt ngân hà) là kỹ thuật trang điểm mắt lấy cảm hứng từ hình ảnh vũ trụ, tạo hiệu ứng màu sắc chuyển động mềm mại như dải ngân hà. 

**Cách thực hiện:**

1.  **Chuẩn bị:** Phấn mắt tối màu (đen, xám đậm), phấn mắt màu tím, hồng, xanh dương, nhũ lấp lánh.
2.  **Tạo nền:** Đánh phấn mắt tối màu ở hốc mắt.
3.  **Xây dựng ngân hà:** Dùng cọ nhỏ, blend các màu tím, hồng, xanh dương lên trên nền tối, tập trung ở giữa mí mắt và đuôi mắt.
4.  **Thêm nhũ:** Rắc nhũ lấp lánh để tạo hiệu ứng sao.
5.  **Hoàn thiện:** Blend nhẹ nhàng để các màu hòa quyện."
Làm sao chọn son cho makeup phong cách Savannah?,"Để chọn son cho makeup phong cách Savannah (tự nhiên, phóng khoáng), bạn nên ưu tiên các màu son nude, hồng đào, cam đất hoặc đỏ gạch. Những màu này tôn lên vẻ đẹp khỏe khoắn, làn da rám nắng đặc trưng của phong cách này. 

**Bước 1:** Chọn chất son lì hoặc bán lì để giữ màu lâu và tạo hiệu ứng tự nhiên.
**Bước 2:** Thử son trên da tay hoặc môi để đảm bảo màu son hài hòa với tông da của bạn.
**Bước 3:** Đừng ngại mix các màu son để tạo ra màu sắc độc đáo, phù hợp với cá tính của bạn.
"
Cách làm sạch beauty blender sau khi dùng bronzer kem?,"Chào bạn, việc làm sạch beauty blender sau khi dùng bronzer kem rất quan trọng để đảm bảo vệ sinh và tuổi thọ của sản phẩm. Đây là các bước thực hiện:

1. **Rửa sạch:** Xả beauty blender dưới nước ấm, bóp nhẹ nhàng để loại bỏ bớt bronzer.
2. **Sử dụng chất tẩy rửa:** Cho một lượng nhỏ dầu tẩy trang hoặc xà phòng chuyên dụng cho cọ/beauty blender lên, xoa đều và bóp nhẹ nhàng.
3. **Xả sạch:** Rửa lại bằng nước ấm cho đến khi không còn bọt.
4. **Làm khô:** Vắt nhẹ, dùng khăn sạch thấm khô và để khô tự nhiên ở nơi thoáng mát.

Việc dùng dầu tẩy trang giúp hòa tan dầu trong bronzer kem, làm sạch sâu hơn.
"
"Kỹ thuật ""scattered blush"" là gì?","Kỹ thuật ""scattered blush"" (phủ má hồng rải rác) là xu hướng trang điểm tạo hiệu ứng má ửng hồng tự nhiên, như vừa vận động hoặc sau khi thức dậy. Thay vì tập trung má hồng lên gò má, bạn đánh nhẹ nhàng, rải rác lên vùng mũi, gò má và thái dương. 

**Cách thực hiện:**
1. Cười nhẹ để xác định gò má.
2. Dùng cọ mềm đánh má hồng lên các vị trí trên.
3. Tán đều để màu hòa quyện tự nhiên, tránh đường viền sắc nét.

Kỹ thuật này giúp khuôn mặt trẻ trung, tươi tắn và sống động hơn.
"
Làm sao chọn mascara cho mi dài nhưng mỏng?,"Để chọn mascara cho mi dài nhưng mỏng, bạn nên ưu tiên các loại có công thức chứa sợi fiber hoặc sáp ong. Những thành phần này giúp tăng độ dày cho mi, tạo cảm giác đầy đặn hơn. Chọn lược chải nhỏ, thưa để dễ dàng len lỏi và phủ đều mascara lên từng sợi mi. Tránh các loại mascara quá ướt vì có thể làm mi bị nặng và cụp xuống.
"
Cách tạo makeup phong cách Etruscan?,"Phong cách trang điểm Etruscan lấy cảm hứng từ vẻ đẹp cổ điển, tập trung vào làn da sáng, đôi mắt sắc sảo và đôi môi đầy đặn.

1.  **Chuẩn bị da:** Dưỡng ẩm kỹ lưỡng để có làn da mịn màng.
2.  **Nền:** Sử dụng kem nền sáng màu, đánh nhẹ nhàng để tạo vẻ tự nhiên.
3.  **Mắt:** Vẽ mắt mèo sắc nét bằng eyeliner đen, nhấn nhá với phấn mắt màu đất hoặc đồng.
4.  **Má:** Sử dụng phấn má hồng màu đào hoặc hồng san hô để tạo vẻ ửng hồng tự nhiên.
5.  **Môi:** Tô son đỏ đậm hoặc màu mận chín để tạo điểm nhấn quyến rũ."
Tại sao cần dùng setting powder trước phấn mắt nhũ?,"Chào bạn,

Việc sử dụng setting powder (phấn khóa nền) trước khi đánh phấn mắt nhũ là một bước quan trọng để đảm bảo lớp trang điểm mắt hoàn hảo. Setting powder giúp:

1. **Tạo bề mặt bám dính:** Hút dầu, làm mịn da, giúp phấn mắt nhũ bám tốt hơn, không bị vón cục.
2. **Tăng độ bám dính và lên màu:** Phấn nhũ thường dễ bị rơi rụng, phấn khóa nền sẽ giữ phấn mắt lâu trôi và lên màu chuẩn hơn.
3. **Ngăn ngừa hiện tượng lem:** Giảm thiểu tình trạng phấn nhũ bị lem xuống hốc mắt hoặc gây bẩn cho các vùng trang điểm khác.
"
Làm sao chọn phấn mắt cho makeup phong cách Himalayan?,"Để chọn phấn mắt cho makeup phong cách Himalayan, bạn nên ưu tiên các tông màu đất, ấm áp như nâu, cam đất, đồng, và chút ánh kim. Bắt đầu với phấn nâu nhạt tán đều bầu mắt làm base. Sau đó, dùng cam đất hoặc đồng nhấn vào hốc mắt để tạo chiều sâu. Cuối cùng, điểm một chút ánh kim ở khóe mắt để tăng sự lấp lánh, gợi nhớ vẻ đẹp huyền bí của dãy Himalaya.
"
"Cách tạo hiệu ứng môi ""stained glass lips""?","Để tạo hiệu ứng ""stained glass lips"" (môi kính màu), bạn cần:

1. **Tạo lớp nền:** Dùng son kem lì màu nude hoặc trùng màu da làm base.
2. **Chọn son:** Sử dụng son bóng hoặc son tint nhiều màu sắc (đỏ, hồng, cam...).
3. **Tạo hiệu ứng:** Thoa chồng các màu son lên môi, tập trung ở giữa và loang nhẹ ra ngoài. Dùng cọ nhỏ hoặc tăm bông để tạo vân màu ngẫu nhiên, giống như kính màu.
4. **Hoàn thiện:** Thêm chút son bóng không màu ở giữa môi để tăng độ căng mọng.

Hiệu ứng này tạo cảm giác đôi môi trong suốt, nhiều màu sắc và độc đáo.
"
"Kỹ thuật ""dreamy glow"" là gì?","Kỹ thuật ""dreamy glow"" là xu hướng trang điểm tạo hiệu ứng làn da căng bóng, khỏe mạnh tự nhiên như sương mai. 

**Các bước thực hiện:**

1.  **Dưỡng ẩm kỹ:** Đây là bước quan trọng nhất, giúp da ngậm nước.
2.  **Sử dụng kem nền/BB cream mỏng nhẹ:** Chọn loại có độ che phủ thấp, tập trung vào làm đều màu da.
3.  **Highlight dạng lỏng/kem:** Thoa lên các điểm cao như gò má, sống mũi, trán, nhân trung.
4.  **Phấn highlight:** Tăng cường độ bóng bằng phấn highlight.

**Lý do:** Kỹ thuật này tập trung vào việc phản xạ ánh sáng, tạo cảm giác da sáng mịn, khỏe khoắn.
"
Làm sao chọn kem nền cho da có mẩn đỏ?,"Để chọn kem nền cho da mẩn đỏ, bạn nên ưu tiên các sản phẩm có khả năng che phủ tốt, nhưng vẫn giữ được vẻ tự nhiên. Hãy tìm các loại kem nền có tông màu vàng hoặc xanh lá cây để trung hòa sắc đỏ của da. Chất kem nên là dạng lỏng hoặc kem nhẹ, tránh các sản phẩm quá đặc gây bí bách. Quan trọng nhất, hãy thử kem nền trên da trước khi mua để đảm bảo màu sắc phù hợp và không gây kích ứng.
"
Cách tạo makeup phong cách Assyrian?,"Phong cách trang điểm Assyrian cổ đại tập trung vào đôi mắt sắc sảo và làn da trắng sáng.

1.  **Nền:** Sử dụng phấn nền sáng màu để làm nổi bật làn da.
2.  **Mắt:** Vẽ đường kẻ mắt đen dày, kéo dài vượt quá đuôi mắt. Sử dụng phấn mắt đen hoặc xám đậm để tạo chiều sâu.
3.  **Môi:** Tô son môi đỏ đậm hoặc màu burgundy.
4.  **Má:** Sử dụng phấn má hồng nhẹ nhàng để tạo vẻ tự nhiên.

Lưu ý: Người Assyrian cổ đại thường sử dụng kohl (bột chì) để trang điểm mắt, giúp bảo vệ mắt khỏi ánh nắng và xua đuổi tà ma."
Tại sao cần dùng cọ nhỏ cho concealer vùng mũi?,"Sử dụng cọ nhỏ cho concealer vùng mũi là rất cần thiết vì một vài lý do. Đầu tiên, vùng mũi thường có khuyết điểm nhỏ như mụn đầu đen, vết đỏ hoặc lỗ chân lông to, cọ nhỏ giúp che phủ chính xác những vùng này. Thứ hai, cọ nhỏ kiểm soát lượng sản phẩm tốt hơn, tránh gây dày phấn và tạo vẻ tự nhiên. Cuối cùng, cọ nhỏ giúp concealer hòa quyện tốt với da, không bị vón cục hay lộ vân makeup.
"
Làm sao chọn son cho makeup phong cách Patagonia?,"Phong cách Patagonia trong trang điểm tập trung vào vẻ đẹp tự nhiên, khỏe khoắn, nên son môi cũng cần thể hiện điều đó. Hãy chọn các màu son nude, hồng đào, hoặc cam đất – những tông màu gần với màu môi tự nhiên. Chất son nên là matte hoặc satin để tạo cảm giác khô thoáng, tự nhiên, tránh bóng bẩy quá mức. Ưu tiên các công thức dưỡng ẩm để môi không bị khô ráp trong điều kiện thời tiết lạnh.
"
"Cách tạo hiệu ứng mắt ""prism eyes""?","Để tạo hiệu ứng ""prism eyes"" (mắt lăng kính) đầy mê hoặc, bạn cần:

1. **Phủ phấn mắt:** Chọn 3-4 màu mắt với tông màu tương đồng (ví dụ: hồng, cam, vàng). Phủ màu sáng nhất ở hốc mắt trong, màu trung bình ở giữa và màu đậm nhất ở góc ngoài.
2. **Nhũ:** Thêm nhũ lấp lánh lên trên màu mắt sáng nhất để tạo hiệu ứng lấp lánh như lăng kính.
3. **Blending:** Nhấn nhá kỹ để các màu hòa quyện vào nhau một cách mượt mà, không bị vạch rõ.
4. **Mascara:** Chuốt mascara để hoàn thiện.

Hiệu ứng này tạo chiều sâu và sự nổi bật cho đôi mắt.
"
"Kỹ thuật ""flushed glow"" là gì?","Kỹ thuật ""flushed glow"" (tông da ửng hồng tự nhiên) là xu hướng trang điểm tạo hiệu ứng làn da khỏe mạnh, căng bóng như vừa sau khi tập thể dục hoặc sau khi thức dậy. 

**Cách thực hiện:**

1.  **Tập trung vào má:** Sử dụng phấn má hồng kem hoặc lỏng màu hồng đào, cam san hô, thoa lên vùng gò má cao nhất, hòa trộn nhẹ lên thái dương và sống mũi.
2.  **Son môi:** Chọn son bóng hoặc son tint màu tương đồng với phấn má.
3.  **Highlight:** Thêm một chút highlight dạng kem ở gò má, sống mũi và nhân trung để tăng độ căng bóng.

Kỹ thuật này giúp khuôn mặt trông tươi tắn, trẻ trung và tràn đầy sức sống.
"
Làm sao chọn cọ cho phấn mắt nhũ dạng lỏng?,"Để chọn cọ phù hợp với phấn mắt nhũ dạng lỏng, bạn nên ưu tiên cọ đầu bằng, nhỏ và dẹt. Chất liệu lông cọ nên là tổng hợp (synthetic) vì chúng không bị hút phấn, dễ làm sạch và phù hợp với chất lỏng. Cọ đầu bằng giúp bạn dễ dàng tán đều phấn lên bầu mắt, đặc biệt là những vùng khó tiếp cận như khóe mắt. Kích thước nhỏ giúp kiểm soát lượng phấn tốt hơn, tránh tình trạng lem hoặc vón cục.
"
Cách tạo makeup phong cách Bedouin?,"Phong cách Bedouin lấy cảm hứng từ vẻ đẹp khắc nghiệt của sa mạc, tập trung vào đôi mắt mạnh mẽ và làn da khỏe khoắn.

1.  **Da:** Sử dụng kem nền lì, che khuyết điểm kỹ và phủ một lớp phấn bronzer để tạo vẻ rám nắng tự nhiên.
2.  **Mắt:** Vẽ eyeliner đen đậm, kéo dài và sắc sảo ở cả mí trên và mí dưới. Có thể sử dụng phấn mắt màu đồng hoặc nâu đất để tăng chiều sâu.
3.  **Má & Môi:** Sử dụng phấn má hồng màu đào hoặc cam đất. Môi tô son nude hoặc màu đất.
"
Tại sao cần thử phấn mắt ở nếp mí?,"Chào bạn,

Việc thử phấn mắt ở nếp mí là bước quan trọng để đảm bảo màu phấn lên chuẩn và đẹp nhất trên mắt bạn. Nếp mí là vị trí phấn mắt sẽ bị gập khi bạn mở mắt, nên thử ở đây giúp bạn đánh giá được:

1.  **Độ bám màu:** Xem phấn có bị lem, vón cục hay không.
2.  **Màu sắc thực tế:** Màu phấn có bị thay đổi khi gập mí hay không.
3.  **Độ phù hợp:** Màu sắc có hài hòa với màu da và kiểu trang điểm không.

Thử ở nếp mí giúp bạn tránh tình trạng ""màu trên swatch khác, màu lên mắt khác"" và có được đôi mắt hoàn hảo nhất.
"
Làm sao chọn son cho makeup phong cách Arctic?,"Để chọn son cho makeup phong cách Arctic (Bắc Cực), bạn nên ưu tiên các tông màu lạnh và trầm. Các lựa chọn lý tưởng bao gồm:

1.  **Hồng đất:** Tạo vẻ đẹp tự nhiên, hơi ửng hồng như đôi môi bị lạnh.
2.  **Nâu đào:** Mang đến sự ấm áp nhẹ nhàng, cân bằng với tông da lạnh.
3.  **Tím berry:** Thêm chút bí ẩn và cá tính, gợi nhớ sắc màu của quả mọng Bắc Cực.

Chất son nên là matte hoặc satin để tạo hiệu ứng lì mịn, phù hợp với vẻ đẹp tinh tế của phong cách này.
"
"Cách tạo hiệu ứng môi ""jewel lips""?","Để tạo hiệu ứng ""jewel lips"" (môi ngọc quý), bạn cần chuẩn bị son kem lì, son bóng và phấn nhũ.

1.  **Tạo lớp nền:** Tô son kem lì màu đậm, sắc nét (đỏ ruby, tím amethyst...).
2.  **Thêm độ bóng:** Phủ một lớp son bóng trong suốt hoặc cùng tông màu lên trên.
3.  **Điểm nhấn lấp lánh:** Dùng cọ nhỏ, thoa phấn nhũ mịn ở giữa môi trên và dưới để tạo hiệu ứng ""ngọc quý"" bắt sáng.

Hiệu ứng này giúp môi trông đầy đặn, quyến rũ và nổi bật.
"
"Kỹ thuật ""crystal glow"" là gì?","Kỹ thuật ""crystal glow"" (tỏa sáng như pha lê) là xu hướng trang điểm tập trung vào việc tạo hiệu ứng da trong suốt, căng bóng tự nhiên, như được chiếu sáng từ bên trong. 

**Các bước thực hiện:**

1.  **Dưỡng ẩm kỹ:** Đây là bước quan trọng nhất.
2.  **Sử dụng kem nền mỏng nhẹ:** Ưu tiên các sản phẩm có độ che phủ thấp hoặc BB cream.
3.  **Highlight ở các điểm cao:** Gò má, sống mũi, nhân trung, khóe mắt để bắt sáng.
4.  **Sử dụng phấn bắt sáng dạng lỏng hoặc kem:** Giúp hiệu ứng glow tự nhiên hơn.

Kỹ thuật này giúp khuôn mặt trông tươi tắn, khỏe mạnh và rạng rỡ.
"
Làm sao chọn kem nền cho da có lỗ chân lông to khi trời lạnh?,"Chào bạn, với da lỗ chân lông to và thời tiết lạnh, việc chọn kem nền cần lưu ý:

1. **Chọn chất kem lỏng nhẹ:** Tránh kem đặc gây bí lỗ chân lông.
2. **Ưu tiên thành phần dưỡng ẩm:** Hyaluronic acid, glycerin giúp da mềm mại, giảm hiện tượng khô căng làm lỗ chân lông trông to hơn.
3. **Tìm kem nền có silicone:** Silicone giúp lấp đầy lỗ chân lông tạm thời, tạo bề mặt mịn màng.
4. **Thử kem trước khi mua:** Đảm bảo kem nền không gây bí bách, lên da tự nhiên.
"
Cách tạo makeup phong cách Shona?,"Phong cách trang điểm Shona (từ bộ phim ""Euphoria"") tập trung vào sự sáng tạo và nổi bật.

1.  **Da:** Chuẩn bị da mịn màng với kem nền và che khuyết điểm.
2.  **Mắt:** Sử dụng phấn mắt lấp lánh, màu sắc táo bạo (hồng, tím, xanh dương). Vẽ eyeliner graphic, có thể là hình cánh bướm, đường nét góc cạnh.
3.  **Gương mặt:** Đánh khối và highlight để tạo đường nét sắc sảo.
4.  **Son môi:** Chọn son bóng hoặc son kem màu nổi bật.
5.  **Điểm nhấn:** Thêm đá lấp lánh, nhũ hoặc sticker lên mặt để tăng tính nghệ thuật.
"
Tại sao cần dùng lip primer cho son nhũ?,"Chào bạn,

Lip primer rất cần thiết khi dùng son nhũ vì một số lý do sau:

1. **Làm mịn bề mặt môi:** Son nhũ có xu hướng bám vào các rãnh môi, làm lộ rõ khuyết điểm. Lip primer giúp lấp đầy các rãnh này, tạo bề mặt mịn màng.
2. **Tăng độ bám dính:** Son nhũ thường dễ lem, trôi. Primer tạo lớp nền giúp son bám chặt hơn, giữ màu lâu hơn.
3. **Làm nổi bật màu son:** Primer giúp màu son nhũ lên chuẩn và rực rỡ hơn.

Nói tóm lại, lip primer giúp son nhũ lên màu đẹp, bền và hạn chế tình trạng lem trôi.
"
"Kỹ thuật ""mystic eyes"" là gì?","Kỹ thuật ""Mystic Eyes"" (mắt huyền bí) là xu hướng trang điểm mắt tập trung vào việc tạo chiều sâu và vẻ bí ẩn cho đôi mắt. 

**Các bước thực hiện:**

1.  **Tạo khối:** Sử dụng phấn mắt tối (nâu, xám) để tạo khối hốc mắt, tập trung vào đuôi mắt và hốc mắt.
2.  **Highlight:** Đánh highlight ở bọng mắt và khóe mắt trong để tạo hiệu ứng mắt to và long lanh.
3.  **Kẻ mắt:** Kẻ mắt mèo nhẹ nhàng, không quá sắc sảo.
4.  **Mascara:** Chải mascara cho cả mi trên và mi dưới để tăng độ dày và dài mi.

Kỹ thuật này giúp đôi mắt trông sâu thẳm, cuốn hút và có phần bí ẩn.
"
Làm sao chọn son cho makeup phong cách Outback?,"Để chọn son cho makeup phong cách Outback (tự nhiên, phóng khoáng), bạn nên ưu tiên các màu nude, cam đất, hồng đất hoặc màu berry trầm. Những màu này mô phỏng sắc độ môi tự nhiên, phù hợp với tông da rám nắng thường thấy trong phong cách này. Chất son nên là matte hoặc satin để tạo hiệu ứng khô ráo, tự nhiên, tránh bóng bẩy quá mức. Tránh các màu son quá nổi bật như đỏ tươi hay hồng neon nhé!
"
Cách làm sạch cọ sau khi dùng phấn mắt neon?,"Chào bạn,

Phấn mắt neon thường khó làm sạch vì chứa nhiều bột màu và chất bám. Đây là cách mình thường làm:

1. **Loại bỏ phấn thừa:** Gõ nhẹ cọ lên mặt sau tay hoặc khăn giấy sạch.
2. **Dùng dung dịch chuyên dụng:** Xịt dung dịch làm sạch cọ (brush cleanser) lên cọ, massage nhẹ nhàng để hòa tan phấn.
3. **Rửa sạch:** Rửa cọ dưới nước ấm (không nóng) cho đến khi nước trong.
4. **Làm khô:** Vắt nhẹ nước, dùng khăn sạch thấm bớt rồi để khô tự nhiên, đầu cọ hướng xuống dưới.

Việc vệ sinh cọ thường xuyên giúp cọ bền đẹp và tránh lây lan vi khuẩn.
"
"Kỹ thuật ""rose glow"" là gì?","Kỹ thuật ""rose glow"" là xu hướng trang điểm tạo hiệu ứng ửng hồng tự nhiên, khỏe khoắn như làn da đang ""nở rộ"" như hoa hồng. 

**Cách thực hiện:**

1.  **Dưỡng ẩm:** Da cần đủ ẩm để lớp makeup bám tốt và glow đẹp.
2.  **Highlight:** Tập trung highlight ở gò má cao, sống mũi, nhân trung, và khóe mắt.
3.  **Blush:** Chọn phấn má hồng tone hồng đào hoặc cam đào, đánh theo hình chữ C từ gò má lên thái dương.
4.  **Hoàn thiện:** Xịt xịt khóa makeup để các lớp sản phẩm hòa quyện, tạo hiệu ứng glow tự nhiên.

Kỹ thuật này phù hợp với mọi tông da, đặc biệt là những ai muốn có vẻ ngoài tươi trẻ, rạng rỡ.
"
Làm sao chọn mascara cho mi ngắn và thẳng?,"Để chọn mascara cho mi ngắn và thẳng, bạn nên ưu tiên các loại có công thức ""lengthening"" (kéo dài mi) và ""volumizing"" (tạo độ dày mi). Chọn đầu cọ nhỏ, thưa hoặc hình trụ để dễ dàng tiếp cận và phủ đều mi từ gốc đến ngọn. 

Mascara có chứa sợi fiber (sợi tơ) cũng giúp mi trông dài hơn. Cuối cùng, hãy chọn loại mascara có khả năng giữ cong mi tốt để khắc phục độ thẳng tự nhiên của mi.
"
Cách tạo makeup phong cách Ainu?,"Phong cách trang điểm Ainu (Nhật Bản) tập trung vào sự tự nhiên, khỏe mạnh với điểm nhấn đôi má ửng hồng.

1.  **Nền:** Sử dụng kem nền mỏng nhẹ, màu da tự nhiên.
2.  **Má hồng:** Đây là yếu tố quan trọng nhất. Chọn màu hồng đào hoặc hồng san hô, đánh rộng từ gò má lên đến thái dương, tạo cảm giác đôi má ửng hồng khỏe khoắn.
3.  **Mắt:** Phấn mắt màu đất hoặc nâu nhạt, tán đều.
4.  **Môi:** Son dưỡng ẩm hoặc son màu nude.

Lý do: Người Ainu có làn da khỏe mạnh, sống gần gũi với thiên nhiên nên trang điểm tối giản, tôn lên vẻ đẹp tự nhiên.
"
Tại sao cần dùng setting spray trước và sau makeup?,"Chào bạn, với vai trò là chuyên gia trang điểm, tôi sẽ giải thích về công dụng của setting spray nhé.

**Trước makeup:** Setting spray tạo lớp nền bảo vệ da, giúp lớp makeup bám tốt hơn, giảm tình trạng cakey và tăng độ bền màu. Nó giống như ""keo"" giúp các lớp sản phẩm liên kết với nhau.

**Sau makeup:** Setting spray khóa lớp makeup, giúp lớp trang điểm không bị lem, trôi hoặc xuống tông trong suốt cả ngày. Đồng thời, nó giúp làm mềm da, tạo hiệu ứng tự nhiên và rạng rỡ hơn.
"
Làm sao chọn phấn mắt cho makeup phong cách Amazonian?,"Để chọn phấn mắt cho phong cách Amazonian, hãy ưu tiên các tông màu đất, màu lá cây đậm (xanh olive, xanh rêu), màu nâu gạch, và vàng đồng. Bạn có thể kết hợp các màu này để tạo chiều sâu cho đôi mắt. Nên chọn phấn mắt có kết cấu lì hoặc nhũ nhẹ để phù hợp với vẻ đẹp tự nhiên, mạnh mẽ của phong cách này. Đừng quên sử dụng màu tối để nhấn nhá đuôi mắt, tạo hiệu ứng mắt sâu hơn.
"
"Cách tạo hiệu ứng môi ""opal lips""?","Để tạo hiệu ứng ""opal lips"" (môi opal), bạn cần các bước sau:

1. **Che khuyết điểm môi:** Giúp màu son lên chuẩn và môi trông mịn màng hơn.
2. **Son lót:** Tạo độ bám và bảo vệ môi.
3. **Son kem/son thỏi màu nude:** Chọn tông nude gần màu da nhất.
4. **Highlight:** Thoa highlight nhũ trắng/hồng ở giữa môi trên và dưới, tạo hiệu ứng lấp lánh như opal.
5. **Phủ son bóng:** Giúp môi căng mọng và tăng độ tỏa sáng.

Hiệu ứng này tập trung vào sự phản chiếu ánh sáng, tạo cảm giác môi trong suốt và lung linh.
"
"Kỹ thuật ""lunar glow"" là gì?","Kỹ thuật ""lunar glow"" (tỏa sáng ánh trăng) là xu hướng trang điểm tập trung vào làn da căng bóng, khỏe mạnh như được chiếu sáng từ bên trong. 

**Các bước thực hiện:**

1.  **Dưỡng ẩm kỹ:** Đây là bước quan trọng nhất.
2.  **Sử dụng kem nền mỏng nhẹ:** Ưu tiên các sản phẩm có độ che phủ thấp hoặc BB cream.
3.  **Highlight ở các vị trí bắt sáng:** Gò má, sống mũi, nhân trung, khóe mắt.
4.  **Tạo lớp finish căng bóng:** Có thể dùng xịt khóa trang điểm hoặc dầu dưỡng.

Kỹ thuật này giúp khuôn mặt trông tươi tắn, trẻ trung và đầy sức sống.
"
Làm sao chọn kem nền cho da có vết nám khi trời ẩm?,"Để chọn kem nền cho da nám khi trời ẩm, bạn nên ưu tiên các loại có độ che phủ vừa phải đến cao, chất kem lỏng nhẹ, kiềm dầu và có chỉ số SPF. 

**Các bước chọn kem nền:**

1.  **Chọn chất kem:** Kem lỏng, cushion hoặc kem nền dạng mousse giúp tránh bí bách, gây tắc lỗ chân lông.
2.  **Độ che phủ:** Ưu tiên che phủ tốt để che nám, nhưng đừng quá dày để tránh lộ vân kem.
3.  **Thành phần:** Tìm các thành phần kiềm dầu, kiểm soát bóng nhờn.
4.  **SPF:** Bảo vệ da khỏi tác hại của ánh nắng, làm mờ nám.
"
Cách tạo makeup phong cách Zapotec?,"Phong cách trang điểm Zapotec lấy cảm hứng từ nghệ thuật và văn hóa của người Zapotec cổ đại ở Mexico. Để tạo phong cách này, bạn bắt đầu với lớp nền hoàn hảo, sau đó tập trung vào đôi mắt. Sử dụng phấn mắt màu đất, cam, và nâu để tạo chiều sâu. Kẻ mắt đậm, sắc sảo, kéo dài ra ngoài, nhấn mạnh đường nét mắt. Son môi màu đỏ đậm hoặc cam gạch là điểm nhấn cuối cùng, thể hiện sự mạnh mẽ và quyền lực.
"
"Kỹ thuật ""prismatic blush"" tạo má hồng như thế nào?","Kỹ thuật ""prismatic blush"" (má hồng lấp lánh) tạo hiệu ứng má ửng hồng tự nhiên, khỏe khoắn nhờ sử dụng phấn má hồng có nhũ hoặc kết hợp thêm highlight.

**Các bước thực hiện:**

1.  **Chọn phấn:** Chọn phấn má hồng có tông màu phù hợp với màu da và có chứa nhũ mịn.
2.  **Đánh phấn:** Đánh phấn lên vùng gò má, tập trung ở phần cao nhất và tán đều ra phía thái dương.
3.  **Highlight (tùy chọn):** Thêm một chút highlight lên trên phấn má hồng để tăng độ bắt sáng và tạo hiệu ứng ""prismatic"".

Kỹ thuật này phù hợp với các dịp đặc biệt hoặc khi bạn muốn có một vẻ ngoài tươi tắn, rạng rỡ.
"
Làm sao chọn kem nền cho da có bệnh chàm (eczema)?,"Chào bạn, chọn kem nền cho da chàm cần cực kỳ cẩn thận. Ưu tiên các sản phẩm:

1. **Không chứa hương liệu, cồn, và chất bảo quản mạnh:** Những chất này có thể gây kích ứng.
2. **Thành phần dưỡng ẩm cao:** Hyaluronic acid, glycerin, ceramides giúp làm dịu và phục hồi hàng rào bảo vệ da.
3. **Chọn loại kem nền khoáng (mineral foundation):** Ít gây dị ứng hơn kem nền gốc silicone.
4. **Thử sản phẩm trên vùng da nhỏ:** Trước khi dùng toàn mặt để đảm bảo không bị kích ứng.
"
Tại sao cần dùng lip mask trước khi thoa son lâu trôi?,"Chào bạn,

Lip mask trước son lâu trôi rất quan trọng vì môi chúng ta cần được dưỡng ẩm đầy đủ. Son lâu trôi thường có xu hướng làm khô môi, thậm chí gây bong tróc. Lip mask sẽ tạo một lớp màng bảo vệ, giúp son bám màu tốt hơn, lên màu chuẩn hơn và đồng thời ngăn ngừa tình trạng môi bị khô, nứt nẻ trong suốt quá trình sử dụng son. Hãy coi lip mask như một ""hàng rào"" bảo vệ đôi môi nhé!
"
Cách tạo makeup phong cách Harappan cổ đại?,"Phong cách trang điểm Harappan cổ đại tập trung vào sự tự nhiên và khỏe mạnh.

1.  **Da:** Ưu tiên làn da mịn màng, sử dụng kem dưỡng ẩm nhẹ nhàng.
2.  **Mắt:** Nhấn nhá mắt với kohl đen (bút kẻ mắt) viền mỏng, kéo dài. Có thể dùng phấn mắt màu đất hoặc đồng.
3.  **Má:** Sử dụng phấn má hồng màu đào hoặc hồng san hô để tạo vẻ ửng hồng tự nhiên.
4.  **Môi:** Son môi màu đỏ gạch hoặc nâu đất, đánh nhẹ nhàng.

Lưu ý: Người Harappan chuộng trang sức bằng đồng và đá, nên bạn có thể kết hợp để hoàn thiện phong cách.
"
"Kỹ thuật ""cosmic eyes"" là gì?","Kỹ thuật ""cosmic eyes"" (mắt vũ trụ) là xu hướng trang điểm mắt táo bạo, lấy cảm hứng từ vũ trụ bao la. Bước 1: Sử dụng phấn mắt màu tối (đen, xanh navy, tím than) làm nền. Bước 2: Thêm các điểm nhấn lấp lánh như nhũ, kim tuyến, hoặc đá đính để tạo hiệu ứng sao trời. Bước 3: Vẽ eyeliner màu trắng hoặc bạc ở đường viền mắt dưới để mở rộng và làm sáng mắt. Kỹ thuật này giúp đôi mắt trông sâu thẳm, huyền bí và thu hút.
"
Làm sao chọn mascara cho mi yếu,"Chào bạn! Với mi yếu, bạn nên chọn mascara có các tiêu chí sau:

1. **Công thức:** Ưu tiên mascara chứa sáp ong, vitamin E, hoặc dầu dưỡng để nuôi mi, hạn chế làm mi gãy rụng.
2. **Lông cọ:** Chọn cọ nhỏ, mềm, thưa để chải đều, không gây nặng mi. Cọ silicone thường tốt hơn cọ sợi.
3. **Loại mascara:** Mascara lengthening (dài mi) sẽ hiệu quả hơn mascara volumizing (dày mi) vì không làm nặng mi.
4. **Tránh:** Mascara waterproof quá khó tẩy trang, dễ làm mi yếu đi.
"
Cách khắc phục phấn mắt bị lem khi trời mưa?,"Để khắc phục tình trạng phấn mắt bị lem khi trời mưa, bạn cần chuẩn bị kỹ lớp nền mắt. Đầu tiên, dùng kem lót mắt (eye primer) để tạo lớp nền khô ráo, giúp phấn bám dính tốt hơn. Tiếp theo, chọn phấn mắt chống thấm nước hoặc dạng kem lì. Cuối cùng, dùng phấn bột trong suốt (setting powder) để khóa lớp phấn, tăng độ bền màu và hạn chế lem trôi. Việc này giúp ""khóa"" lớp trang điểm mắt, chống lại tác động của nước mưa.
"
"Kỹ thuật ""sunkissed dew"" tạo da thế nào?","Kỹ thuật ""sunkissed dew"" tạo hiệu ứng da căng bóng, khỏe mạnh như vừa trải qua kỳ nghỉ nắng. Đầu tiên, dưỡng ẩm kỹ lưỡng. Sau đó, dùng kem nền mỏng nhẹ, tập trung vào trung tâm khuôn mặt. Tiếp theo, thoa highlighter dạng lỏng hoặc kem lên gò má, sống mũi, trán và nhân trung. Cuối cùng, xịt xịt sương mù khóa trang điểm, tạo độ bóng tự nhiên. Bí quyết là lớp nền mỏng, highlighter bắt sáng và độ ẩm đủ để da ""ngậm nước"".
"
Làm sao tạo makeup phong cách Olmec?,"Phong cách trang điểm Olmec lấy cảm hứng từ nghệ thuật và văn hóa của người Olmec cổ đại. Để tạo phong cách này, bạn cần:

1. **Da:** Sử dụng kem nền màu trung tính, hơi tối để tạo vẻ da rám nắng tự nhiên.
2. **Mắt:** Vẽ mắt mèo đậm, sắc sảo bằng eyeliner đen. Có thể thêm bóng mắt màu đất hoặc nâu.
3. **Má:** Sử dụng phấn má hồng màu cam đất hoặc nâu để tạo khối nhẹ nhàng.
4. **Môi:** Tô son môi màu đỏ đậm hoặc nâu gạch.
5. **Điểm nhấn:** Vẽ các họa tiết hình học đơn giản trên mặt bằng eyeliner đen, lấy cảm hứng từ các bức tượng Olmec.
"
Tại sao cần dùng kem chống nắng trước kem nền?,"Chào bạn,

Việc sử dụng kem chống nắng trước kem nền là bước cực kỳ quan trọng trong trang điểm. Kem chống nắng bảo vệ da khỏi tác hại của tia UVA và UVB, ngăn ngừa lão hóa, nám và ung thư da. Kem nền không có chức năng chống nắng hiệu quả như kem chống nắng chuyên dụng. 

Thứ tự đúng là: dưỡng ẩm -> kem chống nắng -> kem nền. Điều này giúp kem chống nắng phát huy tối đa hiệu quả, đồng thời tạo lớp nền mịn màng, giúp các sản phẩm trang điểm bám tốt hơn.
"
Cách chọn son cho makeup phong cách Maldives?,"Để chọn son cho makeup phong cách Maldives, bạn nên ưu tiên các màu son tự nhiên, tươi tắn như hồng san hô, cam đào hoặc nude đào. Những màu này sẽ giúp bạn có vẻ ngoài khỏe khoắn, rạng rỡ, phù hợp với không khí biển nhiệt đới. Chất son nên chọn là son tint hoặc son dưỡng có màu để đôi môi căng mọng, tự nhiên, tránh son lì quá khô. Đừng quên thoa son dưỡng trước khi đánh son màu để bảo vệ môi nhé!
"
"Kỹ thuật ""winged halo"" là gì?","Kỹ thuật ""winged halo"" (ánh hào quang cánh chim) là xu hướng trang điểm mắt kết hợp giữa đường kẻ mắt winged (mắt mèo) và hiệu ứng highlight ở khóe mắt dưới. 

**Cách thực hiện:**

1.  Kẻ mắt mèo sắc nét.
2.  Dùng phấn highlight (bắt sáng) hoặc chì kẻ mắt sáng màu, vẽ một đường cong nhỏ từ đuôi mắt mèo xuống dưới, tạo thành hình cánh chim.
3.  Tán nhẹ để hiệu ứng được tự nhiên, không quá rõ ràng.

Kỹ thuật này giúp đôi mắt trông to tròn, long lanh và thu hút hơn.
"
Làm sao chọn cọ cho phấn highlighter dạng kem?,"Để chọn cọ cho phấn highlighter dạng kem, bạn nên ưu tiên các loại cọ đầu nhỏ, dẹt hoặc vát xéo với sợi cọ mềm, dày đặc. Cọ dẹt giúp tán đều highlighter trên gò má, còn cọ vát xéo phù hợp đánh highlight sống mũi và nhân trung. Sợi cọ mềm đảm bảo không gây kích ứng da, còn độ dày giúp lấy và tán sản phẩm dễ dàng, cho hiệu ứng glow tự nhiên, không bị vón cục.
"
"Cách tạo hiệu ứng môi ""satin lips""?","Để tạo hiệu ứng ""satin lips"" (môi satin) mềm mịn, bạn thực hiện các bước sau:

1. **Tẩy tế bào chết:** Nhẹ nhàng loại bỏ da chết bằng scrub môi hoặc bàn chải mềm.
2. **Dưỡng ẩm:** Thoa son dưỡng ẩm để môi mềm mại.
3. **Che khuyết điểm (tùy chọn):** Nếu cần, dùng che khuyết điểm che đi sự khác biệt màu sắc.
4. **Son kem/sơn dưỡng có màu:** Chọn son kem hoặc son dưỡng có màu, đánh một lớp mỏng và đều.
5. **Hoàn thiện:** Có thể dùng thêm chút son bóng để tăng độ căng mọng.

Hiệu ứng này tạo cảm giác môi mịn màng, tự nhiên như lụa satin.
"
"Kỹ thuật ""opal blush"" tạo má hồng ra sao?","Kỹ thuật ""opal blush"" tạo má hồng tự nhiên, trong trẻo như ánh ngọc trai. Đầu tiên, bạn chọn phấn má hồng có tông màu đào, hồng san hô hoặc hồng ngọc trai. Thay vì đánh trực tiếp lên gò má, hãy thoa phấn lên vùng xương gò má, tập trung ở phần cao nhất và tán đều về phía thái dương. Cách này tạo hiệu ứng nâng cơ mặt, giúp gò má trông cao và sắc sảo hơn, đồng thời mang lại vẻ tươi tắn, rạng rỡ.
"
Làm sao chọn kem nền cho da có vết rạn (stretch marks)?,"Để chọn kem nền cho da có vết rạn, bạn nên ưu tiên các sản phẩm có kết cấu lỏng nhẹ, ẩm mượt như kem nền dạng lỏng hoặc BB cream. Chúng giúp che phủ vết rạn mà không làm lộ rõ hơn.

**Các bước chọn kem nền:**

1.  **Tìm kem có độ che phủ trung bình đến cao:** Vết rạn cần độ che phủ tốt hơn.
2.  **Chọn tông màu trùng với da:** Tránh màu quá sáng hoặc quá tối.
3.  **Thử kem nền lên vùng da có vết rạn:** Đảm bảo kem hòa quyện tốt và không bị vón cục.
"
Cách tạo makeup phong cách Scythian?,"Phong cách trang điểm Scythian lấy cảm hứng từ bộ tộc du mục cổ đại, nhấn mạnh vào sự mạnh mẽ và vẻ đẹp tự nhiên.

1.  **Da:** Sử dụng kem nền lì, màu trung tính, tạo lớp nền mịn màng.
2.  **Mắt:** Tập trung vào mắt với phấn mắt màu đất, đồng hoặc nâu. Vẽ đường kẻ mắt đậm, kéo dài.
3.  **Má:** Sử dụng phấn má màu đào hoặc hồng đất để tạo khối nhẹ nhàng.
4.  **Môi:** Son môi màu berry đậm hoặc đỏ gạch, đánh lòng môi để tạo hiệu ứng tự nhiên.
5.  **Điểm nhấn:** Có thể thêm các họa tiết hình học nhỏ trên má hoặc trán bằng eyeliner."
Tại sao cần thử concealer ở vùng cổ gần cằm?,"Việc thử concealer ở vùng cổ gần cằm là một mẹo quan trọng để chọn được màu concealer phù hợp với da. Lý do là vùng da này có tông màu tương đồng với vùng da mặt, đặc biệt là vùng dưới mắt - nơi concealer thường được sử dụng. Thử màu ở cổ giúp bạn tránh chọn phải concealer quá sáng hoặc quá tối, đảm bảo sự hòa quyện tự nhiên và che phủ hiệu quả các quầng thâm, vết ửng đỏ.
"
"Kỹ thuật ""velvet eyes"" là gì?","""Velvet eyes"" là kỹ thuật trang điểm mắt tạo hiệu ứng đôi mắt sâu thẳm, mềm mại như nhung. Đầu tiên, bạn dùng phấn mắt màu tối (nâu, xám, tím) tán đều từ khóe mắt ngoài vào, tập trung phần đuôi mắt. Sau đó, dùng cọ nhỏ tán nhẹ màu tối vào hốc mắt. Cuối cùng, dùng phấn nhũ hoặc highlight ở khóe mắt trong và dưới bọng mắt để tạo chiều sâu và đôi mắt bừng sáng. Kỹ thuật này phù hợp với mọi hình dáng mắt, đặc biệt giúp mắt một mí trông to hơn.
"
Làm sao chọn son cho makeup phong cách Java cổ?,"Để chọn son cho makeup phong cách Java cổ, bạn nên ưu tiên các màu trầm ấm, gợi cảm. Đỏ nâu gạch, cam đất, hoặc hồng đất là những lựa chọn tuyệt vời, vì chúng phản ánh vẻ đẹp truyền thống và quý phái. Chất son nên là lì hoặc bán lì để tạo sự sang trọng, bền màu. Tránh các màu son quá tươi sáng hoặc bóng bẩy, vì chúng không phù hợp với phong cách này.
"
Cách làm sạch cọ sau khi dùng phấn mắt kim loại?,"Chào bạn, việc làm sạch cọ sau khi dùng phấn mắt kim loại rất quan trọng để đảm bảo vệ sinh và giữ độ bền cọ. Đây là các bước thực hiện:

1. **Loại bỏ phấn thừa:** Gõ nhẹ cọ lên mu bàn tay hoặc dùng khăn giấy để loại bỏ phấn mắt bám trên cọ.
2. **Dùng dung dịch chuyên dụng:** Đổ một lượng nhỏ dung dịch làm sạch cọ chuyên dụng lên bông gòn hoặc khăn mềm.
3. **Làm sạch cọ:** Nhẹ nhàng lau dọc theo sợi cọ theo chiều từ gốc đến ngọn.
4. **Rửa lại bằng nước:** Rửa cọ dưới vòi nước ấm cho đến khi nước trong.
5. **Làm khô:** Dùng khăn sạch thấm bớt nước, sau đó để cọ khô tự nhiên, đầu cọ hướng xuống dưới.

Việc này giúp loại bỏ hoàn toàn các hạt phấn kim loại, tránh gây kích ứng mắt và làm hỏng sợi cọ.
"
"Kỹ thuật ""soft contour"" tạo khối thế nào?","Kỹ thuật ""soft contour"" (tạo khối nhẹ nhàng) tập trung vào việc tạo chiều sâu tự nhiên, không quá sắc nét như contouring truyền thống. 

**Các bước thực hiện:**

1.  **Chọn sản phẩm:** Dùng phấn hoặc kem contour màu tối hơn da 2-3 tông, undertone trung tính hoặc hơi ấm.
2.  **Đánh phấn:** Bắt đầu từ xương gò má, kéo nhẹ về phía thái dương, hòa trộn kỹ để không thấy đường viền rõ ràng.
3.  **Hòa trộn:** Sử dụng cọ mềm, hòa trộn đều với phấn má hồng để tạo hiệu ứng ửng hồng tự nhiên.
4.  **Xương hàm:** Đánh nhẹ dọc theo đường xương hàm để tạo sự thon gọn.

Mục đích là tạo bóng đổ tinh tế, giúp khuôn mặt có chiều sâu mà vẫn giữ được vẻ tự nhiên.
"
Làm sao chọn mascara cho makeup phong cách ballet?,"Để chọn mascara cho makeup phong cách ballet, hãy ưu tiên mascara làm dài và cong mi tự nhiên, tránh kiểu dày mi quá đà. Mascara màu đen hoặc nâu sẫm sẽ phù hợp nhất. 

**Bước 1:** Chọn loại mascara có công thức nhẹ, không gây vón cục.
**Bước 2:** Sử dụng lược chải mi có kích thước vừa phải để tách từng sợi mi.
**Bước 3:** Chải mascara theo hình zig-zag từ chân mi đến ngọn để tạo độ cong và dài mi.
"
Cách tạo makeup phong cách Baroque?,"Phong cách Baroque trong trang điểm tập trung vào sự lộng lẫy và kịch tính.

**Bước 1:** Tạo lớp nền hoàn hảo, trắng sáng hơn tông da tự nhiên.
**Bước 2:** Đánh mắt đậm với tông màu tối như nâu, đỏ burgundy, kết hợp nhũ vàng hoặc bạc. Vẽ mắt mèo sắc sảo.
**Bước 3:** Tạo khối và highlight rõ rệt để khuôn mặt có chiều sâu.
**Bước 4:** Đánh má hồng màu hồng đào hoặc cam đất.
**Bước 5:** Son môi đỏ đậm là điểm nhấn cuối cùng, có thể dùng son kem hoặc son thỏi.
"
Tại sao cần dùng khăn giấy thấm môi sau son?,"Chào bạn,

Sau khi đánh son, việc dùng khăn giấy thấm nhẹ môi là bước quan trọng để:

1. **Loại bỏ lớp son thừa:** Giúp son bám đều, không bị lem ra ngoài và giữ được lâu hơn.
2. **Tạo hiệu ứng tự nhiên:** Son sẽ trông nhẹ nhàng, không bị quá dày hay bóng bẩy.
3. **Ngăn ngừa son dính vào răng:** Đây là một lỗi phổ biến, thấm giấy giúp hạn chế điều này.

Thấm nhẹ nhàng theo chiều ngang, tránh chà xát làm mất đi lớp son đã đánh nhé!
"
Làm sao chọn phấn mắt cho mắt nâu đỏ?,"Để chọn phấn mắt cho mắt nâu đỏ, bạn nên ưu tiên các tông màu trung tính ấm hoặc màu sắc tương phản để làm nổi bật màu mắt.

1.  **Tông trung tính ấm:** Vàng đồng, nâu đồng, cam đất sẽ làm mắt nâu đỏ thêm ấm áp và sâu sắc.
2.  **Màu sắc tương phản:** Xanh rêu, tím plum, hoặc xanh ngọc bích sẽ tạo sự tương phản đẹp mắt, làm mắt thêm thu hút.
3.  **Tránh:** Màu quá tối hoặc quá sáng có thể làm mắt trông mệt mỏi.
"
"Kỹ thuật ""frosted glow"" là gì?","Kỹ thuật ""frosted glow"" (tỏa sáng băng giá) là xu hướng trang điểm tạo hiệu ứng da căng bóng, ẩm mượt như sương phủ, nhưng có thêm chút lấp lánh tinh tế. 

**Cách thực hiện:**

1.  **Dưỡng ẩm:** Bước quan trọng nhất, đảm bảo da đủ ẩm.
2.  **Highlight:** Tập trung highlight dạng kem hoặc lỏng ở gò má, sống mũi, trán, cằm và nhân trung.
3.  **Phấn highlight:** Khóa lớp highlight kem bằng phấn highlight nhũ ngọc trai hoặc bạc.
4.  **Xịt khóa:** Xịt khóa để các lớp makeup hòa quyện, tăng độ bóng khỏe.

Kỹ thuật này phù hợp với các dịp đặc biệt, giúp bạn tỏa sáng lấp lánh.
"
Làm sao tạo makeup phong cách Heian Nhật Bản?,"Phong cách trang điểm Heian (794-1185) tập trung vào vẻ đẹp trắng muốt, tinh khiết.

1. **Lớp nền:** Sử dụng phấn trắng (oshroi) đánh đều toàn mặt, kể cả môi. Mục đích là tạo vẻ trắng bệch, quý phái.
2. **Mắt:** Vẽ mắt nhỏ, dài, hơi chếch lên với màu đen hoặc xanh đậm.
3. **Môi:** Tô son đỏ đậm (hoặc dùng phẩm màu đỏ) hình môi nhỏ, trái tim.
4. **Má:** Không tạo khối, giữ vẻ tự nhiên.

Lưu ý: Trang điểm Heian mang tính biểu tượng, thể hiện địa vị xã hội.
"
Cách chọn son cho môi mỏng trong makeup tối?,"Chào bạn, với môi mỏng trong makeup tối, bạn nên chọn son có những đặc điểm sau:

1.  **Màu son:** Ưu tiên các màu trung tính, trầm ấm như đỏ nâu, cam đất, hồng đất. Tránh các màu quá sáng hoặc quá tối vì sẽ làm môi trông mỏng hơn.
2.  **Chất son:** Son kem lì hoặc son satin sẽ giúp môi trông đầy đặn hơn so với son bóng.
3.  **Kỹ thuật đánh son:** Đánh son tràn nhẹ ra ngoài viền môi một chút để tạo hiệu ứng căng mọng. Bạn có thể dùng thêm son dưỡng trước khi đánh son màu."
"Kỹ thuật ""kitten flick"" khác gì winged liner?","Chào bạn,

""Kitten flick"" và winged liner đều là kỹ thuật kẻ mắt tạo dáng, nhưng khác nhau ở độ dày và độ cong. Winged liner thường có đường kẻ đậm, rõ và kéo dài, tạo vẻ mắt sắc sảo, quyến rũ. Ngược lại, ""kitten flick"" nhẹ nhàng hơn, đường kẻ mảnh, cong mềm mại như đuôi mèo con, phù hợp với phong cách trang điểm tự nhiên, thanh lịch. ""Kitten flick"" dễ thực hiện hơn cho người mới bắt đầu.
"
Làm sao chọn cọ cho phấn mắt dạng gel?,"Để chọn cọ phù hợp với phấn mắt dạng gel, bạn nên ưu tiên các loại cọ đầu bằng, nhỏ và dẹt. Chất liệu lông cọ nên là tổng hợp (synthetic) vì gel dễ bám vào lông tự nhiên, khó vệ sinh. Cọ đầu bằng giúp bạn dễ dàng lấy và tán đều gel lên mí mắt, đặc biệt là khi tạo đường kẻ mắt sắc sảo. Kích thước nhỏ giúp kiểm soát lượng sản phẩm và thao tác chính xác hơn.
"
"Cách tạo hiệu ứng môi ""coral lips""?","Để tạo hiệu ứng môi ""coral lips"" (môi san hô) tươi tắn, bạn thực hiện theo các bước sau:

1. **Tẩy tế bào chết:** Giúp môi mềm mịn, son lên đều màu.
2. **Dưỡng ẩm:** Sử dụng son dưỡng để môi không bị khô.
3. **Kẻ viền môi:** Chọn màu nude hoặc trùng màu son.
4. **Tô son:** Chọn son màu san hô, có thể dùng cọ hoặc tô trực tiếp.
5. **Hoàn thiện:** Thấm bớt son thừa bằng khăn giấy để son bám lâu hơn. Màu san hô phù hợp với nhiều tông da, tạo vẻ trẻ trung, năng động.
"
"Kỹ thuật ""radiant dew"" tạo da thế nào?","Kỹ thuật ""radiant dew"" (da căng bóng tự nhiên) tập trung vào việc tạo hiệu ứng da ẩm mọng, khỏe mạnh từ bên trong. 

**Các bước thực hiện:**

1.  **Dưỡng ẩm kỹ:** Sử dụng serum, kem dưỡng ẩm phù hợp.
2.  **Kem nền mỏng nhẹ:** Chọn loại có độ che phủ thấp hoặc BB cream.
3.  **Highlight dạng lỏng/kem:** Thoa lên các điểm cao như gò má, sống mũi, nhân trung.
4.  **Xịt khóa:** Xịt nhẹ nhàng để các lớp makeup hòa quyện, tăng độ bóng.

**Lý do:** Kỹ thuật này ưu tiên độ ẩm và ánh sáng phản xạ, thay vì che phủ hoàn toàn, giúp da trông tự nhiên và rạng rỡ.
"
Làm sao chọn kem nền cho da dầu trong môi trường máy lạnh?,"Chào bạn, với da dầu trong môi trường máy lạnh, việc chọn kem nền cần lưu ý:

1. **Chọn loại kem nền:** Ưu tiên các sản phẩm ""oil-free"", ""mattifying"" hoặc có ghi ""cho da dầu"".
2. **Kết cấu:** Kem nền dạng lỏng hoặc mousse nhẹ sẽ phù hợp hơn, tránh gây bí bách.
3. **Thành phần:** Tìm các thành phần kiểm soát dầu như salicylic acid hoặc zinc PCA.
4. **Độ che phủ:** Chọn mức độ che phủ vừa phải, tránh quá dày gây tắc lỗ chân lông.

Môi trường máy lạnh có thể làm da mất nước, nên đừng quên dưỡng ẩm trước khi đánh kem nền nhé!
"
Cách tạo makeup phong cách Pictish?,"Phong cách trang điểm Pictish lấy cảm hứng từ bộ tộc Picts cổ đại ở Scotland, tập trung vào sự mạnh mẽ và huyền bí.

1.  **Da:** Sử dụng kem nền lì, màu trung tính, tạo lớp nền mịn màng.
2.  **Mắt:** Vẽ đường kẻ mắt dày, sắc sảo bằng eyeliner đen, kéo dài ra ngoài. Có thể thêm chút nhũ bạc hoặc xám ở hốc mắt.
3.  **Má:** Sử dụng phấn má màu đất hoặc nâu nhạt, đánh nhẹ nhàng để tạo chiều sâu.
4.  **Môi:** Chọn son màu berry đậm hoặc đỏ gạch, đánh đều.
5.  **Điểm nhấn:** Vẽ họa tiết hình học đơn giản (đường thẳng, hình tam giác) bằng eyeliner đen lên má hoặc trán, mô phỏng hình xăm của người Picts."
Tại sao cần dùng lip liner cho son bóng?,"Chào bạn,

Lip liner rất cần thiết khi dùng son bóng vì son bóng thường dễ bị lem, đặc biệt là với những người có thói quen ăn uống hoặc nói chuyện nhiều. Lip liner tạo ra một đường viền rõ ràng, giúp son không bị tràn ra ngoài, giữ cho đôi môi trông sắc nét và đầy đặn hơn. Ngoài ra, lip liner còn giúp son bám lâu hơn, đặc biệt khi kết hợp với son bóng có texture mỏng nhẹ.
"
"Kỹ thuật ""mist eyes"" là gì?","Kỹ thuật ""mist eyes"" (mắt sương mù) là xu hướng trang điểm mắt tạo hiệu ứng đôi mắt sâu thẳm, quyến rũ nhưng vẫn tự nhiên như được phủ sương. 

**Cách thực hiện:**

1.  **Phủ phấn mắt:** Dùng phấn mắt màu nude hoặc nâu nhạt tán đều lên toàn bộ bầu mắt.
2.  **Tạo chiều sâu:** Tăng dần sắc độ phấn mắt về phía đuôi mắt, tập trung vào hốc mắt.
3.  **Pha trộn:** Quan trọng nhất là pha trộn kỹ các màu để không thấy đường viền sắc nét, tạo hiệu ứng ""mờ"" tự nhiên.
4.  **Kẻ mắt:** Kẻ mắt mảnh, hơi xéo nhẹ ở đuôi mắt.
5.  **Mascara:** Chuốt mascara nhẹ nhàng để làm dài và cong mi.

Kỹ thuật này phù hợp với mọi hình dáng mắt và dễ dàng thực hiện tại nhà.
"
Làm sao chọn son cho makeup phong cách Seychelles?,"Để chọn son cho makeup phong cách Seychelles, bạn nên ưu tiên các màu son tự nhiên, tươi tắn như hồng san hô, cam đào hoặc nude đào. Phong cách này hướng đến vẻ đẹp khỏe khoắn, tràn đầy năng lượng của vùng biển nhiệt đới. Chất son nên là lì nhẹ hoặc bóng mọng tự nhiên để đôi môi căng mọng, gợi cảm. Tránh các màu son quá đậm hoặc quá tối, vì sẽ làm mất đi sự tươi trẻ của phong cách Seychelles.
"
Cách khắc phục lớp nền bị cakey ở vùng má khô?,"Chào bạn, lớp nền bị cakey ở vùng má khô là tình trạng phổ biến. Để khắc phục, bạn hãy:

1. **Tẩy tế bào chết nhẹ nhàng:** Loại bỏ da chết giúp nền mịn hơn.
2. **Dưỡng ẩm kỹ:** Sử dụng kem dưỡng ẩm phù hợp với da khô trước khi trang điểm.
3. **Sử dụng primer:** Chọn loại primer cấp ẩm, giúp nền bám tốt hơn.
4. **Áp dụng nền mỏng lớp:** Dùng mút hoặc cọ tán đều, tránh chồng nhiều lớp.
5. **Xịt khóa nền:** Giúp nền mịn màng, tránh cakey.

Nguyên nhân chính là da khô thiếu ẩm, nên cấp ẩm là yếu tố then chốt.
"
"Kỹ thuật ""smoky halo"" tạo mắt thế nào?","Kỹ thuật ""smoky halo"" (ánh hào quang khói) tạo mắt tập trung vào việc làm nổi bật phần giữa bầu mắt.

1.  **Tạo khối:** Dùng phấn tối màu (nâu, xám) tán đều ở góc ngoài và hốc mắt.
2.  **Highlight:** Thêm phấn nhũ/ánh kim sáng vào giữa bầu mắt, tập trung vào điểm cao nhất.
3.  **Tán đều:** Nhẹ nhàng hòa trộn các màu, tạo hiệu ứng chuyển màu mềm mại, ánh sáng tỏa ra từ giữa mắt.
4.  **Kẻ mắt & Mascara:** Hoàn thiện với kẻ mắt và mascara để tăng độ sâu cho đôi mắt."
Làm sao chọn cọ cho má hồng dạng gel?,"Để chọn cọ phù hợp với má hồng dạng gel, bạn nên ưu tiên cọ đầu vát hoặc đầu tròn nhỏ, làm từ sợi tổng hợp mềm mại. Cọ vát giúp tạo khối và đường nét sắc sảo, còn cọ tròn nhỏ phù hợp tán đều màu nhẹ nhàng. Sợi tổng hợp không hút quá nhiều sản phẩm như sợi tự nhiên, giúp tiết kiệm gel và dễ vệ sinh hơn. Quan trọng là chọn cọ có độ dày vừa phải để kiểm soát lượng sản phẩm lấy ra.
"
Cách tạo makeup phong cách Safavid?,"Phong cách trang điểm Safavid (Ba Tư cổ đại) tập trung vào vẻ đẹp tự nhiên, thanh lịch và đôi mắt quyến rũ.

1.  **Da:** Sử dụng phấn nền sáng màu, mịn màng.
2.  **Mắt:** Vẽ mắt mèo mảnh, kéo dài. Nhấn nhá bằng phấn mắt màu xanh lam, ngọc lục bảo hoặc vàng đồng ở mí mắt.
3.  **Môi:** Tô son đỏ tươi hoặc màu hoa hồng.
4.  **Má:** Phấn má hồng màu hồng đào nhẹ nhàng.
5.  **Điểm nhấn:** Vẽ một chấm nhỏ son đỏ ở giữa trán hoặc má để tăng thêm vẻ duyên dáng."
Tại sao cần dùng setting spray dạng matte cho da dầu?,"Chào bạn, với da dầu, setting spray dạng matte là ""vũ khí"" tuyệt vời để giữ lớp trang điểm bền lâu và kiểm soát dầu thừa. 

**Tại sao cần dùng?**

*   **Kiểm soát dầu:** Công thức matte chứa các thành phần hấp thụ dầu, giúp da khô thoáng, hạn chế bóng nhờn.
*   **Giữ lớp trang điểm:** Tạo lớp màng bảo vệ, khóa chặt phấn nền, phấn phủ, giúp trang điểm không bị lem, trôi do dầu.
*   **Hiệu ứng lì:** Mang lại lớp finish mịn lì, tự nhiên, che phủ lỗ chân lông.

Nên xịt sau khi hoàn thành toàn bộ các bước trang điểm, giữ khoảng cách 20-30cm để hiệu quả tốt nhất."
Làm sao chọn phấn mắt cho makeup phong cách Gobi?,"Phong cách Gobi (sa mạc Gobi) trong trang điểm tập trung vào tông màu đất, ấm áp và tự nhiên. Để chọn phấn mắt phù hợp, bạn nên ưu tiên các màu như:

1.  **Nâu đất:** Màu chủ đạo, tạo chiều sâu cho mắt.
2.  **Cam đất/Gạch:** Thêm chút ấm áp và năng động.
3.  **Be/Kem:** Làm highlight xương chân mày và bầu mắt.
4.  **Nâu đồng/Vàng đồng:** Tạo điểm nhấn lấp lánh nhẹ nhàng.

Nên chọn phấn mắt có kết cấu mịn, dễ tán và có thể layer để tạo hiệu ứng chuyển màu đẹp mắt.
"
"Cách tạo hiệu ứng môi ""amber lips""?","Để tạo hiệu ứng ""amber lips"" (môi hổ phách) đầy quyến rũ, bạn cần các bước sau:

1. **Tạo khối:** Dùng son kem màu cam đất hoặc nâu cam đánh lòng môi, mờ dần ra phía viền.
2. **Đánh son chính:** Thêm lớp son bóng hoặc son tint màu cam san hô lên trên để tạo độ ẩm và chiều sâu.
3. **Highlight:** Highlight nhẹ nhàng ở giữa môi dưới để đôi môi trông căng mọng hơn.

Hiệu ứng này tạo cảm giác đôi môi ấm áp, tự nhiên như màu hổ phách, rất hợp với mùa thu đông.
"
"Kỹ thuật ""sheer blush"" là gì?","Kỹ thuật ""sheer blush"" (má hồng trong trẻo) là cách đánh má hồng siêu nhẹ nhàng, tạo hiệu ứng ửng hồng tự nhiên như từ bên trong. Thay vì đánh trực tiếp lên gò má, bạn dùng cọ mềm đánh nhẹ nhàng lên vùng da đã được dưỡng ẩm kỹ. 

**Các bước thực hiện:**

1.  **Chọn phấn má hồng:** Ưu tiên các tông màu nude, hồng đào nhạt.
2.  **Lấy ít sản phẩm:** Chạm nhẹ cọ vào phấn, loại bỏ phần phấn thừa.
3.  **Đánh nhẹ nhàng:** Tập trung vào vùng trung tâm gò má, tán đều ra ngoài.

Kỹ thuật này phù hợp với mọi loại da, đặc biệt là da nhạy cảm và giúp khuôn mặt trông tươi tắn, trẻ trung.
"
Làm sao chọn kem nền cho da có mụn viêm?,"Chào bạn, chọn kem nền cho da mụn viêm cần sự cẩn thận để tránh làm tình trạng mụn trở nên nghiêm trọng hơn.

**Bước 1:** Ưu tiên các sản phẩm **non-comedogenic** (không gây tắc lỗ chân lông) và **oil-free** (không chứa dầu).
**Bước 2:** Chọn chất kem **lỏng nhẹ**, dạng mousse hoặc cushion thay vì kem đặc.
**Bước 3:** Tìm các thành phần hỗ trợ trị mụn như salicylic acid, tea tree oil.
**Bước 4:** Thử sản phẩm trên một vùng da nhỏ trước khi dùng toàn mặt để đảm bảo không gây kích ứng.
"
Cách tạo makeup phong cách Moche?,"Phong cách Moche (hay còn gọi là ""soft grunge"") tập trung vào đôi mắt khói nhẹ nhàng, đôi môi tự nhiên và làn da khỏe khoắn.

**Các bước thực hiện:**

1.  **Da:** Dưỡng ẩm kỹ, dùng kem nền mỏng nhẹ, che khuyết điểm.
2.  **Mắt:** Phủ phấn mắt màu nâu, xám tro, blend đều tạo chiều sâu. Kẻ eyeliner mỏng, lem nhẹ.
3.  **Má:** Sử dụng phấn má hồng màu đào hoặc hồng đất.
4.  **Môi:** Son dưỡng hoặc son nude.

**Lý do:** Moche đề cao vẻ đẹp tự nhiên, ""lười biếng"" nhưng vẫn có chiều sâu."
Tại sao cần thử son ở cổ tay trước khi mua?,"Chào bạn, việc thử son ở cổ tay trước khi mua là một mẹo nhỏ nhưng rất hữu ích. Da cổ tay có màu sắc tương đồng với môi hơn so với da tay. Khi thử son ở cổ tay, bạn sẽ dễ dàng nhận thấy màu son lên màu như thế nào, có phù hợp với tông da của mình không, và chất son có bị oxy hóa hay không. Điều này giúp bạn tránh mua phải màu son không ưng ý.
"
"Kỹ thuật ""stardust eyes"" là gì?","""Stardust eyes"" (mắt sao lấp lánh) là kỹ thuật trang điểm mắt tạo hiệu ứng lấp lánh như bầu trời đêm đầy sao. Đầu tiên, bạn đánh phấn mắt màu tối (đen, xám, tím đậm) làm nền. Sau đó, dùng cọ nhỏ tán đều các hạt nhũ lấp lánh (glitter) với nhiều kích cỡ khác nhau lên bầu mắt, tập trung ở giữa và hốc mắt. Kỹ thuật này giúp đôi mắt thêm phần ma mị, thu hút và thường được sử dụng trong các dịp đặc biệt.
"
Làm sao chọn son cho makeup phong cách Tuscany hiện đại?,"Để chọn son cho makeup phong cách Tuscany hiện đại, hãy ưu tiên các màu nude, hồng đào, hoặc cam đất. Những tông màu này gợi nhớ đến vẻ đẹp tự nhiên của vùng đất Tuscany, vừa tinh tế lại rất hợp với xu hướng hiện đại. Chất son nên là lì hoặc satin để tạo cảm giác sang trọng, không quá bóng bẩy. Lưu ý, màu son nên hài hòa với màu da và tổng thể trang điểm mắt để đạt hiệu quả tốt nhất.
"
"Kỹ thuật ""petal blush"" tạo má hồng ra sao?","Kỹ thuật ""petal blush"" (má hồng cánh hoa) tạo hiệu ứng má ửng hồng tự nhiên như cánh hoa. Bạn bắt đầu bằng cách mỉm cười nhẹ, xác định gò má. Thay vì bôi trực tiếp, hãy chấm blush lên các điểm trên gò má, sau đó nhẹ nhàng tán đều theo hình cánh hoa, tập trung giữa má và mờ dần về phía thái dương. Kỹ thuật này giúp tránh đường blush quá sắc nét, mang lại vẻ ngoài tươi trẻ, tự nhiên.
"
Làm sao chọn mascara cho mi dài nhưng thưa?,"Để chọn mascara cho mi dài nhưng thưa, bạn nên ưu tiên các loại có công thức chứa sợi fiber hoặc sáp ong. Sợi fiber sẽ giúp tăng độ dày cho mi, còn sáp ong giúp mi trông đầy đặn hơn. 

Chọn mascara có đầu cọ nhỏ, thưa để dễ dàng len lỏi và phủ đều từng sợi mi, tránh tình trạng vón cục. Màu đen hoặc nâu đậm sẽ giúp mi trông rõ ràng hơn. Tránh các loại mascara quá ướt vì có thể làm mi nặng và dễ bị lem.
"
Cách tạo makeup phong cách Parthian?,"Phong cách trang điểm Parthian lấy cảm hứng từ vẻ đẹp của phụ nữ Ba Tư cổ đại, tập trung vào đôi mắt sắc sảo và làn da mịn màng.

1.  **Chuẩn bị da:** Dưỡng ẩm kỹ lưỡng để có làn da căng bóng.
2.  **Phấn nền:** Sử dụng phấn nền lì, màu sáng tự nhiên.
3.  **Mắt:** Vẽ eyeliner đen đậm, kéo dài và hơi cong lên ở đuôi mắt. Đánh phấn mắt màu đất hoặc đồng trên bầu mắt.
4.  **Môi:** Tô son đỏ thẫm hoặc màu mận.
5.  **Má:** Sử dụng phấn má hồng màu đào nhẹ nhàng."
Tại sao cần dùng primer màu tím cho da vàng?,"Primer màu tím là ""cứu tinh"" cho da vàng vì nó chứa sắc tố tím đối lập với màu vàng. Khi thoa lên da, primer tím sẽ trung hòa sắc tố vàng, giúp da trông sáng hơn, đều màu hơn và giảm các vết ửng đỏ. Nhờ đó, lớp nền sau đó sẽ lên màu chuẩn hơn, không bị xỉn màu và giúp bạn có một lớp trang điểm hoàn hảo.
"
Làm sao chọn phấn mắt cho makeup phong cách Patagonia hiện đại?,"Để chọn phấn mắt cho makeup phong cách Patagonia hiện đại, hãy ưu tiên các tông màu đất, trung tính lấy cảm hứng từ thiên nhiên: nâu, be, cam đất, xám khói. Bạn có thể kết hợp các màu này để tạo chiều sâu cho mắt.

**Bước 1:** Chọn phấn mắt màu be hoặc nâu nhạt làm lớp nền.
**Bước 2:** Tô màu nâu đất hoặc cam đất vào hốc mắt để tạo khối.
**Bước 3:** Sử dụng màu xám khói ở đuôi mắt để nhấn nhá.

Phong cách Patagonia đề cao vẻ đẹp tự nhiên, nên tránh các màu quá sặc sỡ.
"
"Cách tạo hiệu ứng môi ""ruby lips""?","Để tạo hiệu ứng ""ruby lips"" quyến rũ, bạn cần thực hiện các bước sau:

1. **Tẩy tế bào chết & dưỡng ẩm:** Giúp môi mềm mịn, son lên màu chuẩn hơn.
2. **Kẻ viền môi:** Chọn màu trùng với son, giúp môi rõ nét và son không bị lem.
3. **Tô son lót:** Tăng độ bám màu và làm đầy rãnh môi.
4. **Tô son đỏ ruby:** Tô từ lòng môi ra góc, dùng cọ hoặc thoa trực tiếp.
5. **Dặm lại:** Sau khi son khô, dặm nhẹ để màu sắc đồng đều và bền lâu.
"
"Kỹ thuật ""lunar blush"" là gì?","Kỹ thuật ""lunar blush"" (má hồng kiểu trăng khuyết) là xu hướng trang điểm má hồng mới, tạo hiệu ứng ửng hồng tự nhiên như vừa trải qua đêm lạnh. Thay vì đánh má hồng tập trung trên gò má, bạn đánh một đường má hồng nhẹ nhàng, kéo dài từ thái dương xuống gần khóe mắt, tạo hình bán nguyệt. Kỹ thuật này giúp khuôn mặt trông trẻ trung, tươi tắn và có chiều sâu hơn, phù hợp với nhiều hình dáng khuôn mặt.
"
Làm sao chọn kem nền cho da có vết thâm lâu năm?,"Để chọn kem nền cho da có vết thâm lâu năm, bạn cần ưu tiên độ che phủ cao và khả năng ""neutralize"" màu thâm.

1.  **Chọn tông màu:** Chọn kem nền có tông màu ấm (vàng, đào) để trung hòa sắc tố thâm.
2.  **Độ che phủ:** Kem nền full coverage hoặc medium-full coverage là lựa chọn tốt.
3.  **Chất kem:** Kem nền lỏng hoặc kem có kết cấu đặc vừa phải dễ tán đều và không bị vón cục trên vết thâm.
4.  **Thử trước khi mua:** Luôn thử kem nền trên da để đảm bảo màu sắc phù hợp và không gây kích ứng.
"
Cách tạo makeup phong cách Chavin?,"Phong cách makeup Chavin (tên thật là Chavín) lấy cảm hứng từ nghệ thuật và văn hóa Chavín cổ đại của Peru, tập trung vào sự bí ẩn và mạnh mẽ.

**Các bước thực hiện:**

1.  **Da:** Sử dụng kem nền lì, che khuyết điểm kỹ để có làn da hoàn hảo.
2.  **Mắt:** Vẽ mắt mèo sắc sảo, sử dụng phấn mắt màu đất, nâu hoặc đen. Nhấn nhá đường kẻ mắt dưới.
3.  **Má:** Tạo khối nhẹ nhàng để khuôn mặt có chiều sâu.
4.  **Môi:** Sử dụng son màu trầm như đỏ gạch hoặc nâu đất.
5.  **Điểm nhấn:** Vẽ họa tiết hình học Chavín (dạng xoắn ốc, hình chữ S) lên mặt hoặc cổ bằng eyeliner đen hoặc body paint.
"
Tại sao cần thử eyeliner ở mu bàn tay trước khi mua?,"Chào bạn, việc thử eyeliner ở mu bàn tay trước khi mua là rất quan trọng vì một vài lý do. Da mu bàn tay có độ đàn hồi và màu sắc tương tự da mí mắt, giúp bạn dễ dàng đánh giá được màu sắc thực tế của eyeliner khi lên da. Hơn nữa, bạn có thể kiểm tra độ trơn tru, khả năng bám dính và độ bền màu của sản phẩm trước khi quyết định mua, tránh tình trạng mua về không hợp hoặc chất lượng kém.
"
"Kỹ thuật ""aurora blush"" là gì?","Kỹ thuật ""aurora blush"" (hay còn gọi là ""son môi ửng hồng"") là xu hướng trang điểm má hồng đang được yêu thích. Thay vì đánh má hồng tập trung một vùng, bạn đánh một đường chéo nhẹ nhàng từ đỉnh má lên thái dương, tạo hiệu ứng ửng hồng tự nhiên như vừa trải qua cảm xúc. 

Cách này giúp khuôn mặt trông trẻ trung, tươi tắn và có chiều sâu hơn. Bạn nên chọn phấn má hồng có tông màu nhẹ nhàng, phù hợp với màu da để đạt hiệu quả tốt nhất.
"
Làm sao chọn son cho makeup phong cách Provence hiện đại?,"Để chọn son cho makeup phong cách Provence hiện đại, bạn nên ưu tiên các màu son tự nhiên, nhẹ nhàng. Các tông màu hồng đào, cam san hô, hoặc nude có chút ấm áp sẽ là lựa chọn hoàn hảo. 

**Lý do:** Phong cách Provence đề cao vẻ đẹp tự nhiên, thanh lịch. Son môi không nên quá nổi bật mà cần hài hòa với tổng thể makeup ""ít là nhiều"". Chất son nên là matte hoặc satin để tạo cảm giác mềm mại, không quá bóng bẩy.
"
"Kỹ thuật ""smudged halo"" tạo mắt thế nào?","Kỹ thuật ""smudged halo"" (ánh hào quang mờ) tạo mắt tập trung vào sự tương phản giữa trung tâm mắt sáng và viền ngoài mờ.

1.  **Tạo lớp nền:** Phủ phấn mắt màu trung tính lên toàn bộ bầu mắt.
2.  **Tạo điểm nhấn:** Dùng cọ nhỏ đánh phấn nhũ/glitter sáng vào giữa bầu mắt.
3.  **Smudge:** Dùng cọ mờ hoặc ngón tay tán phấn nhũ ra ngoài, tạo hiệu ứng mờ dần.
4.  **Viền mắt:** Kẻ eyeliner đậm dọc theo hàng mi trên và dưới, sau đó dùng cọ smudge làm mờ đường kẻ.
5.  **Hoàn thiện:** Chải mascara và có thể thêm chút phấn mắt tối ở góc mắt để tăng chiều sâu."
Làm sao chọn cọ cho phấn bronzer dạng bột?,"Để chọn cọ phấn bronzer bột, bạn nên ưu tiên cọ đầu vát, lông mềm mại và vừa phải về độ dày. Cọ vát giúp bạn dễ dàng tạo khối và đường nét tự nhiên. Lông mềm mại đảm bảo phấn bám đều, không gây kích ứng da. Độ dày vừa phải giúp lấy đủ lượng phấn, tránh tình trạng quá đậm hoặc quá nhạt. Nên chọn cọ có kích thước phù hợp với khuôn mặt để dễ dàng kiểm soát.
"
Cách tạo makeup phong cách Sasanian?,"Phong cách trang điểm Sasanian (Ba Tư cổ đại) tập trung vào vẻ đẹp tự nhiên, đôi mắt sắc sảo và đôi môi đỏ mọng.

1.  **Da:** Sử dụng kem nền sáng màu để làm nổi bật làn da.
2.  **Mắt:** Vẽ mắt mèo đậm, kéo dài, sử dụng eyeliner đen. Có thể thêm chút bóng mắt màu tối để tăng chiều sâu.
3.  **Môi:** Tô son đỏ tươi, đánh đều và rõ nét.
4.  **Má:** Sử dụng phấn má hồng màu hồng đào nhẹ nhàng.
5.  **Trang điểm thêm:** Có thể vẽ một chấm nhỏ màu đỏ ở giữa trán như một điểm nhấn."
Tại sao cần dùng setting powder trước phấn mắt glitter?,"Chào bạn,

Việc sử dụng setting powder (phấn khóa nền) trước khi đánh phấn mắt glitter là bước quan trọng để đảm bảo lớp trang điểm mắt hoàn hảo. Setting powder tạo một lớp nền khô ráo, giúp phấn mắt glitter bám dính tốt hơn, giảm thiểu tình trạng rơi rớt và vón cục. Đồng thời, nó còn giúp màu glitter lên chuẩn và rực rỡ hơn, tránh bị lem hoặc nhòe trong quá trình sử dụng.
"
Làm sao chọn phấn mắt cho makeup phong cách Kalahari?,"Phong cách Kalahari lấy cảm hứng từ sa mạc, nên phấn mắt cần tập trung vào tông màu đất ấm. Hãy chọn các màu như: nâu đất, cam gạch, vàng cát, đồng và chút ánh kim. 

**Cách chọn:**

1.  **Màu chủ đạo:** Nâu đất làm nền.
2.  **Màu nhấn:** Cam gạch hoặc đồng cho đuôi mắt.
3.  **Highlight:** Vàng cát hoặc ánh kim ở bầu mắt.

**Lý do:** Các màu này mô phỏng cảnh quan sa mạc, tạo chiều sâu và sự ấm áp cho đôi mắt.
"
"Cách tạo hiệu ứng môi ""emerald lips""?","Để tạo hiệu ứng ""emerald lips"" (môi ngọc lục bảo) ấn tượng, bạn cần các bước sau:

1. **Tẩy tế bào chết & dưỡng ẩm:** Đảm bảo môi mềm mịn, giúp son lên màu chuẩn.
2. **Che khuyết điểm môi:** Sử dụng kem che khuyết điểm để làm nền, giúp màu son nổi bật hơn.
3. **Tô son lót:** Giúp son bám lâu và lên màu chuẩn.
4. **Son môi màu xanh ngọc:** Chọn son có tông xanh ngọc hoặc xanh lam, tô đều.
5. **Phủ son bóng:** Thêm son bóng trong suốt để tạo hiệu ứng căng mọng, ""emerald"" hơn.
"
Làm sao chọn kem nền cho da có vảy nến (psoriasis)?,"Chọn kem nền cho da vảy nến cần sự cẩn trọng. Ưu tiên các sản phẩm:

1. **Không gây kích ứng:** Chọn nhãn ""hypoallergenic"", ""non-comedogenic"" (không gây mụn).
2. **Thành phần dưỡng ẩm:** Hyaluronic acid, glycerin giúp da mềm mại, giảm bong tróc.
3. **Kết cấu lỏng nhẹ:** Kem lỏng, mousse hoặc BB cream tốt hơn kem đặc, tránh làm nặng da.
4. **Tránh cồn, hương liệu:** Các chất này có thể làm trầm trọng tình trạng viêm.
5. **Thử trước khi mua:** Thoa lên vùng da nhỏ để kiểm tra phản ứng.
"
Cách tạo makeup phong cách Toltec?,"Phong cách trang điểm Toltec lấy cảm hứng từ nghệ thuật và văn hóa của người Toltec cổ đại, tập trung vào sự mạnh mẽ và linh thiêng.

1.  **Da:** Sử dụng kem nền lì, màu trung tính, tạo lớp nền mịn màng.
2.  **Mắt:** Vẽ mắt mèo sắc sảo, đậm nét bằng eyeliner đen. Thêm bóng mắt màu đất, nâu hoặc vàng đồng.
3.  **Má:** Tạo khối nhẹ nhàng để nhấn sâu đường nét khuôn mặt.
4.  **Môi:** Sử dụng son môi màu đỏ đậm hoặc nâu gạch.
5.  **Điểm nhấn:** Vẽ họa tiết hình học hoặc biểu tượng Toltec nhỏ trên má hoặc trán bằng eyeliner đen hoặc body paint."
Tại sao cần dùng lip primer cho son neon?,"Chào bạn,

Son neon thường có xu hướng dễ lem, nhanh phai màu và dễ bị ""ăn"" vào da môi do sắc tố màu mạnh và kết cấu thường mỏng nhẹ. Lip primer đóng vai trò như một lớp nền hoàn hảo, giúp:

1. **Làm mịn bề mặt môi:** Tạo một lớp canvas đều màu, giúp son lên màu chuẩn và không bị vón cục.
2. **Khóa màu son:** Giúp son bám dính tốt hơn, hạn chế lem và tăng thời gian giữ màu.
3. **Ngăn ngừa son bị ""ăn"" vào da:** Tạo một hàng rào bảo vệ, giúp son giữ được sắc tố tươi sáng.

Vì vậy, dùng lip primer là bước không thể bỏ qua để có đôi môi hoàn hảo với son neon!
"
"Kỹ thuật ""twilight blush"" là gì?","Kỹ thuật ""twilight blush"" (phấn má hồng hoàng hôn) là xu hướng trang điểm má hồng đang được yêu thích, tạo hiệu ứng má ửng hồng tự nhiên như vừa trải qua một buổi chiều lãng mạn.

**Cách thực hiện:**

1.  **Chọn màu:** Sử dụng phấn má hồng màu hồng đào, cam đào hoặc tím hồng nhạt.
2.  **Đánh phấn:** Bắt đầu từ vùng thái dương, kéo dài về phía gò má và hòa trộn nhẹ xuống vùng cằm.
3.  **Tạo độ phai:** Đánh đậm nhất ở vùng gò má, sau đó giảm dần độ đậm về phía thái dương và cằm để tạo hiệu ứng ""tan"" tự nhiên.

Kỹ thuật này giúp khuôn mặt trông trẻ trung, tươi tắn và có chiều sâu hơn.
"
Làm sao chọn son cho makeup phong cách Outback hiện đại?,"Để chọn son cho makeup phong cách Outback hiện đại, hãy ưu tiên các màu nude, đào, hoặc cam đất. Những tông màu này phản ánh vẻ đẹp tự nhiên của sa mạc và phù hợp với đôi mắt được nhấn nhá bằng tông nâu ấm. Chất son nên là matte hoặc satin để tạo hiệu ứng môi lì tự nhiên, không quá bóng bẩy. Tránh các màu son quá sặc sỡ, sẽ làm mất đi sự tinh tế của phong cách này.
"
Cách làm sạch beauty blender sau khi dùng concealer?,"Chào bạn, việc vệ sinh beauty blender sau khi dùng concealer rất quan trọng để đảm bảo vệ sinh và kéo dài tuổi thọ của sản phẩm. Đây là các bước thực hiện:

1. **Rửa sạch:** Xả beauty blender dưới vòi nước ấm cho đến khi nước trong.
2. **Sử dụng chất tẩy rửa:** Cho một lượng nhỏ dầu tẩy trang hoặc xà phòng dịu nhẹ lên blender, nhẹ nhàng bóp và xoa đều.
3. **Xả lại:** Rửa sạch lại bằng nước ấm cho đến khi không còn bọt.
4. **Làm khô:** Vắt nhẹ nước và để khô tự nhiên ở nơi thoáng mát.

Việc vệ sinh thường xuyên giúp ngăn ngừa vi khuẩn phát triển và tránh làm hỏng lớp nền trong những lần sử dụng sau.
"
"Kỹ thuật ""scattered glow"" là gì?","Kỹ thuật ""scattered glow"" (tỏa sáng rải rác) là xu hướng trang điểm tạo hiệu ứng da căng bóng tự nhiên, khỏe mạnh, thay vì lớp nền hoàn hảo, mịn màng như búp bê. 

**Cách thực hiện:**
1.  **Dưỡng ẩm kỹ:** Bước này cực kỳ quan trọng để da có độ ẩm cần thiết.
2.  **Sử dụng highlight dạng lỏng/kem:** Thoa highlight lên các điểm cao như gò má, sống mũi, trán, cằm, và cả bầu mắt.
3.  **Tán đều:** Dùng mút hoặc ngón tay tán nhẹ nhàng để highlight hòa quyện với lớp nền, tạo hiệu ứng tỏa sáng từ bên trong.

Kỹ thuật này giúp khuôn mặt trông tươi tắn, sống động hơn.
"
Làm sao chọn mascara cho mi ngắn và cong?,"Để chọn mascara cho mi ngắn và cong, bạn nên ưu tiên các loại có công thức làm dày và cong mi. Mascara với đầu cọ nhỏ, gai lược dày giúp len lỏi và nâng từng sợi mi từ gốc đến ngọn. Màu đen hoặc nâu đậm sẽ tạo hiệu ứng mi dày hơn. Tránh các loại mascara quá ướt hoặc quá khô, vì chúng có thể làm mi bị vón cục hoặc không đủ độ cong.
"
Cách tạo makeup phong cách Achaemenid?,"Phong cách trang điểm Achaemenid (Ba Tư cổ đại) tập trung vào sự thanh lịch và đôi mắt sắc sảo.

1.  **Da:** Sử dụng kem nền sáng màu, mịn màng.
2.  **Mắt:** Vẽ mắt bằng kohl đen đậm, kéo dài và hơi nhọn ở đuôi mắt. Có thể nhấn nhá bằng phấn mắt màu xanh lam hoặc vàng kim.
3.  **Môi:** Sử dụng son môi màu đỏ san hô hoặc màu berry.
4.  **Má:** Phấn má hồng màu đào nhẹ nhàng.
5.  **Điểm nhấn:** Trang trí trán bằng họa tiết hoa lá nhỏ bằng kohl hoặc henna.

Phong cách này thể hiện sự quyền lực và vẻ đẹp quý phái của phụ nữ Ba Tư cổ đại.
"
Tại sao cần dùng primer màu xanh cho da đỏ?,"Primer màu xanh lá cây được sử dụng cho da đỏ vì nó hoạt động dựa trên nguyên tắc bù màu. Màu xanh lá cây là màu đối lập của màu đỏ trên vòng tròn màu sắc. Khi thoa primer xanh lá cây lên da, nó sẽ trung hòa các sắc tố đỏ, làm giảm mẩn đỏ do mụn, rosacea hoặc các vấn đề về da khác. Điều này tạo ra một bề mặt da đều màu hơn, giúp lớp nền sau đó bám tốt và trông tự nhiên hơn.
"
Làm sao chọn phấn mắt cho makeup phong cách Sahara hiện đại?,"Để chọn phấn mắt cho makeup phong cách Sahara hiện đại, hãy ưu tiên các tông màu đất ấm như cam đất, nâu gạch, đồng, và vàng cát. Bắt đầu với phấn màu sáng nhất tán đều bầu mắt, sau đó dùng màu trung bình để tạo chiều sâu cho hốc mắt. Cuối cùng, dùng màu đậm nhất nhấn vào đuôi mắt và hốc mắt để tạo độ sâu. Đừng quên blend kỹ để các màu hòa quyện tự nhiên, tạo hiệu ứng đôi mắt lấp lánh như sa mạc dưới ánh nắng.
"
"Cách tạo hiệu ứng môi ""sapphire lips""?","Để tạo hiệu ứng môi ""sapphire lips"" (môi ngọc bích), bạn cần:

1. **Che phủ môi:** Dùng kem che khuyết điểm để làm nền môi trắng sáng, giúp màu son lên chuẩn.
2. **Tạo ombre:** Sử dụng son môi màu xanh lam đậm ở viền môi, chuyển dần sang màu tím hoặc xanh lá cây ngọc bích ở trung tâm.
3. **Highlight:** Thêm chút highlight lấp lánh ở giữa môi để tạo hiệu ứng 3D và bắt sáng.
4. **Phủ lớp bóng:** Son bóng trong suốt giúp đôi môi căng mọng và hoàn thiện vẻ ngoài ""sapphire"".
"
"Kỹ thuật ""nebula blush"" là gì?","Nebula blush là kỹ thuật tạo khối má hồng đang thịnh hành, lấy cảm hứng từ vẻ đẹp của các tinh vân vũ trụ. Thay vì đánh má hồng tập trung một vùng, bạn sẽ thoa màu hồng đậm ở dưới gò má, sau đó nhẹ nhàng hòa trộn lên trên và ra phía thái dương, tạo hiệu ứng màu sắc loang lãng, mềm mại như sương mù. Kỹ thuật này giúp khuôn mặt trông trẻ trung, có chiều sâu và tự nhiên hơn.
"
Làm sao chọn kem nền cho da có nốt ruồi lớn?,"Để chọn kem nền cho da có nốt ruồi lớn, bạn nên ưu tiên độ che phủ vừa đến cao. Đầu tiên, hãy chọn kem nền có kết cấu lỏng nhẹ, dễ tán đều để tránh làm nổi bật nốt ruồi. Sau đó, dùng cọ che khuyết điểm nhỏ để ""che phủ"" nốt ruồi bằng kem nền, tán nhẹ nhàng ra xung quanh. Cuối cùng, phủ một lớp phấn mỏng để cố định lớp nền và giúp nốt ruồi hòa quyện với da.
"
Cách tạo makeup phong cách Mixtec?,"Phong cách trang điểm Mixtec lấy cảm hứng từ nghệ thuật và văn hóa của người Mixtec cổ đại ở Mexico, tập trung vào sự tương phản mạnh mẽ và họa tiết hình học.

**Các bước thực hiện:**

1.  **Nền:** Sử dụng kem nền lì, che khuyết điểm để tạo lớp nền hoàn hảo.
2.  **Mắt:** Vẽ đường kẻ mắt đen đậm, kéo dài và sắc sảo. Sử dụng phấn mắt màu đất, nâu hoặc đỏ để tạo chiều sâu.
3.  **Má:** Tạo khối và highlight để đường nét khuôn mặt rõ ràng.
4.  **Môi:** Sử dụng son môi màu đậm như đỏ, burgundy hoặc nâu.
5.  **Điểm nhấn:** Vẽ các họa tiết hình học (tam giác, đường thẳng, hình vuông) bằng eyeliner đen hoặc màu sắc nổi bật lên má, trán hoặc cằm.

"
Tại sao cần thử phấn phủ ở vùng trán?,"Chào bạn, việc thử phấn phủ ở vùng trán là rất quan trọng để đảm bảo phấn phù hợp với tông da và loại da của bạn. Trán thường dễ đổ dầu hơn các vùng khác trên mặt, nên việc thử phấn phủ ở đây giúp bạn kiểm tra khả năng kiểm soát dầu và độ bám của phấn. Nếu phấn bám tốt, không gây bí bách hay vón cục, thì đó là lựa chọn phù hợp.
"
"Kỹ thuật ""galaxy blush"" là gì?","Kỹ thuật ""galaxy blush"" là xu hướng trang điểm má hồng đang được yêu thích, tạo hiệu ứng má ửng hồng tự nhiên như dải ngân hà.

**Cách thực hiện:**

1.  **Chọn phấn má hồng:** Ưu tiên các màu hồng đào, tím hồng, hoặc cam đào có ánh nhũ.
2.  **Đánh phấn:** Bắt đầu từ vùng thái dương, đánh nhẹ nhàng theo đường xương gò má, kéo dài về phía đuôi mắt và hòa trộn xuống má.
3.  **Tạo điểm nhấn:** Thêm một chút phấn nhũ ở gò má để tăng hiệu ứng lấp lánh.

Kỹ thuật này giúp khuôn mặt trông trẻ trung, tươi tắn và có chiều sâu hơn.
"
Làm sao chọn son cho makeup phong cách Arctic hiện đại?,"Để chọn son cho makeup phong cách Arctic hiện đại, bạn nên ưu tiên các tông màu lạnh và trầm. Các màu như hồng đào lạnh, tím berry, hoặc nude ánh xám sẽ rất hợp. Chất son nên chọn là matte hoặc satin để tạo hiệu ứng lì, hiện đại. Tránh các màu quá tươi sáng hoặc bóng bẩy, vì chúng sẽ làm mất đi vẻ đẹp lạnh lùng, tinh tế của phong cách Arctic.
"
Cách làm sạch cọ sau khi dùng phấn mắt nhũ dạng kem?,"Chào bạn, việc làm sạch cọ sau khi dùng phấn mắt nhũ dạng kem rất quan trọng để đảm bảo vệ sinh và kéo dài tuổi thọ cọ. Đây là các bước thực hiện:

1. **Loại bỏ phấn thừa:** Dùng khăn giấy hoặc miếng bông gòn lau nhẹ nhàng để loại bỏ lượng phấn mắt thừa.
2. **Sử dụng dung dịch chuyên dụng:** Đổ một lượng nhỏ dung dịch làm sạch cọ chuyên dụng lên lòng bàn tay.
3. **Vệ sinh cọ:** Nhúng đầu cọ vào dung dịch, xoay nhẹ nhàng để loại bỏ hoàn toàn phấn mắt.
4. **Rửa sạch:** Rửa cọ dưới nước ấm cho đến khi nước trong.
5. **Làm khô:** Vắt nhẹ nước và để cọ khô tự nhiên, đầu cọ hướng xuống dưới.

Việc dùng dung dịch chuyên dụng giúp làm sạch sâu và không làm hỏng sợi cọ.
"
"Kỹ thuật ""prism glow"" là gì?","Kỹ thuật ""prism glow"" (tỏa sáng lăng kính) là xu hướng trang điểm tạo hiệu ứng da căng bóng, phản xạ ánh sáng đa chiều như một viên pha lê. 

**Cách thực hiện:**

1.  **Dưỡng ẩm:** Bước quan trọng nhất, đảm bảo da đủ ẩm mọng.
2.  **Highlight:** Thoa highlight dạng lỏng hoặc kem ở những điểm cao như gò má, sống mũi, nhân trung, khóe mắt.
3.  **Phấn highlight:** Khóa lớp highlight bằng phấn highlight nhũ mịn.

Kỹ thuật này giúp khuôn mặt trông tươi tắn, sống động và có chiều sâu hơn.
"
Làm sao chọn mascara cho mi thưa và thẳng?,"Để chọn mascara cho mi thưa và thẳng, bạn nên ưu tiên các loại có công thức dày mi và làm cong mi. Mascara có chứa sợi fiber (sợi tơ) sẽ giúp tăng độ dày cho mi. Chọn loại đầu cọ nhỏ, có nhiều gai để dễ dàng len lỏi và phủ đều từng sợi mi, đặc biệt là những sợi mi thưa. Mascara chống thấm nước cũng giúp giữ cong mi lâu hơn.
"
Cách tạo makeup phong cách Elamite?,"Phong cách trang điểm Elamite lấy cảm hứng từ vẻ đẹp cổ đại, tập trung vào đôi mắt sắc sảo và làn da mịn màng.

1.  **Chuẩn bị da:** Dưỡng ẩm kỹ lưỡng để có làn da căng bóng.
2.  **Mắt:** Sử dụng phấn mắt màu đất, đồng hoặc vàng. Kẻ mắt đen đậm, kéo dài và hơi góc cạnh.
3.  **Da:** Đánh nền nhẹ nhàng, tập trung vào sự tự nhiên. Sử dụng phấn má hồng màu đào hoặc hồng san hô.
4.  **Môi:** Tô son màu nude hoặc màu berry trầm.

Phong cách này nhấn mạnh sự mạnh mẽ và bí ẩn, phù hợp với những ai yêu thích vẻ đẹp cổ điển.
"
Tại sao cần dùng setting spray trước khi thoa nền?,"Chào bạn,

Việc sử dụng setting spray trước khi thoa nền giúp tạo một lớp màng bảo vệ, làm mịn bề mặt da và khóa ẩm. Điều này giúp nền bám tốt hơn, hạn chế tình trạng cakey (mốc da) hoặc nền bị vón cục. Setting spray cũng giúp kiểm soát dầu thừa, kéo dài thời gian bền màu của lớp nền, đặc biệt là với những loại nền có độ che phủ cao hoặc da dầu.
"
Làm sao chọn phấn mắt cho makeup phong cách Amazon hiện đại?,"Để chọn phấn mắt cho makeup phong cách Amazon hiện đại, bạn nên ưu tiên các tông màu đất, màu lá cây đậm, nâu đồng, và vàng đồng. Những màu này gợi nhớ đến rừng nhiệt đới và sự mạnh mẽ của các nữ chiến binh Amazon. 

Bạn có thể chọn phấn mắt có kết cấu lì hoặc nhũ nhẹ để tạo chiều sâu cho đôi mắt. Đừng ngại kết hợp nhiều màu sắc để tạo hiệu ứng ombre ấn tượng, tập trung đánh đậm ở hốc mắt và tán đều ra ngoài.
"
"Cách tạo hiệu ứng môi ""amethyst lips""?","Để tạo hiệu ứng ""amethyst lips"" (môi tím thạch anh), bạn cần:

1. **Chuẩn bị:** Dưỡng ẩm môi.
2. **Base:** Sử dụng son lót môi để màu son bám tốt hơn.
3. **Son:** Chọn son màu tím lavender hoặc tím lilac. Bạn có thể mix son hồng và son tím để tạo màu ưng ý.
4. **Highlight:** Thêm chút highlight ở lòng môi để đôi môi căng mọng.
5. **Hoàn thiện:** Dùng khăn giấy thấm bớt để son tự nhiên hơn.
"
"Kỹ thuật ""mystic blush"" là gì?","Kỹ thuật ""mystic blush"" (hay còn gọi là ""sun-kissed blush"") là xu hướng trang điểm má hồng đang được yêu thích. Thay vì đánh má hồng tập trung ở gò má, bạn đánh nhẹ nhàng, lan rộng lên vùng mũi và thái dương, tạo hiệu ứng ửng hồng tự nhiên như vừa tắm nắng. 

**Cách thực hiện:**
1. Chọn má hồng kem hoặc lỏng.
2. Đánh nhẹ lên gò má, sau đó dùng cọ hoặc ngón tay tán đều lên mũi và thái dương.
3. Đảm bảo màu sắc hòa quyện tự nhiên, không có đường viền rõ ràng.

Kỹ thuật này giúp khuôn mặt trông khỏe khoắn, tươi tắn và có chiều sâu hơn.
"
Làm sao chọn kem nền cho da có vết cháy nắng?,"Chào bạn, việc chọn kem nền cho da bị cháy nắng cần sự cẩn thận. Đầu tiên, ưu tiên kem nền có độ che phủ vừa phải, tránh loại quá dày gây bí bách. Chọn tông màu sáng hơn một chút so với da thường để trung hòa sắc tố đỏ. Quan trọng nhất, tìm sản phẩm có thành phần dưỡng ẩm, làm dịu da như lô hội, vitamin E. Tránh các thành phần gây kích ứng như cồn, hương liệu. Cuối cùng, luôn dùng kem chống nắng sau khi trang điểm nhé!
"
Cách tạo makeup phong cách Aksumite?,"Phong cách trang điểm Aksumite lấy cảm hứng từ nữ hoàng Sheba, nhấn mạnh vào đôi mắt sắc sảo và làn da khỏe khoắn.

1.  **Nền:** Sử dụng kem nền lì, màu trung tính, phù hợp tông da.
2.  **Mắt:** Vẽ mắt mèo đậm, kéo dài, sử dụng eyeliner đen. Thêm bóng mắt màu vàng đồng hoặc nâu ấm.
3.  **Má:** Sử dụng phấn má hồng màu đào hoặc cam đất để tạo vẻ ấm áp.
4.  **Môi:** Tô son màu nude hoặc đỏ gạch.

Lý do: Phong cách này tôn vinh vẻ đẹp tự nhiên, quyền lực và sự sang trọng của phụ nữ Aksumite.
"
"Kỹ thuật ""iridescent blush"" tạo má hồng như thế nào?","Kỹ thuật ""iridescent blush"" (má hồng ngọc trai) tạo hiệu ứng má ửng hồng tự nhiên, căng bóng nhờ ánh ngọc trai.

**Cách thực hiện:**

1.  **Chọn phấn:** Chọn phấn má hồng có chứa các hạt ngọc trai hoặc shimmer mịn.
2.  **Đánh lớp nền:** Đánh lớp nền nhẹ nhàng, ẩm mịn.
3.  **Đánh phấn:** Mỉm cười, đánh phấn lên gò má cao nhất, tập trung vào vùng xương má.
4.  **Tán đều:** Tán nhẹ nhàng để phấn hòa quyện với da, tránh đường viền sắc nét.

Kỹ thuật này phù hợp với các cô nàng thích phong cách trang điểm tự nhiên, glowy."
Làm sao chọn kem nền cho da có bệnh vẩy nến nặng?,"Chào bạn, chọn kem nền cho da vẩy nến nặng cần sự cẩn trọng. Ưu tiên các sản phẩm:

1.  **Không chứa hương liệu, cồn, và chất gây kích ứng:** Giảm thiểu tối đa nguy cơ làm trầm trọng tình trạng vẩy nến.
2.  **Dưỡng ẩm cao:** Cung cấp độ ẩm cần thiết, làm mềm da và giảm bong tróc.
3.  **Chất kem lỏng nhẹ, dễ tán:** Tránh làm ma sát, gây tổn thương da.
4.  **Thử nghiệm trên vùng da nhỏ:** Đảm bảo không gây phản ứng trước khi dùng toàn mặt.

Các dòng kem nền khoáng hoặc dành cho da nhạy cảm thường là lựa chọn tốt.
"
Tại sao cần dùng lip peeling trước son siêu lì?,"Chào bạn,

Lip peeling (tẩy tế bào chết môi) là bước quan trọng trước khi dùng son siêu lì vì son siêu lì có xu hướng bám chặt vào các tế bào chết trên môi, khiến môi dễ bị khô bong tróc, lộ vân môi và son dễ bị mốc. 

Tẩy tế bào chết giúp loại bỏ lớp da chết, làm mềm môi, giúp son lên màu chuẩn hơn, bám dính tốt hơn và giữ được lâu hơn. Bạn có thể dùng các sản phẩm tẩy tế bào chết môi chuyên dụng hoặc tự chế từ đường và mật ong.
"
Cách tạo makeup phong cách Urartian cổ đại?,"Phong cách trang điểm Urartian cổ đại tập trung vào đôi mắt sắc sảo và đôi môi đậm.

1.  **Da:** Sử dụng kem nền sáng màu để tạo vẻ ngoài mịn màng, không tì vết.
2.  **Mắt:** Vẽ đường kẻ mắt dày, đậm bằng kohl đen, kéo dài vượt quá đuôi mắt. Thoa phấn mắt màu xanh lam hoặc xanh lục trên bầu mắt.
3.  **Môi:** Tô son môi đỏ đậm hoặc màu mận.
4.  **Má:** Sử dụng phấn má hồng màu hồng đào nhẹ nhàng.

Phong cách này thể hiện sự mạnh mẽ và quyền lực của phụ nữ Urartian.
"
"Kỹ thuật ""meteor eyes"" là gì?","""Meteor eyes"" (mắt sao băng) là kỹ thuật trang điểm mắt tạo hiệu ứng lấp lánh, tỏa sáng như những vệt sao băng. Đầu tiên, bạn đánh phấn mắt màu tối ở hốc mắt. Sau đó, dùng cọ nhỏ tán phấn nhũ lấp lánh (glitter) màu sáng, tập trung vào giữa bầu mắt và đuôi mắt, kéo dài về phía thái dương. Kỹ thuật này giúp đôi mắt trông sâu hơn, thu hút và tạo điểm nhấn ấn tượng cho tổng thể makeup.
"
Làm sao chọn mascara cho mi dễ gãy?,"Chào bạn, với mi dễ gãy, việc chọn mascara cần sự cẩn thận. Hãy ưu tiên các loại mascara có chứa thành phần dưỡng mi như vitamin E, dầu argan hoặc sáp ong. Chọn công thức ""volumizing"" (tạo độ dày) thay vì ""lengthening"" (kéo dài) vì mi dày sẽ khỏe hơn. Quan trọng nhất, hãy chọn mascara dễ tẩy trang để tránh làm mi bị rụng khi loại bỏ. Cuối cùng, tránh chải mascara quá nhiều lớp.
"
Cách khắc phục phấn mắt bị loang khi trời ẩm ướt?,"Chào bạn, phấn mắt bị loang khi trời ẩm ướt là tình trạng phổ biến. Để khắc phục, bạn cần:

1. **Sử dụng primer mắt:** Tạo lớp nền khô thoáng, giúp phấn bám dính hơn.
2. **Chọn phấn mắt chất lượng:** Ưu tiên phấn mắt chống thấm nước hoặc có kết cấu lì.
3. **Thấm dầu:** Dùng giấy thấm dầu loại bỏ dầu thừa trên bầu mắt trước khi đánh phấn.
4. **Đánh phấn mắt theo lớp mỏng:** Tránh đánh quá dày, dễ bị loang.
5. **Sử dụng mascara chống thấm nước:** Hoàn thiện để cả hàng mi cũng được bảo vệ.
"
"Kỹ thuật ""golden dew"" tạo da thế nào?","Kỹ thuật ""golden dew"" (làn da óng ánh vàng) tập trung vào việc tạo hiệu ứng da ẩm mượt, căng bóng tự nhiên như được ""tưới sương"". 

**Các bước thực hiện:**

1.  **Dưỡng ẩm kỹ:** Sử dụng serum, kem dưỡng ẩm giàu hyaluronic acid.
2.  **Trang điểm nền mỏng nhẹ:** Ưu tiên cushion, BB cream thay phấn nền dày.
3.  **Highlight dạng lỏng/kem:** Thoa highlight lên các điểm cao như gò má, sống mũi, nhân trung.
4.  **Xịt khóa:** Xịt khóa để các lớp makeup hòa quyện, tăng độ bóng khỏe.

Mục đích là để ánh sáng phản chiếu, tạo cảm giác da căng mọng, khỏe mạnh.
"
Làm sao tạo makeup phong cách Zapotec hiện đại?,"Phong cách Zapotec hiện đại lấy cảm hứng từ nghệ thuật và văn hóa của người Zapotec cổ đại ở Mexico. Để tạo phong cách này, hãy bắt đầu với lớp nền hoàn hảo, sau đó tập trung vào đôi mắt. Sử dụng phấn mắt màu đất, cam đất hoặc đỏ gạch, vẽ mắt mèo sắc sảo và nhấn nhá bằng đường kẻ mắt màu đậm. Đừng quên sử dụng má hồng màu đào hoặc cam để tạo vẻ tươi tắn. Son môi màu nude hoặc đỏ cam sẽ hoàn thiện vẻ ngoài này.
"
Tại sao cần dùng kem dưỡng ẩm trước primer?,"Chào bạn,

Việc sử dụng kem dưỡng ẩm trước primer là bước cực kỳ quan trọng trong quy trình trang điểm. Da cần được cung cấp đủ độ ẩm để primer có thể phát huy tối đa hiệu quả làm mịn da, che phủ lỗ chân lông và giúp lớp nền bám tốt hơn. Nếu da khô, primer sẽ dễ bị vón cục, lộ vân texture và không đều màu. Kem dưỡng ẩm tạo một lớp nền mềm mại, giúp primer dễ dàng tán đều và ""khóa"" độ ẩm cho da suốt cả ngày.
"
Cách chọn son cho makeup phong cách Fiji?,"Để chọn son cho makeup phong cách Fiji (tự nhiên, glowy, khỏe khoắn), bạn nên ưu tiên các màu son nude, hồng đào, cam san hô hoặc màu berry nhạt. Chất son nên là son tint, son balm hoặc son kem lì nhẹ để tạo hiệu ứng môi căng mọng, tự nhiên như vừa ăn trái cây. Tránh các màu son quá đậm hoặc quá bóng, vì sẽ làm mất đi vẻ tươi trẻ, thư giãn của phong cách Fiji.
"
Làm sao chọn cọ cho phấn tạo khối dạng gel?,"Để chọn cọ phù hợp với phấn tạo khối dạng gel, bạn nên ưu tiên cọ đầu vát xéo, lông mềm mại và dày dặn. Cọ vát xéo giúp bạn dễ dàng xác định đường tạo khối, còn lông mềm mại đảm bảo phấn blend đều, không bị vón cục. Lông dày dặn giúp lấy và giữ lượng phấn vừa đủ, kiểm soát tốt hơn khi tán. Chất liệu lông tổng hợp là lựa chọn tốt vì dễ vệ sinh và không gây kích ứng.
"
"Cách tạo hiệu ứng môi ""silk lips""?","Để tạo hiệu ứng ""silk lips"" (môi lụa), bạn cần chuẩn bị son dưỡng, son kem lì và phấn bắt sáng.

1.  **Dưỡng ẩm:** Thoa son dưỡng để môi mềm mịn.
2.  **Son kem:** Đánh lớp son kem lì mỏng, tập trung vào lòng môi và tán đều.
3.  **Highlight:** Dùng cọ nhỏ đánh phấn bắt sáng ở giữa môi dưới, tạo hiệu ứng căng mọng.
4.  **Hoàn thiện:** Thoa nhẹ son dưỡng không màu để môi bóng mượt tự nhiên.

Hiệu ứng này giúp môi trông đầy đặn, căng mọng như lụa.
"
"Kỹ thuật ""pearl blush"" tạo má hồng ra sao?","Kỹ thuật ""pearl blush"" (má hồng ngọc trai) tạo hiệu ứng má ửng hồng tự nhiên, căng bóng như ngọc trai.

**Các bước thực hiện:**

1.  **Chọn phấn má:** Ưu tiên phấn má hồng có ánh ngọc trai hoặc shimmer mịn.
2.  **Đánh phấn:** Thay vì đánh lên gò má, bạn đánh phấn lên điểm cao nhất của gò má, hướng về thái dương.
3.  **Tán đều:** Dùng cọ tán nhẹ nhàng, hòa quyện phấn với da, tạo hiệu ứng glow tự nhiên.

**Lý do:** Vị trí đánh và chất phấn giúp bắt sáng, tạo chiều sâu và vẻ tươi tắn cho khuôn mặt.
"
Làm sao chọn kem nền cho da có vết đỏ do dị ứng?,"Chào bạn, với da bị đỏ do dị ứng, việc chọn kem nền cần đặc biệt chú ý.

**Bước 1:** Ưu tiên kem nền có chứa thành phần làm dịu da như lô hội, trà xanh.
**Bước 2:** Chọn màu kem nền có tông màu vàng hoặc olive để trung hòa sắc đỏ. Tránh màu hồng hoặc cam.
**Bước 3:** Chất kem nền nên là loại mỏng nhẹ, không gây bí da, tốt nhất là dạng kem lỏng hoặc cushion.
**Lý do:** Da dị ứng vốn nhạy cảm, cần tránh các sản phẩm gây kích ứng hoặc làm tình trạng đỏ thêm tồi tệ.
"
Cách tạo makeup phong cách Hittite?,"Phong cách trang điểm Hittite, lấy cảm hứng từ hình tượng phụ nữ thời cổ đại, tập trung vào sự mạnh mẽ và quyền lực.

**Các bước thực hiện:**

1.  **Da:** Sử dụng kem nền lì, che khuyết điểm kỹ lưỡng để có làn da hoàn hảo.
2.  **Mắt:** Vẽ mắt mèo sắc sảo, kéo dài, sử dụng phấn mắt màu tối như nâu, đen.
3.  **Má:** Tạo khối góc cạnh, nhấn cao gò má để khuôn mặt trông thon gọn, mạnh mẽ.
4.  **Môi:** Sử dụng son môi màu đậm, trầm như đỏ burgundy hoặc nâu đất.

**Lý do:** Phong cách này nhấn mạnh đường nét góc cạnh, thể hiện sự tự tin và quyền lực của người phụ nữ.
"
Tại sao cần thử concealer ở vùng dưới cằm?,"Thử concealer ở vùng dưới cằm là một mẹo nhỏ nhưng hiệu quả để đảm bảo màu sắc hòa hợp với da cổ và không tạo đường viền rõ rệt. Da mặt thường sáng hơn da cổ, việc thử concealer ở dưới cằm giúp bạn chọn được tông màu phù hợp, tránh tình trạng da mặt bị ""lệch tông"" so với cổ khi nhìn nghiêng hoặc dưới ánh sáng tự nhiên. Điều này giúp lớp trang điểm trông tự nhiên và liền mạch hơn.
"
"Kỹ thuật ""smoky dew"" là gì?","Kỹ thuật ""smoky dew"" là sự kết hợp giữa đôi mắt smoky quyến rũ và làn da căng bóng tự nhiên. Đầu tiên, bạn thực hiện trang điểm mắt smoky với tông màu tối, blend kỹ để tạo chiều sâu. Sau đó, thay vì dùng phấn phủ, hãy tập trung vào dưỡng ẩm và highlight da bằng kem dưỡng ẩm, serum hoặc xịt khoáng. Cuối cùng, dùng highlighter lỏng hoặc kem highlight thoa lên vùng gò má, sống mũi, trán và cằm để tạo hiệu ứng ""dewy"" (sương mai) căng bóng. Kỹ thuật này giúp cân bằng giữa sự mạnh mẽ của mắt smoky và vẻ tươi trẻ của làn da.
"
Làm sao chọn son cho makeup phong cách Bali hiện đại?,"Để chọn son cho makeup phong cách Bali hiện đại, bạn nên ưu tiên các màu son tự nhiên, gợi cảm. 

**Bước 1:** Chọn màu nude đào, hồng san hô hoặc cam đất. Những màu này tôn da, tạo cảm giác khỏe khoắn, phù hợp với không khí nhiệt đới.
**Bước 2:** Chất son nên là lì hoặc bán lì để giữ màu lâu và không quá bóng.
**Bước 3:** Nếu muốn nổi bật, có thể dùng son màu đỏ gạch, nhưng cần cân đối với phần makeup mắt để tránh quá lòe loẹt.
"
Cách làm sạch cọ sau khi dùng phấn mắt nhũ lỏng?,"Chào bạn, việc làm sạch cọ sau khi dùng phấn mắt nhũ lỏng rất quan trọng để đảm bảo vệ sinh và độ bền của cọ. Đây là các bước thực hiện:

1. **Loại bỏ phấn thừa:** Gõ nhẹ cọ lên tay hoặc khăn giấy để loại bỏ phấn mắt thừa.
2. **Sử dụng dung dịch chuyên dụng:** Đổ một lượng nhỏ dung dịch làm sạch cọ (hoặc dầu dừa/dầu olive) lên lòng bàn tay.
3. **Làm sạch cọ:** Nhúng đầu cọ vào dung dịch, xoay nhẹ nhàng để loại bỏ hết phấn.
4. **Rửa lại với nước ấm:** Rửa cọ dưới vòi nước ấm cho đến khi nước trong.
5. **Làm khô:** Vắt nhẹ nước và để cọ khô tự nhiên, đầu lông hướng xuống dưới.
"
"Kỹ thuật ""dewy sculpt"" tạo khối thế nào?","Kỹ thuật ""dewy sculpt"" tạo khối tập trung vào việc tạo chiều sâu khuôn mặt một cách tự nhiên, căng bóng chứ không sắc nét.

**Bước 1:** Dùng kem highlight dạng lỏng hoặc kem nền sáng hơn 1-2 tông đánh lên vùng chữ T (trán, sống mũi, cằm) và gò má trên.
**Bước 2:** Sử dụng kem contour (màu tối hơn da) dạng kem, tán nhẹ nhàng dưới gò má, hai bên thái dương và đường viền hàm.
**Bước 3:** Đánh phấn highlight dạng bột lên trên cùng highlight kem để tăng độ bắt sáng.
**Lý do:** Highlight tạo độ căng bóng, contour tạo chiều sâu, kết hợp giúp khuôn mặt có đường nét mà vẫn tự nhiên.
"
Làm sao chọn mascara cho makeup phong cách cosplay?,"Để chọn mascara cho makeup cosplay, bạn cần cân nhắc đến yêu cầu của nhân vật.

1. **Hiệu ứng:** Muốn mắt to tròn, hãy chọn mascara dày và cong mi. Nếu cần mắt sắc sảo, mascara làm dài mi là lựa chọn tốt.
2. **Màu sắc:** Mascara đen là phổ biến, nhưng đừng ngại thử màu sắc khác như nâu, xanh, hoặc thậm chí trắng để phù hợp với nhân vật.
3. **Chất lượng:** Ưu tiên mascara không lem, không vón cục để đảm bảo lớp makeup bền đẹp suốt sự kiện.
4. **Chống thấm nước:** Cosplay thường đòi hỏi vận động, nên mascara chống thấm nước là lựa chọn an toàn.
"
Cách tạo makeup phong cách Rococo hiện đại?,"Phong cách Rococo hiện đại tập trung vào sự nữ tính, mềm mại và chút nổi loạn.

1.  **Da:** Nền mịn lì, má ửng hồng đào tự nhiên, nhấn highlight cầu kỳ ở gò má, sống mũi, trán.
2.  **Mắt:** Phấn mắt pastel (hồng, tím lavender), vẽ eyeliner mảnh, có thể thêm đá hoặc ngọc trai nhỏ.
3.  **Môi:** Son hồng baby hoặc đỏ san hô, đánh lòng môi để tạo hiệu ứng mọng.
4.  **Điểm nhấn:** Thêm nốt ruồi giả hoặc vẽ hoa lá nhỏ quanh mắt để tăng vẻ kiêu kỳ.

Lý do: Rococo cổ điển cầu kỳ, phiên bản hiện đại lược bỏ chi tiết rườm rà, giữ nét thanh lịch.
"
Tại sao cần dùng blotting paper trước khi dặm phấn phủ?,"Chào bạn,

Trước khi dặm phấn phủ, dùng blotting paper (giấy thấm dầu) là bước quan trọng để đảm bảo lớp trang điểm bền đẹp. Blotting paper giúp loại bỏ lượng dầu thừa trên da, giúp phấn phủ bám tốt hơn, tránh tình trạng vón cục hoặc làm lớp nền bị dày, bí da. Nếu không thấm dầu, phấn phủ sẽ ""ăn"" vào dầu, khiến da nhanh bóng nhờn trở lại và lớp trang điểm dễ bị trôi.
"
Làm sao chọn phấn mắt cho mắt xanh lam?,"Để chọn phấn mắt cho mắt xanh lam, bạn nên ưu tiên các tông màu ấm. Màu đồng, vàng đồng, cam đất, hoặc nâu đào sẽ làm nổi bật màu xanh của mắt và tạo sự tương phản đẹp mắt. Tránh các màu xanh lam hoặc tím quá đậm vì có thể khiến mắt trông xỉn màu. Bạn có thể thử kết hợp nhiều màu trong cùng một tông để tạo chiều sâu cho đôi mắt.
"
"Kỹ thuật ""crystal blush"" là gì?","Kỹ thuật ""crystal blush"" (hay còn gọi là ""glass skin blush"") là xu hướng trang điểm má hồng đang được yêu thích trên mạng xã hội. Thay vì đánh má hồng theo vùng, bạn đánh một lượng nhỏ sản phẩm lỏng hoặc kem lên vùng cao nhất của gò má, gần thái dương. 

Sau đó, dùng mút tán nhẹ nhàng, kéo dài sản phẩm về phía đuôi mắt, tạo hiệu ứng má ửng hồng tự nhiên, trong trẻo như pha lê. Kỹ thuật này giúp khuôn mặt trông tươi tắn, khỏe khoắn và có chiều sâu hơn.
"
Làm sao tạo makeup phong cách Kamakura Nhật Bản?,"Phong cách trang điểm Kamakura (鎌倉メイク) của Nhật Bản tập trung vào vẻ đẹp tự nhiên, thanh lịch và đôi chút cổ điển.

1.  **Da:** Ưu tiên lớp nền mỏng nhẹ, trong suốt, che phủ vừa phải để giữ vẻ tự nhiên.
2.  **Mắt:** Phấn mắt màu đất, nâu nhạt tán đều. Kẻ mắt mảnh, hơi cong nhẹ ở đuôi.
3.  **Má:** Sử dụng má hồng màu đào hoặc hồng san hô, đánh nhẹ nhàng để tạo vẻ ửng hồng tự nhiên.
4.  **Môi:** Son môi màu hồng đào hoặc cam đất, đánh lòng môi để tạo hiệu ứng mềm mại.

Điểm nhấn là sự hài hòa, không quá cầu kỳ, giúp tôn lên vẻ đẹp thanh tú của khuôn mặt.
"
Cách chọn son cho môi dày trong makeup ban ngày?,"Với môi dày, khi trang điểm ban ngày, bạn nên ưu tiên các màu son tự nhiên, tươi tắn để tránh ""đọ"" với độ dày của môi.

**Bước 1:** Chọn màu son nude, hồng đào, cam san hô hoặc các màu berry nhạt.
**Bước 2:** Chất son nên là matte hoặc satin, tránh bóng quá nhiều vì sẽ làm môi trông to hơn.
**Bước 3:** Đánh son đều tay, có thể dùng cọ để kiểm soát lượng son và tạo đường viền sắc nét.
**Lý do:** Màu sắc nhẹ nhàng giúp cân bằng tỉ lệ khuôn mặt, còn chất son lì giúp môi trông gọn gàng hơn.
"
"Kỹ thuật ""puppy wing"" khác gì cat wing?","Chào bạn,

""Puppy wing"" và ""cat eye"" đều là kỹ thuật kẻ mắt tạo hình, nhưng khác biệt ở độ sắc sảo và góc độ. ""Cat eye"" tạo đường kẻ mắt sắc lẹm, kéo dài và hướng lên trên, mang vẻ ngoài quyến rũ, mạnh mẽ. Ngược lại, ""puppy wing"" mềm mại hơn, đường kẻ mắt ngắn, tròn trịa và hướng xuống nhẹ, tạo đôi mắt to tròn, ngây thơ như mắt cún con. ""Puppy wing"" phù hợp với mọi hình dáng mắt, đặc biệt là mắt nhỏ và mắt một mí.
"
Làm sao chọn cọ cho phấn mắt dạng mousse?,"Để chọn cọ phù hợp với phấn mắt dạng mousse, bạn nên ưu tiên các loại cọ đầu bằng, nhỏ và dẹt. Chất liệu lông cọ nên là sợi tổng hợp (synthetic) vì mousse dễ bám vào lông tự nhiên. Cọ đầu bằng giúp tán đều mousse lên bầu mắt, còn kích thước nhỏ giúp kiểm soát lượng sản phẩm và tạo các đường nét chính xác. Đảm bảo cọ mềm mại để không gây kích ứng da mắt.
"
"Cách tạo hiệu ứng môi ""velvet rose lips""?","Để tạo hiệu ứng ""velvet rose lips"" (môi hồng nhung), bạn cần:

1. **Tẩy tế bào chết môi:** Giúp môi mềm mịn, son lên chuẩn màu.
2. **Dưỡng ẩm:** Sử dụng son dưỡng để môi không bị khô.
3. **Kẻ viền môi:** Chọn màu tiệp với son, giúp môi rõ nét.
4. **Tô son:** Chọn son hồng đất hoặc hồng baby có chất lì (matte) hoặc velvet. Tô lớp mỏng, dùng cọ tán đều.
5. **Tạo hiệu ứng ombre (tùy chọn):** Tô đậm hơn ở lòng môi.
"
"Kỹ thuật ""luminous dew"" tạo da thế nào?","Kỹ thuật ""luminous dew"" (da căng bóng tự nhiên) tập trung vào việc tạo hiệu ứng da ẩm mọng, khỏe mạnh từ bên trong. 

**Các bước thực hiện:**

1.  **Dưỡng ẩm kỹ:** Sử dụng serum, kem dưỡng ẩm phù hợp.
2.  **Trang điểm nhẹ nhàng:** Chọn foundation/BB cream mỏng nhẹ, độ che phủ thấp.
3.  **Highlight:** Tập trung highlight ở gò má, sống mũi, trán, cằm.
4.  **Xịt khóa:** Xịt khóa dạng sương mù giúp lớp trang điểm hòa quyện, tăng độ bóng.

**Lý do:** Kỹ thuật này ưu tiên độ ẩm và ánh sáng phản xạ, thay vì che phủ hoàn toàn, giúp da trông tự nhiên, căng mọng.
"
Làm sao chọn kem nền cho da dầu trong khí hậu lạnh khô?,"Chào bạn, chọn kem nền cho da dầu trong khí hậu lạnh khô cần cân bằng giữa kiểm soát dầu và dưỡng ẩm. 

**Bước 1:** Ưu tiên kem nền có kết cấu nhẹ, lỏng hoặc dạng mousse, tránh kem đặc gây bí bách.
**Bước 2:** Tìm các thành phần dưỡng ẩm như hyaluronic acid, glycerin để chống khô da.
**Bước 3:** Chọn loại có chỉ số SPF để bảo vệ da khỏi tác hại của ánh nắng (dù trời lạnh).
**Bước 4:** Ưu tiên công thức ""oil-free"" hoặc ""non-comedogenic"" để không làm tắc nghẽn lỗ chân lông.
"
Cách tạo makeup phong cách Iceni?,"Phong cách Iceni lấy cảm hứng từ chiến binh Celt cổ đại, nhấn mạnh sự mạnh mẽ và hoang dã.

1.  **Da:** Sử dụng kem nền lì, che phủ hoàn toàn, tạo lớp nền hoàn hảo.
2.  **Mắt:** Vẽ mắt mèo sắc sảo bằng eyeliner đen, kéo dài và nhọn. Thêm chút nhũ vàng hoặc đồng ở khóe mắt.
3.  **Má:** Tạo khối góc cạnh, cao để khuôn mặt trông sắc sảo hơn.
4.  **Môi:** Son đỏ đậm hoặc burgundy, đánh kỹ để môi trông đầy đặn.
5.  **Điểm nhấn:** Vẽ họa tiết hình xoắn ốc hoặc các đường kẻ đơn giản bằng eyeliner trắng hoặc đen lên má hoặc trán."
Tại sao cần dùng lip liner cho son ombre?,"Chào bạn,

Lip liner rất quan trọng khi đánh son ombre vì một số lý do:

1. **Tạo hình môi rõ nét:** Lip liner giúp định hình và làm rõ đường viền môi, đặc biệt khi bạn muốn tạo hiệu ứng môi đầy đặn hoặc sửa lỗi lệch môi.
2. **Ngăn son lem:** Son ombre thường có xu hướng dễ lem, lip liner sẽ tạo một lớp nền giúp son bám tốt hơn và không bị chảy ra ngoài.
3. **Tạo độ chuyển màu mượt mà:** Lip liner cùng tông hoặc tối hơn son chính sẽ giúp tạo độ chuyển màu mềm mại, tự nhiên cho đôi môi.
"
"Kỹ thuật ""fog eyes"" là gì?","""Fog eyes"" (mắt sương mù) là kỹ thuật trang điểm mắt tạo hiệu ứng đôi mắt sâu thẳm, mơ màng như phủ sương. Bạn dùng phấn mắt tối màu (nâu, xám, tím than) tán đều, mờ nhạt ở phần đuôi mắt dưới và trên, không tạo đường viền sắc nét. 

**Cách thực hiện:**
1.  Tán phấn mắt tối màu nhẹ nhàng.
2.  Nhấn nhá bằng phấn nhũ (tùy chọn).
3.  Đừng quên mascara để hoàn thiện!

Kỹ thuật này phù hợp với mọi hình dáng mắt, giúp đôi mắt trông quyến rũ và có chiều sâu hơn.
"
Làm sao chọn son cho makeup phong cách Samoa?,"Để chọn son cho makeup phong cách Samoa, bạn nên ưu tiên các màu sắc tươi tắn, rực rỡ như đỏ cam, hồng fuchsia, hoặc màu mận chín. Những tông màu này tượng trưng cho sự sống động và tinh thần lễ hội của văn hóa Samoa. Chất son bóng hoặc semi-matte sẽ giúp đôi môi trông căng mọng, khỏe mạnh, phù hợp với vẻ đẹp nhiệt đới của phong cách này. Tránh các màu nude hoặc quá tối, vì chúng có thể làm mất đi sự tươi sáng đặc trưng.
"
Cách khắc phục lớp nền bị loang khi đi bơi?,"Chào bạn, để khắc phục lớp nền bị loang khi đi bơi, bạn cần chuẩn bị kỹ càng và sử dụng đúng sản phẩm:

1. **Dưỡng ẩm kỹ:** Da đủ ẩm sẽ giúp lớp nền bám tốt hơn.
2. **Sử dụng kem lót chống thấm nước:** Đây là bước quan trọng nhất, tạo lớp bảo vệ giữa da và nền.
3. **Chọn nền chống thấm nước/long-wear:** Ưu tiên các sản phẩm có khả năng chống nước và bền màu.
4. **Cố định bằng xịt khóa nền:** Giúp lớp nền bám chặt hơn, hạn chế trôi.

Lý do: Nước có thể làm lớp nền bị hòa tan và loang lổ nếu không được bảo vệ đúng cách.
"
"Kỹ thuật ""smoky wing"" tạo mắt thế nào?","Kỹ thuật ""smoky wing"" kết hợp sự quyến rũ của mắt mèo và hiệu ứng smoky mắt. Đầu tiên, dùng chì kẻ mắt đen vẽ đường viền mắt mèo. Sau đó, dùng cọ nhỏ tán màu đen hoặc xám đậm dọc theo đường viền, kéo dài và làm mờ dần về phía đuôi mắt. 

Quan trọng là tán đều để tạo hiệu ứng chuyển màu mềm mại, tránh đường nét quá sắc sảo. Có thể thêm chút nhũ để tăng độ sâu và lấp lánh cho đôi mắt.
"
Làm sao chọn cọ cho má hồng dạng mousse?,"Để chọn cọ phù hợp với má hồng mousse, bạn nên ưu tiên cọ đầu tròn, lông mềm mại và không quá dày. Cọ này giúp tán đều mousse, tạo hiệu ứng tự nhiên, không bị vón cục. Chất liệu lông tổng hợp là lựa chọn tốt vì dễ vệ sinh và không gây kích ứng da. Tránh cọ quá to hoặc lông thưa vì sẽ khó kiểm soát lượng sản phẩm và làm màu lên không đều.
"
Cách tạo makeup phong cách Timurid?,"Phong cách trang điểm Timurid (thế kỷ 14-16) tập trung vào vẻ đẹp thanh lịch, tinh tế.

1. **Da:** Dưỡng ẩm kỹ, tạo lớp nền mịn màng, trắng sáng tự nhiên.
2. **Mắt:** Nhấn nhá bằng phấn mắt màu đất, nâu vàng, vẽ mắt mảnh, kéo dài.
3. **Má:** Sử dụng má hồng màu hồng đào nhẹ nhàng, tạo gò má cao.
4. **Môi:** Tô son đỏ tươi hoặc đỏ cam, vẽ viền môi rõ nét.
5. **Điểm nhấn:** Chấm một chút phấn trắng ở trung tâm trán và sống mũi để tăng độ tương phản.

Phong cách này đề cao sự hài hòa, không quá cầu kỳ mà vẫn tôn lên vẻ đẹp tự nhiên.
"
Tại sao cần dùng setting spray dạng dewy cho da khô?,"Chào bạn, với da khô, setting spray dạng dewy (tạo hiệu ứng ẩm mọng) là lựa chọn tuyệt vời vì nhiều lý do:

1. **Cấp ẩm:** Setting spray dewy chứa các thành phần dưỡng ẩm, giúp da không bị khô căng sau khi trang điểm.
2. **Khóa ẩm:** Tạo một lớp màng mỏng giúp giữ lại độ ẩm tự nhiên của da, ngăn ngừa tình trạng bong tróc.
3. **Hiệu ứng glow:** Mang lại làn da căng bóng, khỏe khoắn, che đi các vùng da khô ráp.
4. **Tăng độ bám:** Giúp lớp trang điểm bền lâu hơn, hạn chế tình trạng cakey (mốc da).
"
Làm sao chọn phấn mắt cho makeup phong cách Atacama?,"Phong cách Atacama lấy cảm hứng từ sa mạc, nên phấn mắt cần tập trung vào tông đất ấm. Hãy chọn các màu như: nâu đất, cam gạch, đồng, vàng cát và chút ánh kim để tạo hiệu ứng lấp lánh như ánh nắng trên cát. 

**Cách chọn:**

1.  **Màu chủ đạo:** Nâu đất làm base, cam gạch nhấn bọng mắt.
2.  **Highlight:** Vàng cát hoặc đồng ở khóe mắt và dưới chân mày.
3.  **Độ nhũ:** Ưu tiên phấn nhũ nhẹ hoặc lì, tránh quá cầu kỳ.
"
"Cách tạo hiệu ứng môi ""citrine lips""?","Để tạo hiệu ứng ""citrine lips"" (môi màu quýt), bạn cần:

1. **Chuẩn bị:** Son dưỡng ẩm, son kem/son thỏi màu cam san hô hoặc cam đào, phấn mắt màu cam vàng nhạt.
2. **Thực hiện:**
    *  Đánh son dưỡng để môi mềm mịn.
    *  Tô lớp son cam san hô/cam đào làm base.
    *  Dùng cọ nhỏ đánh nhẹ phấn mắt cam vàng lên giữa môi, tạo hiệu ứng lấp lánh.
3. **Hoàn thiện:** Có thể thêm chút son bóng để đôi môi căng mọng. Hiệu ứng này tạo cảm giác tươi trẻ, năng động.
"
"Kỹ thuật ""sheer petal blush"" là gì?","Kỹ thuật ""sheer petal blush"" (má hồng cánh hoa mỏng manh) là cách đánh má hồng tập trung vào việc tạo hiệu ứng ửng hồng tự nhiên, như cánh hoa. 

**Cách thực hiện:**
1. **Chọn phấn má hồng:** Ưu tiên các tông màu hồng đào, san hô, hoặc baby pink.
2. **Đánh phấn:** Nhẹ nhàng tán phấn lên vùng gò má cao nhất, hướng về thái dương.
3. **Tán đều:** Dùng cọ mềm mại tán đều, hòa trộn phấn với da để không còn đường viền sắc nét.

**Lý do:** Kỹ thuật này giúp khuôn mặt trông tươi tắn, trẻ trung mà không bị quá lòe loẹt.
"
Làm sao chọn kem nền cho da có vết thâm do cạo lông?,"Chào bạn, để chọn kem nền cho da có vết thâm do cạo lông, bạn nên ưu tiên các sản phẩm có khả năng che phủ tốt, nhưng vẫn giữ được vẻ tự nhiên.

**Bước 1:** Chọn kem nền có kết cấu lỏng nhẹ hoặc trung bình, tránh loại quá đặc gây bí da và làm nổi vết thâm.
**Bước 2:** Ưu tiên các thành phần dưỡng ẩm, làm dịu da để hỗ trợ phục hồi.
**Bước 3:** Chọn màu kem nền tiệp với tông da, hoặc sáng hơn một chút để che phủ vết thâm hiệu quả.
**Lý do:** Vết thâm cần được che phủ mà không gây kích ứng, đồng thời cần dưỡng ẩm để da mau lành.
"
Cách tạo makeup phong cách Nazca?,"Phong cách Nazca lấy cảm hứng từ những đường nét hình học và động vật trên sa mạc Nazca của Peru. Để tạo phong cách này, bạn bắt đầu với lớp nền hoàn hảo, sau đó sử dụng phấn mắt màu đất, nâu, cam để tạo chiều sâu cho mắt. Vẽ eyeliner hình học sắc sảo, lấy cảm hứng từ các hình vẽ Nazca. Cuối cùng, sử dụng son môi màu nude hoặc cam đất để hoàn thiện vẻ ngoài tự nhiên, mạnh mẽ.
"
Tại sao cần thử son ở mu bàn tay gần cổ tay?,"Chào bạn, việc thử son ở mu bàn tay gần cổ tay là một mẹo nhỏ nhưng rất hữu ích của các chuyên gia trang điểm. Khu vực này có màu da tương đồng với màu da môi thật của bạn hơn so với thử trực tiếp lên môi. Điều này giúp bạn đánh giá chính xác hơn màu son sẽ lên màu như thế nào trên môi, tránh tình trạng mua về không hợp màu da. Ngoài ra, việc thử ở cổ tay cũng dễ dàng lau sạch hơn.
"
"Kỹ thuật ""comet eyes"" là gì?","""Comet eyes"" (mắt sao chổi) là kỹ thuật trang điểm mắt tạo hiệu ứng đuôi mắt kéo dài, sắc sảo như vệt sao chổi. 

**Cách thực hiện:**

1.  **Kẻ eyeliner:** Kẻ eyeliner đen đậm dọc theo đường mi trên, kéo dài vượt quá đuôi mắt khoảng 1-2cm.
2.  **Tạo vệt:** Dùng eyeliner hoặc phấn mắt tối màu, vẽ một đường mảnh, sắc nét từ đuôi mắt kéo dài lên trên, tạo thành vệt ""đuôi sao chổi"".
3.  **Tạo khối:** Có thể dùng phấn mắt nhũ để làm nổi bật vệt eyeliner.

Kỹ thuật này giúp mắt trông dài, sắc sảo và thu hút hơn.
"
Làm sao chọn son cho makeup phong cách Andalusia hiện đại?,"Để chọn son cho makeup phong cách Andalusia hiện đại, bạn nên ưu tiên các màu son gợi cảm, ấm áp, thể hiện sự tự do và phóng khoáng.

1.  **Màu sắc:** Đỏ tươi, đỏ cam, hồng đất, hoặc màu mận chín là những lựa chọn tuyệt vời.
2.  **Chất son:** Son lì (matte) hoặc son kem lì giúp giữ màu lâu và tạo hiệu ứng sang trọng.
3.  **Lý do:** Phong cách Andalusia đề cao vẻ đẹp tự nhiên nhưng vẫn quyến rũ, nên son màu trầm ấm sẽ tôn lên bờ môi và phù hợp với tông da đa dạng."
Cách làm sạch beauty blender sau khi dùng bronzer lỏng?,"Chào bạn, đây là cách làm sạch beauty blender sau khi dùng bronzer lỏng, đảm bảo loại bỏ hoàn toàn sản phẩm và giữ vệ sinh:

1. **Rửa sơ:** Xả nhẹ beauty blender dưới nước ấm để loại bỏ bớt bronzer thừa.
2. **Sử dụng chất tẩy rửa:** Cho một lượng nhỏ dầu tẩy trang hoặc sữa rửa mặt chuyên dụng cho cọ/beauty blender lên blender.
3. **Bóp nhẹ nhàng:** Bóp nhẹ nhàng để tạo bọt và làm sạch sâu bên trong. Tránh vặn xoắn mạnh làm hỏng cấu trúc.
4. **Xả sạch & lặp lại:** Xả kỹ dưới nước ấm cho đến khi nước trong. Lặp lại nếu cần.
5. **Phơi khô:** Vắt nhẹ và phơi khô ở nơi thoáng mát, tránh ánh nắng trực tiếp.

Việc làm sạch kỹ lưỡng giúp ngăn ngừa vi khuẩn và kéo dài tuổi thọ của beauty blender.
"
"Kỹ thuật ""bloom blush"" tạo má hồng ra sao?","Kỹ thuật ""bloom blush"" tạo má hồng tự nhiên, căng mọng như cánh hoa đang nở. Đầu tiên, bạn đánh má hồng lên vùng cao nhất của gò má, sau đó tán nhẹ nhàng xuống dưới theo hình vòng cung, tập trung vào vùng da gần thái dương. 

Quan trọng là dùng cọ mềm, đánh lớp mỏng và build dần để tránh bị vón cục. Kỹ thuật này tạo hiệu ứng má hồng ""tỏa sáng"" từ bên trong, thay vì chỉ là một mảng màu trên da.
"
Làm sao chọn mascara cho mi dài nhưng yếu?,"Chào bạn, để chọn mascara cho mi dài nhưng yếu, bạn nên ưu tiên các loại có công thức nhẹ, chứa các thành phần dưỡng mi như vitamin E, dầu argan. 

**Bước 1:** Chọn mascara có đầu cọ nhỏ, mềm mại, giúp dễ dàng len lỏi và nâng mi từ gốc mà không gây nặng.
**Bước 2:** Ưu tiên mascara có chức năng ""lengthening"" (kéo dài mi) thay vì ""volumizing"" (tạo độ dày) vì mi yếu dễ bị cụp.
**Bước 3:** Mascara dạng sợi (fiber mascara) có thể giúp mi trông dài hơn, nhưng cần chọn loại có sợi mềm, không gây kích ứng.
"
Cách tạo makeup phong cách Lydian?,"Phong cách trang điểm Lydian lấy cảm hứng từ nữ thần Artemis, tập trung vào sự bí ẩn và mạnh mẽ.

1.  **Da:** Chuẩn bị da mịn màng, dùng kem nền lì, che khuyết điểm kỹ.
2.  **Mắt:** Phủ phấn mắt màu đất, nâu đồng, nhấn nhá bằng chút ánh nhũ vàng đồng ở hốc mắt. Kẻ mắt mèo sắc sảo.
3.  **Má:** Tạo khối nhẹ nhàng để tôn đường nét khuôn mặt.
4.  **Môi:** Son màu nude đất hoặc đỏ gạch trầm.
5.  **Điểm nhấn:** Sử dụng highlight ở vùng xương gò má, sống mũi để tạo hiệu ứng bắt sáng."
Tại sao cần dùng primer màu đào cho quầng thâm xanh?,"Chào bạn,

Primer màu đào là ""vũ khí bí mật"" để che đi quầng thâm xanh dưới mắt. Màu đào (cam) là màu đối lập với màu xanh lam, theo quy luật bù màu trong phối màu. Khi thoa primer đào lên vùng da xanh xao, nó sẽ trung hòa sắc tố xanh, giúp da sáng hơn và che mờ quầng thâm hiệu quả. Nhờ đó, lớp kem nền sau đó sẽ dễ dàng che phủ hoàn toàn và mang lại vẻ ngoài tươi tắn hơn.
"
Làm sao chọn phấn mắt cho makeup phong cách Mojave?,"Để chọn phấn mắt cho phong cách Mojave (sa mạc Mojave), bạn nên ưu tiên các tông màu ấm áp, trung tính và lấy cảm hứng từ đất. Cụ thể:

1.  **Màu nền:** Chọn phấn màu be, nâu nhạt hoặc màu cát để làm lớp nền.
2.  **Màu nhấn:** Sử dụng các màu đồng, cam đất, nâu gạch hoặc màu tím sẫm để tạo chiều sâu.
3.  **Màu highlight:** Một chút phấn nhũ vàng hoặc đồng ở khóe mắt sẽ giúp đôi mắt bừng sáng.

Lý do: Phong cách Mojave tập trung vào vẻ đẹp tự nhiên, hoang dã nên màu sắc cần hài hòa với tông màu đất, cát của sa mạc.
"
"Cách tạo hiệu ứng môi ""garnet lips""?","Để tạo hiệu ứng ""Garnet Lips"" (môi đá thạch lựu) quyến rũ, bạn cần:

1. **Chuẩn bị:** Dưỡng ẩm môi kỹ lưỡng.
2. **Viền môi:** Sử dụng bút viền môi màu burgundy hoặc nâu đất, viền nhẹ nhàng, hơi cong để tạo độ đầy đặn.
3. **Son môi:** Chọn son màu đỏ burgundy đậm, có chút ánh tím. Tô son từ lòng môi ra ngoài.
4. **Hoàn thiện:** Dùng son bóng (lip gloss) cùng tông hoặc không màu ở giữa môi để tạo hiệu ứng căng mọng, ""mọng nước"" như đá thạch lựu.
"
"Kỹ thuật ""sheer crystal blush"" là gì?","""Sheer crystal blush"" là kỹ thuật tạo má hồng trong suốt, tự nhiên như pha lê. Đầu tiên, bạn dùng kem dưỡng ẩm hoặc primer làm base. Sau đó, nhẹ nhàng thoa một lớp phấn má hồng dạng kem hoặc lỏng màu sắc nhẹ nhàng lên vùng gò má cao nhất. Cuối cùng, dùng mút hoặc cọ tán đều, tập trung vào giữa gò má để tạo hiệu ứng ""trong veo"", không đường viền rõ rệt. Kỹ thuật này giúp khuôn mặt tươi tắn, trẻ trung mà không bị ""tô vẽ"" quá đà.
"
Làm sao chọn kem nền cho da có vết sẹo lồi?,"Để chọn kem nền cho da có vết sẹo lồi, bạn nên ưu tiên các sản phẩm có khả năng che phủ tốt, nhưng vẫn giữ được vẻ tự nhiên.

1.  **Chọn kết cấu:** Kem nền lỏng hoặc kem nền dạng cushion phù hợp hơn vì dễ tán đều, tránh làm nổi bật sẹo.
2.  **Tìm thành phần:** Ưu tiên các sản phẩm có chứa silicone giúp làm mịn bề mặt da và lấp đầy vết sẹo.
3.  **Màu sắc:** Chọn màu kem nền trùng với tông da hoặc hơi sáng hơn một chút để làm mờ sẹo.
4.  **Thử nghiệm:** Luôn thử kem nền lên vùng da nhỏ trước khi sử dụng toàn mặt."
Cách tạo makeup phong cách Wari?,"Phong cách makeup Wari (hoặc ""E-girl makeup"") tập trung vào sự tương phản và đôi mắt ấn tượng.

1.  **Da:** Nền mịn, thường dùng kem nền lì và che khuyết điểm kỹ.
2.  **Mắt:** Vẽ eyeliner đen dày, thường là kiểu cánh mèo. Thêm bóng mắt màu tối (đen, xám, tím) và highlight ở khóe mắt.
3.  **Má:** Phấn má hồng màu hồng hoặc cam đào, đánh cao lên gò má.
4.  **Môi:** Son bóng hoặc son kem màu nude, hồng nhạt hoặc đỏ.
5.  **Điểm nhấn:** Vẽ thêm các họa tiết nhỏ (tim, ngôi sao) quanh mắt hoặc trên má."
Tại sao cần thử eyeliner ở vùng gần mí mắt?,"Việc thử eyeliner ở vùng gần mí mắt rất quan trọng để đảm bảo đường kẻ được chính xác và tự nhiên nhất. Vùng da này rất mỏng và có đường cong, nên việc thử nghiệm giúp bạn kiểm soát độ dày, hình dáng và góc độ của đường kẻ. Thử nghiệm còn giúp tránh lem, nhòe và đảm bảo eyeliner phù hợp với hình dáng mắt, mang lại đôi mắt sắc sảo và thu hút hơn.
"
"Kỹ thuật ""nova eyes"" là gì?","""Nova eyes"" là kỹ thuật trang điểm mắt tạo hiệu ứng đôi mắt to tròn, long lanh như sao. Bước 1: Sử dụng phấn mắt nhũ ánh ở giữa bầu mắt. Bước 2: Tán đều phần nhũ ra ngoài, tạo gradient nhẹ nhàng. Bước 3: Kẻ eyeliner mảnh ở mí trên, hơi kéo dài. Bước 4: Chuốt mascara cho cả mi trên và mi dưới. Kỹ thuật này giúp mắt trông bừng sáng và có chiều sâu hơn, phù hợp với các dịp đặc biệt.
"
Làm sao chọn son cho makeup phong cách Provence tối giản?,"Để chọn son cho makeup phong cách Provence tối giản, hãy ưu tiên các màu son tự nhiên, nhẹ nhàng. Các lựa chọn hoàn hảo là hồng đào, cam đất, hoặc màu nude có chút nâu. Chất son nên là son tint hoặc son balm để tạo hiệu ứng môi căng mọng tự nhiên, không quá bóng bẩy. Tránh các màu son quá nổi bật như đỏ tươi hay tím. Lý do là phong cách Provence đề cao vẻ đẹp thanh lịch, tinh tế và gần gũi với thiên nhiên.
"
Cách làm sạch cọ sau khi dùng phấn mắt nhũ bột?,"Chào bạn, việc làm sạch cọ sau khi dùng phấn mắt nhũ bột rất quan trọng để đảm bảo vệ sinh và giữ độ bền cọ. Dưới đây là các bước thực hiện:

1. **Loại bỏ phấn thừa:** Gõ nhẹ cọ lên mu bàn tay hoặc dùng khăn giấy để loại bỏ phấn mắt thừa.
2. **Làm sạch bằng dung dịch chuyên dụng:** Xịt dung dịch làm sạch cọ lên cọ, sau đó nhẹ nhàng xoay tròn cọ trên một miếng khăn bông sạch.
3. **Rửa lại với nước:** Rửa cọ dưới vòi nước ấm cho đến khi nước trong.
4. **Làm khô:** Dùng khăn sạch thấm bớt nước, sau đó để cọ khô tự nhiên, lông cọ hướng xuống dưới.

Việc này giúp loại bỏ hoàn toàn các hạt nhũ, tránh tình trạng cọ bị vón cục và nhiễm khuẩn.
"
"Kỹ thuật ""dawn blush"" là gì?","Kỹ thuật ""dawn blush"" (má hồng bình minh) là xu hướng trang điểm má hồng mới, tạo hiệu ứng ửng hồng tự nhiên như vừa thức dậy.

**Cách thực hiện:**

1.  **Chọn màu:** Sử dụng má hồng màu hồng đào, cam đào hoặc hồng san hô.
2.  **Đánh má hồng:** Bắt đầu từ vùng mắt và kéo dài về phía thái dương, tạo một đường cong nhẹ nhàng.
3.  **Tán đều:** Dùng cọ hoặc mút tán đều để màu hòa quyện tự nhiên với da, không tập trung một điểm.

Kỹ thuật này giúp khuôn mặt trông tươi tắn, trẻ trung và khỏe khoắn.
"
Làm sao chọn mascara cho mi ngắn và thưa?,"Để chọn mascara cho mi ngắn và thưa, bạn nên ưu tiên các loại có công thức chứa sợi nylon hoặc fiber. Các sợi này sẽ bám vào mi, giúp mi trông dày và dài hơn. Chọn mascara có đầu cọ nhỏ, đầu cọ thon và có nhiều gai nhỏ để dễ dàng len lỏi và phủ đều từng sợi mi. Màu đen hoặc nâu đậm sẽ giúp mi trông rõ ràng hơn. Tránh các loại mascara quá dày hoặc quá ướt, vì chúng có thể làm mi bị vón cục và nặng trĩu.
"
Cách tạo makeup phong cách Nabataean?,"Phong cách trang điểm Nabataean lấy cảm hứng từ vẻ đẹp cổ đại, nhấn mạnh vào đôi mắt sắc sảo và làn da mịn màng.

1.  **Chuẩn bị da:** Dưỡng ẩm kỹ lưỡng để có làn da mịn màng.
2.  **Mắt:** Sử dụng phấn mắt màu đất, đồng hoặc vàng. Kẻ mắt đen đậm, kéo dài và hơi nhếch lên.
3.  **Má:** Phấn má hồng màu đào hoặc hồng san hô, đánh nhẹ nhàng.
4.  **Môi:** Son môi màu nude hoặc đỏ trầm.
5.  **Hoàn thiện:** Thêm chút highlighter ở gò má và sống mũi để tăng sự nổi bật."
Tại sao cần dùng primer màu trắng cho da xỉn màu?,"Primer màu trắng là ""cứu tinh"" cho da xỉn màu vì nó hoạt động như một lớp nền trung hòa sắc tố. Màu trắng chứa các hạt phấn sáng, giúp tức thì làm sáng da, che đi các vết ố vàng, xám, hoặc đỏ nhẹ. Đồng thời, primer tạo bề mặt mịn màng, giúp lớp nền sau đó bám tốt hơn, lên màu chuẩn và bền màu hơn, cho làn da rạng rỡ hơn.
"
Làm sao chọn phấn mắt cho makeup phong cách Sonoran?,"Phong cách Sonoran lấy cảm hứng từ sa mạc, nên phấn mắt cần màu ấm, trung tính. Hãy chọn các tông màu như: nâu đất, cam gạch, đồng, vàng cát và chút ánh nhũ đồng để bắt sáng. 

**Cách chọn:**

1.  **Màu chủ đạo:** Nâu đất hoặc cam gạch làm base.
2.  **Màu nhấn:** Đồng hoặc vàng cát đánh vào hốc mắt và bọng mắt.
3.  **Nhũ:** Ánh nhũ đồng nhỏ điểm xuyết ở giữa mí mắt.

Mục đích là tạo chiều sâu và đôi mắt lấp lánh như ánh nắng sa mạc.
"
"Cách tạo hiệu ứng môi ""topaz lips""?","Để tạo hiệu ứng ""topaz lips"" (môi topaz) đang thịnh hành, bạn cần:

1. **Che khuyết điểm môi:** Giúp màu son lên chuẩn và bền hơn.
2. **Tạo ombre:** Dùng son nude hoặc màu be làm base, sau đó đánh son đỏ cam hoặc đỏ nâu ở lòng môi.
3. **Blend:** Nhẹ nhàng hòa trộn hai màu để tạo hiệu ứng chuyển màu mềm mại, tự nhiên.
4. **Highlight:** Thêm chút highlight ở nhân trung để đôi môi trông đầy đặn hơn.

Hiệu ứng này tạo cảm giác đôi môi trong suốt, căng mọng như viên topaz.
"
"Kỹ thuật ""sheer lunar blush"" là gì?","""Sheer lunar blush"" là kỹ thuật tạo má hồng tự nhiên, trong trẻo như ánh trăng. Bạn dùng cọ mềm đánh phấn má hồng màu hồng đào hoặc cam đào rất nhẹ nhàng lên vùng gò má, tập trung ở phần cao nhất và hòa tan dần ra. 

Điểm mấu chốt là dùng lượng phấn ít và tán đều, tạo hiệu ứng ""da từ bên trong"" thay vì màu sắc đậm rõ. Kỹ thuật này phù hợp với makeup no-makeup look hoặc phong cách Hàn Quốc, giúp khuôn mặt tươi tắn mà không bị quá lòe loẹt.
"
Làm sao chọn kem nền cho da có vết thâm do mụn cũ?,"Để chọn kem nền cho da có vết thâm do mụn cũ, bạn nên ưu tiên các sản phẩm có khả năng che phủ tốt (medium đến full coverage) nhưng vẫn giữ được vẻ tự nhiên. Chọn tông màu kem nền gần với màu da thật, hoặc hơi sáng hơn một chút để làm nổi bật vùng da bị thâm. 

Quan trọng là chọn công thức kem nền không gây bí da, không chứa dầu (oil-free) và có các thành phần làm dịu da, giúp vết thâm mờ dần. Nên thử kem nền trên da trước khi mua để đảm bảo màu sắc và kết cấu phù hợp.
"
Cách tạo makeup phong cách Chimú?,"Phong cách Chimú lấy cảm hứng từ nền văn minh cổ đại Peru, tập trung vào sự mạnh mẽ và huyền bí.

1.  **Da:** Sử dụng kem nền lì, che khuyết điểm kỹ để có làn da hoàn hảo.
2.  **Mắt:** Vẽ mắt mèo sắc sảo, sử dụng phấn mắt màu đất, vàng đồng hoặc xanh lam đậm. Đừng quên kẻ eyeliner trắng ở đường nước mắt để mở rộng mắt.
3.  **Má:** Tạo khối nhẹ nhàng để tôn lên cấu trúc xương gò má.
4.  **Môi:** Son đỏ đậm hoặc màu mận là lựa chọn hoàn hảo.
5.  **Điểm nhấn:** Vẽ họa tiết hình học lấy cảm hứng từ Chimú lên má hoặc trán bằng eyeliner đen."
Tại sao cần thử son ở vùng môi dưới?,"Chào bạn,

Việc thử son ở vùng da dưới môi (thay vì trực tiếp lên môi) là một mẹo chuyên nghiệp để đảm bảo vệ sinh và tránh lây nhiễm chéo. Da ở vùng này có màu sắc tương tự như môi thật, giúp bạn đánh giá chính xác màu son lên da mình. Hơn nữa, việc này giúp bảo vệ đôi môi khỏi vi khuẩn từ son môi dùng thử, đặc biệt quan trọng khi bạn chia sẻ son với người khác.
"
"Kỹ thuật ""supernova eyes"" là gì?","""Supernova eyes"" là kỹ thuật trang điểm mắt tạo hiệu ứng lấp lánh, tỏa sáng như một siêu tân tinh. Đầu tiên, bạn dùng phấn mắt nhũ ánh (glitter) với các tông màu sáng như vàng, bạc, hoặc hồng. Sau đó, tập trung đánh nhũ vào giữa bầu mắt, tạo điểm nhấn. Cuối cùng, dùng cọ nhỏ tán nhẹ ra xung quanh để tạo hiệu ứng tỏa sáng, kết hợp với highlight ở khóe mắt và dưới chân mày để tăng độ lấp lánh. Kỹ thuật này giúp đôi mắt trông to tròn và thu hút hơn.
"
Làm sao chọn son cho makeup phong cách Outback tối giản?,"Để chọn son cho makeup phong cách Outback tối giản, hãy ưu tiên các màu nude, đào hoặc hồng đất tự nhiên. Những tông màu này hài hòa với vẻ đẹp khỏe khoắn, mộc mạc của phong cách này. Chất son nên là matte hoặc satin để tạo hiệu ứng lì nhẹ, không quá bóng bẩy. Tránh các màu son quá sặc sỡ hoặc có nhũ. Quan trọng nhất là chọn màu son gần với màu môi tự nhiên nhất để tôn lên vẻ đẹp tự nhiên.
"
Cách làm sạch beauty blender sau khi dùng nền matte?,"Chào bạn, việc vệ sinh beauty blender sau khi dùng nền matte rất quan trọng để đảm bảo vệ sinh và kéo dài tuổi thọ của em nó. Đây là các bước mình thường làm:

1. **Rửa sạch:** Xả beauty blender dưới vòi nước ấm, bóp nhẹ nhàng để loại bỏ hết phần lớn nền.
2. **Sử dụng dung dịch tẩy trang:** Cho một lượng nhỏ dung dịch tẩy trang chuyên dụng cho cọ/beauty blender lên, bóp nhẹ nhàng và kỹ càng.
3. **Xả lại:** Rửa lại bằng nước sạch cho đến khi không còn bọt.
4. **Phơi khô:** Vắt nhẹ nước và để khô tự nhiên ở nơi thoáng mát, tránh ánh nắng trực tiếp.

Nền matte thường khó trôi hơn nên cần đảm bảo làm sạch kỹ để tránh tích tụ vi khuẩn.
"
"Kỹ thuật ""twilight glow"" là gì?","Kỹ thuật ""twilight glow"" (tỏa sáng hoàng hôn) là xu hướng trang điểm tạo hiệu ứng da căng bóng, khỏe mạnh như được chiếu sáng từ bên trong. 

**Các bước thực hiện:**

1.  **Dưỡng ẩm kỹ:** Đây là bước quan trọng nhất để da mịn màng.
2.  **Sử dụng kem nền mỏng nhẹ:** Chọn loại có độ che phủ vừa phải.
3.  **Highlight ở những điểm cao:** Gò má, sống mũi, nhân trung, khóe mắt để bắt sáng.
4.  **Thêm chút má hồng:** Màu hồng đào hoặc cam san hô tạo vẻ ấm áp.

Kỹ thuật này tập trung vào việc phản xạ ánh sáng, không cần contour quá nhiều.
"
Làm sao chọn mascara cho mi dài và cong?,"Để chọn mascara cho mi dài và cong, bạn nên ưu tiên các loại có công thức ""lengthening"" (kéo dài) và ""curling"" (cong mi). Chọn loại có đầu cọ cong, nhỏ gọn để dễ dàng tiếp cận và làm cong từng sợi mi. Mascara chứa sáp carnauba giúp giữ nếp cong lâu hơn. Tránh mascara quá dày, có thể làm nặng mi và làm mất độ cong tự nhiên. Quan trọng nhất, hãy thử mascara không gây kích ứng để đảm bảo an toàn cho mắt.
"
Cách tạo makeup phong cách Mitanni?,"Phong cách trang điểm Mitanni (thường được biết đến qua các video trên TikTok) tập trung vào đôi mắt to tròn, lấp lánh và đôi môi căng mọng.

**Các bước thực hiện:**

1.  **Mắt:** Sử dụng phấn mắt màu nude hoặc nâu nhạt làm base, sau đó nhấn nhá bằng phấn nhũ ở bọng mắt. Kẻ eyeliner mảnh, kéo dài đuôi mắt. Đừng quên mascara và mi giả để mắt thêm to tròn.
2.  **Môi:** Chọn son bóng hoặc son tint màu hồng đào, cam san hô.
3.  **Gương mặt:** Trang điểm nhẹ nhàng, tập trung vào đôi mắt và môi.

**Lý do:** Phong cách này tôn lên vẻ đẹp tự nhiên, tươi trẻ và năng động.
"
Tại sao cần dùng setting spray trước khi thoa phấn mắt?,"Chào bạn,

Việc sử dụng setting spray (xịt khóa nền) trước khi thoa phấn mắt là một bước chuẩn bị rất quan trọng, đặc biệt nếu bạn có da dầu hoặc dễ đổ mồ hôi. Setting spray tạo một lớp nền khô thoáng, giúp phấn mắt bám dính tốt hơn, hạn chế tình trạng vón cục, lem luốc hoặc phai màu. Nó cũng giúp màu mắt lên chuẩn và sống động hơn. Hãy xịt một lượng vừa đủ, để khô hoàn toàn trước khi bắt đầu trang điểm mắt nhé!
"
Làm sao chọn phấn mắt cho makeup phong cách Thar?,"Để chọn phấn mắt cho makeup phong cách Thar (Thái Lan), bạn nên ưu tiên các tông màu ấm, lấp lánh và có chút ánh kim. Bắt đầu với phấn nền màu nude hoặc nâu nhạt, sau đó nhấn nhá bằng các màu cam đất, đồng, hoặc vàng gold ở vùng giữa mí mắt. Cuối cùng, dùng phấn nhũ hoặc kim tuyến màu vàng hoặc cam để tạo điểm nhấn ở khóe mắt. Sự kết hợp này sẽ giúp đôi mắt bạn trông sâu hơn và thể hiện đúng tinh thần rực rỡ của phong cách Thar.
"
"Cách tạo hiệu ứng môi ""aquamarine lips""?","Để tạo hiệu ứng môi ""aquamarine lips"" (môi xanh ngọc lam), bạn cần chuẩn bị son môi màu trắng làm base, sau đó dùng son kem hoặc màu mắt màu xanh ngọc lam phủ lên.

**Các bước thực hiện:**

1.  **Tẩy tế bào chết & dưỡng ẩm:** Đảm bảo môi mềm mịn.
2.  **Son trắng base:** Phủ đều một lớp son trắng lên môi, giúp màu xanh nổi bật hơn.
3.  **Son xanh ngọc lam:** Dùng cọ nhỏ hoặc trực tiếp thoa son xanh lên môi, có thể ombre từ đậm đến nhạt.
4.  **Khóa màu:** Dùng phấn trong suốt để giữ màu lâu hơn.

"
"Kỹ thuật ""mystic glow"" là gì?","Kỹ thuật ""mystic glow"" (tỏa sáng huyền bí) là xu hướng trang điểm tập trung vào làn da trong suốt, khỏe mạnh và có hiệu ứng bắt sáng tự nhiên. 

**Các bước thực hiện:**

1.  **Dưỡng ẩm kỹ:** Da ngậm nước là nền tảng quan trọng.
2.  **Sử dụng kem nền mỏng nhẹ:** Ưu tiên các sản phẩm có độ che phủ thấp hoặc BB cream.
3.  **Highlight dạng lỏng/kem:** Tập trung vào vùng gò má, sống mũi, trán và nhân trung để tạo hiệu ứng tỏa sáng.
4.  **Phấn highlight:** Thêm một chút phấn highlight để tăng cường độ bắt sáng.

Kỹ thuật này tạo cảm giác làn da ""từ bên trong"" phát sáng, không phải do lớp trang điểm dày cộp.
"
Làm sao chọn kem nền cho da có vết nám do ánh nắng?,"Để chọn kem nền cho da nám do ánh nắng, bạn cần ưu tiên các sản phẩm có khả năng che phủ tốt, nhưng vẫn nhẹ nhàng.

1.  **Chọn kết cấu:** Kem nền lỏng hoặc kem nền cushion phù hợp hơn vì dễ tán đều, không gây nặng mặt.
2.  **Tìm màu:** Chọn màu kem nền tiệp với tông da, hơi sáng hơn một chút để che phủ vết nám.
3.  **Ưu tiên thành phần:** Tìm các sản phẩm có SPF (chỉ số chống nắng) để bảo vệ da khỏi tác hại của ánh nắng mặt trời, và các thành phần dưỡng ẩm.
"
Cách tạo makeup phong cách Tiahuanaco?,"Phong cách trang điểm Tiahuanaco lấy cảm hứng từ vẻ đẹp cổ xưa của nền văn minh tiền Colombia, tập trung vào sự mạnh mẽ và thần bí.

1.  **Da:** Sử dụng kem nền lì, màu trung tính, tạo lớp nền mịn màng.
2.  **Mắt:** Vẽ mắt mèo sắc sảo bằng eyeliner đen, nhấn mạnh đường viền mắt trên. Có thể thêm chút bóng mắt màu đất hoặc nâu trầm.
3.  **Má:** Sử dụng phấn má hồng màu đất hoặc cam gạch, đánh nhẹ nhàng để tạo chiều sâu.
4.  **Môi:** Chọn son màu nude hoặc màu đất, đánh mờ để tạo vẻ tự nhiên.
"
Tại sao cần dùng lip primer cho son glitter?,"Chào bạn,

Lip primer rất cần thiết khi dùng son glitter vì một số lý do sau:

1. **Tạo bề mặt mịn:** Glitter có xu hướng bám vào các rãnh môi, làm lộ rõ khuyết điểm. Primer lấp đầy các rãnh này, tạo bề mặt mịn màng.
2. **Tăng độ bám dính:** Son glitter thường khó bám lâu. Primer giúp son bám dính tốt hơn, giảm tình trạng rơi rớt glitter.
3. **Giữ màu son chuẩn:** Primer tạo lớp nền trung hòa, giúp màu son glitter lên chuẩn và đẹp hơn.
"
"Kỹ thuật ""aurora glow"" là gì?","Kỹ thuật ""Aurora Glow"" là xu hướng trang điểm tạo hiệu ứng da căng bóng, khỏe mạnh như được ""ánh sáng phương Bắc"" chiếu rọi. 

**Các bước thực hiện:**

1.  **Dưỡng ẩm kỹ:** Đây là bước quan trọng nhất.
2.  **Sử dụng kem lót bắt sáng:** Chọn loại có hạt ngọc trai hoặc shimmer.
3.  **Trộn highlighter lỏng với kem nền:** Tỉ lệ 1:3 để tạo độ glow tự nhiên.
4.  **Tập trung đánh highlight:** Lên các vùng gò má, sống mũi, trán, cằm.

Kỹ thuật này giúp da bắt sáng tốt hơn, che đi khuyết điểm và tạo vẻ ngoài tươi tắn.
"
Làm sao chọn son cho makeup phong cách Arctic tối giản?,"Để chọn son cho makeup phong cách Arctic tối giản, hãy ưu tiên các màu nude, hồng đào hoặc tím nhạt với chất son lì hoặc satin. Những tông màu này tạo cảm giác tự nhiên, hài hòa với đôi mắt và má trang điểm sắc lạnh. Tránh các màu son quá nổi bật như đỏ tươi hoặc cam. Chất son mịn giúp đôi môi không bị khô và hoàn thiện vẻ ngoài tinh tế, đúng tinh thần tối giản của phong cách Arctic.
"
Cách làm sạch cọ sau khi dùng phấn mắt neon lỏng?,"Chào bạn, việc làm sạch cọ sau khi dùng phấn mắt neon lỏng rất quan trọng để đảm bảo vệ sinh và kéo dài tuổi thọ cọ. Đây là các bước thực hiện:

1. **Loại bỏ phấn thừa:** Dùng khăn giấy hoặc miếng bông gòn lau nhẹ nhàng để loại bỏ lượng phấn mắt còn bám trên cọ.
2. **Rửa cọ:** Sử dụng dung dịch chuyên dụng làm sạch cọ hoặc dầu gội em bé pha loãng với nước ấm. Nhẹ nhàng xoay cọ trên lòng bàn tay để tạo bọt và làm sạch.
3. **Xả sạch:** Rửa sạch cọ dưới vòi nước ấm cho đến khi nước trong.
4. **Làm khô:** Vắt nhẹ nước và đặt cọ nằm ngang trên khăn sạch để khô tự nhiên. Tránh phơi trực tiếp dưới ánh nắng mặt trời.
"
"Kỹ thuật ""smudged wing"" tạo mắt thế nào?","Kỹ thuật ""smudged wing"" (ánh mắt xòe nhòe) tạo hiệu ứng mắt khói quyến rũ, không cần đường kẻ quá sắc sảo.

1.  **Kẻ mắt:** Dùng eyeliner (gel, chì, hoặc nước) kẻ một đường wing như bình thường.
2.  **Nhòe:** Dùng cọ nhỏ hoặc tăm bông nhòe nhẹ phần đuôi mắt, tạo độ mềm mại.
3.  **Tăng độ đậm:** Thêm eyeliner và tiếp tục nhòe đến khi đạt độ đậm ưng ý.
4.  **Hoàn thiện:** Có thể dùng phấn mắt tối màu để tăng chiều sâu.

Kỹ thuật này phù hợp với nhiều hình dáng mắt và dễ điều chỉnh để phù hợp với sở thích cá nhân.
"
Làm sao chọn cọ cho phấn highlighter dạng bột?,"Để chọn cọ highlighter bột, bạn nên ưu tiên các loại cọ đầu nhỏ, dáng xòe hoặc vát chéo. Cọ xòe giúp tán highlighter đều trên diện rộng như gò má, còn cọ vát giúp tạo điểm nhấn ở những vùng nhỏ như sống mũi, nhân trung. Lông cọ mềm, tơi sẽ giúp highlighter bám da tốt hơn, không bị vón cục và cho hiệu ứng glow tự nhiên. Chất liệu lông tổng hợp hoặc lông dê đều được, tùy theo sở thích.
"
Cách tạo makeup phong cách Kassite?,"Phong cách Kassite lấy cảm hứng từ vẻ đẹp cổ đại Babylon, tập trung vào đôi mắt sắc sảo và làn da mịn màng.

1.  **Da:** Sử dụng kem nền lì, che khuyết điểm kỹ lưỡng để có làn da hoàn hảo.
2.  **Mắt:** Vẽ eyeliner đen đậm, kéo dài và sắc nét. Phủ phấn mắt màu đồng hoặc nâu đất.
3.  **Má:** Tạo khối nhẹ nhàng để định hình khuôn mặt.
4.  **Môi:** Sử dụng son môi màu nude hoặc đỏ trầm.

Lý do: Kassite đề cao sự quyến rũ, bí ẩn nên eyeliner đóng vai trò quan trọng.
"
Tại sao cần dùng setting powder trước phấn mắt neon?,"Chào bạn,

Setting powder (phấn khóa nền) là bước quan trọng trước khi dùng phấn mắt neon vì một số lý do:

1. **Tạo lớp nền bám dính:** Phấn mắt neon thường có kết cấu bột, dễ rơi rớt. Setting powder giúp tạo một lớp nền khô ráo, có độ bám dính để phấn mắt bám tốt hơn.
2. **Tăng độ lên màu:** Lớp powder giúp màu neon được nổi bật và sắc nét hơn, tránh bị lem hoặc nhạt màu.
3. **Giảm thiểu hiện tượng ""fallout"":** Hạn chế tình trạng phấn mắt rơi xuống vùng da bên dưới, gây khó khăn khi làm sạch.
"
Làm sao chọn phấn mắt cho makeup phong cách Namib?,"Phong cách Namib lấy cảm hứng từ sa mạc, nên phấn mắt cần tập trung vào tông màu đất ấm. Hãy chọn các màu như: nâu đất, cam gạch, vàng cát, đồng và chút ánh kim. 

**Cách chọn:**

1.  **Màu chủ đạo:** Nâu đất hoặc cam gạch làm base.
2.  **Màu nhấn:** Vàng cát hoặc đồng ở hốc mắt và đuôi mắt.
3.  **Highlight:** Ánh kim ở bầu mắt và khóe mắt trong để tạo chiều sâu.

Lý do: Các màu này mô phỏng cảnh quan sa mạc, tạo vẻ đẹp tự nhiên, mạnh mẽ và quyến rũ.
"
"Cách tạo hiệu ứng môi ""peridot lips""?","Để tạo hiệu ứng ""peridot lips"" (môi ngọc bích), bạn cần kết hợp các màu xanh lá cây và vàng nhạt.

1.  **Chuẩn bị:** Dưỡng ẩm môi.
2.  **Base:** Sử dụng son lót môi để màu son bám tốt hơn.
3.  **Son:** Chọn son màu vàng nhạt làm base, sau đó dùng son xanh lá cây (pastel hoặc olive) đánh lòng môi và tán đều.
4.  **Highlight:** Thêm chút highlight vàng óng ở giữa môi để tạo hiệu ứng 3D.
"
"Kỹ thuật ""sheer nebula blush"" là gì?","""Sheer nebula blush"" là kỹ thuật tạo má hồng tự nhiên, như sương mù, tập trung vào sự hòa quyện màu sắc mềm mại.

**Cách thực hiện:**

1.  **Chọn phấn má hồng:** Ưu tiên phấn má hồng dạng kem hoặc lỏng với tông màu nhẹ nhàng.
2.  **Thoa phấn:** Thoa một lượng nhỏ lên vùng gò má, sau đó dùng cọ hoặc ngón tay tán đều lên trên và ra ngoài, hòa quyện với vùng thái dương.
3.  **Tán đều:** Đảm bảo không có đường viền sắc nét, màu sắc phải mờ ảo, tự nhiên như làn sương.

Kỹ thuật này giúp khuôn mặt trông tươi tắn, khỏe mạnh mà không bị quá lòe loẹt.
"
Làm sao chọn kem nền cho da có vết đỏ do ma sát?,"Chào bạn, với da bị đỏ do ma sát, việc chọn kem nền cần ưu tiên làm dịu và che phủ vết đỏ. 

**Bước 1:** Chọn kem nền có chứa các thành phần dưỡng ẩm, làm dịu như lô hội, trà xanh.
**Bước 2:** Ưu tiên các loại kem nền có tông màu vàng hoặc xanh lá cây để trung hòa sắc tố đỏ.
**Bước 3:** Chất kem nên mỏng nhẹ, tránh gây ma sát thêm.
**Bước 4:** Thử kem nền trên vùng da nhỏ trước khi dùng toàn mặt để đảm bảo không gây kích ứng.
"
Cách tạo makeup phong cách Muisca?,"Phong cách trang điểm Muisca lấy cảm hứng từ vẻ đẹp tự nhiên và nghi lễ cổ xưa của người Muisca ở Colombia. Để tái hiện, hãy bắt đầu với làn da mịn màng, tự nhiên. Sử dụng phấn mắt màu đất, vàng đồng hoặc cam để tạo chiều sâu cho mắt. Kẻ mắt mảnh, màu nâu hoặc đen. Điểm nhấn là sử dụng màu đỏ (từ quả bích ô hoặc các loại quả mọng) để tô má và môi, tượng trưng cho sự sống và sức mạnh. Cuối cùng, thêm các chi tiết vẽ họa tiết hình học nhỏ bằng màu trắng hoặc đen lên mặt để tăng tính biểu tượng.
"
Tại sao cần thử phấn phủ ở vùng cằm?,"Chào bạn,

Việc thử phấn phủ ở vùng cằm là một mẹo nhỏ nhưng rất hữu ích của các chuyên gia trang điểm. Vùng da cằm thường có kết cấu và tông màu khác biệt so với vùng má, dễ bị ảnh hưởng bởi dầu thừa và mụn. Thử phấn phủ ở cằm giúp bạn kiểm tra độ che phủ, màu sắc và khả năng kiềm dầu của phấn có phù hợp với da mặt mình hay không, từ đó tránh tình trạng ""lên màu"" không đều hoặc bị bóng dầu sau khi trang điểm.
"
"Kỹ thuật ""galaxy glow"" là gì?","""Galaxy glow"" là kỹ thuật trang điểm tạo hiệu ứng làn da tỏa sáng như dải ngân hà. Đầu tiên, bạn cần dưỡng ẩm kỹ lưỡng. Sau đó, dùng kem nền nhẹ nhàng, tập trung vào trung tâm khuôn mặt. Tiếp theo, thoa highlighter lỏng hoặc bột màu ngọc trai, bạc, tím lên gò má, sống mũi, trán và nhân trung. Cuối cùng, dùng cọ nhỏ tán đều highlighter để tạo hiệu ứng lấp lánh, chuyển màu nhẹ nhàng như các vì sao. Kỹ thuật này giúp da trông khỏe khoắn, có chiều sâu và thu hút.
"
Làm sao chọn son cho makeup phong cách Sahara tối giản?,"Để chọn son cho makeup phong cách Sahara tối giản, hãy ưu tiên các màu nude, đào hoặc cam đất. Những tông màu này hài hòa với đôi mắt và má nhấn nhá bằng sắc nâu vàng ấm áp đặc trưng của Sahara. Chất son nên là matte hoặc satin để tạo hiệu ứng tự nhiên, không quá bóng bẩy. Tránh các màu son quá nổi bật như đỏ tươi hay hồng neon, vì sẽ phá vỡ sự tinh tế của phong cách này.
"
Cách làm sạch cọ sau khi dùng phấn mắt nhũ kim loại?,"Chào bạn, việc làm sạch cọ sau khi dùng phấn mắt nhũ kim loại rất quan trọng để đảm bảo vệ sinh và giữ độ bền cọ. Đây là các bước thực hiện:

1. **Loại bỏ phấn thừa:** Gõ nhẹ cọ lên tay hoặc dùng khăn giấy để loại bỏ phấn mắt thừa.
2. **Dùng dung dịch chuyên dụng:** Xịt dung dịch làm sạch cọ hoặc pha loãng dầu dừa/dầu olive với nước rửa chén nhẹ.
3. **Làm sạch cọ:** Nhẹ nhàng xoay cọ trên lòng bàn tay hoặc miếng lót silicon để loại bỏ hết phấn.
4. **Rửa lại bằng nước ấm:** Rửa sạch cọ dưới vòi nước ấm cho đến khi nước trong.
5. **Làm khô:** Dùng khăn sạch thấm nước, đặt cọ nằm ngang hoặc treo ngược để khô tự nhiên.

Việc làm sạch cọ thường xuyên giúp ngăn ngừa vi khuẩn và kéo dài tuổi thọ của cọ.
"
"Kỹ thuật ""prism blush"" tạo má hồng ra sao?","Kỹ thuật ""prism blush"" (má hồng lăng kính) tạo hiệu ứng má hồng tự nhiên, tỏa sáng từ bên trong.

**Cách thực hiện:**
1. **Xác định vị trí:** Thay vì đánh má hồng theo đường chéo, bạn đánh tập trung ở vùng cao nhất của gò má, gần thái dương.
2. **Đánh nhẹ nhàng:** Dùng cọ mềm, tán nhẹ nhàng, tập trung màu ở điểm cao nhất rồi mờ dần ra.
3. **Tạo hiệu ứng:** Cách đánh này bắt sáng, tạo hiệu ứng ""lăng kính"" giúp khuôn mặt có chiều sâu và rạng rỡ hơn.
"
Làm sao chọn mascara cho mi thưa và cong?,"Để chọn mascara cho mi thưa và cong, bạn nên ưu tiên các loại có công thức chứa sợi fiber (sợi tơ) để tăng độ dày cho mi. Đồng thời, chọn loại có đầu cọ nhỏ, cong theo đường cong tự nhiên của mi để dễ dàng len lỏi và nâng mi tận gốc. Mascara có thành phần dưỡng ẩm cũng giúp mi không bị khô xơ. Nên thử mascara không màu hoặc màu nâu để tạo hiệu ứng tự nhiên hơn.
"
Cách tạo makeup phong cách Hurrian?,"Phong cách Hurrian (khoảng 2300-1500 TCN) tập trung vào đôi mắt to tròn, sắc sảo.

1. **Da:** Giữ lớp nền tự nhiên, không quá trắng.
2. **Mắt:** Sử dụng phấn mắt màu tối (đen, xám) vẽ đường viền mắt dày, kéo dài vượt quá đuôi mắt.
3. **Môi:** Tô son đỏ đậm, tạo hình môi trái tim nhẹ nhàng.
4. **Má:** Không tạo khối, giữ má tự nhiên.
5. **Điểm nhấn:** Có thể thêm đá quý nhỏ hoặc hình vẽ đơn giản trên trán.

Phong cách này thể hiện sự quyền lực và vẻ đẹp bí ẩn.
"
Tại sao cần dùng primer màu hồng cho da tái nhợt?,"Primer màu hồng là ""cứu tinh"" cho da tái nhợt vì nó chứa các sắc tố hồng đào giúp trung hòa các vùng da xỉn màu, đặc biệt là những vùng có tông xanh lá cây như quanh miệng và mũi. Việc này giúp da trông tươi sáng, rạng rỡ hơn ngay lập tức. Đồng thời, primer hồng còn tạo lớp nền mịn màng, giúp kem nền bám tốt và lâu trôi hơn, che phủ các khuyết điểm hiệu quả.
"
Làm sao chọn phấn mắt cho makeup phong cách Gobi hiện đại?,"Để chọn phấn mắt cho makeup phong cách Gobi hiện đại, bạn nên ưu tiên các tông màu đất, cát, nâu nhạt và be. Những màu này mô phỏng cảnh quan sa mạc Gobi, tạo chiều sâu cho đôi mắt. 

**Bước 1:** Chọn phấn mắt màu be hoặc nâu nhạt làm base.
**Bước 2:** Sử dụng phấn mắt màu nâu đất hoặc cát cho phần hốc mắt để tạo chiều sâu.
**Bước 3:** Thêm chút phấn nhũ vàng đồng hoặc đồng để tăng sự lấp lánh, hiện đại.
"
"Cách tạo hiệu ứng môi ""turquoise lips""?","Để tạo hiệu ứng môi ""turquoise lips"" (môi xanh ngọc lam), bạn cần chuẩn bị son môi trắng làm base, son môi xanh dương và xanh lá cây.

1.  **Base:** Bôi một lớp son trắng lên môi để làm nền, giúp màu sắc tươi hơn.
2.  **Pha màu:** Trộn son xanh dương và xanh lá cây theo tỉ lệ tùy chỉnh để có màu turquoise ưng ý.
3.  **Tô son:** Tô đều lớp son đã pha lên môi.
4.  **Hoàn thiện:** Có thể dùng son bóng không màu để tăng độ mướt và giữ màu lâu hơn."
"Kỹ thuật ""lunar dew"" là gì?","Kỹ thuật ""lunar dew"" (sương trăng) là xu hướng trang điểm da trong veo, khỏe mạnh, tập trung vào việc dưỡng ẩm sâu và tạo hiệu ứng glow tự nhiên như sương sớm. 

**Các bước thực hiện:**

1.  **Dưỡng ẩm:** Sử dụng serum, kem dưỡng ẩm giàu hyaluronic acid.
2.  **Kem nền/BB cream:** Chọn loại có độ che phủ nhẹ, hoặc trộn với dầu dưỡng.
3.  **Highlight:** Tập trung highlight dạng lỏng/kem ở gò má, sống mũi, trán, cằm.
4.  **Xịt khóa:** Xịt khóa để giữ lớp trang điểm và tăng độ glow.

Mục đích là để da trông căng mọng, mịn màng, không tì vết mà vẫn tự nhiên.
"
Làm sao chọn kem nền cho da có vết thâm do tiêm filler?,"Chào bạn, việc chọn kem nền cho da có vết thâm do tiêm filler cần sự cẩn thận. Đầu tiên, ưu tiên kem nền có độ che phủ vừa phải đến cao, giúp che đi vết thâm mà không gây nặng mặt. Thứ hai, chọn kết cấu kem nền lỏng nhẹ, dễ tán, tránh làm lộ các vùng tiêm. Cuối cùng, ưu tiên các thành phần lành tính, không gây kích ứng da, và chọn tông màu phù hợp với màu da tự nhiên để có vẻ ngoài tự nhiên nhất.
"
Cách tạo makeup phong cách Chavín hiện đại?,"Phong cách Chavín hiện đại lấy cảm hứng từ nghệ thuật khắc họa hình người và động vật của nền văn minh Chavín cổ đại. Để tạo phong cách này, bạn bắt đầu với lớp nền hoàn hảo, sau đó nhấn mạnh đôi mắt với đường kẻ mắt đen đậm, kéo dài và sắc sảo, gợi nhớ hình ảnh các nhân vật thần thoại. Sử dụng phấn mắt màu đất, nâu hoặc vàng đồng để tạo chiều sâu. Cuối cùng, tô son môi màu đỏ đậm hoặc màu đất để hoàn thiện vẻ ngoài mạnh mẽ, bí ẩn và đầy quyền lực.
"
Tại sao cần thử eyeliner ở mu bàn tay gần ngón cái?,"Chào bạn,

Việc thử eyeliner ở mu bàn tay gần ngón cái là một mẹo nhỏ hữu ích của các chuyên gia trang điểm. Khu vực da này có độ căng và cấu trúc tương tự như vùng da mí mắt. Do đó, bạn có thể dễ dàng kiểm tra độ trơn tru, màu sắc thực tế và khả năng bám dính của eyeliner trước khi áp dụng lên mắt, tránh gây kích ứng hoặc lem nhem.
"
"Kỹ thuật ""nebula glow"" là gì?","Nebula glow là kỹ thuật trang điểm tạo hiệu ứng làn da trong trẻo, rạng rỡ như sương sớm, lấy cảm hứng từ các tinh vân vũ trụ. 

**Các bước thực hiện:**

1.  **Dưỡng ẩm kỹ:** Da cần đủ ẩm để lớp nền mướt mịn.
2.  **Sử dụng kem lót bắt sáng:** Tạo hiệu ứng tỏa sáng từ bên trong.
3.  **Trộn highlighter lỏng với kem nền:** Áp dụng đều lên da, tập trung vùng gò má, sống mũi.
4.  **Tạo khối nhẹ nhàng:** Định hình khuôn mặt mà không làm mất đi độ tự nhiên.

Kỹ thuật này ưu tiên sự trong suốt, không che phủ hoàn toàn khuyết điểm, giúp da ""thở"" và trông khỏe mạnh hơn.
"
Làm sao chọn son cho makeup phong cách Amazon tối giản?,"Để chọn son cho makeup phong cách Amazon tối giản, hãy ưu tiên các màu nude, hồng đất hoặc cam đất tự nhiên. Chất son nên là matte hoặc satin để tạo hiệu ứng môi lì nhẹ nhàng, không quá bóng bẩy. Lý do là phong cách Amazon nhấn mạnh vẻ đẹp tự nhiên, khỏe khoắn, nên son môi cần hài hòa với tông da và không làm lu mờ các đường nét khác trên khuôn mặt. Tránh các màu son quá sặc sỡ hoặc có nhũ.
"
Cách làm sạch beauty blender sau khi dùng highlighter lỏng?,"Chào bạn, việc làm sạch beauty blender sau khi dùng highlighter lỏng rất quan trọng để đảm bảo vệ sinh và tuổi thọ của sản phẩm. Đây là các bước thực hiện:

1. **Rửa dưới vòi nước ấm:** Xả nhẹ nhàng để loại bỏ phần highlighter thừa.
2. **Sử dụng chất tẩy rửa chuyên dụng:** Cho một lượng nhỏ chất tẩy rửa (hoặc dầu dừa) lên blender, nhẹ nhàng bóp và xoay để tạo bọt.
3. **Rửa sạch lại:** Lặp lại cho đến khi nước trong.
4. **Phơi khô:** Vắt nhẹ và để khô tự nhiên ở nơi thoáng mát.

Highlighter lỏng dễ bám dính, nên cần làm sạch kỹ lưỡng để tránh vi khuẩn phát triển.
"
"Kỹ thuật ""scattered dew"" là gì?","Kỹ thuật ""scattered dew"" (sương sớm rải rác) là xu hướng trang điểm tạo hiệu ứng da căng bóng tự nhiên, khỏe khoắn, không phải kiểu bóng loáng hoàn toàn. 

**Cách thực hiện:**

1.  **Dưỡng ẩm:** Bước quan trọng nhất, đảm bảo da đủ ẩm.
2.  **Highlight:** Thoa highlight dạng lỏng hoặc kem lên các điểm cao như gò má, sống mũi, nhân trung, khóe mắt.
3.  **Tán nhẹ:** Dùng mút hoặc ngón tay tán nhẹ nhàng, không miết, để highlight hòa quyện với da, tạo hiệu ứng ""sương sớm"".

Kỹ thuật này giúp da trông tươi tắn, rạng rỡ mà vẫn tự nhiên.
"
Cách tạo makeup phong cách Eblaite?,"Phong cách E-girl/E-boy (thường gọi tắt là Eblaite) tập trung vào đôi mắt ấn tượng và vẻ ngoài nổi loạn.

1.  **Da:** Trang điểm nền nhẹ nhàng, tự nhiên.
2.  **Mắt:** Kẻ mắt mèo sắc sảo, thường dùng eyeliner đen hoặc màu sắc nổi bật. Thêm bóng mắt màu tối (đen, tím, đỏ) và nhấn nhá bằng nhũ.
3.  **Má:** Phấn má hồng màu hồng hoặc cam đào, đánh nhẹ nhàng.
4.  **Môi:** Son bóng hoặc son tint màu trầm.
5.  **Điểm nhấn:** Vẽ các hình xăm nhỏ, sticker hoặc đính đá lấp lánh quanh mắt."
Tại sao cần dùng setting spray trước khi thoa nền matte?,"Chào bạn,

Việc sử dụng setting spray trước khi thoa nền matte là một bước chuẩn bị quan trọng. Setting spray tạo một lớp màng mỏng giúp khóa ẩm, làm mềm da và giảm thiểu tình trạng nền bị mốc, đặc biệt với nền matte có xu hướng làm khô da. Nó cũng giúp nền bám tốt hơn, hạn chế tình trạng cakey và tăng độ bền cho lớp trang điểm. Hãy chọn loại setting spray phù hợp với loại da của bạn nhé!
"
Làm sao chọn phấn mắt cho makeup phong cách Kalahari hiện đại?,"Để chọn phấn mắt cho makeup phong cách Kalahari hiện đại, hãy ưu tiên các tông màu đất ấm như cam đất, nâu gạch, vàng mù tạt và đồng. Bắt đầu với phấn màu sáng nhất tán đều bầu mắt, sau đó dùng màu trung bình nhấn vào hốc mắt để tạo chiều sâu. Cuối cùng, dùng màu đậm nhất viền mắt và đuôi mắt để tạo điểm nhấn. Đừng quên tán đều để các màu hòa quyện tự nhiên, mang đến vẻ đẹp hoang dã nhưng vẫn tinh tế.
"
"Cách tạo hiệu ứng môi ""opalite lips""?","Để tạo hiệu ứng ""opalite lips"" (môi opal), bạn cần chuẩn bị son kem màu nude hoặc trắng sữa, phấn mắt hoặc nhũ lấp lánh màu ngọc trai/hồng opal, và son bóng trong suốt.

1.  **Son lót:** Tô một lớp son kem nude/trắng sữa mỏng làm base.
2.  **Nhũ:** Dùng cọ nhỏ tán đều phấn mắt/nhũ lên môi, tập trung giữa môi và giảm dần về khóe.
3.  **Son bóng:** Cuối cùng, phủ một lớp son bóng để tạo độ căng mọng và giúp nhũ bám tốt hơn. Hiệu ứng này tạo cảm giác đôi môi trong trẻo, lung linh như đá opal.
"
"Kỹ thuật ""mystic dew"" là gì?","Kỹ thuật ""mystic dew"" (sương sớm huyền bí) là xu hướng trang điểm da trong suốt, căng bóng tự nhiên, tập trung vào việc dưỡng ẩm sâu và làm nổi bật kết cấu da khỏe mạnh. 

**Các bước thực hiện:**

1.  **Dưỡng ẩm:** Sử dụng serum, kem dưỡng ẩm giàu hyaluronic acid.
2.  **Trang điểm nhẹ nhàng:** Dùng kem nền mỏng nhẹ hoặc BB cream.
3.  **Highlight:** Tập trung highlight dạng lỏng hoặc kem ở gò má, sống mũi, trán để tạo hiệu ứng ""sương sớm"".
4.  **Xịt khóa:** Xịt khóa trang điểm để giữ lớp makeup tươi tắn.

Kỹ thuật này giúp da trông khỏe mạnh, rạng rỡ mà không cần che phủ quá nhiều.
"
Làm sao chọn kem nền cho da có vết đỏ do laser?,"Chào bạn, với da có vết đỏ do laser, việc chọn kem nền cần đặc biệt chú ý để không làm tình trạng này thêm nghiêm trọng. 

**Bước 1:** Ưu tiên kem nền có tông màu vàng hoặc cam nhẹ để trung hòa sắc tố đỏ.
**Bước 2:** Chọn chất kem lỏng nhẹ, mỏng, có khả năng che phủ vừa phải. Kem nền dạng kem đặc hoặc full coverage có thể gây bí bách, làm tăng nhiệt độ da và khiến vết đỏ thêm rõ.
**Bước 3:** Tìm các thành phần làm dịu da như lô hội, trà xanh hoặc ceramides.
"
Cách tạo makeup phong cách Aksumite hiện đại?,"Phong cách Aksumite hiện đại lấy cảm hứng từ vẻ đẹp cổ đại của vương quốc Aksum. Để tạo phong cách này, hãy bắt đầu với lớp nền mịn màng, tập trung vào đôi mắt. Sử dụng phấn mắt màu vàng đồng, nâu đất và đen để tạo chiều sâu. Kẻ mắt mèo đậm, kéo dài và nhấn nhá bằng eyeliner trắng ở đường nước mắt để mở rộng mắt. Son môi màu đỏ gạch hoặc nâu trầm sẽ hoàn thiện vẻ đẹp quyền lực, bí ẩn của phong cách Aksumite.
"
"Kỹ thuật ""holographic blush"" tạo má hồng như thế nào?","Kỹ thuật ""holographic blush"" tạo hiệu ứng má hồng lấp lánh, 3D. Đầu tiên, hãy đánh một lớp kem nền/BB cream nhẹ nhàng. Sau đó, dùng cọ má hồng quét highlighter dạng kem hoặc lỏng lên vùng xương gò má, tập trung vào điểm cao nhất. Tiếp theo, nhẹ nhàng thoa một chút phấn má hồng màu sắc tươi sáng (hồng, cam, tím) lên trên lớp highlighter. Việc kết hợp này tạo độ phản quang và chiều sâu, giúp má hồng nổi bật và bắt sáng hơn.
"
Làm sao chọn kem nền cho da có bệnh viêm da tiết bã?,"Chào bạn, với da viêm da tiết bã, việc chọn kem nền cần đặc biệt cẩn thận. Ưu tiên các sản phẩm:

1. **Không chứa dầu (oil-free), không gây mụn (non-comedogenic):** Tránh làm tắc nghẽn lỗ chân lông, gây bùng phát viêm.
2. **Thành phần dịu nhẹ:** Ưu tiên các thành phần như ceramides, niacinamide giúp phục hồi hàng rào bảo vệ da.
3. **Kết cấu lỏng nhẹ:** Kem nền dạng lỏng, mousse hoặc cushion sẽ phù hợp hơn kem đặc.
4. **Kiểm tra thử:** Thoa thử lên vùng da nhỏ trước khi dùng toàn mặt để đảm bảo không gây kích ứng.
"
Tại sao cần dùng lip serum trước son lâu trôi?,"Chào bạn,

Lip serum là bước chuẩn bị quan trọng trước khi dùng son lâu trôi vì nhiều lý do. Son lâu trôi thường có xu hướng làm khô môi, thậm chí gây bong tróc nếu môi không đủ ẩm. Lip serum giúp cung cấp độ ẩm, làm mềm môi và tạo một lớp màng bảo vệ, giúp son bám dính tốt hơn, lên màu chuẩn hơn và giảm thiểu tình trạng khô môi, nứt nẻ. Nói cách khác, lip serum ""khóa"" độ ẩm, giúp đôi môi căng mọng và khỏe mạnh dưới lớp son.
"
Cách tạo makeup phong cách Akkadian cổ đại?,"Phong cách trang điểm Akkadian cổ đại tập trung vào đôi mắt to, sắc sảo và làn da trắng sáng.

1.  **Nền:** Sử dụng phấn nền sáng màu, gần với tông da tự nhiên nhưng trắng hơn một chút.
2.  **Mắt:** Vẽ đường kẻ mắt đen đậm, kéo dài vượt quá đuôi mắt. Sử dụng phấn mắt màu xanh lam hoặc đen để làm nổi bật.
3.  **Môi:** Tô son môi đỏ đậm hoặc màu mận.
4.  **Má:** Sử dụng phấn má hồng màu hồng đào nhẹ nhàng.

Lý do: Người Akkadian coi trọng vẻ đẹp của đôi mắt và tin rằng màu sắc đậm sẽ mang lại sự bảo vệ.
"
"Kỹ thuật ""pulsar eyes"" là gì?","""Pulsar eyes"" là kỹ thuật trang điểm mắt tạo hiệu ứng lấp lánh, cuốn hút như ánh sao. Đầu tiên, bạn dùng phấn mắt nhũ (glitter) màu sáng đánh nhẹ lên bầu mắt. Sau đó, dùng cọ nhỏ tán đều phấn nhũ, tập trung vào giữa bầu mắt để tạo điểm nhấn. Kỹ thuật này giúp đôi mắt trông to tròn, sống động và thu hút mọi ánh nhìn, đặc biệt phù hợp với các buổi tiệc hoặc sự kiện.
"
Làm sao chọn mascara cho mi mỏng và dễ rụng?,"Chào bạn, với mi mỏng và dễ rụng, bạn nên chọn mascara có các tiêu chí sau:

1. **Công thức:** Ưu tiên mascara chứa sáp ong, vitamin E, hoặc dầu argan để dưỡng mi, giảm gãy rụng.
2. **Lông cọ:** Chọn cọ nhỏ, thưa, có thể là silicone để dễ dàng len lỏi và phủ đều từng sợi mi, tránh làm nặng mi.
3. **Loại mascara:** Mascara lengthening (dài mi) sẽ hiệu quả hơn volumizing (dày mi) vì mi vốn đã yếu.
4. **Thành phần:** Tránh mascara chứa cồn và paraben.
"
Cách khắc phục phấn mắt bị lem khi trời nóng ẩm?,"Để khắc phục tình trạng phấn mắt bị lem khi trời nóng ẩm, bạn cần chuẩn bị kỹ càng và sử dụng đúng kỹ thuật:

1. **Sử dụng primer:** Primer giúp tạo lớp nền khô thoáng, bám dính tốt hơn cho phấn mắt.
2. **Phấn mắt chống thấm nước/dạng kem:** Ưu tiên các sản phẩm có khả năng chống thấm nước hoặc dạng kem lì, bám màu tốt.
3. **Tán phấn kỹ:** Tán đều phấn mắt để tránh vón cục và tăng độ bám.
4. **Setting spray:** Xịt setting spray sau khi hoàn thành để khóa lớp trang điểm, giúp phấn mắt bền màu hơn.
"
"Kỹ thuật ""bronzed dew"" tạo da thế nào?","Kỹ thuật ""bronzed dew"" (da lấp lánh rám nắng) tạo hiệu ứng làn da khỏe mạnh, căng bóng tự nhiên như vừa tắm nắng. 

**Các bước thực hiện:**

1.  **Che khuyết điểm:** Tập trung vào vùng cần thiết, giữ lớp nền mỏng nhẹ.
2.  **Bronzer:** Dùng bronzer tán đều lên vùng gò má, thái dương, sống mũi để tạo chiều sâu.
3.  **Highlighter:** Thoa highlighter dạng lỏng hoặc kem lên vùng gò má, xương chân mày, nhân trung để bắt sáng.
4.  **Xịt khóa:** Xịt khóa trang điểm giúp các lớp sản phẩm hòa quyện, tạo hiệu ứng ""dewy"" (căng bóng).

**Lý do:** Bronzer tạo độ ấm, highlighter bắt sáng, kết hợp tạo hiệu ứng da rám nắng khỏe khoắn, căng mọng.
"
Làm sao tạo makeup phong cách Moche hiện đại?,"Phong cách Moche hiện đại lấy cảm hứng từ nghệ thuật cổ đại Peru, tập trung vào đường nét sắc sảo và màu sắc đất.

1.  **Da:** Nền matte, che phủ tốt, tạo vẻ ngoài mịn màng.
2.  **Mắt:** Sử dụng phấn mắt màu nâu đất, cam gạch, vẽ eyeliner đen dày, kéo dài.
3.  **Má:** Tạo khối góc cạnh, sử dụng phấn má màu hồng đất.
4.  **Môi:** Son màu nude trầm hoặc đỏ gạch, đánh kỹ viền môi.
5.  **Điểm nhấn:** Vẽ họa tiết hình học đơn giản lấy cảm hứng từ Moche trên má hoặc trán."
Tại sao cần dùng kem dưỡng ẩm có SPF trước kem nền?,"Chào bạn,

Việc sử dụng kem dưỡng ẩm có SPF trước kem nền là bước quan trọng để bảo vệ da và giúp lớp nền bền đẹp hơn. Kem dưỡng ẩm cung cấp độ ẩm cần thiết, giúp da mịn màng, làm giảm tình trạng mốc da khi đánh kem nền. 

SPF trong kem dưỡng ẩm bảo vệ da khỏi tác hại của tia UV, ngăn ngừa lão hóa và sạm da. Thoa SPF trước kem nền giúp tăng cường khả năng bảo vệ, đặc biệt khi bạn trang điểm vào ban ngày.
"
Cách chọn son cho makeup phong cách Tonga?,"Phong cách trang điểm Tonga thường tập trung vào đôi mắt và đôi môi rực rỡ. Để chọn son phù hợp, ưu tiên các màu đậm, nổi bật như đỏ tươi, hồng fuchsia, hoặc cam đất. Chất son nên là lì hoặc bán lì để giữ màu lâu và tạo hiệu ứng sắc nét. Tránh các màu nude hoặc pastel quá nhạt, vì chúng sẽ làm mất đi sự ấn tượng của phong cách trang điểm này. Quan trọng nhất là chọn màu son tôn da bạn!
"
"Kỹ thuật ""feathered wing"" là gì?","Kỹ thuật ""feathered wing"" (cánh lông vũ) là kiểu vẽ eyeliner cánh mèo mềm mại, không sắc nét như eyeliner thông thường. 

**Cách thực hiện:**
1. Vẽ một đường eyeliner mỏng dọc theo đường mi trên.
2. Từ đuôi mắt, kéo dài đường eyeliner ra ngoài, nhưng thay vì tạo một đường thẳng sắc sảo, hãy tạo các đường nhỏ, ngắn, hơi cong và thưa dần như lông vũ.
3. Dùng cọ nhỏ hoặc tăm bông làm mờ nhẹ các đường eyeliner để tạo hiệu ứng mềm mại, tự nhiên.

Kỹ thuật này phù hợp với nhiều hình dáng mắt và tạo vẻ ngoài quyến rũ, tinh tế.
"
Làm sao chọn cọ cho phấn tạo khối dạng mousse?,"Để chọn cọ phù hợp với phấn tạo khối dạng mousse, bạn nên ưu tiên cọ đầu vát, lông mềm và dày dặn. Cọ vát giúp bạn dễ dàng xác định đường tạo khối, còn lông mềm đảm bảo phấn được tán đều, tự nhiên, không gây vệt. Lông dày dặn giúp ""ăn"" phấn mousse tốt hơn, tránh lãng phí sản phẩm. Nên chọn cọ có kích thước vừa phải để dễ dàng kiểm soát lực tán.
"
"Cách tạo hiệu ứng môi ""chiffon lips""?","Để tạo hiệu ứng ""chiffon lips"" (môi chiffon) đang thịnh hành, bạn cần chuẩn bị son kem lì, son bóng và phấn bắt sáng.

1.  **Tạo lớp nền:** Đánh son kem lì với màu sắc yêu thích, sau đó dùng tăm bông tán nhẹ để son mềm mại hơn.
2.  **Thêm độ bóng:** Thoa một lớp son bóng mỏng ở giữa môi, tránh viền môi để tạo hiệu ứng căng mọng tự nhiên.
3.  **Highlight:** Dùng cọ nhỏ đánh phấn bắt sáng ở rãnh môi giữa, giúp môi trông đầy đặn và có chiều sâu."
"Kỹ thuật ""amethyst blush"" tạo má hồng ra sao?","Kỹ thuật ""amethyst blush"" (má hồng tím than) tạo hiệu ứng má ửng hồng tự nhiên, hơi ""bầm"" đầy mê hoặc.

**Cách thực hiện:**

1.  **Chọn phấn má:** Màu tím than hoặc hồng tím.
2.  **Đánh phấn:** Tập trung vào vùng xương gò má, đánh nhẹ nhàng theo hình chữ C, kéo về phía thái dương.
3.  **Tạo độ chuyển:** Nhấn nhá thêm chút phấn hồng đào lên vùng trung tâm má để cân bằng sắc tím.

**Lý do:** Màu tím than tạo chiều sâu, còn hồng đào giúp da không bị xám, mang lại vẻ đẹp độc đáo.
"
Làm sao chọn kem nền cho da có vết đỏ do mụn viêm?,"Để chọn kem nền cho da có vết đỏ do mụn viêm, bạn nên ưu tiên các sản phẩm có khả năng che phủ tốt, nhưng vẫn nhẹ nhàng và không gây bí da. Hãy tìm kem nền có tông màu vàng hoặc đào để trung hòa sắc tố đỏ. Chất kem lỏng, mỏng nhẹ, có thành phần dưỡng ẩm và làm dịu da (như lô hội, trà xanh) sẽ là lựa chọn tốt. Tránh các loại kem nền quá đặc hoặc chứa nhiều dầu, vì có thể làm tắc nghẽn lỗ chân lông và khiến tình trạng mụn trở nên nghiêm trọng hơn.
"
Cách tạo makeup phong cách Elamite hiện đại?,"Phong cách Elamite hiện đại lấy cảm hứng từ vẻ đẹp cổ đại, tập trung vào đôi mắt sắc sảo và làn da hoàn hảo.

1.  **Da:** Sử dụng kem nền lì, che khuyết điểm kỹ lưỡng để có làn da mịn màng, không tì vết.
2.  **Mắt:** Vẽ eyeliner đen đậm, kéo dài và sắc nét. Phủ phấn mắt màu đồng hoặc nâu đất ấm.
3.  **Má & Môi:** Sử dụng phấn má hồng đào nhẹ nhàng và son môi màu nude hoặc đỏ gạch.
4.  **Điểm nhấn:** Thêm chút highlight ở gò má và sống mũi để tăng chiều sâu."
Tại sao cần thử concealer ở vùng dưới mắt?,"Việc thử concealer ở vùng dưới mắt là rất quan trọng để đảm bảo màu sắc hòa hợp với tông da và che phủ hiệu quả quầng thâm. Da vùng dưới mắt mỏng manh hơn, dễ lộ rõ sự khác biệt về màu sắc. Thử concealer giúp bạn chọn được tông màu sáng hơn da 1-2 tông, có undertone phù hợp (hồng, vàng, trung tính) để trung hòa quầng thâm, mang lại vẻ tươi sáng tự nhiên.
"
"Kỹ thuật ""smoky pearl"" là gì?","Kỹ thuật ""Smoky Pearl"" là một biến tấu tinh tế của kiểu trang điểm mắt smoky truyền thống, nhưng thay vì sử dụng các tông màu tối, kỹ thuật này tập trung vào các sắc thái ngọc trai, trắng ngà và xám bạc. 

**Các bước thực hiện:**

1.  **Tạo lớp nền:** Sử dụng phấn mắt màu ngọc trai sáng trên toàn bộ bầu mắt.
2.  **Tạo chiều sâu:** Dùng phấn mắt xám bạc tán ở hốc mắt và đuôi mắt.
3.  **Làm mềm:** Tán đều các màu để tạo hiệu ứng chuyển màu mượt mà.
4.  **Hoàn thiện:** Thêm chút highlight ở khóe mắt và dưới chân mày để tăng độ bừng sáng.

Kỹ thuật này phù hợp với những cô nàng yêu thích vẻ đẹp nhẹ nhàng, thanh lịch nhưng vẫn muốn đôi mắt trông cuốn hút.
"
Làm sao chọn son cho makeup phong cách Java hiện đại?,"Để chọn son cho makeup phong cách Java hiện đại, bạn nên ưu tiên các màu son đất, cam đất, hoặc nâu gạch. Những tông màu này tạo cảm giác ấm áp, gần gũi, phù hợp với tinh thần của phong cách Java. 

**Bước 1:** Xác định tông da. Da sáng hợp các màu son sáng hơn, da ngăm hợp các màu son trầm hơn.
**Bước 2:** Chọn chất son lì hoặc bán lì để giữ màu lâu và tạo hiệu ứng tự nhiên.
**Bước 3:** Thử son trước khi mua để đảm bảo màu son hài hòa với tổng thể makeup.
"
Cách làm sạch cọ sau khi dùng phấn mắt nhũ gel?,"Chào bạn, việc làm sạch cọ sau khi dùng phấn mắt nhũ gel rất quan trọng để đảm bảo vệ sinh và kéo dài tuổi thọ cọ. Đây là các bước thực hiện:

1. **Loại bỏ phấn thừa:** Dùng khăn giấy hoặc miếng bông gòn lau nhẹ nhàng để loại bỏ lượng phấn mắt thừa trên cọ.
2. **Rửa cọ:** Sử dụng nước ấm và dung dịch làm sạch cọ chuyên dụng (hoặc dầu gội em bé dịu nhẹ) để rửa cọ.
3. **Xả sạch:** Xả kỹ cọ dưới nước ấm cho đến khi nước trong.
4. **Làm khô:** Vắt nhẹ nước và để cọ khô tự nhiên, lông cọ hướng xuống dưới để tránh nước làm hỏng phần cán.
"
"Kỹ thuật ""glossy sculpt"" tạo khối thế nào?","Kỹ thuật ""glossy sculpt"" tạo khối hiện đại tập trung vào hiệu ứng da căng bóng, khỏe mạnh thay vì đường nét sắc sảo.

**Các bước thực hiện:**

1.  **Tạo khối:** Dùng kem hoặc stick tạo khối màu lạnh, tán đều dưới gò má, dọc theo chân tóc và hai bên sống mũi.
2.  **Highlight:** Chọn highlighter dạng lỏng hoặc kem, thoa lên vùng gò má, trán, sống mũi và nhân trung.
3.  **Tán đều:** Dùng mút hoặc cọ tán đều highlighter và khối, hòa trộn để tạo hiệu ứng chuyển màu mờ ảo, bóng bẩy.

**Lý do:** Chất liệu bóng giúp bắt sáng, tạo cảm giác da đầy đặn, mịn màng hơn.
"
Làm sao chọn mascara cho makeup phong cách editorial?,"Để chọn mascara cho makeup editorial, bạn nên ưu tiên các sản phẩm có khả năng tạo hiệu ứng dày và dài mi vượt trội, nhưng vẫn giữ được nét tự nhiên, không quá nặng nề. Mascara fiber hoặc có công thức lifting sẽ là lựa chọn tốt.

**Bước 1:** Chọn màu đen tuyền hoặc nâu đậm.
**Bước 2:** Ưu tiên các loại mascara có kết cấu không quá ướt, dễ dàng kiểm soát lượng sản phẩm.
**Bước 3:** Chải kỹ từ chân mi đến ngọn, có thể chải zig-zag để tăng độ dày.
"
Cách tạo makeup phong cách Mannerist?,"Phong cách Mannerist trong trang điểm lấy cảm hứng từ hội họa thời kỳ Phục Hưng muộn, nhấn mạnh sự tương phản và phá cách.

1.  **Da:** Sử dụng lớp nền sáng, mịn màng, đôi khi hơi nhợt nhạt.
2.  **Mắt:** Vẽ mắt mèo sắc sảo, kéo dài, có thể sử dụng màu sắc tương phản như xanh lam, tím.
3.  **Má:** Đánh má hồng cao, đậm, tạo khối góc cạnh.
4.  **Môi:** Tô môi đỏ đậm, vẽ viền môi rõ nét, đôi khi hơi quá khổ.
5.  **Lông mày:** Vẽ lông mày cao, mảnh, hơi cong.

Mục đích là tạo vẻ đẹp giả tạo, có phần kỳ quái, khác biệt với vẻ đẹp tự nhiên.
"
Tại sao cần dùng blotting paper sau 4 giờ makeup?,"Chào bạn,

Sau khoảng 4 giờ trang điểm, tuyến bã nhờn trên da bắt đầu hoạt động, kết hợp với mồ hôi và bụi bẩn từ môi trường, khiến lớp makeup dễ bị bóng dầu, đặc biệt ở vùng chữ T (trán, mũi, cằm). 

Sử dụng blotting paper (giấy thấm dầu) giúp nhẹ nhàng loại bỏ lượng dầu thừa này mà không làm xáo trộn lớp makeup, giữ cho lớp nền được mịn màng, tự nhiên và kéo dài thời gian bền đẹp. Thay vì dùng phấn phủ, blotting paper là lựa chọn tốt hơn để tránh làm cakey lớp trang điểm.
"
Làm sao chọn phấn mắt cho mắt nâu vàng?,"Với đôi mắt nâu vàng, bạn nên ưu tiên các tông màu tạo sự tương phản và làm nổi bật màu mắt. Các lựa chọn tuyệt vời bao gồm:

1.  **Tông tím:** Từ tím nhạt đến tím đậm đều rất hợp, giúp mắt trông sâu và cuốn hút hơn.
2.  **Tông xanh:** Xanh rêu, xanh ngọc hoặc xanh navy sẽ làm nổi bật sắc vàng trong mắt.
3.  **Tông cam đất/nâu đồng:** Tạo vẻ ấm áp, tự nhiên và làm mắt trông to hơn.

Tránh các màu quá tương đồng như nâu sáng hoặc vàng, vì chúng có thể làm mắt trông xỉn màu.
"
"Kỹ thuật ""opal dew"" là gì?","Kỹ thuật ""opal dew"" (sương opal) là xu hướng trang điểm tạo hiệu ứng da trong suốt, căng bóng tự nhiên như sương sớm. 

**Các bước thực hiện:**

1.  **Dưỡng ẩm kỹ:** Đây là bước quan trọng nhất.
2.  **Sử dụng kem nền mỏng nhẹ:** Ưu tiên các loại có chứa thành phần dưỡng ẩm.
3.  **Highlight dạng lỏng/kem:** Tập trung vào vùng gò má, sống mũi, trán và cằm.
4.  **Phấn highlight nhũ ngọc trai:** Thêm một chút để tăng độ bắt sáng.

Hiệu ứng này giúp da trông khỏe mạnh, tươi tắn và có chiều sâu.
"
Làm sao tạo makeup phong cách Muromachi Nhật Bản?,"Phong cách trang điểm Muromachi (thế kỷ 14-16) của Nhật Bản tập trung vào vẻ đẹp thanh lịch, trang nhã.

1.  **Làm trắng da:** Sử dụng phấn trắng (oshroi) để tạo lớp nền trắng bệch, tượng trưng cho địa vị quý tộc.
2.  **Tô môi đỏ:** Son môi đỏ thẫm được đánh dày, tạo hình môi nhỏ nhắn, tinh tế.
3.  **Nhuộm đen răng:** Đây là đặc trưng quan trọng, thể hiện sự trưởng thành và vẻ đẹp truyền thống (ohaguro).
4.  **Trang trí mắt:** Vẽ lông mày cao, mảnh và nhấn nhá mắt bằng cách kẻ mắt đen.
"
Cách chọn son cho môi mỏng trong makeup buổi tối?,"Để chọn son cho môi mỏng khi trang điểm buổi tối, bạn nên ưu tiên các màu son có hiệu ứng căng mọng và tăng độ dày cho môi.

1.  **Chọn chất son:** Son bóng (glossy) hoặc son kem lì có dưỡng ẩm là lựa chọn tốt nhất.
2.  **Màu son:** Các màu son sáng như hồng đào, cam san hô, hoặc màu nude có ánh nhũ sẽ giúp môi trông đầy đặn hơn. Tránh các màu son quá tối hoặc trầm.
3.  **Kỹ thuật đánh son:** Đánh son tràn nhẹ ra ngoài viền môi một chút để tạo hiệu ứng môi dày dặn.
"
"Kỹ thuật ""fox wing"" khác gì puppy wing?","Chào bạn,

""Fox eye"" (mắt cáo) và ""puppy eye"" (mắt cún) đều là kỹ thuật kẻ mắt tạo hiệu ứng mắt to và dài, nhưng có sự khác biệt rõ rệt:

*   **Fox eye:** Kẻ mắt kéo dài, nhọn về phía đuôi mắt, tạo góc mắt sắc sảo, ""lift"" đuôi mắt lên cao. Nhấn mạnh vào sự quyến rũ, sắc sảo.
*   **Puppy eye:** Kẻ mắt tròn trịa, mềm mại, tập trung vào phần hốc mắt dưới. Tạo đôi mắt to tròn, ngây thơ, dễ thương.

Nói cách khác, ""fox eye"" tập trung vào độ dài và góc cạnh, còn ""puppy eye"" tập trung vào độ tròn và sự mềm mại."
Làm sao chọn cọ cho phấn mắt dạng nhũ lỏng?,"Để chọn cọ phù hợp với phấn mắt nhũ lỏng, bạn nên ưu tiên cọ đầu bằng, nhỏ và dẹt. Chất liệu lông cọ nên là tổng hợp (synthetic) vì chúng không bị hút phấn, dễ làm sạch và phù hợp với chất lỏng. Cọ đầu bằng giúp bạn dễ dàng tán đều phấn lên bầu mắt, đặc biệt là những vùng khó tiếp cận như khóe mắt. Kích thước nhỏ giúp kiểm soát lượng phấn tốt hơn, tránh tình trạng lem hoặc quá nhiều nhũ.
"
"Cách tạo hiệu ứng môi ""satin rose lips""?","Để tạo hiệu ứng ""satin rose lips"" (môi hồng satin), bạn thực hiện các bước sau:

1. **Tẩy tế bào chết:** Giúp môi mềm mịn, son lên chuẩn màu.
2. **Dưỡng ẩm:** Sử dụng son dưỡng để môi căng mọng.
3. **Kẻ viền môi:** Chọn màu nude gần màu son để định hình.
4. **Tô son:** Chọn son hồng có chất satin, đánh nhẹ nhàng từ trong ra ngoài.
5. **Tạo hiệu ứng satin:** Dặm nhẹ lớp son mỏng lên giấy ăn để bớt bóng, giữ màu tự nhiên.
"
"Kỹ thuật ""radiant pearl"" tạo da thế nào?","Kỹ thuật ""Radiant Pearl"" (ngọc trai rạng rỡ) tạo hiệu ứng da căng bóng, mịn màng như ngọc trai nhờ tập trung vào việc bắt sáng và làm nổi bật cấu trúc da tự nhiên. 

**Các bước chính:**

1.  **Dưỡng ẩm kỹ:** Da đủ ẩm là nền tảng.
2.  **Sử dụng highlighter dạng lỏng/kem:** Thoa nhẹ lên các điểm cao như gò má, sống mũi, nhân trung.
3.  **Trộn highlighter với kem nền:** Tạo hiệu ứng glow từ bên trong.
4.  **Phấn highlight dạng bột:** Cố định và tăng độ rạng rỡ.

Kỹ thuật này phù hợp với da khô, thường và giúp khuôn mặt tươi tắn hơn.
"
Làm sao chọn kem nền cho da dầu trong khí hậu lạnh ẩm?,"Chào bạn, với da dầu trong khí hậu lạnh ẩm, việc chọn kem nền cần lưu ý một số điểm sau:

1. **Chọn nền dạng lỏng, nhẹ:** Tránh kem nền quá đặc gây bí bách.
2. **Ưu tiên ""oil-free"", ""mattifying"":** Các thành phần này giúp kiểm soát dầu thừa.
3. **Tìm kem nền có thành phần dưỡng ẩm:** Khí hậu lạnh dễ làm da mất nước, cần cân bằng.
4. **Thử nghiệm trên da:** Quan trọng nhất để đảm bảo màu sắc và độ phù hợp.
"
Cách tạo makeup phong cách Dacian?,"Phong cách trang điểm Dacian lấy cảm hứng từ vẻ đẹp tự nhiên và mạnh mẽ của người Dacian cổ đại.

1.  **Da:** Ưu tiên làn da khỏe mạnh, mịn màng với lớp nền nhẹ nhàng, tự nhiên.
2.  **Mắt:** Sử dụng phấn mắt màu đất, nâu đồng, hoặc xanh rêu. Vẽ mắt mèo mảnh, sắc sảo.
3.  **Má:** Tạo khối nhẹ nhàng để tôn lên cấu trúc xương gò má.
4.  **Môi:** Son màu nude, hồng đất hoặc đỏ berry trầm.

Lý do: Màu sắc và kỹ thuật này phản ánh sự kết nối với thiên nhiên và sức mạnh của người Dacian.
"
Tại sao cần dùng lip liner cho son gradient?,"Chào bạn,

Lip liner rất quan trọng khi đánh son gradient vì nhiều lý do:

1.  **Tạo hình môi rõ nét:** Lip liner giúp định hình và làm rõ đường viền môi, đặc biệt khi đánh son gradient tập trung màu ở lòng môi.
2.  **Ngăn son lem:** Nó tạo một ""bức tường"" ngăn son không bị lem ra ngoài, giữ cho đôi môi luôn sắc sảo.
3.  **Tạo hiệu ứng chuyển màu:** Lip liner cùng tông hoặc tối hơn màu son sẽ giúp hiệu ứng chuyển màu từ viền môi vào lòng môi được mềm mại và tự nhiên hơn.

"
"Kỹ thuật ""haze eyes"" là gì?","""Haze eyes"" (mắt sương mù) là kỹ thuật trang điểm mắt tạo hiệu ứng mềm mại, mơ màng, như thể đôi mắt được phủ một lớp sương nhẹ.

**Cách thực hiện:**

1.  **Phủ phấn mắt:** Chọn phấn mắt màu trung tính (nâu, xám, be) và tán đều lên bầu mắt, tập trung vào phần hốc mắt.
2.  **Nhấn nhá:** Dùng cọ nhỏ tán thêm một chút phấn tối hơn vào đuôi mắt và hốc mắt để tạo chiều sâu.
3.  **Làm mờ:** Quan trọng nhất là làm mờ đường viền phấn mắt bằng cọ sạch để tạo hiệu ứng ""sương"".
4.  **Hoàn thiện:** Kẻ mắt mảnh và chuốt mascara nhẹ nhàng.

Kỹ thuật này phù hợp với mọi hình dáng mắt và tạo vẻ đẹp tự nhiên, lãng mạn.
"
Làm sao chọn son cho makeup phong cách Vanuatu?,"Phong cách trang điểm Vanuatu đề cao vẻ đẹp tự nhiên, khỏe khoắn với tông màu đất ấm áp. Vì vậy, khi chọn son, bạn nên ưu tiên các màu nude, cam đất, hồng đất hoặc màu san hô. 

**Bước 1:** Xác định tông da.
**Bước 2:** Chọn màu son phù hợp:
   - Da sáng: Nude hồng, cam san hô.
   - Da trung bình: Cam đất, hồng đất.
   - Da ngăm: Nude đậm, cam gạch.

**Lý do:** Các màu này hài hòa với màu da, tạo cảm giác đôi môi căng mọng, khỏe mạnh, phù hợp với tinh thần của phong cách Vanuatu.
"
Cách khắc phục lớp nền bị loang khi đi mưa?,"Chào bạn, lớp nền bị loang khi đi mưa là vấn đề nhiều người gặp phải. Để khắc phục, bạn cần:

1. **Chuẩn bị da:** Dưỡng ẩm kỹ trước khi trang điểm.
2. **Sử dụng primer:** Primer giúp khóa ẩm, tạo lớp nền mịn và tăng độ bám.
3. **Chọn nền phù hợp:** Ưu tiên nền chống nước, lâu trôi hoặc cushion có khả năng chống thấm nước.
4. **Kỹ thuật đánh nền:** Dặm lớp nền mỏng, dùng mút hoặc cọ để nền bám chặt vào da.
5. **Setting spray:** Xịt setting spray sau khi hoàn thành để khóa lớp trang điểm.

Chúc bạn thành công!
"
"Kỹ thuật ""smoky winglet"" tạo mắt thế nào?","Kỹ thuật ""smoky winglet"" tạo mắt là sự kết hợp giữa mắt mèo (wing) và hiệu ứng smoky mắt.

1.  **Tạo đường wing:** Dùng eyeliner (gel hoặc chì) kẻ một đường wing sắc nét, hơi kéo dài.
2.  **Pha màu smoky:** Dùng cọ nhỏ, lấy phấn mắt tối màu (đen, nâu đậm) tán đều dọc theo đường wing, lan rộng ra phía đuôi mắt.
3.  **Tán đều:** Mờ dần đường viền phấn mắt để tạo hiệu ứng chuyển màu mềm mại, ""smoky"".
4.  **Hoàn thiện:** Có thể dùng thêm highlighter ở khóe mắt để làm sáng.

Kỹ thuật này giúp đôi mắt trông sâu hơn, sắc sảo và quyến rũ hơn.
"
Làm sao chọn cọ cho má hồng dạng nhũ lỏng?,"Để chọn cọ phù hợp với má hồng nhũ lỏng, bạn nên ưu tiên cọ đầu vát hoặc cọ tròn nhỏ, lông mềm mại (tổng hợp hoặc tự nhiên đều được). Cọ vát giúp bạn dễ dàng tạo khối và đường nét sắc sảo, còn cọ tròn nhỏ phù hợp tán đều màu nhẹ nhàng. Quan trọng là cọ không quá dày, để tránh làm mất đi độ bóng và sự tinh tế của sản phẩm nhũ.
"
Cách tạo makeup phong cách Safavid hiện đại?,"Phong cách Safavid hiện đại lấy cảm hứng từ vẻ đẹp hoàng gia Ba Tư cổ đại, tập trung vào đôi mắt sắc sảo và làn da hoàn hảo.

1.  **Da:** Sử dụng kem nền lì, che khuyết điểm kỹ lưỡng để có làn da mịn màng.
2.  **Mắt:** Vẽ eyeliner đen đậm, kéo dài, hơi cong lên ở đuôi mắt. Phủ phấn mắt màu đồng hoặc nâu vàng ấm áp.
3.  **Môi:** Son môi màu đỏ ruby hoặc hồng đất cổ điển.
4.  **Má:** Phấn má hồng màu đào nhẹ nhàng để tăng nét thanh tú.
"
Tại sao cần dùng setting spray dạng glow cho da xỉn?,"Chào bạn,

Da xỉn màu thường thiếu đi sự tươi sáng và rạng rỡ. Setting spray dạng glow chính là ""vũ khí"" hoàn hảo để khắc phục điều này! Chúng chứa các hạt phấn siêu nhỏ có ánh ngọc trai, giúp phản xạ ánh sáng, tạo hiệu ứng da căng bóng, khỏe khoắn và tươi tắn hơn. 

Ngoài ra, setting spray glow còn giúp lớp trang điểm bám lâu hơn, hạn chế tình trạng cakey và làm mờ các nếp nhăn nhỏ, cho bạn một làn da hoàn hảo cả ngày.
"
Làm sao chọn phấn mắt cho makeup phong cách Taklamakan?,"Phong cách Taklamakan lấy cảm hứng từ sa mạc, nên phấn mắt cần màu đất, cát. Bắt đầu với phấn mắt màu be nhạt làm lớp nền. Sau đó, thêm màu nâu vàng hoặc cam đất vào hốc mắt để tạo chiều sâu. Cuối cùng, dùng màu nâu sẫm hoặc tím than điểm nhẹ ở đuôi mắt để nhấn nhá. Nên chọn phấn mắt có kết cấu mịn, dễ tán để tạo hiệu ứng chuyển màu mượt mà, tự nhiên như cát sa mạc.
"
"Cách tạo hiệu ứng môi ""moonstone lips""?","Để tạo hiệu ứng ""moonstone lips"" (môi đá mặt trăng) đầy mê hoặc, bạn cần:

1. **Chuẩn bị:** Dưỡng ẩm môi kỹ lưỡng.
2. **Base:** Sử dụng son lót môi để màu son bám tốt hơn.
3. **Son:** Chọn son kem hoặc son tint màu hồng đào nhạt, thoa đều và blend nhẹ nhàng.
4. **Highlight:** Dùng highlight dạng kem hoặc lấp lánh đánh nhẹ ở giữa môi dưới, tạo hiệu ứng căng mọng, 3D.
5. **Hoàn thiện:** Thoa một lớp son bóng trong suốt để tăng độ ẩm và bắt sáng.
"
"Kỹ thuật ""sheer rose blush"" là gì?","Kỹ thuật ""sheer rose blush"" (má hồng hồng sheer) là xu hướng trang điểm tạo hiệu ứng má ửng hồng tự nhiên, khỏe khoắn như vừa vận động. 

**Cách thực hiện:**
1. Chọn phấn má hồng màu hồng đào hoặc hồng san hô.
2. Lấy một lượng nhỏ phấn, gõ nhẹ để loại bỏ phần phấn thừa.
3. Mỉm cười và tán phấn lên vùng gò má cao nhất, hòa nhuyễn về phía thái dương.
4. Đừng tập trung phấn ở một điểm, hãy tán đều để tạo hiệu ứng tự nhiên nhất.

Kỹ thuật này phù hợp với mọi tông da và giúp khuôn mặt tươi tắn hơn.
"
Làm sao chọn kem nền cho da có vết thâm do chấn thương?,"Để chọn kem nền cho da có vết thâm do chấn thương, bạn cần ưu tiên khả năng che phủ tốt và thành phần lành tính.

1.  **Chọn độ che phủ trung bình đến cao:** Kem nền này giúp che mờ vết thâm hiệu quả.
2.  **Ưu tiên các sản phẩm có chứa dưỡng ẩm:** Vết thương lành cần được cung cấp độ ẩm để phục hồi.
3.  **Chọn màu kem nền gần với tông da:** Tránh chọn màu quá sáng sẽ làm lộ vết thâm.
4.  **Thử kem nền trên vùng da nhỏ:** Đảm bảo không gây kích ứng.
"
Cách tạo makeup phong cách Huari hiện đại?,"Phong cách Huari hiện đại tập trung vào đôi mắt sắc sảo và đôi môi trầm.

1.  **Mắt:** Sử dụng phấn mắt màu đất, nâu hoặc cam, tán đều và nhấn nhá đường eyeliner đen đậm, kéo dài.
2.  **Da:** Nền da hoàn hảo với lớp kem nền lì, che khuyết điểm kỹ càng.
3.  **Môi:** Chọn son màu đỏ gạch, nâu đất hoặc burgundy, đánh lòng môi để tạo hiệu ứng tự nhiên.
4.  **Má:** Sử dụng phấn má hồng màu nude đào để tạo chiều sâu.
"
Tại sao cần thử son ở vùng môi trên?,"Chào bạn, việc thử son ở vùng môi trên (thường là lòng bàn tay hoặc đầu ngón tay) trước khi đánh lên môi có nhiều lợi ích:

1. **Kiểm tra màu son:** Màu son có thể khác biệt trên da tay và da môi, nhưng vẫn giúp bạn hình dung gần đúng nhất.
2. **Đánh giá kết cấu:** Bạn sẽ cảm nhận được son mịn, lì, hay bóng, từ đó biết son có phù hợp với sở thích không.
3. **Phát hiện dị ứng:** Thử trước giúp bạn kiểm tra xem có bị kích ứng với thành phần son hay không.
"
"Kỹ thuật ""quasar eyes"" là gì?","""Quasar eyes"" là kỹ thuật trang điểm mắt tạo hiệu ứng mắt sâu thẳm, lấp lánh như những ngôi sao xa xôi. Đầu tiên, bạn dùng phấn mắt tối (nâu, xám) tán đều từ hốc mắt lên trên, tạo chiều sâu. Sau đó, điểm thêm phấn nhũ hoặc highlight ở khóe mắt, bọng mắt và đường viền dưới mắt để bắt sáng. Cuối cùng, kẻ eyeliner mảnh và chuốt mascara để hoàn thiện. Kỹ thuật này giúp đôi mắt trông to tròn và cuốn hút hơn.
"
Làm sao chọn son cho makeup phong cách Tuscany tối giản?,"Để chọn son cho makeup phong cách Tuscany tối giản, hãy ưu tiên các màu nude, hồng đào hoặc cam đất tự nhiên. Những tông màu này tôn lên vẻ đẹp khỏe khoắn, mộc mạc của phong cách này. Chất son nên là matte hoặc satin để tạo hiệu ứng mềm mại, không quá bóng bẩy. Tránh các màu son quá nổi bật như đỏ tươi hay tím, vì sẽ phá vỡ sự tinh tế, tối giản của makeup Tuscany.
"
"Kỹ thuật ""petal dew"" tạo da thế nào?","Kỹ thuật ""petal dew"" (sương trên cánh hoa) tạo hiệu ứng da căng bóng, tự nhiên như sương sớm. Đầu tiên, dưỡng ẩm kỹ lưỡng. Sau đó, dùng kem nền mỏng, nhẹ, tập trung vào trung tâm mặt. Tiếp theo, dùng phấn bắt sáng lỏng đánh nhẹ lên gò má, sống mũi, trán và cằm. Cuối cùng, xịt xịt khóa lớp trang điểm để các hạt phấn bắt sáng hòa quyện, tạo độ glow tự nhiên, không bị bột. Kỹ thuật này giúp da trông khỏe khoắn, mịn màng.
"
Cách tạo makeup phong cách Phrygian?,"Phong cách Phrygian lấy cảm hứng từ trang phục và văn hóa của người Phrygia cổ đại, tập trung vào sự mạnh mẽ và quyền lực.

1.  **Nền:** Sử dụng kem nền lì, che phủ hoàn toàn để tạo vẻ ngoài sắc sảo.
2.  **Mắt:** Phấn mắt màu đồng, vàng đất hoặc đỏ burgundy, tán đậm ở hốc mắt và đuôi mắt. Kẻ mắt đen sắc sảo, kéo dài.
3.  **Má:** Tạo khối góc cạnh, cao dưới gò má để nhấn mạnh cấu trúc xương.
4.  **Môi:** Son đỏ đậm hoặc màu mận, đánh kỹ để tạo bờ môi rõ nét.
"
Tại sao cần dùng primer màu vàng cho da tái xanh?,"Da tái xanh thường gặp tình trạng ửng đỏ hoặc có các mao mạch nổi rõ. Primer màu vàng có khả năng trung hòa các sắc tố đỏ này, giúp da trông tươi sáng và đều màu hơn. Khi thoa primer vàng, bạn sẽ tạo ra một lớp nền trung tính, giúp kem nền lên màu chuẩn và che phủ các khuyết điểm hiệu quả hơn. Đồng thời, primer còn giúp làm mịn da, tạo độ bám cho lớp trang điểm.
"
Làm sao chọn phấn mắt cho makeup phong cách Chihuahuan?,"Phong cách trang điểm Chihuahuan lấy cảm hứng từ vẻ đẹp hoang dã của sa mạc Chihuahua, nên phấn mắt cần tập trung vào tông đất ấm.

**Bước 1:** Chọn phấn mắt màu nâu đất, cam đất, hoặc màu đồng làm base.
**Bước 2:** Thêm chút phấn mắt màu đỏ gạch hoặc tím plum để tạo chiều sâu.
**Bước 3:** Sử dụng phấn nhũ đồng hoặc vàng để làm điểm nhấn ở khóe mắt.

Lý do: Các màu này mô phỏng màu sắc của cát, đá và hoàng hôn sa mạc, tạo nên vẻ đẹp tự nhiên, mạnh mẽ.
"
"Cách tạo hiệu ứng môi ""lapis lips""?","Để tạo hiệu ứng ""lapis lips"" (môi xanh lam), bạn cần chuẩn bị son môi màu xanh navy hoặc xanh cobalt đậm.

1.  **Tạo đường viền:** Dùng chì kẻ môi cùng tông màu để viền môi, giúp son không bị lem.
2.  **Tô son:** Tô đều son lên toàn bộ môi, có thể dùng cọ để đạt độ chính xác cao.
3.  **Hoàn thiện:** Thấm nhẹ môi bằng khăn giấy để loại bỏ son thừa và tăng độ bền màu. Hiệu ứng này tạo nên vẻ đẹp độc đáo, nổi bật và thường được ưa chuộng trong các xu hướng thời trang cá tính.
"
"Kỹ thuật ""sheer crystal dew"" là gì?","Kỹ thuật ""Sheer Crystal Dew"" là xu hướng trang điểm tạo hiệu ứng da trong suốt, căng bóng tự nhiên như sương sớm. 

**Các bước thực hiện:**

1.  **Dưỡng ẩm kỹ:** Đây là bước quan trọng nhất, giúp da ngậm nước.
2.  **Sử dụng kem nền mỏng nhẹ:** Ưu tiên các loại có kết cấu lỏng, sheer coverage.
3.  **Highlight dạng lỏng/kem:** Tập trung vào gò má, sống mũi, trán và cằm.
4.  **Xịt khóa trang điểm:** Giúp lớp makeup hòa quyện, tăng độ bóng khỏe.

Kỹ thuật này nhấn mạnh vào việc tối ưu độ ẩm và phản xạ ánh sáng, thay vì che phủ hoàn toàn.
"
Làm sao chọn kem nền cho da có vết sẹo do phẫu thuật?,"Để chọn kem nền cho da có sẹo phẫu thuật, bạn cần ưu tiên độ che phủ tốt và khả năng làm đều màu da. Hãy chọn kem nền lỏng hoặc kem nền dạng kem có độ che phủ từ trung bình đến cao. Quan trọng là chọn màu kem nền trùng với tông da thật để tránh làm sẹo thêm nổi bật. Nên thử kem nền trên vùng da gần sẹo để đảm bảo màu sắc phù hợp và không gây kích ứng.
"
Cách tạo makeup phong cách Chimu hiện đại?,"Phong cách Chimu hiện đại tập trung vào đôi mắt sắc sảo và đôi má ửng hồng khỏe khoắn.

1.  **Mắt:** Sử dụng phấn mắt màu đất, cam hoặc nâu đồng, tán đều và nhấn nhá đường eyeliner đen đậm, kéo dài.
2.  **Má:** Tạo khối nhẹ nhàng dưới gò má, sau đó đánh má hồng màu cam đào hoặc hồng san hô.
3.  **Môi:** Chọn son nude hoặc màu cam đất để hoàn thiện.
4.  **Da:** Giữ lớp nền tự nhiên, mỏng nhẹ để tôn lên vẻ khỏe khoắn."
Tại sao cần thử eyeliner ở vùng gần khóe mắt?,"Việc thử eyeliner ở vùng gần khóe mắt rất quan trọng để kiểm tra độ chính xác và sự thoải mái. Khu vực này nhạy cảm và có nhiều nếp gấp, nên việc thử giúp bạn:

1.  **Đảm bảo đường kẻ không bị lem:** Kiểm tra độ bám của eyeliner.
2.  **Đánh giá độ thoải mái:** Xem eyeliner có gây kích ứng hay không.
3.  **Điều chỉnh độ dày và góc:** Tìm ra kiểu dáng phù hợp với hình dáng mắt.

Thử nghiệm ở vùng này giúp bạn tự tin hơn khi trang điểm toàn bộ mắt.
"
"Kỹ thuật ""nebula dew"" là gì?","Kỹ thuật ""nebula dew"" (sương mù ngân hà) là xu hướng trang điểm tạo hiệu ứng da trong suốt, căng bóng tự nhiên như sương sớm, kết hợp chút lấp lánh tinh tế như dải ngân hà. 

**Cách thực hiện:**

1.  **Dưỡng ẩm:** Cấp ẩm kỹ lưỡng cho da.
2.  **Highlight:** Thoa highlight dạng lỏng hoặc kem ở những vị trí bắt sáng (gò má, sống mũi, nhân trung, khóe mắt).
3.  **Phấn nhũ:** Rắc nhẹ phấn nhũ siêu mịn lên vùng highlight.
4.  **Xịt khóa:** Xịt xịt khóa trang điểm để các lớp sản phẩm hòa quyện, tạo hiệu ứng ""tan chảy"".

Kỹ thuật này phù hợp với các dịp đặc biệt, giúp bạn tỏa sáng mà vẫn giữ được vẻ tự nhiên.
"
Cách làm sạch beauty blender sau khi dùng concealer chống nước?,"Để làm sạch beauty blender sau khi dùng concealer chống nước, bạn cần thực hiện các bước sau:

1. **Rửa sạch:** Xả beauty blender dưới vòi nước ấm cho đến khi loại bỏ bớt concealer thừa.
2. **Sử dụng chất tẩy rửa:** Cho một lượng nhỏ dầu tẩy trang hoặc xà phòng chuyên dụng cho cọ/beauty blender lên blender, nhẹ nhàng bóp và xoay để tạo bọt.
3. **Xả sạch:** Rửa lại bằng nước ấm cho đến khi không còn bọt.
4. **Làm khô:** Vắt nhẹ nhàng và để khô tự nhiên ở nơi thoáng mát.

Việc làm sạch kỹ lưỡng giúp ngăn ngừa vi khuẩn phát triển và kéo dài tuổi thọ của beauty blender.
"
"Kỹ thuật ""scattered pearl"" là gì?","Kỹ thuật ""scattered pearl"" (ngọc trai rải rác) là xu hướng trang điểm tạo hiệu ứng da căng bóng, khỏe mạnh tự nhiên. Bạn dùng highlighter dạng lỏng hoặc kem, thoa một lượng nhỏ lên các điểm cao trên khuôn mặt như gò má, sống mũi, nhân trung, và khóe mắt trên. 

Sau đó, dùng ngón tay hoặc mút tán nhẹ nhàng, không cần tán đều hoàn toàn để giữ lại những vệt highlighter lấp lánh, giống như những viên ngọc trai rải rác. Kỹ thuật này giúp bắt sáng tốt, tạo chiều sâu cho khuôn mặt.
"
Cách tạo makeup phong cách Etruscan hiện đại?,"Phong cách Etruscan hiện đại lấy cảm hứng từ vẻ đẹp cổ điển, tập trung vào đôi mắt và làn da khỏe khoắn.

1.  **Da:** Dưỡng ẩm kỹ, dùng kem nền mỏng nhẹ, che khuyết điểm vừa đủ.
2.  **Mắt:** Phấn mắt màu đất, vàng đồng tán đều bầu mắt, nhấn nhá đường eyeliner đen dày dặn, kẻ mắt mèo nhẹ.
3.  **Má:** Sử dụng phấn má hồng màu đào hoặc cam đất, đánh nhẹ nhàng để tạo vẻ ửng hồng tự nhiên.
4.  **Môi:** Son môi màu nude hoặc đỏ gạch trầm.

Lý do: Màu sắc đất, vàng đồng gợi nhớ đến trang sức và kiến trúc Etruscan, eyeliner đen tạo điểm nhấn mạnh mẽ.
"
Tại sao cần dùng setting spray trước khi thoa phấn mắt nhũ?,"Chào bạn,

Setting spray trước khi thoa phấn mắt nhũ là bước quan trọng để tăng độ bám dính và lên màu chuẩn sắc hơn. Phấn mắt nhũ thường có kết cấu lỏng, dễ bị vón cục hoặc rơi rụng. Setting spray tạo một lớp nền ẩm nhẹ, giúp các hạt phấn nhũ bám chặt vào da, hạn chế tình trạng này. Đồng thời, nó còn giúp màu mắt lên chuẩn và có độ bừng sáng hơn.
"
Làm sao chọn phấn mắt cho makeup phong cách Rub al-Khali?,"Để chọn phấn mắt cho phong cách Rub al-Khali (sa mạc), hãy ưu tiên các tông màu ấm, trung tính như cát, nâu, đồng, vàng kim và cam đất. Bắt đầu với phấn mắt màu nude hoặc be làm lớp nền. Sau đó, thoa màu nâu hoặc đồng lên hốc mắt để tạo chiều sâu. Cuối cùng, thêm chút vàng kim hoặc cam đất ở khóe mắt để tạo điểm nhấn lấp lánh, gợi nhớ vẻ đẹp huyền bí của sa mạc.
"
"Cách tạo hiệu ứng môi ""malachite lips""?","Để tạo hiệu ứng môi ""malachite lips"" (môi ngọc bích), bạn cần chuẩn bị son môi màu xanh lá cây nhạt, son dưỡng, và phấn mắt màu xanh lam hoặc tím than.

1.  **Dưỡng ẩm:** Bôi son dưỡng để môi mềm mịn.
2.  **Son nền:** Tô một lớp son xanh lá cây nhạt đều khắp môi.
3.  **Tạo hiệu ứng:** Dùng cọ nhỏ, nhẹ nhàng tán phấn mắt xanh lam/tím than lên giữa môi, tạo hiệu ứng chuyển màu như đá ngọc bích.
4.  **Hoàn thiện:** Bôi thêm son dưỡng để môi bóng mượt.
"
"Kỹ thuật ""mystic pearl"" là gì?","Kỹ thuật ""Mystic Pearl"" là xu hướng trang điểm mắt đang được yêu thích, tạo hiệu ứng đôi mắt lấp lánh như ngọc trai.

**Các bước thực hiện:**

1.  **Chuẩn bị:** Phủ phấn mắt nhũ ngọc trai lên toàn bộ bầu mắt.
2.  **Tạo chiều sâu:** Dùng phấn mắt màu tối (nâu, xám) tán nhẹ ở đuôi mắt và hốc mắt.
3.  **Highlight:** Thêm chút phấn nhũ trắng/ngọc trai ở khóe mắt và dưới chân mày.
4.  **Hoàn thiện:** Kẻ eyeliner mảnh và chuốt mascara.

Kỹ thuật này giúp đôi mắt trông to tròn, long lanh và thu hút hơn.
"
Làm sao chọn kem nền cho da có vết đỏ do nhiệt?,"Chào bạn, để chọn kem nền cho da bị đỏ do nhiệt, bạn nên ưu tiên các sản phẩm có khả năng làm dịu và che phủ vết đỏ.

**Bước 1:** Chọn kem nền có tông màu vàng hoặc xanh lá cây để trung hòa sắc đỏ.
**Bước 2:** Ưu tiên chất kem lỏng nhẹ, không gây bí bách, có chứa các thành phần dưỡng ẩm và làm dịu như lô hội, trà xanh.
**Bước 3:** Tránh các sản phẩm có chứa cồn, hương liệu mạnh hoặc các hạt lấp lánh có thể làm kích ứng da.
"
Cách tạo makeup phong cách Tairona?,"Phong cách trang điểm Tairona lấy cảm hứng từ bộ tộc cổ đại Tairona của Colombia, nhấn mạnh vào sự kết nối với thiên nhiên và vẻ đẹp nguyên sơ.

1.  **Da:** Ưu tiên làn da tự nhiên, khỏe khoắn với lớp nền mỏng nhẹ, tập trung dưỡng ẩm.
2.  **Mắt:** Sử dụng phấn mắt màu đất, nâu, vàng đồng để tạo chiều sâu. Vẽ mắt mèo mảnh, sắc sảo.
3.  **Má:** Đánh má hồng màu cam đất hoặc nâu đào để tạo vẻ khỏe khoắn.
4.  **Môi:** Son màu nude, cam cháy hoặc đỏ gạch.
5.  **Điểm nhấn:** Vẽ họa tiết hình học lấy cảm hứng từ thổ dân lên vùng trán hoặc gò má bằng eyeliner đen hoặc màu mắt."
Tại sao cần thử phấn phủ ở vùng mũi?,"Chào bạn,

Việc thử phấn phủ ở vùng mũi là rất quan trọng vì mũi là khu vực dễ bóng dầu nhất trên khuôn mặt. Khi đánh phấn, bạn sẽ kiểm tra được độ bám dính, khả năng kiềm dầu và màu sắc có phù hợp với tông da hay không. Nếu phấn không bám tốt hoặc màu không chuẩn, bạn có thể điều chỉnh lượng phấn hoặc chọn loại khác trước khi đánh toàn mặt, tránh tình trạng bị cakey hoặc không đều màu.
"
"Kỹ thuật ""galaxy dew"" là gì?","Kỹ thuật ""galaxy dew"" (sương ngân hà) là xu hướng trang điểm tạo hiệu ứng da căng bóng, lấp lánh như sương sớm trên các vì sao. 

**Cách thực hiện:**

1.  **Dưỡng ẩm:** Dưỡng ẩm kỹ lưỡng là bước quan trọng nhất.
2.  **Highlight:** Thoa highlight dạng lỏng hoặc kem có nhũ lên các điểm cao như gò má, sống mũi, nhân trung, và khóe mắt.
3.  **Phấn nhũ:** Rắc nhẹ phấn nhũ siêu mịn lên da để tăng độ lấp lánh.

Hiệu ứng này giúp da trông khỏe mạnh, tươi tắn và có chiều sâu.
"
Cách làm sạch cọ sau khi dùng phấn mắt nhũ kim loại lỏng?,"Chào bạn, việc làm sạch cọ sau khi dùng phấn mắt nhũ kim loại lỏng rất quan trọng để đảm bảo vệ sinh và kéo dài tuổi thọ cọ. Đây là các bước thực hiện:

1. **Loại bỏ phấn thừa:** Dùng khăn giấy hoặc miếng bông gòn lau nhẹ nhàng để loại bỏ lượng phấn mắt thừa trên cọ.
2. **Sử dụng dung dịch làm sạch cọ:** Đổ một lượng nhỏ dung dịch chuyên dụng vào lòng bàn tay, nhúng đầu cọ vào và xoay nhẹ nhàng.
3. **Rửa sạch:** Rửa cọ dưới vòi nước ấm cho đến khi nước trong.
4. **Làm khô:** Vắt nhẹ nước và để cọ khô tự nhiên, đầu lông hướng xuống dưới.

Lý do cần dùng dung dịch chuyên dụng là vì nhũ kim loại khó trôi và có thể làm tắc nghẽn cọ.
"
"Kỹ thuật ""prism dew"" là gì?","Kỹ thuật ""prism dew"" (sương sớm lăng kính) là xu hướng trang điểm tạo hiệu ứng da căng bóng, trong trẻo như được phủ sương. 

**Cách thực hiện:**

1.  **Dưỡng ẩm kỹ:** Đây là bước quan trọng nhất.
2.  **Kem nền mỏng nhẹ:** Chọn loại có độ che phủ thấp hoặc BB cream.
3.  **Highlight dạng lỏng/kem:** Thoa lên các điểm cao như gò má, sống mũi, nhân trung.
4.  **Xịt khóa trang điểm:** Giúp highlight hòa quyện, tạo hiệu ứng ""tan"" vào da.

Hiệu ứng này khác với ""glass skin"" ở chỗ, ""prism dew"" tự nhiên hơn, không quá bóng bẩy mà tập trung vào độ căng mọng và phản xạ ánh sáng.
"
Cách tạo makeup phong cách Urartian hiện đại?,"Phong cách Urartian hiện đại lấy cảm hứng từ vẻ đẹp cổ đại, nhấn mạnh đôi mắt sắc sảo và làn da khỏe khoắn.

1.  **Da:** Dưỡng ẩm kỹ, dùng kem nền mỏng nhẹ, che khuyết điểm.
2.  **Mắt:** Vẽ eyeliner đen dày, kéo dài, hơi nhếch lên. Phấn mắt màu đồng, nâu hoặc tím đậm.
3.  **Má:** Tạo khối nhẹ nhàng để tôn đường nét khuôn mặt.
4.  **Môi:** Son màu nude, hồng đào hoặc đỏ đất.

Điểm nhấn là đôi mắt mạnh mẽ, kết hợp với làn da tự nhiên, tạo nên vẻ đẹp quyền lực và bí ẩn.
"
Tại sao cần dùng primer màu cam cho da xám?,"Da xám thường thiếu sắc tố vàng và đỏ, khiến da trông nhợt nhạt và thiếu sức sống. Primer màu cam chứa sắc tố bổ sung này, giúp trung hòa màu xám xịt và tạo lớp nền tươi sáng hơn. Khi thoa primer cam, bạn sẽ thấy da ấm áp và rạng rỡ hơn, giúp lớp nền sau đó bám tốt và lên màu chuẩn hơn. Đây là bước chuẩn bị quan trọng để có vẻ ngoài khỏe khoắn, tràn đầy năng lượng.
"
Làm sao chọn phấn mắt cho makeup phong cách Great Basin?,"Phong cách Great Basin lấy cảm hứng từ cảnh quan sa mạc rộng lớn, nên phấn mắt cần tập trung vào tông màu đất, ấm áp. Hãy chọn các màu như: nâu đất, be, cam đất, đồng, và chút ánh nhũ vàng đồng để bắt sáng. 

**Cách chọn:**

1.  **Màu chủ đạo:** Nâu đất hoặc be làm base.
2.  **Màu nhấn:** Cam đất hoặc đồng cho phần đuôi mắt.
3.  **Highlight:** Ánh nhũ vàng đồng ở khóe mắt và dưới chân mày.

Sự kết hợp này sẽ tạo chiều sâu và vẻ đẹp tự nhiên, hoang dã cho đôi mắt.
"
"Cách tạo hiệu ứng môi ""jade lips""?","Để tạo hiệu ứng ""jade lips"" (môi ngọc), bạn cần chuẩn bị son kem màu nude hoặc trắng sữa, son tint đỏ cam hoặc hồng đào và phấn bắt sáng.

1.  **Che phủ:** Dùng son kem nude/trắng sữa che phủ hoàn toàn màu môi tự nhiên.
2.  **Tạo gradient:** Lấy một lượng nhỏ son tint, đánh vào lòng môi và tán đều ra ngoài, tập trung ở phần giữa.
3.  **Highlight:** Thoa phấn bắt sáng ở trung tâm môi để tạo độ căng mọng, giống như ngọc bích.

Hiệu ứng này tạo cảm giác đôi môi trong suốt, tự nhiên và tươi tắn.
"
"Kỹ thuật ""lunar pearl"" là gì?","Kỹ thuật ""lunar pearl"" (ngọc trai ánh trăng) là xu hướng trang điểm Hàn Quốc tạo hiệu ứng da căng bóng, mịn màng như ngọc trai.

**Cách thực hiện:**

1.  **Dưỡng ẩm kỹ:** Đây là bước quan trọng nhất.
2.  **Kem nền mỏng nhẹ:** Chọn loại có độ che phủ vừa phải.
3.  **Highlight dạng lỏng/kem:** Thoa lên các điểm cao như gò má, sống mũi, trán, cằm.
4.  **Tán đều:** Dùng mút hoặc cọ để tán nhẹ nhàng, tạo hiệu ứng glow tự nhiên.

Kỹ thuật này giúp da bắt sáng tốt, che đi khuyết điểm nhẹ và tạo vẻ ngoài tươi tắn.
"
Làm sao chọn kem nền cho da có vết thâm do dị ứng?,"Chào bạn, để chọn kem nền cho da có vết thâm do dị ứng, bạn nên ưu tiên các sản phẩm có khả năng che phủ tốt nhưng vẫn nhẹ nhàng, không gây kích ứng.

**Các bước chọn kem nền:**

1.  **Chọn loại kem nền:** Kem nền lỏng hoặc kem nền cushion phù hợp hơn vì chất lỏng, dễ tán đều và không làm nặng mặt.
2.  **Tìm thành phần:** Ưu tiên các thành phần lành tính, không chứa hương liệu, cồn, và đã được kiểm nghiệm da liễu.
3.  **Chọn màu:** Chọn màu kem nền gần với tông da tự nhiên, hoặc hơi sáng hơn một chút để che phủ vết thâm hiệu quả.
4.  **Thử trước khi mua:** Thử kem nền lên vùng da cổ tay để kiểm tra xem có bị kích ứng không."
Cách tạo makeup phong cách Muisca hiện đại?,"Phong cách Muisca hiện đại lấy cảm hứng từ vẻ đẹp tự nhiên và nghi lễ cổ xưa.

1.  **Da:** Dưỡng ẩm kỹ, dùng kem nền nhẹ để giữ vẻ tự nhiên.
2.  **Mắt:** Tập trung vào màu đất, vàng đồng. Phủ phấn mắt màu nâu, cam, vàng, tán đều. Có thể thêm chút nhũ vàng ở khóe mắt.
3.  **Má:** Sử dụng phấn má hồng màu đào hoặc cam đất để tạo vẻ khỏe khoắn.
4.  **Môi:** Son màu nude, cam cháy hoặc đỏ gạch.
5.  **Điểm nhấn:** Vẽ họa tiết hình học đơn giản lấy cảm hứng từ trang sức Muisca bằng eyeliner trắng hoặc vàng."
Tại sao cần thử eyeliner ở vùng gần đuôi mắt?,"Việc thử eyeliner ở vùng gần đuôi mắt là bước quan trọng để xác định độ dày và góc độ phù hợp với hình dáng mắt của bạn. Khu vực này cho phép bạn dễ dàng điều chỉnh đường kẻ, tạo ra hiệu ứng đuôi mắt tự nhiên hoặc sắc sảo. Thử nghiệm ở đây giúp tránh việc kẻ eyeliner quá dày hoặc quá nhọn, đảm bảo đôi mắt trông cân đối và hài hòa hơn.
"
"Kỹ thuật ""aurora dew"" là gì?","Kỹ thuật ""Aurora Dew"" là xu hướng trang điểm tạo hiệu ứng da căng bóng, ngọc ngọc như sương sớm, lấy cảm hứng từ hiện tượng cực quang. 

**Các bước thực hiện:**

1.  **Dưỡng ẩm:** Dưỡng ẩm kỹ lưỡng là bước quan trọng nhất.
2.  **Kem nền:** Chọn kem nền mỏng nhẹ, ẩm mịn.
3.  **Highlight:** Tập trung highlight ở gò má, sống mũi, trán, cằm.
4.  **Xịt khóa:** Xịt khóa để các lớp makeup hòa quyện, tăng độ bóng.

**Lý do:** Kỹ thuật này giúp da trông khỏe mạnh, tươi tắn và có chiều sâu.
"
Cách làm sạch beauty blender sau khi dùng highlighter nhũ?,"Chào bạn, việc làm sạch beauty blender sau khi dùng highlighter nhũ cần kỹ lưỡng để tránh làm tắc nghẽn và giảm tuổi thọ của bông mút. Đây là các bước bạn nên thực hiện:

1. **Rửa nhẹ nhàng:** Xả beauty blender dưới nước ấm, dùng tay bóp nhẹ nhàng để loại bỏ bớt nhũ.
2. **Sử dụng chất tẩy rửa chuyên dụng:** Dùng dầu tẩy trang hoặc sữa rửa mặt dịu nhẹ, tạo bọt và tiếp tục bóp nhẹ nhàng.
3. **Xả sạch:** Rửa lại thật kỹ bằng nước ấm cho đến khi không còn bọt và nhũ.
4. **Phơi khô:** Vắt nhẹ nước và phơi khô ở nơi thoáng mát, tránh ánh nắng trực tiếp.

Việc làm sạch kỹ lưỡng giúp beauty blender luôn sạch sẽ, đảm bảo vệ sinh và cho lớp trang điểm đẹp nhất.
"
"Kỹ thuật ""scattered crystal"" là gì?","Kỹ thuật ""scattered crystal"" (tinh thể rải rác) là xu hướng trang điểm mắt mới, tạo hiệu ứng lấp lánh tự nhiên, không quá cầu kỳ.

**Cách thực hiện:**

1.  **Chuẩn bị:** Trang điểm mắt cơ bản với phấn mắt.
2.  **Điểm nhấn:** Dùng cọ nhỏ lấy một lượng ít phấn nhũ (glitter) lỏng hoặc dạng hạt nhỏ.
3.  **Rải rác:** Nhẹ nhàng ""rải"" phấn nhũ lên vùng giữa bầu mắt, hốc mắt dưới và khóe mắt, tạo hiệu ứng lấp lánh ngẫu nhiên.

Kỹ thuật này giúp đôi mắt trông sống động, thu hút mà không bị ""quá tải"" glitter.
"
Cách tạo makeup phong cách Kassite hiện đại?,"Phong cách Kassite hiện đại tập trung vào đôi mắt khói đậm và đôi môi trầm.

**Bước 1:** Tạo lớp nền hoàn hảo, che khuyết điểm kỹ càng.
**Bước 2:** Sử dụng phấn mắt màu tối (đen, nâu sẫm, tím than) tán đều từ hốc mắt lên đến đuôi mắt, tạo hiệu ứng khói.
**Bước 3:** Kẻ eyeliner đen sắc nét, có thể kéo dài.
**Bước 4:** Chọn son môi màu burgundy, đỏ đậm hoặc nâu đất.
**Bước 5:** Đừng quên mascara và highlighter để hoàn thiện!

Phong cách này mang đến vẻ đẹp mạnh mẽ, bí ẩn và quyến rũ.
"
Tại sao cần dùng setting spray trước khi thoa nền dewy?,"Chào bạn,

Setting spray trước khi thoa nền dewy (lấp lánh) là một bước quan trọng để tăng cường hiệu quả và độ bền của lớp trang điểm. Setting spray tạo một lớp nền ẩm mịn, giúp nền dewy bám dính tốt hơn, tránh bị vón cục hoặc chảy xệ. Đồng thời, nó giúp làm dịu da, cân bằng độ ẩm, tạo hiệu ứng căng bóng tự nhiên và giúp lớp nền trông tươi tắn hơn suốt cả ngày.
"
Làm sao chọn phấn mắt cho makeup phong cách Simpson?,"Để chọn phấn mắt cho makeup phong cách Simpson, bạn cần tập trung vào các tông màu nổi bật và tương phản cao.

1.  **Mắt Homer:** Sử dụng phấn màu xanh dương đậm làm chủ đạo, kết hợp chút xanh lá cây hoặc tím để tạo chiều sâu.
2.  **Mắt Marge:** Phấn màu xanh dương nhạt hoặc tím lavender sẽ phù hợp, nhấn nhá bằng chút hồng đào.
3.  **Mắt Lisa:** Chọn phấn màu vàng đồng hoặc cam đất, có thể thêm chút nâu để tạo vẻ thông minh.
4.  **Mắt Bart:** Phấn màu xanh lá cây tươi sáng là lựa chọn hoàn hảo, kết hợp với chút đen để tạo sự tinh nghịch.

Lưu ý: Nên dùng phấn mắt có chất lì để giữ màu tốt và tạo hiệu ứng giống hoạt hình.
"
"Cách tạo hiệu ứng môi ""onyx lips""?","Để tạo hiệu ứng môi ""onyx lips"" (môi đen huyền bí), bạn cần chuẩn bị son môi màu đen (matte hoặc kem đều được), chì kẻ môi đen và phấn phủ trong suốt.

1.  **Kẻ viền môi:** Dùng chì kẻ môi đen viền rõ nét, hơi phóng đại để tạo hình.
2.  **Tô son:** Tô đều son đen lên toàn bộ môi, có thể dùng cọ nhỏ để tô kỹ các góc.
3.  **Cố định:** Nhẹ nhàng phủ một lớp phấn phủ trong suốt lên môi để son bám lâu hơn và giảm độ bóng.

Hiệu ứng này thường được dùng trong các phong cách gothic hoặc tạo điểm nhấn cá tính.
"
Làm sao chọn kem nền cho da có vết đỏ do bỏng nhẹ?,"Chào bạn, với da có vết đỏ do bỏng nhẹ, việc chọn kem nền cần sự cẩn thận. 

**Bước 1:** Ưu tiên kem nền có chứa thành phần dưỡng ẩm, làm dịu da như lô hội, ceramides.
**Bước 2:** Chọn màu kem nền có tông màu vàng hoặc olive để trung hòa sắc tố đỏ.
**Bước 3:** Chất kem nền nên là dạng lỏng, mỏng nhẹ, dễ tán đều, tránh gây kích ứng.
**Lý do:** Da bỏng nhẹ thường nhạy cảm, dễ kích ứng, cần được bảo vệ và làm dịu. Kem nền quá dày có thể làm tình trạng tồi tệ hơn.
"
Cách tạo makeup phong cách Tiahuanaco hiện đại?,"Phong cách Tiahuanaco hiện đại lấy cảm hứng từ vẻ đẹp cổ xưa, nhấn mạnh sự mạnh mẽ và thần bí.

1.  **Nền:** Sử dụng kem nền lì, màu trung tính, tạo lớp nền mịn màng, tự nhiên.
2.  **Mắt:** Tập trung vào mắt với phấn mắt màu đất, nâu đồng, hoặc vàng kim. Vẽ mắt mèo sắc sảo, sử dụng eyeliner đen.
3.  **Má:** Tạo khối nhẹ nhàng để tôn lên cấu trúc xương gò má.
4.  **Môi:** Son môi màu nude, nâu đất hoặc đỏ gạch trầm.
5.  **Điểm nhấn:** Thêm chút highlight vàng đồng ở gò má, sống mũi để tăng sự lấp lánh."
"Kỹ thuật ""comet dew"" là gì?","Kỹ thuật ""comet dew"" (sương đêm sao chổi) là xu hướng trang điểm tạo hiệu ứng da căng bóng, ẩm mượt tự nhiên, tập trung vào những điểm cao trên khuôn mặt.

**Cách thực hiện:**

1.  **Dưỡng ẩm:** Đảm bảo da đủ ẩm là bước quan trọng nhất.
2.  **Highlight:** Thoa highlight dạng kem hoặc lỏng lên gò má, sống mũi, nhân trung, và đỉnh môi.
3.  **Tạo độ bóng:** Dùng cọ hoặc ngón tay tán nhẹ để highlight hòa quyện với da, tạo hiệu ứng ""sương"" tự nhiên, không quá lấp lánh.

Kỹ thuật này giúp khuôn mặt trông tươi tắn, khỏe khoắn và có chiều sâu.
"
Làm sao chọn son cho makeup phong cách Kalahari tối giản?,"Để chọn son cho makeup phong cách Kalahari tối giản, hãy ưu tiên các màu nude, đào hoặc hồng đất nhẹ nhàng. Những tông màu này hài hòa với đôi mắt nhấn nhá bằng màu đất và cam, tạo nên vẻ đẹp tự nhiên, tinh tế. Chất son nên chọn là matte hoặc satin để tăng độ bền màu và phù hợp với phong cách trang điểm thanh lịch, không quá bóng bẩy. Tránh các màu son quá nổi bật hoặc sặc sỡ.
"
"Kỹ thuật ""rose dew"" là gì?","Kỹ thuật ""rose dew"" (sương mai hồng) là xu hướng trang điểm Hàn Quốc tạo hiệu ứng da căng bóng, ẩm mượt tự nhiên như những giọt sương mai trên cánh hồng. 

**Cách thực hiện:**

1.  **Dưỡng ẩm kỹ:** Đây là bước quan trọng nhất.
2.  **Kem nền mỏng nhẹ:** Chọn loại có độ che phủ thấp hoặc BB cream.
3.  **Highlight dạng lỏng:** Tập trung vào vùng gò má, sống mũi, trán và cằm.
4.  **Xịt khóa:** Giúp lớp trang điểm bền lâu và tăng độ bóng.

Kỹ thuật này phù hợp với những cô nàng thích vẻ đẹp tự nhiên, trong trẻo.
"
Làm sao chọn mascara cho mi dài và thưa?,"Để chọn mascara cho mi dài nhưng thưa, bạn nên ưu tiên các loại có công thức chứa sợi fiber hoặc sáp ong. Sợi fiber sẽ giúp tăng độ dày cho mi, còn sáp ong giúp mi trông đầy đặn hơn. 

Chọn mascara có đầu cọ nhỏ, thưa để dễ dàng len lỏi và phủ đều từng sợi mi, tránh làm mi bị vón cục. Màu đen hoặc nâu đậm sẽ giúp mi trông rõ ràng hơn. Tránh các loại mascara quá ướt vì có thể làm mi nặng và dễ bị cụp.
"
Cách tạo makeup phong cách Hurrian hiện đại?,"Phong cách Hurrian hiện đại lấy cảm hứng từ vẻ đẹp cổ đại, tập trung vào đôi mắt sắc sảo và làn da khỏe khoắn.

1.  **Da:** Dưỡng ẩm kỹ, dùng kem nền mỏng nhẹ, che khuyết điểm vừa đủ.
2.  **Mắt:** Vẽ eyeliner đen dày, kéo dài vượt quá đuôi mắt, tạo hình cánh cung. Phủ phấn mắt màu đồng hoặc nâu đất.
3.  **Má:** Sử dụng phấn má hồng màu đào hoặc cam đất, đánh nhẹ nhàng.
4.  **Môi:** Son môi màu nude hoặc đỏ gạch trầm.

Lý do: Eyeliner sắc sảo là điểm nhấn, màu sắc đất giúp tái hiện vẻ đẹp cổ điển nhưng vẫn hiện đại.
"
Tại sao cần dùng primer màu tím cho da vàng xỉn?,"Primer màu tím là ""cứu tinh"" cho da vàng xỉn vì nó chứa sắc tố tím đối lập với màu vàng. Khi thoa lên da, primer tím sẽ trung hòa sắc tố vàng, giúp da trông sáng hơn, đều màu hơn và giảm thiểu các vết ửng đỏ. Nhờ đó, lớp nền sau đó sẽ lên màu chuẩn hơn, che phủ tốt hơn và giúp bạn có một lớp trang điểm hoàn hảo.
"
Làm sao chọn phấn mắt cho makeup phong cách Great Sandy?,"Phong cách Great Sandy (tức phong cách sa mạc) thường tập trung vào tông màu đất, ấm áp. Để chọn phấn mắt phù hợp, bạn nên ưu tiên các màu như:

1.  **Nâu đất:** Màu base hoàn hảo, tạo chiều sâu.
2.  **Cam gạch:** Thêm chút ấm áp, tươi sáng.
3.  **Vàng đồng:** Tạo hiệu ứng lấp lánh nhẹ, như ánh nắng sa mạc.
4.  **Nâu đỏ:** Màu nhấn cho đôi mắt thêm cuốn hút.

Nên chọn phấn mắt có kết cấu mịn, dễ tán để tạo hiệu ứng chuyển màu tự nhiên."
"Kỹ thuật ""pearl dew"" là gì?","Kỹ thuật ""pearl dew"" (sương ngọc trai) là xu hướng trang điểm tạo hiệu ứng da căng bóng, ẩm mượt tự nhiên như ngọc trai. 

**Cách thực hiện:**

1.  **Dưỡng ẩm kỹ:** Bước này cực kỳ quan trọng để da đủ ẩm.
2.  **Sử dụng kem nền/BB cream mỏng nhẹ:** Chọn loại có độ che phủ vừa phải.
3.  **Highlight dạng lỏng/kem:** Thoa lên các điểm cao như gò má, sống mũi, trán, cằm.
4.  **Xịt khóa trang điểm:** Giúp highlight bám lâu và tăng độ bóng.

Kỹ thuật này phù hợp với các cô nàng thích phong cách trang điểm tự nhiên, trong trẻo.
"
Làm sao chọn kem nền cho da có vết thâm do côn trùng cắn?,"Để chọn kem nền cho da có vết thâm do côn trùng cắn, bạn nên ưu tiên các sản phẩm có khả năng che phủ tốt, nhưng vẫn giữ được vẻ tự nhiên.

**Bước 1:** Chọn kem nền có kết cấu lỏng nhẹ hoặc trung bình, tránh loại quá đặc gây bí da và làm nổi vết thâm.
**Bước 2:** Ưu tiên các tông màu trung tính, gần với màu da thật, có thể hơi vàng nhẹ để trung hòa sắc tố thâm.
**Bước 3:** Tìm các thành phần có tác dụng làm dịu da, như lô hội hoặc vitamin E.
"
Cách tạo makeup phong cách Nazca hiện đại?,"Phong cách Nazca hiện đại lấy cảm hứng từ đường Nazca huyền bí, tập trung vào đường nét sắc sảo và màu đất.

1.  **Da:** Nền matte, tông màu tự nhiên.
2.  **Mắt:** Vẽ eyeliner đen dày, kéo dài, tạo hình học như đường Nazca. Phấn mắt màu nâu đất, cam đất, hoặc vàng cát.
3.  **Má:** Contour nhẹ nhàng để tạo khối, sử dụng phấn má màu nâu đào.
4.  **Môi:** Son nude hoặc màu đất.
5.  **Điểm nhấn:** Có thể thêm hình vẽ đơn giản lấy cảm hứng từ Nazca lên má hoặc trán bằng eyeliner."
Tại sao cần thử eyeliner ở vùng gần cánh mũi?,"Việc thử eyeliner ở vùng gần cánh mũi giúp bạn kiểm tra độ lem của sản phẩm. Vùng da này có độ ẩm và nhiệt độ tương tự như vùng mắt, nên nếu eyeliner lem ở đây, khả năng cao là nó cũng sẽ lem trên mắt bạn. Đây là cách nhanh chóng để đánh giá chất lượng và độ bền màu của eyeliner trước khi sử dụng lên mắt, tránh gây mất thẩm mỹ và kích ứng.
"
"Kỹ thuật ""supernova dew"" là gì?","Kỹ thuật ""supernova dew"" (sương sớm siêu tân tinh) là xu hướng trang điểm tạo hiệu ứng da căng bóng, ẩm mượt tự nhiên như được ""tưới sương"". 

**Các bước thực hiện:**

1.  **Dưỡng ẩm kỹ:** Đây là bước quan trọng nhất.
2.  **Sử dụng kem nền mỏng nhẹ:** Ưu tiên các loại có chứa thành phần dưỡng ẩm.
3.  **Highlight dạng lỏng/kem:** Thoa lên các điểm cao như gò má, sống mũi, nhân trung.
4.  **Xịt khóa trang điểm:** Giúp giữ lớp makeup bền lâu và tăng độ bóng.

Kỹ thuật này tập trung vào việc phản xạ ánh sáng, tạo cảm giác da khỏe mạnh, rạng rỡ.
"
Làm sao chọn son cho makeup phong cách Patagonia tối giản?,"Để chọn son cho makeup phong cách Patagonia tối giản, hãy ưu tiên các màu nude, hồng đất hoặc màu mận nhẹ nhàng. Những tông màu này hài hòa với vẻ đẹp tự nhiên, không quá nổi bật nhưng vẫn tôn da. Chất son nên chọn là matte hoặc satin để tạo hiệu ứng lì nhẹ, tự nhiên, phù hợp với tinh thần tối giản của phong cách này. Tránh các màu son quá sặc sỡ hoặc bóng bẩy.
"
Cách làm sạch beauty blender sau khi dùng bronzer nhũ?,"Chào bạn, việc làm sạch beauty blender sau khi dùng bronzer nhũ cần cẩn thận để tránh làm tắc nghẽn và giữ vệ sinh. Đây là các bước:

1. **Rửa nhẹ nhàng:** Xả dưới nước ấm, dùng dầu tẩy trang hoặc nước rửa chuyên dụng cho cọ/beauty blender.
2. **Nhào nhẹ:** Nhào nhẹ nhàng để loại bỏ phấn, tránh kéo xé.
3. **Xả sạch:** Xả kỹ cho đến khi nước trong.
4. **Làm khô:** Vắt nhẹ, để khô tự nhiên ở nơi thoáng mát. Tránh dùng máy sấy.

Bronzer nhũ khó làm sạch hơn, nên cần lặp lại bước 1-2 nếu cần.
"
"Kỹ thuật ""dawn dew"" là gì?","Kỹ thuật ""dawn dew"" (sương sớm) là xu hướng trang điểm da trong veo, tự nhiên như sương sớm ban mai. Để thực hiện, bạn cần dưỡng ẩm kỹ lưỡng, sau đó dùng kem nền mỏng nhẹ hoặc BB cream, tập trung vào trung tâm khuôn mặt.

Điểm nhấn là dùng highlighter dạng lỏng hoặc kem, thoa nhẹ lên gò má, sống mũi, trán và cằm để tạo hiệu ứng glowy, ẩm mượt. Lưu ý tán đều tay để tránh lộ vân kem, mang lại vẻ đẹp khỏe khoắn, căng bóng.
"
Cách tạo makeup phong cách Lydian hiện đại?,"Phong cách Lydian hiện đại tập trung vào đôi mắt khói màu tím đậm kết hợp đường kẻ mắt sắc sảo.

1.  **Mắt:** Bắt đầu với phấn mắt tím nhạt làm lớp nền, sau đó tăng dần độ đậm về góc mắt. Sử dụng phấn mắt tím đậm để tạo hiệu ứng khói.
2.  **Kẻ mắt:** Kẻ eyeliner đen mảnh, dài và hơi nhếch lên ở đuôi mắt.
3.  **Da:** Trang điểm da tự nhiên với lớp nền mỏng nhẹ và má hồng đào.
4.  **Môi:** Chọn son nude hoặc màu hồng nhạt để cân bằng với mắt."
Tại sao cần dùng primer màu xanh cho da đỏ do mụn?,"Primer màu xanh lá cây thường được khuyên dùng cho da có nhiều mụn và đỏ vì nó hoạt động theo nguyên tắc bù màu. Màu xanh lá cây là màu đối lập của màu đỏ trên bảng màu, do đó khi thoa lên da, nó sẽ trung hòa sắc tố đỏ, giúp da trông đều màu và giảm sự xuất hiện của mụn, vết đỏ. Điều này tạo lớp nền hoàn hảo cho lớp trang điểm tiếp theo, giúp che phủ tốt hơn và bền lâu hơn.
"
Làm sao chọn phấn mắt cho makeup phong cách Tanami?,"Phong cách Tanami (hoặc makeup lấy cảm hứng từ sa mạc) thường tập trung vào tông màu đất, ấm áp. Để chọn phấn mắt, bạn nên ưu tiên các màu như:

1.  **Nâu đất:** Màu base quan trọng, tạo chiều sâu.
2.  **Cam gạch/Đồng:** Thêm sự ấm áp, bắt sáng.
3.  **Vàng đồng:** Tạo điểm nhấn lấp lánh nhẹ nhàng.
4.  **Nâu đỏ:** Màu chuyển tiếp, giúp blending mượt mà.

Nên chọn phấn mắt có kết cấu mịn, dễ tán và có thể layer để tăng độ đậm nhạt."
"Cách tạo hiệu ứng môi ""rose quartz lips""?","Để tạo hiệu ứng ""rose quartz lips"" (môi hồng thạch anh), bạn cần:

1. **Tẩy tế bào chết môi:** Giúp môi mềm mịn, son lên chuẩn màu.
2. **Dưỡng ẩm:** Sử dụng son dưỡng để môi căng mọng.
3. **Kẻ viền môi:** Chọn màu nude hồng gần màu môi tự nhiên.
4. **Tô son:** Chọn son kem hoặc son tint màu hồng đào, đánh lòng môi và tán đều.
5. **Highlight:** Thêm chút highlight ở lòng môi để tạo hiệu ứng căng mọng, ửng hồng tự nhiên như thạch anh.
"
"Kỹ thuật ""crystal dew"" là gì?","Kỹ thuật ""crystal dew"" (sương giọt pha lê) là xu hướng trang điểm tạo hiệu ứng da trong suốt, căng bóng tự nhiên như được phủ sương. 

**Các bước thực hiện:**

1.  **Dưỡng ẩm kỹ:** Đây là bước quan trọng nhất.
2.  **Sử dụng kem nền mỏng nhẹ:** Ưu tiên các loại có chứa thành phần dưỡng ẩm.
3.  **Highlight dạng lỏng/kem:** Tập trung vào vùng gò má, sống mũi, trán và cằm.
4.  **Xịt khóa trang điểm:** Giúp giữ lớp makeup bền lâu và tăng độ bóng.

Kỹ thuật này giúp làn da trông khỏe mạnh, tươi tắn và tràn đầy sức sống.
"
Làm sao chọn kem nền cho da có vết thâm do tẩy lông?,"Chào bạn, để chọn kem nền cho da có vết thâm do tẩy lông, bạn nên ưu tiên các sản phẩm có khả năng che phủ tốt và chứa các thành phần làm sáng da.

**Các bước chọn kem nền:**

1.  **Xác định tông da:** Chọn tông màu kem nền gần với màu da tự nhiên.
2.  **Chọn loại kem nền:** Kem nền lỏng hoặc kem nền dạng cushion phù hợp để che phủ vết thâm nhẹ nhàng, tự nhiên.
3.  **Tìm các thành phần:** Ưu tiên các sản phẩm có vitamin C, niacinamide hoặc các chất chống oxy hóa để hỗ trợ làm sáng vết thâm.
4.  **Thử kem nền:** Thử kem nền lên vùng da cổ tay để đảm bảo màu sắc phù hợp và không gây kích ứng."
Cách tạo makeup phong cách Tairona hiện đại?,"Phong cách Tairona hiện đại lấy cảm hứng từ bộ tộc cổ đại Tairona của Colombia, nhấn mạnh vào sự kết nối với thiên nhiên và vẻ đẹp nguyên sơ.

1.  **Da:** Ưu tiên làn da khỏe mạnh, tự nhiên với lớp nền mỏng nhẹ, tập trung dưỡng ẩm.
2.  **Mắt:** Sử dụng phấn mắt màu đất, nâu, vàng đồng để tạo chiều sâu. Vẽ mắt mèo mảnh, sắc sảo.
3.  **Má:** Đánh má hồng màu cam đất hoặc nâu đào để tạo vẻ khỏe khoắn.
4.  **Môi:** Son nude hoặc màu đất trầm là lựa chọn hoàn hảo.
5.  **Điểm nhấn:** Vẽ họa tiết hình học lấy cảm hứng từ Tairona lên vùng má hoặc trán bằng eyeliner trắng hoặc highlighter."
"Kỹ thuật ""nebula pearl"" là gì?","Kỹ thuật ""nebula pearl"" (ngọc bàng bạc) là xu hướng trang điểm mắt mới, tạo hiệu ứng mắt lấp lánh như dải ngân hà. Đầu tiên, bạn dùng phấn mắt màu tối (tím, xanh navy) tán đều bầu mắt. Sau đó, điểm thêm các hạt nhũ ngọc trai hoặc phấn mắt lấp lánh trắng/bạc lên trên, tập trung ở giữa bầu mắt và hốc mắt. Cuối cùng, dùng cọ nhỏ tán nhẹ để các hạt nhũ hòa quyện, tạo hiệu ứng lung linh, huyền ảo.
"
Làm sao chọn son cho makeup phong cách Namib tối giản?,"Phong cách Namib tối giản đề cao vẻ đẹp tự nhiên, nên son môi cũng cần tinh tế. Hãy ưu tiên các màu nude, hồng đào, hoặc cam đất gần với màu môi tự nhiên của bạn. Chất son nên chọn là matte hoặc satin để tạo hiệu ứng lì nhẹ, không quá bóng. Tránh các màu son quá nổi bật hoặc có nhũ. Quan trọng nhất là son phải hài hòa với tông da, giúp khuôn mặt trông tươi tắn nhưng vẫn giữ được sự thanh lịch, tinh tế.
"
"Kỹ thuật ""aurora pearl"" là gì?","Kỹ thuật ""Aurora Pearl"" là xu hướng trang điểm mắt mới, tạo hiệu ứng lấp lánh như ánh cực quang. Đầu tiên, bạn dùng phấn mắt màu trắng ngọc trai tán đều lên bầu mắt. Sau đó, nhẹ nhàng thêm các màu pastel như hồng, tím, xanh dương ở đuôi mắt và hốc mắt, hòa trộn nhẹ nhàng. Cuối cùng, dùng highlighter lấp lánh ở khóe mắt và dưới chân mày để tăng độ tỏa sáng, tạo chiều sâu cho đôi mắt. Kỹ thuật này phù hợp với các dịp đặc biệt, giúp đôi mắt trở nên lung linh và thu hút.
"
Cách tạo makeup phong cách Nabataean hiện đại?,"Phong cách Nabataean hiện đại lấy cảm hứng từ vẻ đẹp cổ xưa, nhấn mạnh vào đôi mắt sắc sảo và làn da khỏe khoắn.

1.  **Da:** Sử dụng kem nền nhẹ, tập trung vào dưỡng ẩm để có làn da tự nhiên.
2.  **Mắt:** Vẽ eyeliner đen đậm, kéo dài và hơi nhếch lên ở đuôi mắt. Có thể thêm chút bóng mắt màu đồng hoặc vàng đồng.
3.  **Má:** Sử dụng phấn má hồng màu đào hoặc cam đất để tạo vẻ ấm áp.
4.  **Môi:** Son nude hoặc màu berry trầm là lựa chọn hoàn hảo.

Phong cách này tôn lên sự mạnh mẽ, bí ẩn và vẻ đẹp vượt thời gian.
"
Tại sao cần dùng primer màu hồng cho da xỉn màu?,"Primer màu hồng là ""cứu tinh"" cho da xỉn màu vì nó chứa các sắc tố hồng đào, giúp trung hòa các vùng da bị ửng xanh hoặc xám xịt. Khi thoa lên da, primer hồng sẽ tạo hiệu ứng da sáng mịn, tươi tắn hơn, làm đều màu da và tăng độ bám cho lớp nền, giúp lớp makeup hoàn thiện trông tự nhiên và rạng rỡ hơn. Đây là bước chuẩn bị quan trọng để có một lớp trang điểm đẹp.
"
Làm sao chọn phấn mắt cho makeup phong cách Mojave hiện đại?,"Để chọn phấn mắt cho phong cách Mojave hiện đại, hãy ưu tiên các tông màu đất, ấm áp như cam đất, nâu gạch, đồng, và vàng cát. Bắt đầu với phấn mắt màu nude hoặc be làm lớp nền. Sau đó, thoa màu cam đất hoặc nâu gạch lên bầu mắt, tập trung vào hốc mắt để tạo chiều sâu. Cuối cùng, dùng màu đồng hoặc vàng cát ở khóe mắt và dưới chân mày để làm sáng. Phong cách này nhấn mạnh sự tự nhiên, khỏe khoắn, nên tránh các màu quá sặc sỡ.
"
Làm sao chọn kem nền cho da có vết đỏ do kích ứng?,"Chào bạn, với da bị đỏ do kích ứng, việc chọn kem nền cần đặc biệt cẩn thận. 

**Bước 1:** Ưu tiên kem nền có chứa thành phần làm dịu da như lô hội, trà xanh, hoặc niacinamide.
**Bước 2:** Chọn màu kem nền có tông màu vàng hoặc olive để trung hòa sắc đỏ của da.
**Bước 3:** Chất kem nền nên là loại mỏng nhẹ, không gây bí bách, tốt nhất là dạng kem lỏng hoặc cushion.
**Lý do:** Kem nền dày có thể làm tình trạng kích ứng trở nên nghiêm trọng hơn.
"
Làm sao chọn kem nền cho da có bệnh chàm bội nhiễm?,"Chào bạn, chọn kem nền cho da chàm bội nhiễm cần cực kỳ cẩn thận. Ưu tiên các sản phẩm:

1.  **Không chứa hương liệu, cồn, dầu khoáng:** Các thành phần này có thể gây kích ứng.
2.  **Thành phần dịu nhẹ:** Ưu tiên các loại có chứa ceramide, niacinamide, hoặc hyaluronic acid để cấp ẩm và phục hồi da.
3.  **Loại kem nền:** Kem nền khoáng hoặc BB cream là lựa chọn tốt hơn vì nhẹ nhàng, ít gây bít tắc.
4.  **Thử trước:** Luôn test sản phẩm trên vùng da nhỏ trước khi dùng toàn mặt.
"
Tại sao cần dùng lip mask trước son lì lâu trôi?,"Chào bạn,

Son lì lâu trôi thường có xu hướng làm khô môi, gây bong tróc nếu môi không đủ ẩm. Lip mask đóng vai trò như một lớp nền dưỡng ẩm, giúp làm mềm môi, loại bỏ tế bào chết và tạo một hàng rào bảo vệ. Nhờ đó, son lì sẽ bám tốt hơn, lên màu chuẩn hơn và không gây khó chịu, nứt nẻ cho đôi môi của bạn. Hãy coi lip mask là bước ""khóa ẩm"" cần thiết trước khi ""khóa màu"" bằng son lì nhé!
"
Cách tạo makeup phong cách Babylonian cổ đại?,"Để tạo makeup phong cách Babylonian cổ đại, bạn cần tập trung vào đôi mắt và môi.

1.  **Da:** Sử dụng kem nền sáng màu, đánh nhẹ nhàng để có lớp nền mịn màng.
2.  **Mắt:** Vẽ đường kẻ mắt đen đậm, kéo dài vượt quá đuôi mắt. Sử dụng phấn mắt màu xanh lam hoặc đen, tán đều.
3.  **Môi:** Tô son môi đỏ đậm hoặc màu burgundy.
4.  **Má:** Phấn má hồng màu đào nhẹ nhàng.

Phong cách này nhấn mạnh sự huyền bí, quyền lực của phụ nữ Babylon xưa.
"
Làm sao chọn mascara cho mi yếu và ngắn?,"Để chọn mascara cho mi yếu và ngắn, bạn nên ưu tiên các loại có công thức nhẹ, chứa sáp ong hoặc sợi tơ giúp làm dày và dài mi tự nhiên, tránh gây nặng mi. Đầu cọ nhỏ, thon gọn sẽ dễ dàng len lỏi và phủ đều từng sợi mi. 

Nên chọn mascara có khả năng dưỡng mi để cải thiện độ khỏe của mi về lâu dài. Tránh các loại mascara chống thấm nước quá nhiều vì có thể làm mi dễ gãy rụng.
"
Cách khắc phục phấn mắt bị lem khi đi xe máy trời nóng?,"Để khắc phục tình trạng phấn mắt bị lem khi đi xe máy trời nóng, bạn cần chuẩn bị kỹ càng và sử dụng đúng kỹ thuật:

1. **Chọn phấn mắt:** Ưu tiên phấn mắt dạng kem hoặc sáp, bám dính tốt hơn phấn bột.
2. **Sử dụng primer:** Lớp lót giúp khóa phấn, tăng độ bám dính và hạn chế đổ dầu.
3. **Kỹ thuật đánh:** Đánh phấn mắt theo lớp mỏng, dùng cọ gộp phấn để tăng độ bám.
4. **Sử dụng phấn mắt chống lem:** Chọn phấn mắt có thành phần chống thấm nước.
5. **Phấn phủ:** Thấm nhẹ phấn phủ trong suốt lên vùng mắt để cố định lớp trang điểm.
"
"Kỹ thuật ""golden pearl"" tạo da thế nào?","Kỹ thuật ""golden pearl"" (ngọc trai vàng) tạo da căng bóng, rạng rỡ bằng cách layering (xếp lớp) các sản phẩm dưỡng ẩm và highlight dạng lỏng/kem. 

**Các bước:**

1.  **Dưỡng ẩm:** Sử dụng serum, kem dưỡng cấp ẩm sâu.
2.  **Highlight lỏng:** Thoa highlight lỏng/kem (màu champagne gold) lên các điểm cao như gò má, sống mũi, trán, cằm.
3.  **Blending:** Dùng mút/cọ tán đều, tạo hiệu ứng ""da từ bên trong"" phát sáng.

**Lý do:** Ánh ngọc trai vàng phản xạ ánh sáng, giúp da trông khỏe mạnh, mịn màng hơn.
"
Làm sao tạo makeup phong cách Olmec hiện đại?,"Phong cách trang điểm Olmec hiện đại lấy cảm hứng từ nghệ thuật và văn hóa của người Olmec cổ đại. Để tạo phong cách này, bạn bắt đầu với lớp nền mịn, sau đó tập trung vào đôi mắt với đường kẻ mắt đen dày, sắc sảo, kéo dài vượt quá đuôi mắt. Sử dụng phấn mắt màu đất, nâu hoặc vàng đồng. Đôi môi tô màu đậm như đỏ gạch hoặc nâu sẫm. Điểm nhấn là những họa tiết hình học đơn giản trên má hoặc trán, sử dụng eyeliner đen hoặc body paint.
"
Tại sao cần dùng kem dưỡng ẩm có ceramide trước kem nền?,"Chào bạn,

Ceramide là một thành phần lipid tự nhiên, đóng vai trò quan trọng trong việc duy trì hàng rào bảo vệ da khỏe mạnh. Việc sử dụng kem dưỡng ẩm có ceramide trước kem nền là rất cần thiết vì:

1. **Khóa ẩm:** Ceramide giúp khóa ẩm, làm mềm da, giúp kem nền bám tốt hơn, không bị mốc hay vón cục.
2. **Bảo vệ da:** Tạo lớp màng bảo vệ da khỏi tác động của kem nền, đặc biệt là các sản phẩm có chứa cồn hoặc các thành phần gây khô da.
3. **Cải thiện kết cấu da:** Sử dụng lâu dài giúp phục hồi và cải thiện kết cấu da, giúp lớp nền mịn màng tự nhiên hơn.
"
Cách chọn son cho makeup phong cách Samoa hiện đại?,"Để chọn son cho makeup phong cách Samoa hiện đại, bạn nên ưu tiên các màu sắc tươi tắn, rực rỡ như đỏ cam, hồng fuchsia, hoặc màu berry đậm. Những màu này tượng trưng cho sự sống động và năng lượng của văn hóa Samoa. 

Bạn có thể chọn chất son lì hoặc bóng tùy theo sở thích, nhưng nên tránh các màu nude quá nhạt. Lưu ý, hãy thử son trên da để đảm bảo màu sắc phù hợp với tông da của bạn nhé!
"
"Kỹ thuật ""mist wing"" là gì?","Kỹ thuật ""mist wing"" (cánh mắt sương mù) là một kiểu vẽ eyeliner tạo hiệu ứng mềm mại, không sắc nét như cánh mắt mèo truyền thống. 

**Cách thực hiện:**
1. Vẽ một đường eyeliner mỏng dọc theo hàng mi trên.
2. Từ đuôi mắt, kéo dài đường eyeliner ra ngoài theo hướng lên trên, nhưng không quá dài và sắc.
3. Dùng cọ nhỏ hoặc tăm bông làm mờ phần đuôi eyeliner, tạo hiệu ứng ""sương mù"" nhẹ nhàng.

Kỹ thuật này phù hợp với nhiều hình dáng mắt và tạo vẻ ngoài tự nhiên, thanh lịch.
"
Làm sao chọn cọ cho phấn tạo khối dạng nhũ bột?,"Để chọn cọ phù hợp với phấn tạo khối dạng nhũ bột, bạn nên ưu tiên cọ vát xéo với sợi lông mềm, dày dặn. Cọ vát xéo giúp bạn dễ dàng xác định đường tạo khối và tán đều sản phẩm. Lông mềm mại sẽ giúp phấn bám dính tốt hơn, không gây kích ứng da và cho hiệu ứng mịn màng, tự nhiên. Độ dày dặn của cọ giúp kiểm soát lượng phấn lấy ra, tránh tình trạng quá tay.
"
"Cách tạo hiệu ứng môi ""organza lips""?","Để tạo hiệu ứng ""organza lips"" (môi organza) đang thịnh hành, bạn cần:

1. **Tạo đường viền môi:** Dùng bút chì kẻ môi trùng màu hoặc nhạt hơn môi thật, vẽ viền môi hơi mờ, không quá sắc nét.
2. **Son môi:** Chọn son kem hoặc son tint màu nude, hồng đào hoặc cam đất. Đánh son mỏng, tán đều từ lòng môi ra ngoài.
3. **Tạo hiệu ứng trong suốt:** Dùng son bóng (lip gloss) không màu hoặc cùng tông màu son, đánh nhẹ lên giữa môi để tạo độ căng mọng, trong suốt như vải organza.
"
"Kỹ thuật ""ruby blush"" tạo má hồng ra sao?","Kỹ thuật ""ruby blush"" tạo má hồng tự nhiên, căng mọng như gò má ửng hồng. Đầu tiên, bạn hãy xác định xương gò má. Sau đó, dùng cọ má hồng nhỏ, tán màu từ vùng đồng tử mắt hướng lên về phía thái dương, tạo hình trái tim ngược. 

Điểm đặc biệt là tập trung màu đậm nhất ở vùng cao nhất gò má, sau đó tán nhẹ nhàng ra ngoài để màu hòa quyện tự nhiên với da. Kỹ thuật này giúp khuôn mặt trông trẻ trung, có sức sống hơn.
"
Làm sao chọn kem nền cho da có vết đỏ do viêm nang lông?,"Chào bạn, với da bị đỏ do viêm nang lông, việc chọn kem nền cần đặc biệt chú ý để không làm tình trạng viêm nhiễm nặng thêm.

**Bước 1:** Ưu tiên kem nền có chứa thành phần dịu da như lô hội, trà xanh, hoặc niacinamide.
**Bước 2:** Chọn màu kem nền có tông màu vàng hoặc xanh lá cây nhẹ để trung hòa sắc đỏ.
**Bước 3:** Chất kem nền nên mỏng nhẹ, không gây bí da, tốt nhất là dạng lỏng hoặc kem mousse.
**Lý do:** Kem nền dày có thể làm tắc nghẽn lỗ chân lông, gây viêm nhiễm nặng hơn.
"
Cách tạo makeup phong cách Amorite hiện đại?,"Phong cách Amorite hiện đại tập trung vào đôi mắt khói đậm và đôi môi nude.

**Bước 1:** Tạo lớp nền hoàn hảo, che khuyết điểm và đánh phấn má hồng nhẹ nhàng.
**Bước 2:** Sử dụng phấn mắt màu nâu, đồng hoặc đen để tạo hiệu ứng mắt khói, tập trung vào hốc mắt và đuôi mắt.
**Bước 3:** Kẻ eyeliner đen sắc nét.
**Bước 4:** Chải mascara dày mi.
**Bước 5:** Chọn son nude hoặc màu hồng đào để hoàn thiện đôi môi.

Phong cách này tôn lên vẻ đẹp bí ẩn, quyến rũ và mạnh mẽ.
"
Tại sao cần thử concealer ở vùng gần xương quai hàm?,"Việc thử concealer ở vùng gần xương quai hàm rất quan trọng để đảm bảo màu sắc hòa hợp với tông da thật của bạn. Khu vực này ít bị ảnh hưởng bởi sắc tố da mặt (như má ửng hồng) hơn, giúp bạn đánh giá chính xác màu concealer sẽ lên da như thế nào. Điều này đặc biệt quan trọng để tránh tình trạng concealer quá sáng hoặc quá tối so với da cổ, tạo sự không tự nhiên.
"
"Kỹ thuật ""smoky topaz"" là gì?","Kỹ thuật ""smoky topaz"" là một kiểu trang điểm mắt lấy cảm hứng từ màu sắc của đá topaz khói, tạo chiều sâu và vẻ bí ẩn. 

**Các bước thực hiện:**

1.  **Tạo lớp nền:** Sử dụng phấn mắt màu nâu nhạt hoặc be trên toàn bộ bầu mắt.
2.  **Đánh khối:** Dùng phấn mắt màu nâu đậm hoặc xám tro đánh vào hốc mắt và đuôi mắt, tán đều.
3.  **Highlight:** Thêm chút phấn nhũ màu vàng đồng hoặc champagne vào bầu mắt và khóe mắt trong để tạo điểm nhấn.
4.  **Kẻ mắt & Mascara:** Kẻ mắt liner màu đen hoặc nâu, chải mascara để hoàn thiện.

Kỹ thuật này phù hợp với nhiều màu da và tạo nên vẻ đẹp quyến rũ, tinh tế.
"
Làm sao chọn son cho makeup phong cách Sumatra tối giản?,"Để chọn son cho makeup phong cách Sumatra tối giản, hãy ưu tiên các màu nude, hồng đất hoặc cam đất. Những tông màu này hài hòa với vẻ đẹp tự nhiên, không quá nổi bật nhưng vẫn tôn da. Chất son nên chọn là matte hoặc satin để tạo hiệu ứng mềm mịn, tự nhiên. Tránh các màu son quá sặc sỡ hoặc bóng bẩy, vì sẽ phá vỡ sự tinh tế của phong cách Sumatra.
"
Cách làm sạch cọ sau khi dùng phấn mắt nhũ lỏng kim loại?,"Chào bạn, việc làm sạch cọ sau khi dùng phấn mắt nhũ lỏng kim loại cần cẩn thận để không làm hỏng cọ và loại bỏ hoàn toàn sản phẩm. Đây là các bước:

1. **Loại bỏ phấn thừa:** Dùng khăn giấy hoặc miếng bông gòn lau nhẹ nhàng để loại bỏ lượng phấn mắt thừa.
2. **Sử dụng dung dịch chuyên dụng:** Đổ một lượng nhỏ dung dịch làm sạch cọ chuyên dụng (hoặc dầu dừa/dầu olive) lên lòng bàn tay.
3. **Làm sạch cọ:** Nhúng đầu cọ vào dung dịch, xoay nhẹ nhàng để làm tan phấn mắt.
4. **Rửa sạch:** Rửa cọ dưới nước ấm cho đến khi nước trong.
5. **Làm khô:** Vắt nhẹ nước và để cọ khô tự nhiên, đầu lông hướng xuống dưới.

Việc này giúp cọ luôn sạch sẽ, mềm mại và kéo dài tuổi thọ.
"
"Kỹ thuật ""shiny sculpt"" tạo khối thế nào?","Kỹ thuật ""shiny sculpt"" tạo khối tập trung vào việc tạo chiều sâu và đường nét khuôn mặt bằng cách sử dụng phấn highlight và contour có độ bóng nhất định.

**Các bước thực hiện:**

1.  **Contour:** Dùng phấn contour màu lạnh, tán đều dưới xương gò má, hai bên thái dương và đường viền hàm để tạo bóng.
2.  **Highlight:** Thoa highlight dạng kem hoặc lỏng lên vùng gò má, sống mũi, trán và cằm.
3.  **Tán đều:** Dùng mút hoặc cọ tán đều cả contour và highlight để tạo hiệu ứng hòa quyện, bóng loáng tự nhiên.

Kỹ thuật này giúp khuôn mặt trông sắc sảo, có cấu trúc hơn mà vẫn giữ được sự căng bóng, khỏe khoắn.
"
Làm sao chọn mascara cho makeup phong cách film makeup?,"Để chọn mascara cho makeup phong cách film makeup (tức là makeup đậm, sắc sảo thường thấy trong phim ảnh), bạn nên ưu tiên các loại mascara có khả năng làm dày và dài mi tối đa. 

**Bước 1:** Chọn mascara có công thức chứa sáp và sợi (fiber) để tăng độ dày.
**Bước 2:** Chọn đầu cọ to, nhiều lông tơ để chải đều và tạo hiệu ứng mi dày bồng.
**Bước 3:** Mascara đen tuyền là lựa chọn tốt nhất để tạo chiều sâu cho đôi mắt.

Lý do: Phong cách film makeup cần đôi mắt ấn tượng, và mi dày, dài là yếu tố quan trọng để đạt được điều đó.
"
Tại sao cần dùng blotting paper trước khi thoa phấn phủ?,"Chào bạn,

Trước khi thoa phấn phủ, dùng blotting paper (giấy thấm dầu) là bước quan trọng để kiểm soát dầu thừa trên da. Việc này giúp:

1.  **Phấn phủ bám tốt hơn:** Da khô ráo sẽ giúp phấn phủ lên da mịn màng, không bị vón cục.
2.  **Giữ lớp trang điểm lâu trôi:** Hút dầu thừa giúp lớp nền không bị trôi do dầu, kéo dài thời gian bền màu.
3.  **Tránh gây mụn:** Dầu thừa tích tụ là nguyên nhân gây bít lỗ chân lông và mụn.

Nói tóm lại, blotting paper giúp lớp trang điểm hoàn hảo và bảo vệ da khỏe mạnh.
"
Làm sao chọn phấn mắt cho mắt xám xanh?,"Để chọn phấn mắt cho mắt xám xanh, bạn nên ưu tiên các tông màu ấm để làm nổi bật màu mắt. Các lựa chọn tuyệt vời bao gồm:

1.  **Màu đồng, vàng đồng:** Tạo sự ấm áp và làm mắt sáng hơn.
2.  **Màu cam đất, gạch:** Phù hợp với mọi dịp, từ hàng ngày đến dự tiệc.
3.  **Màu tím plum, burgundy:** Tạo chiều sâu và sự quyến rũ.
4.  **Tránh:** Màu xanh lam hoặc xanh lục vì có thể làm mắt trông xám xịt.
"
"Kỹ thuật ""twilight dew"" là gì?","Kỹ thuật ""twilight dew"" (sương sớm hoàng hôn) là xu hướng trang điểm da trong suốt, khỏe mạnh tự nhiên, tập trung vào hiệu ứng ""da ngậm nước"". 

**Các bước thực hiện:**

1.  **Dưỡng ẩm kỹ:** Đây là bước quan trọng nhất.
2.  **Sử dụng kem nền mỏng nhẹ:** Ưu tiên các sản phẩm có độ che phủ thấp hoặc BB/CC cream.
3.  **Highlight dạng lỏng/kem:** Tập trung vào vùng gò má, sống mũi, trán và cằm để tạo độ căng bóng.
4.  **Phấn má hồng dạng kem:** Tạo màu sắc tự nhiên, hòa quyện với da.

Kỹ thuật này giúp da trông rạng rỡ, khỏe mạnh như được ""tưới sương"" vào buổi hoàng hôn.
"
Cách chọn son cho môi dày trong makeup sự kiện tối?,"Với môi dày, khi trang điểm cho sự kiện tối, bạn nên ưu tiên các màu son trầm ấm, quyến rũ như đỏ burgundy, nâu đất, hoặc tím plum. Tránh các màu quá tươi sáng hoặc bóng, vì có thể làm môi trông to hơn.

**Các bước chọn son:**

1.  **Chọn chất son:** Son kem lì hoặc son velvet sẽ giúp môi trông đầy đặn nhưng không bị bóng nhờn.
2.  **Đánh lớp son mỏng:** Đánh son từ lòng môi ra ngoài để tạo hiệu ứng ombre nhẹ nhàng.
3.  **Sử dụng chì kẻ môi:** Kẻ viền môi trùng màu son hoặc đậm hơn một chút để định hình và làm rõ bờ môi."
"Kỹ thuật ""lynx wing"" khác gì bear wing?","Chào bạn,

""Lynx wing"" và ""bear wing"" đều là kỹ thuật vẽ eyeliner cánh mèo, nhưng có sự khác biệt rõ rệt. ""Bear wing"" tạo đường eyeliner dày, đậm, kéo dài và cong mạnh ở đuôi mắt, mang vẻ mạnh mẽ, sắc sảo. Ngược lại, ""Lynx wing"" tinh tế hơn, đường eyeliner mỏng, sắc nét, đuôi mắt chỉ kéo dài vừa phải, tạo vẻ mắt lanh lợi, quyến rũ như mắt mèo rừng. ""Lynx wing"" phù hợp với mọi hình dáng mắt, còn ""bear wing"" hợp với mắt một mí hoặc mắt hơi xếch.
"
Làm sao chọn cọ cho phấn mắt dạng mousse nhũ?,"Để chọn cọ phù hợp với phấn mắt mousse nhũ, bạn nên ưu tiên cọ đầu bằng, nhỏ và dẹt. Chất liệu lông cọ nên là lông tổng hợp mềm mại để dễ dàng tán đều mousse nhũ mà không làm mất đi độ bóng. Cọ đầu bằng giúp bạn thoa phấn lên mí mắt một cách chính xác, còn kích thước nhỏ giúp kiểm soát lượng sản phẩm, tránh tình trạng quá nhiều nhũ.
"
"Cách tạo hiệu ứng môi ""taffeta lips""?","Để tạo hiệu ứng ""taffeta lips"" (môi taffeta) – đôi môi căng mọng, mịn màng như lụa, bạn thực hiện các bước sau:

1. **Tẩy tế bào chết:** Loại bỏ da chết giúp son lên màu chuẩn và mịn.
2. **Dưỡng ẩm:** Sử dụng son dưỡng để môi mềm mại.
3. **Kẻ viền môi:** Xác định hình dáng môi, hơi phóng đại một chút.
4. **Tô son:** Chọn son kem hoặc son satin, tô đều và dùng cọ tán nhẹ.
5. **Highlight:** Thêm chút highlight ở lòng môi để tạo độ căng bóng.
"
"Kỹ thuật ""solar pearl"" tạo da thế nào?","Kỹ thuật ""solar pearl"" (ngọc trai mặt trời) tạo hiệu ứng da căng bóng, khỏe khoắn như được chiếu sáng từ bên trong.

**Các bước thực hiện:**

1.  **Dưỡng ẩm:** Dưỡng ẩm kỹ lưỡng là bước quan trọng nhất.
2.  **Highlight:** Thoa highlight dạng lỏng hoặc kem có tông màu ngọc trai lên các điểm cao của khuôn mặt (gò má, sống mũi, trán, cằm).
3.  **Tán đều:** Dùng mút hoặc cọ tán đều highlight để tạo hiệu ứng hòa quyện tự nhiên, tránh đường nét quá rõ ràng.

**Lý do:** Highlight ngọc trai phản xạ ánh sáng, tạo chiều sâu và làm da trông rạng rỡ hơn.
"
Làm sao chọn kem nền cho da dầu trong môi trường sa mạc?,"Chọn kem nền cho da dầu ở môi trường sa mạc cần cân bằng giữa kiểm soát dầu và dưỡng ẩm. Ưu tiên các sản phẩm:

1.  **Không dầu (oil-free)**: Ngăn ngừa bí tắc lỗ chân lông.
2.  **Kiểm soát dầu**: Chứa các thành phần như silica hoặc kẽm PCA.
3.  **Kết cấu nhẹ**: Dạng lỏng, mousse hoặc phấn để tránh dày bí.
4.  **Chống nắng**: Bảo vệ da khỏi tác hại của ánh nắng mặt trời khắc nghiệt.
5.  **Thành phần dưỡng ẩm**: Hyaluronic acid giúp cân bằng độ ẩm, tránh da bị khô căng do thời tiết.
"
Cách tạo makeup phong cách Illyrian?,"Phong cách Illyrian lấy cảm hứng từ vẻ đẹp cổ đại, tập trung vào sự tự nhiên và đôi mắt sắc sảo.

1.  **Da:** Dưỡng ẩm kỹ, dùng kem nền mỏng nhẹ để giữ vẻ tự nhiên.
2.  **Mắt:** Phấn mắt màu đất, nâu đồng tán đều. Kẻ mắt liner đen mảnh, kéo dài đuôi mắt.
3.  **Má:** Phấn má hồng màu đào hoặc nâu nhạt, đánh nhẹ nhàng.
4.  **Môi:** Son nude hoặc màu berry trầm.

Điểm nhấn là đôi mắt, thể hiện sự mạnh mẽ và bí ẩn."
Tại sao cần dùng lip liner cho son ombre đậm?,"Chào bạn,

Lip liner rất quan trọng khi đánh son ombre đậm vì một số lý do sau:

1. **Định hình:** Lip liner giúp tạo đường viền môi rõ nét, đặc biệt quan trọng với son ombre để tránh màu son bị lem.
2. **Giữ màu:** Nó tạo lớp nền giúp son bám lâu hơn, hạn chế tình trạng son bị phai hoặc ăn mòn.
3. **Tạo hiệu ứng:** Lip liner đậm hơn màu son chính sẽ giúp tạo chiều sâu, làm nổi bật hiệu ứng ombre.

Nên chọn lip liner cùng tông hoặc đậm hơn màu son chính 1-2 bậc để đạt hiệu quả tốt nhất.
"
"Kỹ thuật ""vapor eyes"" là gì?","Kỹ thuật ""vapor eyes"" (mắt khói sương mù) là xu hướng trang điểm mắt mới, tạo hiệu ứng mắt sâu thẳm, bí ẩn như sương mù.

**Cách thực hiện:**

1.  **Tạo lớp nền:** Phủ phấn mắt màu nude lên toàn bộ bầu mắt.
2.  **Đánh phấn mắt:** Sử dụng phấn mắt màu tối (nâu, xám, tím) đánh nhạt dần từ đuôi mắt vào hốc mắt, không cần quá sắc nét.
3.  **Pha trộn:** Quan trọng nhất là dùng cọ mềm pha trộn kỹ để màu mắt hòa quyện, tạo hiệu ứng ""mờ"" như sương.
4.  **Kẻ mắt:** Kẻ mắt mảnh, màu tối.
5.  **Mascara:** Chải mascara cho cả mi trên và mi dưới.

Kỹ thuật này tập trung vào sự hòa quyện màu sắc, không đường viền rõ ràng, mang đến vẻ đẹp tự nhiên, cuốn hút.
"
Làm sao chọn son cho makeup phong cách Niue?,"Phong cách Niue (hay còn gọi là ""clean girl aesthetic"") đề cao vẻ đẹp tự nhiên, trong trẻo. Vì vậy, khi chọn son, bạn nên ưu tiên các màu nude, hồng đào, hoặc cam đất nhẹ nhàng, gần với màu môi tự nhiên nhất. 

**Các bước chọn son:**

1.  **Xác định undertone da:** Da ấm hợp các màu cam, đào; da lạnh hợp hồng, nude.
2.  **Chọn chất son:** Son tint hoặc son dưỡng có màu là lựa chọn lý tưởng để tạo hiệu ứng ""môi mọng tự nhiên"".
3.  **Tránh:** Son quá đậm, quá bóng hoặc có nhũ.
"
Cách khắc phục lớp nền bị loang khi quay video ngoài trời?,"Chào bạn, để khắc phục lớp nền bị loang khi quay video ngoài trời, bạn cần:

1. **Chuẩn bị da:** Dưỡng ẩm kỹ, dùng primer kiềm dầu để khóa ẩm và tạo bề mặt mịn.
2. **Chọn nền:** Ưu tiên foundation lì, chống thấm nước, có chỉ số SPF.
3. **Kỹ thuật đánh:** Dùng mút hoặc cọ đánh nền mỏng lớp, tán đều.
4. **Cố định:** Phủ một lớp phấn bột trong suốt để khóa nền.
5. **Setting spray:** Xịt setting spray giúp lớp nền bám dính hơn, chống loang.

Lý do: Mồ hôi, dầu thừa và thời tiết có thể làm lớp nền bị loang, nên cần các bước trên để tăng độ bền.
"
"Kỹ thuật ""smoky dew tip"" tạo mắt thế nào?","Kỹ thuật ""smoky dew tip"" tạo mắt tập trung vào hiệu ứng đôi mắt lấp lánh, tự nhiên như sương sớm.

**Các bước thực hiện:**

1.  **Tạo lớp nền:** Phủ phấn mắt màu nude lên toàn bộ bầu mắt.
2.  **Smoky mắt:** Dùng cọ nhỏ tán phấn mắt màu nâu hoặc xám đậm ở đuôi mắt và hốc mắt, tạo chiều sâu.
3.  **Điểm nhấn ""dew tip"":** Dùng ngón tay hoặc cọ nhỏ thoa một chút phấn nhũ hoặc highlighter lỏng ở khóe mắt trong và dọc theo đường viền dưới mắt.
4.  **Hoàn thiện:** Chuốt mascara để tăng độ bồng và mở mắt.

Kỹ thuật này giúp đôi mắt trông to tròn, long lanh mà không quá cầu kỳ.
"
Làm sao chọn cọ cho má hồng dạng mousse nhũ?,"Để chọn cọ phù hợp với má hồng mousse nhũ, bạn nên ưu tiên cọ đầu vát, lông mềm mại và không quá dày. Cọ vát giúp bạn dễ dàng tạo khối và tán đều sản phẩm. Lông mềm mại đảm bảo không làm xước da và giúp nhũ bám tốt hơn. Cọ không quá dày sẽ tránh tình trạng má hồng bị vón cục, cho lớp finish mịn màng, tự nhiên. Chất liệu lông tổng hợp là lựa chọn tốt vì dễ vệ sinh và không gây kích ứng.
"
Cách tạo makeup phong cách Achaemenid hiện đại?,"Phong cách Achaemenid hiện đại tập trung vào đôi mắt sắc sảo và làn da hoàn hảo.

1.  **Da:** Sử dụng kem nền lì, che khuyết điểm kỹ lưỡng để có làn da mịn màng, không tì vết.
2.  **Mắt:** Vẽ eyeliner đen đậm, kéo dài, hơi cong lên ở đuôi mắt. Phấn mắt màu đồng hoặc vàng đồng nhấn vào hốc mắt.
3.  **Môi:** Son môi màu nude hoặc đỏ trầm.
4.  **Má:** Phấn má hồng màu đào nhẹ nhàng.

Lý do: Phong cách này lấy cảm hứng từ sự sang trọng, quyền lực của đế chế Achaemenid, nên cần sự chỉn chu, sắc sảo.
"
Làm sao chọn phấn mắt cho makeup phong cách Dasht-e Kavir?,"Phong cách Dasht-e Kavir lấy cảm hứng từ sa mạc Kavir của Iran, nên phấn mắt cần tập trung vào tông màu đất, ấm áp. Hãy chọn các màu như: nâu đất, cam gạch, đồng, vàng cát, và một chút tím sẫm để tạo chiều sâu. 

**Cách chọn:**

1.  **Màu chủ đạo:** Nâu đất hoặc cam gạch làm base.
2.  **Màu nhấn:** Đồng hoặc vàng cát đánh vào giữa mí mắt.
3.  **Màu tối:** Tím sẫm hoặc nâu đậm viền mắt để tạo hiệu ứng smoky.

Sử dụng phấn mắt có kết cấu lì hoặc nhũ nhẹ để phù hợp với vẻ đẹp tự nhiên, hoang dã của phong cách này.
"
Làm sao chọn kem nền cho da có vết thâm do laser peel?,"Chào bạn, việc chọn kem nền cho da sau laser peel cần sự cẩn thận để không gây kích ứng và hỗ trợ quá trình phục hồi.

**Bước 1:** Ưu tiên kem nền có độ che phủ vừa phải, tránh loại quá dày gây bí lỗ chân lông.
**Bước 2:** Chọn kết cấu lỏng nhẹ, dạng kem hoặc cushion để dễ tán đều, không làm tổn thương da.
**Bước 3:** Tìm các thành phần lành tính, dịu nhẹ, có thêm dưỡng ẩm và phục hồi như ceramide, hyaluronic acid.
**Bước 4:** Nên thử kem nền trên vùng da nhỏ trước khi dùng toàn mặt để đảm bảo không gây kích ứng.
"
Cách tạo makeup phong cách Moche hiện đại?,"Phong cách Moche hiện đại lấy cảm hứng từ nghệ thuật cổ xưa của nền văn minh Moche, tập trung vào sự tương phản và biểu tượng.

1.  **Da:** Nền mịn lì, màu trung tính.
2.  **Mắt:** Sử dụng phấn mắt màu đất, nâu, hoặc vàng đồng. Vẽ đường kẻ mắt đậm, sắc sảo, kéo dài.
3.  **Má:** Tạo khối nhẹ nhàng để nhấn sâu đường nét khuôn mặt.
4.  **Môi:** Son màu đậm như đỏ gạch, nâu đất hoặc tím sẫm.
5.  **Điểm nhấn:** Vẽ họa tiết hình học hoặc biểu tượng Moche nhỏ trên má hoặc trán bằng eyeliner đen."
Tại sao cần thử son ở vùng môi trên giữa?,"Chào bạn,

Việc thử son ở vùng môi trên giữa là cách tốt nhất để chọn được màu son phù hợp với màu da thật của bạn. Khu vực này có màu sắc gần giống với toàn bộ môi, giúp bạn đánh giá chính xác màu son lên môi sẽ như thế nào. Tránh thử son ở mu bàn tay vì màu da tay khác với màu môi, dẫn đến việc chọn màu son không chính xác.
"
"Kỹ thuật ""rose pearl"" tạo da thế nào?","Kỹ thuật ""rose pearl"" (ngọc trai hồng) tạo hiệu ứng da căng bóng, khỏe khoắn như sương sớm. Đầu tiên, dưỡng ẩm kỹ lưỡng. Sau đó, dùng kem nền mỏng, nhẹ, trộn lẫn một chút highlighter dạng lỏng hoặc kem dưỡng có nhũ ngọc trai. 

Thoa đều lên da, tập trung vùng gò má, sống mũi, trán và cằm. Ánh nhũ bắt sáng nhẹ nhàng, tạo chiều sâu và vẻ ngoài tự nhiên, không quá bóng bẩy. Kỹ thuật này phù hợp với da khô hoặc thường, giúp da trông rạng rỡ hơn.
"
Cách tạo makeup phong cách Thracian hiện đại?,"Phong cách trang điểm Thracian hiện đại lấy cảm hứng từ vẻ đẹp cổ đại, nhấn mạnh vào đôi mắt khói đậm và đôi môi trầm.

1.  **Mắt:** Sử dụng phấn mắt màu đồng, nâu hoặc tím than, tán đều và đậm dần từ hốc mắt ra ngoài. Kẻ eyeliner đen dày dặn, có thể kéo dài.
2.  **Da:** Nền da hoàn hảo, tự nhiên với lớp nền mỏng nhẹ và má hồng đào.
3.  **Môi:** Chọn son màu mận chín, đỏ burgundy hoặc nâu đất.
4.  **Điểm nhấn:** Thêm chút highlight ở gò má và xương chân mày để tăng sự nổi bật."
Làm sao chọn phấn mắt cho makeup phong cách Chihuahuan hiện đại?,"Phong cách Chihuahua hiện đại trong trang điểm mắt tập trung vào sự tương phản và màu sắc đất. Hãy chọn phấn mắt với các tông màu như nâu đất, cam gạch, đồng và vàng đồng làm chủ đạo. Thêm một chút màu tím plum hoặc xanh rêu đậm để tạo điểm nhấn. 

**Cách chọn:**

1.  **Bảng màu:** Ưu tiên bảng màu trung tính ấm.
2.  **Chất phấn:** Chọn phấn mịn, dễ tán và ít rơi rụng.
3.  **Kết cấu:** Kết hợp phấn lì và phấn nhũ để tăng chiều sâu cho đôi mắt.
"
"Kỹ thuật ""sheer lunar pearl"" là gì?","""Sheer Lunar Pearl"" là kỹ thuật trang điểm tạo hiệu ứng làn da trong suốt, căng bóng như ánh trăng. Bước 1: Dưỡng ẩm kỹ lưỡng. Bước 2: Sử dụng kem nền mỏng nhẹ, trộn cùng highlighter dạng lỏng ngọc trai. Bước 3: Tập trung đánh ở vùng trung tâm khuôn mặt (trán, mũi, cằm) để bắt sáng tự nhiên. Kỹ thuật này giúp da có vẻ khỏe mạnh, rạng rỡ mà không quá dày phấn.
"
Làm sao chọn kem nền cho da có vết sẹo do bỏng?,"Chào bạn, việc chọn kem nền cho da có sẹo bỏng cần sự cẩn thận. Đầu tiên, ưu tiên kem nền có độ che phủ tốt (medium đến full coverage) nhưng vẫn giữ được kết cấu nhẹ, tránh làm nặng mặt. 

Thứ hai, chọn loại có thành phần dưỡng ẩm, dịu da để hỗ trợ phục hồi. Cuối cùng, nên thử kem nền trên một vùng da nhỏ trước khi dùng toàn mặt để đảm bảo không gây kích ứng. Màu kem nền nên tiệp với màu da thật để che phủ sẹo hiệu quả nhất.
"
Làm sao chọn phấn mắt cho makeup phong cách Rub al-Khali hiện đại?,"Để chọn phấn mắt cho phong cách Rub al-Khali hiện đại, hãy ưu tiên các tông màu đất, cát, nâu đồng và vàng kim loại. Bắt đầu với phấn mắt màu nude hoặc be làm lớp nền. Sau đó, thoa màu nâu đồng hoặc vàng kim lên bầu mắt, tập trung vào hốc mắt để tạo chiều sâu. Cuối cùng, dùng cọ nhỏ tán màu tối hơn ở đuôi mắt để nhấn nhá, tạo vẻ bí ẩn, mạnh mẽ đặc trưng của vùng đất Rub al-Khali.
"
Làm sao chọn kem nền cho da có vết đỏ do nhiệt độ cao?,"Chào bạn, với da bị đỏ do nhiệt độ cao, việc chọn kem nền cần ưu tiên làm dịu và che phủ vết đỏ. 

**Bước 1:** Chọn kem nền có tông màu vàng hoặc xanh lá cây để trung hòa sắc đỏ.
**Bước 2:** Ưu tiên chất kem lỏng nhẹ, mỏng mịn, có thành phần dưỡng ẩm và làm dịu da (ví dụ: lô hội, trà xanh).
**Bước 3:** Tránh kem nền có độ che phủ quá dày, dễ làm bí da và khiến tình trạng đỏ trở nên nghiêm trọng hơn.
"
Tại sao cần dùng primer màu cam cho da xám xịt?,"Da xám xịt thường thiếu sắc tố vàng và đỏ, khiến da trông nhợt nhạt và thiếu sức sống. Primer màu cam chứa sắc tố bổ sung này, giúp trung hòa các vùng da tối màu, che đi quầng thâm và làm da trông tươi sáng, rạng rỡ hơn. Đồng thời, primer còn tạo lớp nền mịn màng, giúp lớp nền sau bám tốt và bền màu hơn. Vì vậy, dùng primer cam là bước chuẩn bị lý tưởng cho da xám xịt trước khi trang điểm.
"
Làm sao chọn phấn mắt cho makeup phong cách Great Basin hiện đại?,"Để chọn phấn mắt cho phong cách Great Basin hiện đại, hãy ưu tiên các tông màu đất, trung tính lấy cảm hứng từ sa mạc và hẻm núi. Bắt đầu với phấn mắt màu be, nâu nhạt làm lớp nền. Thêm các sắc thái đồng, cam đất hoặc tím than để tạo chiều sâu. 

Nên chọn phấn mắt có kết cấu mịn, dễ tán và có thể layer để tạo hiệu ứng chuyển màu mượt mà. Tránh các màu quá sặc sỡ, thay vào đó tập trung vào sự hài hòa và tự nhiên.
"
Làm sao chọn phấn mắt cho makeup phong cách Great Sandy hiện đại?,"Để chọn phấn mắt cho makeup phong cách Great Sandy hiện đại, bạn nên ưu tiên các tông màu đất, cát, nâu đồng và vàng nhạt. Bắt đầu với phấn mắt màu nude hoặc be làm lớp nền. Sau đó, thoa màu nâu đồng vào hốc mắt để tạo chiều sâu, và dùng màu vàng nhạt ở khóe mắt để làm sáng. Cuối cùng, có thể thêm chút phấn mắt màu cát hoặc nâu nhạt để chuyển màu mượt mà. Phong cách này hướng đến sự tự nhiên, tinh tế nên tránh các màu quá sặc sỡ.
"
Làm sao chọn phấn mắt cho makeup phong cách Tanami hiện đại?,"Để chọn phấn mắt cho makeup Tanami hiện đại, bạn nên ưu tiên các tông màu đất, cam đất, nâu gạch, và be. Bắt đầu với phấn mắt màu be hoặc nâu nhạt tán đều bầu mắt làm base. Sau đó, dùng màu cam đất hoặc nâu gạch tán vào hốc mắt để tạo chiều sâu. Cuối cùng, điểm thêm chút phấn nhũ vàng hoặc đồng ở khóe mắt để tăng sự lấp lánh, phù hợp với phong cách Tanami trẻ trung, năng động.
"
"Kỹ thuật ""prismatic pearl"" tạo da thế nào?","Kỹ thuật ""prismatic pearl"" (ngọc trai lấp lánh) tạo hiệu ứng da căng bóng, khỏe mạnh nhờ tập trung highlight ở những điểm bắt sáng tự nhiên: gò má, sống mũi, nhân trung, khóe mắt. 

**Cách thực hiện:**

1.  **Chọn highlight:** Dạng kem hoặc lỏng với hạt ngọc trai siêu mịn.
2.  **Thoa highlight:** Dùng cọ nhỏ hoặc ngón tay thoa nhẹ, tập trung vào các điểm trên.
3.  **Tán đều:** Đảm bảo highlight hòa quyện với kem nền, không bị vón cục.

Hiệu ứng này giúp da phản xạ ánh sáng, trông tươi tắn và có chiều sâu hơn.
"
Làm sao chọn kem nền cho da có vết thâm do ánh sáng xanh?,"Để chọn kem nền cho da bị thâm do ánh sáng xanh, bạn cần ưu tiên các sản phẩm có khả năng che phủ tốt và chứa các thành phần chống oxy hóa.

**Bước 1:** Chọn kem nền có tông màu vàng hoặc cam để trung hòa sắc tố thâm tím do ánh sáng xanh gây ra.
**Bước 2:** Ưu tiên chất kem lì hoặc bán lì, tránh kem nền quá bóng vì có thể làm vết thâm nổi bật hơn.
**Bước 3:** Tìm các thành phần như vitamin C, niacinamide để hỗ trợ làm sáng da và bảo vệ da khỏi tác hại của ánh sáng xanh.
"
Cách tạo makeup phong cách Mycenaean hiện đại?,"Phong cách trang điểm Mycenaean hiện đại lấy cảm hứng từ vẻ đẹp cổ điển, tập trung vào đôi mắt mạnh mẽ và làn da tự nhiên.

1.  **Da:** Sử dụng kem nền nhẹ, che khuyết điểm để có làn da mịn màng, tự nhiên.
2.  **Mắt:** Vẽ mắt mèo sắc sảo, đậm nét bằng eyeliner đen. Có thể thêm chút bóng mắt màu đồng hoặc nâu đất.
3.  **Má:** Sử dụng phấn má hồng màu đào hoặc hồng san hô để tạo vẻ ửng hồng tự nhiên.
4.  **Môi:** Son môi màu nude hoặc đỏ gạch trầm.

Lý do: Phong cách này tôn vinh sự mạnh mẽ, quyền lực của phụ nữ Mycenaean nhưng vẫn phù hợp với xu hướng hiện đại.
"
Tại sao cần dùng lip balm có SPF trước son neon?,"Chào bạn,

Lip balm có SPF rất cần thiết trước son neon vì môi rất nhạy cảm với ánh nắng mặt trời, dễ bị cháy nắng và tổn thương. Son neon thường có xu hướng làm môi khô hơn, và SPF sẽ giúp bảo vệ và dưỡng ẩm môi. Hơn nữa, môi bị tổn thương sẽ khó lên màu son neon chuẩn và đẹp. Vì vậy, dùng lip balm SPF là bước chuẩn bị quan trọng để có đôi môi khỏe mạnh và rạng rỡ với son neon.
"
"Kỹ thuật ""eclipse eyes"" là gì?","""Eclipse Eyes"" (Mắt nhật thực) là kỹ thuật trang điểm mắt tạo chiều sâu và vẻ bí ẩn bằng cách sử dụng phấn mắt tối màu ở phần đuôi mắt, mờ dần về phía hốc mắt, tương tự như hiện tượng nhật thực. 

**Các bước thực hiện:**

1.  **Tạo khối:** Dùng phấn mắt tối (nâu, xám, đen) đánh đậm ở đuôi mắt, tạo hình chữ V.
2.  **Mờ:** Dùng cọ mờ dần phấn mắt vào hốc mắt, giữ cho phần trung tâm bầu mắt sáng hơn.
3.  **Hoàn thiện:** Thêm highlight ở khóe mắt và dưới chân mày để tăng độ tương phản.

Kỹ thuật này giúp mắt trông to hơn, sắc sảo hơn và có chiều sâu.
"
Làm sao chọn mascara cho mi ngắn và yếu?,"Để chọn mascara cho mi ngắn và yếu, bạn nên ưu tiên các loại có công thức nhẹ, chứa sáp ong hoặc dầu dưỡng để nuôi mi. Đầu cọ nên nhỏ, thưa và có thể cong để dễ dàng tiếp cận và nâng từng sợi mi từ gốc đến ngọn. Mascara có chức năng ""lengthening"" (kéo dài mi) sẽ hiệu quả hơn ""volumizing"" (tạo độ dày). Tránh các loại mascara waterproof quá nặng, gây rụng mi.
"
Cách khắc phục phấn mắt bị loang khi trời gió bụi?,"Chào bạn, để khắc phục tình trạng phấn mắt bị loang khi trời gió bụi, bạn có thể thử các bước sau:

1. **Sử dụng primer mắt:** Primer giúp tạo lớp nền bám dính, khóa phấn và giảm thiểu tình trạng lem.
2. **Chọn phấn mắt chất lượng:** Phấn mắt lì hoặc phấn nén thường bền màu hơn phấn nhũ.
3. **Thấm bớt dầu:** Dùng giấy thấm dầu nhẹ nhàng trên vùng mắt để loại bỏ dầu thừa.
4. **Phấn phủ khóa màu:** Sau khi đánh phấn mắt, phủ một lớp phấn trong suốt để cố định màu.
5. **Sử dụng mascara chống thấm nước:** Giúp tránh lem khi gặp gió bụi.
"
"Kỹ thuật ""amber pearl"" tạo da thế nào?","Kỹ thuật ""amber pearl"" (ngọc hổ phách) tạo da trong suốt, căng bóng tự nhiên như ngọc trai. Bước 1: Dưỡng ẩm kỹ lưỡng. Bước 2: Sử dụng kem nền mỏng nhẹ, trộn lẫn với highlighter dạng lỏng màu champagne hoặc ngọc trai. Bước 3: Thoa đều, tập trung vào vùng trung tâm khuôn mặt (trán, mũi, cằm) để bắt sáng. Kỹ thuật này phản xạ ánh sáng, tạo hiệu ứng da ẩm mượt, khỏe khoắn, không gây nặng mặt.
"
Cách chọn son cho makeup phong cách Nauru hiện đại?,"Phong cách Nauru hiện đại đề cao sự tươi trẻ, tự nhiên nhưng vẫn nổi bật. Với son, bạn nên ưu tiên các màu nude, hồng đào, cam san hô hoặc đỏ cam đất. 

**Bước 1:** Chọn chất son ẩm mịn (son kem, son tint) để tạo hiệu ứng căng mọng tự nhiên.
**Bước 2:** Ưu tiên các tông màu ấm, phù hợp với tông da châu Á.
**Bước 3:** Tránh các màu son quá sẫm màu hoặc quá nổi bật, sẽ làm mất đi vẻ thanh lịch của phong cách này.
"
"Kỹ thuật ""vapor wing"" là gì?","Kỹ thuật ""vapor wing"" (cánh hơi) là xu hướng trang điểm mắt mới, tạo hiệu ứng đường kẻ mắt mờ ảo, không sắc nét như winged eyeliner truyền thống. 

**Cách thực hiện:**
1. Kẻ một đường eyeliner dọc theo đường mi trên, hơi kéo dài ở đuôi mắt.
2. Dùng cọ nhỏ hoặc tăm bông làm mờ phần đuôi eyeliner, tạo hiệu ứng ""tan"" nhẹ nhàng.
3. Có thể dùng thêm phấn mắt tối màu để tăng độ sâu cho đôi mắt.

""Vapor wing"" phù hợp với nhiều hình dáng mắt, giúp đôi mắt trông to tròn và tự nhiên hơn.
"
Làm sao chọn cọ cho phấn tạo khối dạng gel nhũ?,"Để chọn cọ phù hợp với phấn tạo khối dạng gel nhũ, bạn nên ưu tiên cọ đầu vát, lông mềm và dày dặn. Cọ vát giúp bạn dễ dàng xác định vị trí tạo khối, còn lông mềm đảm bảo phấn được tán đều, không bị vón cục. Lông dày dặn giúp ""ăn"" phấn tốt hơn, cho hiệu ứng rõ nét nhưng vẫn tự nhiên, đặc biệt với chất gel nhũ cần độ mịn màng. Nên chọn cọ tổng hợp để tránh bị ăn màu và dễ vệ sinh.
"
"Cách tạo hiệu ứng môi ""muslin lips""?","Để tạo hiệu ứng ""muslin lips"" (môi vải lanh) tự nhiên, bạn cần:

1. **Tẩy tế bào chết:** Loại bỏ da chết giúp môi mềm mịn.
2. **Dưỡng ẩm:** Sử dụng son dưỡng để môi căng mọng.
3. **Che khuyết điểm:** Dùng kem che khuyết điểm trùng màu da để che đi đường viền môi rõ rệt.
4. **Tô son:** Chọn son nude hoặc màu hồng đào, đánh nhẹ nhàng từ lòng môi ra ngoài, tạo hiệu ứng mờ tự nhiên.
5. **Tạo độ bóng:** Thêm chút son bóng ở giữa môi để đôi môi trông căng mọng hơn.
"
"Kỹ thuật ""emerald blush"" tạo má hồng ra sao?","Kỹ thuật ""emerald blush"" (má hồng ngọc lục bảo) tạo hiệu ứng má ửng hồng tự nhiên, khỏe khoắn bằng cách sử dụng phấn má hồng có tông xanh lá cây hoặc xanh ngọc bích.

**Các bước thực hiện:**

1.  **Chọn phấn:** Chọn phấn má hồng có undertone xanh lá, phù hợp với tông da.
2.  **Đánh phấn:** Đánh phấn lên vùng xương gò má, tập trung ở phần cao nhất và tán đều ra phía thái dương.
3.  **Tán đều:** Dùng cọ mềm mại để tán đều, tránh đường viền sắc nét.

Màu xanh lá giúp trung hòa sắc tố đỏ trên da, tạo hiệu ứng hồng tự nhiên, không bị ""lòe loẹt"".
"
Làm sao chọn kem nền cho da có vết đỏ do eczema?,"Chào bạn, với da có vết đỏ do eczema, việc chọn kem nền cần đặc biệt cẩn thận. 

**Bước 1:** Ưu tiên kem nền có thành phần dịu nhẹ, không chứa hương liệu, cồn, và các chất gây kích ứng.
**Bước 2:** Chọn loại kem nền có độ che phủ vừa phải, tránh che phủ quá dày khiến da bí bách.
**Bước 3:** Ưu tiên các sản phẩm có chứa thành phần dưỡng ẩm như hyaluronic acid, ceramide để giúp làm dịu và phục hồi da.
**Bước 4:** Nên thử sản phẩm trên một vùng da nhỏ trước khi sử dụng toàn mặt để đảm bảo không gây kích ứng.
"
Tại sao cần thử concealer ở vùng gần xương gò má?,"Việc thử concealer ở vùng gần xương gò má là rất quan trọng để đảm bảo màu sắc hòa hợp với tông da thật của bạn. Khu vực này có sự chuyển đổi màu sắc tự nhiên, giúp bạn dễ dàng đánh giá concealer có bị quá sáng, quá tối hay không. Nếu concealer phù hợp, nó sẽ che đi quầng thâm mắt và làm sáng vùng da này một cách tự nhiên, không gây lộ đường viền.
"
"Kỹ thuật ""smoky amethyst"" là gì?","Kỹ thuật ""Smoky Amethyst"" là xu hướng trang điểm mắt kết hợp giữa tông khói (smoky) truyền thống với sắc tím amethyst (thạch anh tím) lãng mạn. 

**Cách thực hiện:**

1.  **Tạo lớp nền:** Sử dụng phấn mắt màu tím nhạt làm lớp nền.
2.  **Đánh đậm:** Thêm sắc tím đậm hơn ở đuôi mắt và hốc mắt, blend đều.
3.  **Tạo hiệu ứng khói:** Dùng phấn mắt màu xám tro hoặc nâu khói blend nhẹ nhàng vào phần đuôi mắt để tạo độ sâu và hiệu ứng smoky.
4.  **Hoàn thiện:** Kẻ eyeliner và mascara để tăng độ sắc sảo.

Kỹ thuật này phù hợp với nhiều màu da và tạo nên vẻ đẹp bí ẩn, cuốn hút.
"
Làm sao chọn son cho makeup phong cách Java tối giản?,"Để chọn son cho makeup phong cách Java tối giản, hãy ưu tiên các màu son nude, hồng đất, hoặc cam cháy. Những tông màu này tạo cảm giác tự nhiên, hài hòa với vẻ đẹp tinh tế của phong cách Java. Chất son nên là matte hoặc satin để tăng độ sang trọng, đồng thời tránh làm rối loạn tổng thể makeup. Tránh các màu son quá nổi bật hoặc bóng bẩy, vì sẽ phá vỡ sự tối giản cần có.
"
Cách làm sạch cọ sau khi dùng phấn mắt nhũ gel lỏng?,"Chào bạn, việc làm sạch cọ sau khi dùng phấn mắt nhũ gel lỏng rất quan trọng để đảm bảo vệ sinh và kéo dài tuổi thọ cọ. Đây là các bước thực hiện:

1. **Loại bỏ phấn thừa:** Dùng khăn giấy hoặc miếng bông gòn lau nhẹ nhàng để loại bỏ lượng phấn mắt thừa trên cọ.
2. **Rửa cọ:** Sử dụng nước ấm và dung dịch làm sạch cọ chuyên dụng (hoặc dầu gội em bé dịu nhẹ) để rửa cọ.
3. **Xả sạch:** Xả kỹ cọ dưới vòi nước ấm cho đến khi nước trong.
4. **Làm khô:** Vắt nhẹ nước và để cọ khô tự nhiên, lông cọ hướng xuống dưới để tránh nước làm hỏng phần cán.
"
"Kỹ thuật ""glossy carve"" tạo khối thế nào?","Kỹ thuật ""glossy carve"" tạo khối là xu hướng mới, tập trung vào khối sáng và khối tối tương phản, nhưng có thêm bước phủ highlight bóng để tạo hiệu ứng da ẩm mượt, căng bóng.

**Các bước thực hiện:**

1.  **Tạo khối tối:** Dùng sản phẩm tạo khối (kem hoặc bột) màu tối hơn da, đánh dọc theo xương gò má, hai bên sống mũi và đường viền hàm.
2.  **Highlight:** Đánh highlight lên vùng cao nhất của gò má, sống mũi, trán và cằm.
3.  **Phủ bóng:** Dùng highlight dạng lỏng hoặc kem có độ bóng nhẹ, phủ lại lên vùng highlight đã đánh để tăng độ căng bóng.

Kỹ thuật này giúp khuôn mặt trông sắc sảo, có chiều sâu và làn da khỏe khoắn hơn.
"
Làm sao chọn mascara cho makeup phong cách theatrical?,"Để chọn mascara cho makeup theatrical (sân khấu), bạn cần ưu tiên độ đậm đặc và khả năng giữ cong vượt trội. Mascara nên là loại **volume và lengthening** (tạo khối và dài mi) để mi nổi bật dưới ánh đèn. 

**Bước 1:** Chọn mascara đen tuyền, tránh màu nâu hoặc xám.
**Bước 2:** Ưu tiên công thức **waterproof** để tránh lem khi diễn xuất.
**Bước 3:** Có thể dùng thêm **mascara primer** (lớp lót mi) để tăng độ bám và dày mi.
**Lý do:** Ánh sáng sân khấu mạnh sẽ làm mờ các chi tiết, nên mi cần thật dày và rõ ràng.
"
Cách tạo makeup phong cách Baroque hiện đại?,"Để tạo makeup phong cách Baroque hiện đại, bạn cần tập trung vào sự tương phản và sang trọng.

1.  **Da:** Tạo lớp nền hoàn hảo, mịn màng, hơi sáng hơn tông da tự nhiên.
2.  **Mắt:** Sử dụng phấn mắt màu trầm ấm (vàng đồng, nâu đỏ) tán nhạt ở hốc mắt, nhấn nhá bằng đường kẻ mắt đen đậm, kéo dài.
3.  **Má:** Đánh má hồng màu hồng đào hoặc cam đất theo đường chéo để tạo khối.
4.  **Môi:** Chọn son đỏ đậm hoặc burgundy, đánh kỹ và có thể dùng thêm son bóng.
5.  **Điểm nhấn:** Thêm chút highlight ở gò má, sống mũi, và khóe mắt để tăng độ nổi bật."
Tại sao cần dùng blotting paper trước khi dặm phấn mắt?,"Chào bạn,

Trước khi dặm phấn mắt, dùng blotting paper (giấy thấm dầu) là bước quan trọng để đảm bảo lớp trang điểm mắt bền đẹp. Lý do là vì:

1.  **Loại bỏ dầu thừa:** Mi mắt thường dễ đổ dầu, dầu thừa sẽ làm phấn mắt bị vón cục, lem và nhanh trôi.
2.  **Tạo bề mặt khô thoáng:** Bề mặt khô ráo giúp phấn mắt bám dính tốt hơn, lên màu chuẩn và dễ tán đều.
3.  **Ngăn ngừa hiện tượng ""nhũa"" phấn:** Dầu thừa có thể làm phấn mắt bị chảy xuống, gây mất thẩm mỹ.

Vậy nên, thấm dầu trước khi đánh phấn mắt sẽ giúp bạn có đôi mắt đẹp hoàn hảo suốt cả ngày."
"Kỹ thuật ""starlit dew"" là gì?","Kỹ thuật ""starlit dew"" (sương đêm lấp lánh) là xu hướng trang điểm tạo hiệu ứng da căng bóng tự nhiên, nhưng không quá bóng bẩy như ""glass skin"". Bí quyết nằm ở việc kết hợp kem dưỡng ẩm, kem lót bắt sáng và highlight dạng lỏng/kem, thoa đều lên các vùng gồ cao như gò má, sống mũi, trán và nhân trung. Sau đó, dùng cọ nhỏ hoặc ngón tay dặm nhẹ highlight dạng nhũ để tạo điểm nhấn lấp lánh như những vì sao trên làn da ẩm mịn.
"
Cách chọn son cho môi mỏng trong makeup sự kiện?,"Để chọn son cho môi mỏng khi trang điểm sự kiện, bạn nên ưu tiên các màu son tươi sáng, có độ bóng nhẹ để tạo cảm giác đầy đặn hơn.

**Các bước lựa chọn:**

1.  **Màu son:** Chọn các màu như hồng đào, cam san hô, hoặc đỏ tươi. Tránh các màu tối, trầm vì sẽ làm môi trông mỏng hơn.
2.  **Chất son:** Son kem lì hoặc son bóng nhẹ là lựa chọn tốt.
3.  **Kỹ thuật đánh:** Đánh son tràn nhẹ ra ngoài viền môi một chút để tạo hiệu ứng căng mọng. Có thể dùng thêm son dưỡng trước khi đánh son màu."
"Kỹ thuật ""bear wing"" khác gì wolf wing?","Chào bạn,

""Bear wing"" và ""Wolf wing"" đều là kỹ thuật kẻ mắt tạo hình mắt sắc sảo, nhưng có sự khác biệt rõ rệt:

*   **Bear wing:** Đường kẻ mắt dày, đậm, kéo dài vượt quá đuôi mắt, tạo hình mắt to tròn, ""mũi gấu"". Thường phù hợp với mắt một mí hoặc mí lót.
*   **Wolf wing:** Đường kẻ mắt mỏng, sắc sảo, hướng lên trên và hơi cong, tạo hình mắt mèo ""mũi sói"". Phù hợp với nhiều hình dáng mắt, đặc biệt là mắt hai mí.

Nói chung, ""bear wing"" mạnh mẽ, ""wolf wing"" tinh tế hơn."
Làm sao chọn cọ cho phấn mắt dạng nhũ bột lỏng?,"Để chọn cọ phù hợp với phấn mắt nhũ bột lỏng, bạn nên ưu tiên cọ đầu bằng, nhỏ và dẹt. Chất liệu lông cọ nên là sợi tổng hợp mềm mại để dễ dàng lấy và tán đều phấn, tránh làm rơi rụng nhũ. Cọ đầu bằng giúp bạn kiểm soát lượng phấn tốt hơn, tạo hiệu ứng bám dính và giảm thiểu tình trạng nhũ rơi xuống má. Nên chọn cọ có độ dày vừa phải để dễ dàng thao tác trên bầu mắt.
"
"Cách tạo hiệu ứng môi ""satin pearl lips""?","Để tạo hiệu ứng ""satin pearl lips"" (môi ngọc trai satin), bạn cần:

1. **Tẩy tế bào chết & dưỡng ẩm:** Môi mịn màng là nền tảng.
2. **Kem lót môi:** Giúp son bám màu và tạo độ căng mọng.
3. **Son kem/son thỏi màu nude hoặc hồng nhạt:** Chọn chất son satin.
4. **Phấn highlight nhũ ngọc trai:** Nhẹ nhàng đánh lên giữa môi dưới, tạo hiệu ứng 3D.
5. **Son bóng không màu (tùy chọn):** Thêm chút bóng để đôi môi thêm căng mọng.

Hiệu ứng này tạo cảm giác môi đầy đặn, tự nhiên và lấp lánh tinh tế.
"
Làm sao chọn kem nền cho da dầu trong môi trường lạnh khô?,"Chào bạn, chọn kem nền cho da dầu trong thời tiết lạnh khô cần cân bằng giữa kiểm soát dầu và dưỡng ẩm. 

**Bước 1:** Ưu tiên kem nền có kết cấu lỏng nhẹ, oil-free hoặc dạng mousse, gel.
**Bước 2:** Tìm các thành phần dưỡng ẩm như hyaluronic acid, glycerin để tránh da bị khô bong tróc.
**Bước 3:** Chọn loại có chỉ số SPF để bảo vệ da khỏi tác hại của ánh nắng (dù trời lạnh).
**Lý do:** Thời tiết lạnh làm da mất nước, nhưng da dầu vẫn tiết dầu. Kem nền phù hợp sẽ giúp cân bằng và duy trì độ ẩm cần thiết.
"
Cách tạo makeup phong cách Dacian hiện đại?,"Phong cách trang điểm Dacian hiện đại lấy cảm hứng từ vẻ đẹp tự nhiên, mạnh mẽ của người Dacian cổ đại.

1.  **Da:** Ưu tiên lớp nền mỏng nhẹ, tự nhiên, che khuyết điểm vừa đủ.
2.  **Mắt:** Sử dụng phấn mắt màu đất, nâu đồng, hoặc xanh rêu, tán đều. Kẻ mắt mảnh, sắc sảo.
3.  **Má:** Tạo khối nhẹ nhàng để tôn đường nét khuôn mặt.
4.  **Môi:** Son màu nude, hồng đất hoặc đỏ berry trầm.
5.  **Điểm nhấn:** Có thể thêm chút highlight vàng đồng ở gò má, sống mũi.

Lý do: Phong cách này đề cao sự khỏe khoắn, gần gũi với thiên nhiên, thể hiện sự tự tin và độc lập.
"
Tại sao cần dùng lip liner cho son ombre neon?,"Chào bạn,

Lip liner rất quan trọng khi đánh son ombre neon vì một số lý do sau:

1.  **Định hình:** Neon rất nổi bật, dễ lem. Lip liner giúp viền môi rõ nét, ngăn son bị chảy.
2.  **Tạo hiệu ứng ombre:** Chọn liner trùng màu son đậm hơn để làm base, giúp chuyển màu ombre được rõ ràng, mượt mà.
3.  **Màu sắc:** Liner giúp ""khóa"" màu son, tăng độ bền màu cho đôi môi, đặc biệt với các màu neon khó bám.

Chúc bạn thành công với đôi môi ombre neon thật ấn tượng!
"
Làm sao chọn son cho makeup phong cách Tuvalu hiện đại?,"Phong cách Tuvalu hiện đại trong trang điểm thường tập trung vào sự tươi trẻ, tự nhiên với đôi môi căng mọng. Để chọn son phù hợp, bạn nên ưu tiên các màu nude, hồng đào, cam san hô hoặc đỏ cam đất. 

**Bước 1:** Chọn chất son ẩm mịn (son kem, son tint) để tạo hiệu ứng căng mọng.
**Bước 2:** Ưu tiên các màu son có chút bóng để đôi môi trông đầy đặn hơn.
**Bước 3:** Tránh các màu son quá tối hoặc quá trầm, vì sẽ làm mất đi vẻ tươi sáng của phong cách này.
"
Cách khắc phục lớp nền bị loang khi quay video 4K?,"Chào bạn, để khắc phục lớp nền bị loang khi quay video 4K, bạn cần chú trọng các bước sau:

1. **Chuẩn bị da:** Dưỡng ẩm kỹ, dùng primer kiềm dầu để tạo bề mặt mịn.
2. **Chọn nền:** Ưu tiên nền lì (matte), lâu trôi, có độ che phủ vừa phải. Tránh nền quá ẩm hoặc bóng.
3. **Kỹ thuật đánh:** Dùng mút hoặc cọ đánh nền theo chiều tản ra, lớp mỏng và đều.
4. **Set phấn:** Cố định lớp nền bằng phấn bột mịn, đặc biệt ở vùng chữ T.

Video 4K độ phân giải cao sẽ làm lộ rõ khuyết điểm, nên lớp nền hoàn hảo là yếu tố then chốt.
"
"Kỹ thuật ""smoky wingtip"" tạo mắt thế nào?","Kỹ thuật ""smoky wingtip"" tạo mắt là sự kết hợp giữa mắt mèo và hiệu ứng smoky mắt.

1.  **Kẻ mắt mèo:** Dùng eyeliner (gel, chì, hoặc nước) kẻ một đường viền mắt mèo sắc nét.
2.  **Tạo bóng smoky:** Dùng cọ nhỏ, lấy phấn mắt tối màu (đen, nâu đậm) tán đều dọc theo đường eyeliner, kéo dài ra ngoài và hơi xéo lên để tạo hiệu ứng ""wingtip"" mờ ảo.
3.  **Tán đều:** Dùng cọ sạch hòa trộn nhẹ nhàng để đường viền không bị quá sắc, tạo độ chuyển màu mềm mại.

Kỹ thuật này giúp đôi mắt trông sâu hơn, sắc sảo và quyến rũ hơn.
"
Làm sao chọn cọ cho má hồng dạng nhũ bột?,"Để chọn cọ má hồng cho má hồng nhũ bột, bạn nên ưu tiên cọ đầu vát, lông mềm mại và không quá dày. Cọ đầu vát giúp bạn dễ dàng xác định vị trí đánh và tạo đường nét tự nhiên. Lông mềm mại đảm bảo phấn bám đều, không gây kích ứng da và không làm bay mất nhũ. Cọ không quá dày giúp kiểm soát lượng phấn tốt hơn, tránh tình trạng má hồng bị quá đà.
"
Làm sao chọn phấn mắt cho makeup phong cách Kyzylkum hiện đại?,"Để chọn phấn mắt cho makeup phong cách Kyzylkum hiện đại, bạn nên ưu tiên các tông màu đất, cát, nâu đồng và vàng kim. Bắt đầu với phấn mắt màu nude hoặc be làm lớp nền. Sau đó, nhấn nhá với màu nâu đồng ở đuôi mắt để tạo chiều sâu. Cuối cùng, dùng phấn màu vàng kim hoặc cát ở bầu mắt để bắt sáng, tạo hiệu ứng lấp lánh đặc trưng của sa mạc Kyzylkum. Nên chọn phấn mắt có kết cấu mịn, dễ tán để đạt hiệu quả tốt nhất.
"
"Kỹ thuật ""sheer rose dew"" là gì?","""Sheer rose dew"" là kỹ thuật trang điểm tạo hiệu ứng làn da ửng hồng tự nhiên, căng bóng như sương sớm. 

**Các bước thực hiện:**

1.  **Dưỡng ẩm kỹ:** Đây là bước quan trọng nhất để da căng mọng.
2.  **Sử dụng kem nền/BB cream mỏng nhẹ:** Chọn loại có độ che phủ thấp.
3.  **Thêm highlighter dạng lỏng/kem:** Tập trung vào gò má, sống mũi, trán và cằm.
4.  **Tạo má hồng:** Chọn màu hồng đào hoặc hồng san hô, tán nhẹ nhàng.

Kỹ thuật này giúp da trông khỏe mạnh, tươi tắn và tràn đầy sức sống.
"
Làm sao chọn kem nền cho da có vết thâm do mụn nang?,"Để chọn kem nền cho da có vết thâm do mụn nang, bạn cần ưu tiên khả năng che phủ tốt và thành phần hỗ trợ làm sáng da.

1.  **Chọn loại kem nền:** Kem nền lỏng hoặc kem che khuyết điểm dạng kem đặc sẽ phù hợp hơn so với phấn nền dạng bột.
2.  **Độ che phủ:** Ưu tiên kem nền có độ che phủ từ trung bình đến cao.
3.  **Màu sắc:** Chọn màu kem nền tiệp với màu da hoặc hơi sáng hơn một chút để che phủ vết thâm hiệu quả.
4.  **Thành phần:** Tìm các sản phẩm có chứa vitamin C, niacinamide hoặc các chất làm sáng da khác.
"
Tại sao cần thử son ở vùng môi giữa?,"Chào bạn,

Việc thử son ở vùng môi giữa (đặc biệt là phần lòng môi) là rất quan trọng vì màu son thực tế sẽ hiển thị chính xác nhất ở khu vực này. Lòng môi có màu sắc tự nhiên gần giống với màu son sẽ lên môi sau khi thoa, giúp bạn đánh giá được màu son có phù hợp với tông da hay không. Thử ở viền môi có thể bị ảnh hưởng bởi sắc tố da khác, dẫn đến đánh giá màu sai lệch.
"
"Kỹ thuật ""starburst eyes"" là gì?","Kỹ thuật ""Starburst Eyes"" (mắt tỏa sáng) là xu hướng trang điểm mắt tạo hiệu ứng lấp lánh, tập trung ánh nhìn vào trung tâm đồng tử. 

**Cách thực hiện:**
1.  Đánh phấn mắt sáng (nhũ, glitter) lên bầu mắt.
2.  Dùng cọ nhỏ, tập trung đánh đậm phần giữa bầu mắt, gần đồng tử nhất.
3.  Nhấn nhá thêm glitter mịn ở góc mắt trong để tăng hiệu ứng tỏa sáng.

Kỹ thuật này giúp mắt trông to tròn, thu hút và tạo điểm nhấn ấn tượng.
"
Làm sao chọn son cho makeup phong cách Andalusia tối giản?,"Phong cách Andalusia tối giản đề cao vẻ đẹp tự nhiên, nên son môi nên chọn màu nude, hồng đào hoặc cam đất. Ưu tiên chất son mềm mịn, ẩm mượt thay vì bóng loáng.

**Các bước chọn son:**

1.  **Xác định tông da:** Da sáng hợp nude hồng, da trung bình hợp cam đất, da ngăm hợp nude đào.
2.  **Chọn chất son:** Son kem hoặc son thỏi lì nhẹ là lựa chọn tốt.
3.  **Thử son:** Thử son lên mu bàn tay hoặc môi để xem màu sắc có hài hòa với da không.
"
Cách làm sạch beauty blender sau khi dùng nền matte chống nước?,"Chào bạn, việc làm sạch beauty blender sau khi dùng nền matte chống nước cần kỹ lưỡng để tránh tích tụ vi khuẩn và đảm bảo độ bền của dụng cụ.

**Các bước thực hiện:**

1.  **Rửa sơ:** Rửa blender dưới vòi nước ấm để loại bỏ phần lớn nền.
2.  **Sử dụng chất tẩy rửa:** Cho một lượng nhỏ dầu tẩy trang hoặc xà phòng chuyên dụng cho cọ/beauty blender lên blender, nhẹ nhàng bóp và xoay để loại bỏ hoàn toàn nền.
3.  **Xả sạch:** Rửa lại bằng nước ấm cho đến khi không còn bọt.
4.  **Làm khô:** Vắt nhẹ nhàng và để khô tự nhiên ở nơi thoáng mát.

**Lý do:** Nền matte chống nước thường khó trôi, cần chất tẩy rửa chuyên dụng để làm sạch sâu."
"Kỹ thuật ""bloom dew"" tạo da thế nào?","Kỹ thuật ""bloom dew"" (hay còn gọi là ""glow from within"") tạo hiệu ứng da căng bóng, ẩm mượt tự nhiên như sương sớm. 

**Các bước thực hiện:**

1.  **Dưỡng ẩm kỹ:** Đây là bước quan trọng nhất, dùng serum, kem dưỡng phù hợp.
2.  **Mix kem nền/BB cream với dầu dưỡng:** Tỉ lệ 2:1, giúp chất kem mỏng nhẹ, dễ tán.
3.  **Tán kem theo chiều lỗ chân lông:** Nhẹ nhàng, tránh kéo da.
4.  **Highlight dạng lỏng/kem:** Tập trung vùng gò má, sống mũi, trán.
5.  **Xịt khóa:** Giúp lớp makeup bền vững, căng bóng hơn.

Kỹ thuật này ưu tiên độ ẩm, giúp da nhìn khỏe mạnh, rạng rỡ.
"
Cách tạo makeup phong cách Phrygian hiện đại?,"Phong cách Phrygian hiện đại tập trung vào đôi mắt khói đậm và đôi môi trầm.

1.  **Mắt:** Sử dụng phấn mắt màu nâu, đồng hoặc tím than, tán đều từ hốc mắt lên đến đuôi mắt, tạo hiệu ứng khói. Kẻ eyeliner đen sắc sảo.
2.  **Da:** Nền da hoàn hảo với kem nền lì, che khuyết điểm kỹ càng.
3.  **Môi:** Chọn son màu burgundy, nâu đất hoặc đỏ đậm.
4.  **Má:** Phấn má hồng màu nude đào nhẹ nhàng để cân bằng.

Phong cách này mang vẻ đẹp cổ điển, bí ẩn và quyền lực.
"
Tại sao cần dùng primer màu đào cho quầng thâm tím?,"Primer màu đào là ""vũ khí bí mật"" để che đi quầng thâm tím hiệu quả. Màu đào (cam) là màu đối lập với màu tím, theo quy luật bù màu trong phối màu. Khi thoa primer đào lên vùng da quầng thâm, nó sẽ trung hòa sắc tố tím, giúp da sáng hơn và đều màu hơn. Nhờ đó, lớp kem nền sau đó sẽ dễ dàng che phủ hoàn toàn, cho lớp trang điểm tự nhiên và bền màu.
"
Làm sao chọn phấn mắt cho makeup phong cách Sonoran hiện đại?,"Để chọn phấn mắt cho makeup phong cách Sonoran hiện đại, bạn nên ưu tiên các tông màu lấy cảm hứng từ sa mạc: cam đất, nâu gạch, đồng, và vàng cát. Bắt đầu với phấn mắt màu nude hoặc be làm lớp nền. Sau đó, thoa màu cam đất hoặc nâu gạch lên hốc mắt để tạo chiều sâu. Cuối cùng, dùng phấn màu đồng hoặc vàng cát ở khóe mắt và bầu mắt để bắt sáng, tạo hiệu ứng lấp lánh như ánh nắng sa mạc.
"
"Cách tạo hiệu ứng môi ""carnelian lips""?","Để tạo hiệu ứng ""carnelian lips"" (môi đá mã não) đầy quyến rũ, bạn cần:

1. **Chuẩn bị:** Dưỡng ẩm môi kỹ lưỡng.
2. **Base:** Sử dụng son lót môi để màu son bám lâu hơn.
3. **Son chính:** Chọn son màu cam đất hoặc nâu cam trầm ấm.
4. **Tạo ombre:** Dùng son màu nâu đậm hơn viền môi, sau đó tán đều vào trong.
5. **Hoàn thiện:** Thêm chút son bóng ở giữa môi để tạo hiệu ứng căng mọng, tự nhiên như đá mã não.
"
"Kỹ thuật ""sheer lunar dew"" là gì?","""Sheer Lunar Dew"" là kỹ thuật trang điểm tạo hiệu ứng da trong suốt, căng bóng tự nhiên như sương đêm trăng. 

**Các bước thực hiện:**

1.  **Dưỡng ẩm kỹ:** Đây là bước quan trọng nhất, giúp da ngậm nước.
2.  **Sử dụng kem nền mỏng nhẹ:** Chọn loại có độ che phủ thấp hoặc BB cream.
3.  **Highlight dạng lỏng:** Tập trung vào vùng gò má, sống mũi, trán và cằm.
4.  **Phấn phủ trong suốt:** Cố định lớp trang điểm, tránh làm mất hiệu ứng căng bóng.

Kỹ thuật này phù hợp với những ai yêu thích vẻ đẹp tự nhiên, ""ít là nhiều"".
"
Làm sao chọn kem nền cho da có vết sẹo do mụn rỗ?,"Để chọn kem nền cho da có sẹo mụn rỗ, bạn nên ưu tiên các sản phẩm có khả năng che phủ tốt nhưng vẫn giữ được vẻ tự nhiên. Kem nền dạng lỏng hoặc kem có độ che phủ trung bình đến cao là lựa chọn phù hợp.

**Các bước chọn kem nền:**

1.  **Tìm kem có chứa silicone:** Silicone giúp làm đầy các vết lõm tạm thời, làm da mịn màng hơn.
2.  **Chọn màu nền trùng với tông da:** Tránh chọn màu quá sáng hoặc quá tối.
3.  **Thử kem nền trên da:** Đảm bảo kem không gây kích ứng và phù hợp với loại da của bạn.
"
Tại sao cần thử eyeliner ở vùng gần mí dưới?,"Thử eyeliner ở vùng gần mí dưới giúp bạn kiểm tra độ đậm màu và độ bám của sản phẩm. Việc này đặc biệt quan trọng với các loại eyeliner mới hoặc có màu sắc khác biệt. Da vùng mí dưới mỏng manh, dễ lên màu hơn, giúp bạn đánh giá chính xác sản phẩm có phù hợp với tông da và dễ dàng chỉnh sửa nếu cần, tránh tình trạng màu không đều hoặc lem khi trang điểm toàn mặt.
"
"Kỹ thuật ""supernova pearl"" là gì?","Kỹ thuật ""supernova pearl"" (ngọc trai siêu tân tinh) là xu hướng trang điểm mắt đang thịnh hành trên TikTok, tạo hiệu ứng đôi mắt lấp lánh như chứa hàng ngàn viên ngọc trai nhỏ.

**Cách thực hiện:**

1.  **Kem nền/che khuyết điểm:** Tạo lớp nền mịn màng.
2.  **Phấn mắt nhũ:** Dùng phấn mắt nhũ trắng hoặc ngọc trai, tập trung vào giữa bầu mắt.
3.  **Nhấn nhá:** Thêm một chút nhũ lấp lánh nhỏ hơn lên trên lớp nhũ trước.
4.  **Hoàn thiện:** Có thể dùng mascara để tăng độ sâu cho mắt.

Kỹ thuật này giúp đôi mắt trông to tròn, thu hút và có chiều sâu hơn.
"
Cách làm sạch beauty blender sau khi dùng bronzer chống nước?,"Để làm sạch beauty blender sau khi dùng bronzer chống nước, bạn cần làm theo các bước sau:

1. **Loại bỏ phần bronzer thừa:** Dùng khăn giấy hoặc bông gòn nhẹ nhàng loại bỏ bớt phần bronzer còn bám trên bề mặt.
2. **Rửa bằng nước ấm và chất tẩy trang:** Xả beauty blender dưới vòi nước ấm, dùng chất tẩy trang chuyên dụng cho cọ/beauty blender (hoặc dầu tẩy trang dịu nhẹ) và bóp nhẹ nhàng để loại bỏ sản phẩm.
3. **Xả sạch và phơi khô:** Xả kỹ bằng nước sạch cho đến khi không còn bọt. Vắt nhẹ và phơi khô ở nơi thoáng mát, tránh ánh nắng trực tiếp.

Việc làm sạch kỹ lưỡng giúp ngăn ngừa vi khuẩn phát triển và kéo dài tuổi thọ của beauty blender.
"
"Kỹ thuật ""dawn pearl"" là gì?","Kỹ thuật ""dawn pearl"" (ngọc sớm mai) là một xu hướng trang điểm Hàn Quốc tạo hiệu ứng da căng bóng, khỏe mạnh như được ""tưới sương"". 

**Các bước thực hiện:**

1.  **Dưỡng ẩm kỹ:** Đây là bước quan trọng nhất.
2.  **Kem nền mỏng nhẹ:** Chọn loại có độ che phủ thấp hoặc BB cream.
3.  **Highlight dạng lỏng/kem:** Thoa lên các điểm cao như gò má, sống mũi, trán, cằm.
4.  **Phấn phủ trong suốt:** Cố định lớp highlight, tránh bóng dầu.

Kỹ thuật này tập trung vào việc phản xạ ánh sáng, tạo cảm giác da ngậm nước và rạng rỡ tự nhiên.
"
Tại sao cần dùng primer màu xanh cho da đỏ do kích ứng?,"Primer màu xanh lá cây (chứ không phải xanh dương) là lựa chọn lý tưởng cho da bị đỏ do kích ứng. Màu xanh lá cây là màu đối lập của màu đỏ trên bảng màu, nên khi thoa lên da, nó sẽ trung hòa sắc tố đỏ, giúp da trông đều màu và dịu hơn. Primer tạo một lớp nền mịn màng, giúp che đi các vết ửng đỏ và làm nổi bật lớp trang điểm sau đó. Điều này đặc biệt quan trọng với da nhạy cảm, dễ kích ứng.
"
"Kỹ thuật ""crystal pearl"" là gì?","Kỹ thuật ""crystal pearl"" (ngọc trai pha lê) là một xu hướng trang điểm mắt đang được yêu thích, tạo hiệu ứng đôi mắt lấp lánh như ngọc trai.

**Cách thực hiện:**

1.  **Tạo lớp nền:** Sử dụng phấn mắt nhũ trắng hoặc ngọc trai trên toàn bộ bầu mắt.
2.  **Điểm nhấn:** Dùng cọ nhỏ, nhẹ nhàng thoa thêm phấn nhũ lên giữa bầu mắt và hốc mắt.
3.  **Hoàn thiện:** Có thể kết hợp thêm eyeliner trắng hoặc nhũ lấp lánh để tăng độ nổi bật.

Kỹ thuật này phù hợp với các dịp đặc biệt, giúp đôi mắt trông to tròn và thu hút hơn.
"
"Kỹ thuật ""chromatic blush"" tạo má hồng như thế nào?","Kỹ thuật ""chromatic blush"" (má hồng đa sắc) tạo hiệu ứng má ửng tự nhiên, sống động. Đầu tiên, chọn 3 tông màu má hồng: sáng nhất (highlight), trung bình (màu chính), và đậm nhất (contour).

1.  **Highlight:** Thoa màu sáng lên xương gò má trên cùng.
2.  **Màu chính:** Thoa lên phần thịt má, hòa trộn nhẹ nhàng.
3.  **Contour:** Đánh màu đậm dưới xương gò má để tạo chiều sâu.

Việc kết hợp 3 tông màu này tạo ra hiệu ứng chuyển màu mềm mại, giúp khuôn mặt trông khỏe khoắn và có chiều sâu hơn.
"
Làm sao chọn kem nền cho da có bệnh viêm da cơ địa?,"Chào bạn, chọn kem nền cho da viêm da cơ địa cần cực kỳ cẩn thận. Ưu tiên các sản phẩm:

1.  **Không chứa hương liệu, cồn, paraben:** Các chất này gây kích ứng da.
2.  **Thành phần dịu nhẹ:** Ưu tiên các loại kem nền khoáng, chứa ceramides, hyaluronic acid để cấp ẩm và phục hồi hàng rào bảo vệ da.
3.  **Chất kem lỏng nhẹ, dễ tán:** Tránh kem nền đặc gây bí bách lỗ chân lông.
4.  **Thử trước khi mua:** Thoa một vùng nhỏ lên da để kiểm tra xem có gây kích ứng không.

"
Tại sao cần dùng lip oil trước son siêu lì?,"Chào bạn,

Lip oil là bước chuẩn bị rất quan trọng trước khi dùng son siêu lì. Son siêu lì thường có xu hướng làm khô môi, thậm chí gây bong tróc nếu môi không đủ ẩm. Lip oil giúp cung cấp độ ẩm, làm mềm môi, tạo một lớp nền mượt mà cho son bám dính tốt hơn, lên màu chuẩn hơn và giảm thiểu tình trạng môi bị khô, nứt nẻ trong quá trình sử dụng.
"
Làm sao chọn mascara cho mi yếu và thưa?,"Để chọn mascara cho mi yếu và thưa, bạn nên ưu tiên các sản phẩm có công thức nhẹ, chứa các thành phần dưỡng mi như vitamin E, dầu argan. Chọn loại đầu cọ nhỏ, thưa, giúp dễ dàng len lỏi và phủ đều từng sợi mi, tránh làm nặng mi. Mascara có khả năng làm dày và dài mi là lựa chọn tốt, nhưng đừng chọn loại quá nhiều sáp để tránh gây bết dính và làm mi gãy rụng.
"
Cách khắc phục phấn mắt bị lem khi đổ mồ hôi?,"Để khắc phục tình trạng phấn mắt bị lem khi đổ mồ hôi, bạn hãy làm theo các bước sau:

1. **Sử dụng kem lót mắt:** Tạo một lớp nền khô ráo, giúp phấn bám dính hơn.
2. **Chọn phấn mắt chống thấm nước/mồ hôi:** Ưu tiên các sản phẩm có công thức đặc biệt.
3. **Thấm dầu vùng mắt:** Giảm lượng dầu thừa, hạn chế phấn bị trôi.
4. **Sử dụng phấn mắt dạng kem hoặc gel:** Độ bám cao hơn phấn bột.
5. **Kẹp mi và dùng mascara chống thấm nước:** Hoàn thiện và tăng độ bền cho lớp trang điểm mắt.
"
"Kỹ thuật ""sunlit dew"" tạo da thế nào?","Kỹ thuật ""sunlit dew"" (sương sớm dưới ánh nắng) tạo hiệu ứng da căng bóng, khỏe mạnh tự nhiên như được tắm sương. Các bước thực hiện:

1. **Dưỡng ẩm kỹ:** Đây là bước quan trọng nhất, dùng serum, kem dưỡng cấp ẩm sâu.
2. **Highlight dạng lỏng/kem:** Thoa highlight lên các điểm cao như gò má, sống mũi, nhân trung, khóe mắt.
3. **Phấn highlight:** Dặm nhẹ phấn highlight để tăng độ bắt sáng.
4. **Xịt khóa:** Xịt khóa để các lớp makeup hòa quyện, tạo hiệu ứng ""tan"" vào da.

Lý do: Highlight bắt sáng, dưỡng ẩm giúp da căng mọng, xịt khóa giúp mọi thứ hòa quyện tự nhiên.
"
Làm sao tạo makeup phong cách Toltec hiện đại?,"Phong cách Toltec hiện đại lấy cảm hứng từ nghệ thuật và kiến trúc của người Toltec cổ đại, kết hợp với sự sáng tạo đương đại.

1.  **Da:** Tạo lớp nền hoàn hảo, mịn màng, làm nổi bật đường nét khuôn mặt.
2.  **Mắt:** Sử dụng phấn mắt màu đất, vàng đồng, hoặc xanh ngọc lục bảo. Vẽ eyeliner mắt mèo sắc sảo, nhấn nhá bằng họa tiết hình học lấy cảm hứng từ kiến trúc Toltec.
3.  **Má:** Đánh má hồng màu cam đất hoặc nâu đào.
4.  **Môi:** Son màu nude, cam cháy hoặc đỏ gạch.
5.  **Điểm nhấn:** Sử dụng highlight vàng đồng ở gò má, sống mũi và khóe mắt để tăng chiều sâu."
Tại sao cần dùng kem dưỡng ẩm có peptide trước kem nền?,"Chào bạn,

Kem dưỡng ẩm có peptide nên được dùng trước kem nền vì nhiều lý do quan trọng. Peptide giúp tăng cường sản xuất collagen, cải thiện độ đàn hồi và làm giảm nếp nhăn, tạo một lớp nền da khỏe mạnh. Điều này giúp kem nền bám tốt hơn, mịn màng hơn và hạn chế tình trạng cakey (mốc da). Hơn nữa, peptide còn giúp da ngậm nước, giúp lớp nền căng bóng tự nhiên và bền vững hơn trong suốt cả ngày.
"
Cách chọn son cho makeup phong cách Palau?,"Phong cách trang điểm Palau (Palau makeup) đặc trưng bởi đôi môi căng mọng, màu sắc tươi tắn và thường có chút bóng. Để chọn son phù hợp, bạn nên ưu tiên các chất son như:

1.  **Son kem lì:** Giữ màu tốt, tạo hiệu ứng mềm mại.
2.  **Son bóng:** Tạo độ căng mọng, phù hợp với vẻ ngoài tươi trẻ.
3.  **Màu sắc:** Đỏ cam, hồng san hô, hoặc các màu nude đào là lựa chọn lý tưởng, tôn da và phù hợp với concept tươi sáng của Palau.

Nên thử son trước khi mua để đảm bảo màu sắc hài hòa với tông da của bạn.
"
"Kỹ thuật ""cloud wing"" là gì?","Kỹ thuật ""cloud wing"" (cánh mắt bồng bềnh) là xu hướng trang điểm mắt mới, tạo hiệu ứng đường kẻ mắt mềm mại, không sắc nét như ""cat eye"" truyền thống. 

**Cách thực hiện:**
1. Kẻ một đường viền mắt dưới bằng chì hoặc phấn mắt tối màu, hơi kéo dài ra ngoài.
2. Dùng cọ nhỏ tán đều phần đuôi mắt, tạo hiệu ứng ""nhòe"" như đám mây.
3. Có thể dùng thêm phấn nhũ để tăng độ bồng bềnh.

Kỹ thuật này phù hợp với nhiều hình dáng mắt, giúp đôi mắt trông to tròn và có chiều sâu hơn.
"
Làm sao chọn cọ cho phấn tạo khối dạng nhũ lỏng?,"Để chọn cọ phù hợp với phấn tạo khối dạng lỏng, bạn nên ưu tiên cọ đầu vát, lông mềm và dày dặn. Cọ vát giúp bạn dễ dàng xác định vị trí tạo khối, còn lông mềm đảm bảo phấn được tán đều, tự nhiên. Lông dày dặn giúp giữ lượng phấn vừa đủ, tránh tình trạng lem hoặc vón cục. Nên chọn cọ tổng hợp để dễ vệ sinh và phù hợp với chất lỏng.
"
"Cách tạo hiệu ứng môi ""voile lips""?","Để tạo hiệu ứng ""voile lips"" (môi sương mù) đang thịnh hành, bạn thực hiện các bước sau:

1. **Tô son:** Chọn son màu nude, hồng đào hoặc cam đất, đánh nhẹ nhàng toàn môi.
2. **Tan màu:** Dùng bông tăm hoặc cọ nhỏ tán đều màu son từ lòng môi ra phía viền, tạo hiệu ứng mờ dần.
3. **Thấm bớt:** Dùng khăn giấy thấm nhẹ để loại bỏ lớp son thừa, giữ lại màu sắc tự nhiên nhất.

Hiệu ứng này giúp đôi môi trông mềm mại, tự nhiên và quyến rũ hơn.
"
"Kỹ thuật ""sapphire blush"" tạo má hồng ra sao?","Kỹ thuật ""sapphire blush"" tạo má hồng theo hình dáng chữ C ngược, bắt đầu từ vùng thái dương, đi xuống theo đường xương gò má và dừng lại ở khoảng giữa má. Điểm đặc biệt là màu má hồng đậm nhất ở vùng thái dương, mờ dần về phía trung tâm má, tạo hiệu ứng nâng cơ mặt và đôi má ửng hồng tự nhiên, khỏe khoắn. Kỹ thuật này phù hợp với nhiều hình dáng khuôn mặt, đặc biệt là mặt tròn hoặc vuông.
"
Làm sao chọn kem nền cho da có vết đỏ do rosacea?,"Chào bạn, với da rosacea dễ bị đỏ, việc chọn kem nền cần sự cẩn thận. Hãy ưu tiên các sản phẩm có màu xanh lá cây hoặc ngả vàng để trung hòa sắc đỏ. Chất kem nên mỏng nhẹ, không gây bí bách, tốt nhất là dạng lỏng hoặc kem dưỡng ẩm có màu. Tránh các thành phần gây kích ứng như cồn, hương liệu. Quan trọng nhất, hãy thử sản phẩm trên một vùng da nhỏ trước khi sử dụng toàn mặt để đảm bảo không gây phản ứng.
"
Cách tạo makeup phong cách Hittite hiện đại?,"Phong cách Hittite hiện đại tập trung vào đôi mắt sắc sảo và đôi môi đậm.

1.  **Mắt:** Kẻ mắt đen đậm, kéo dài vượt quá đuôi mắt, tạo hình cánh cung. Có thể dùng eyeliner gel hoặc chì kẻ mắt.
2.  **Môi:** Tô son đỏ đậm hoặc burgundy, có thể dùng son kem hoặc son thỏi.
3.  **Da:** Giữ lớp nền tự nhiên, không quá dày.
4.  **Má:** Phấn má hồng màu nude hoặc đào nhẹ nhàng.

Phong cách này mang đến vẻ đẹp mạnh mẽ, bí ẩn và quyền lực.
"
Tại sao cần thử concealer ở vùng quầng thâm mắt?,"Việc thử concealer ở vùng quầng thâm mắt là rất quan trọng để đảm bảo màu sắc hòa hợp với tông da và che phủ hiệu quả. Quầng thâm mắt thường có màu xanh hoặc tím, do đó, concealer có tông màu đào hoặc cam sẽ giúp trung hòa các sắc tố này. Thử concealer trực tiếp giúp bạn chọn được màu sắc phù hợp nhất, tránh tình trạng concealer bị trắng bệch hoặc không che phủ được quầng thâm.
"
"Kỹ thuật ""smoky quartz"" là gì?","Kỹ thuật ""Smoky Quartz"" là một kiểu trang điểm mắt lấy cảm hứng từ màu sắc và độ sâu của đá thạch anh khói. Bắt đầu bằng việc đánh phấn mắt màu nâu nhạt làm lớp nền, sau đó tăng dần độ đậm với các tông nâu sẫm, xám tro và tím khói. 

Điểm mấu chốt là blend (tán) màu kỹ lưỡng để tạo hiệu ứng chuyển màu mềm mại, không đường nét rõ ràng. Thêm chút nhũ mắt màu đồng hoặc vàng champagne ở khóe mắt để tăng chiều sâu và sự lấp lánh. Kỹ thuật này phù hợp với mọi màu mắt và tạo vẻ đẹp bí ẩn, quyến rũ.
"
Làm sao chọn son cho makeup phong cách Bali tối giản?,"Để chọn son cho makeup Bali tối giản, hãy ưu tiên các màu nude, hồng đào, hoặc cam đất tự nhiên. Những tông màu này tôn lên vẻ đẹp khỏe khoắn, phóng khoáng của phong cách Bali. Chất son nên chọn là son tint hoặc son dưỡng có màu để tạo hiệu ứng đôi môi căng mọng, tự nhiên. Tránh các màu son quá nổi bật hoặc bóng bẩy, vì sẽ làm mất đi sự tinh tế của layout makeup này.
"
Cách làm sạch cọ sau khi dùng phấn mắt nhũ mousse?,"Chào bạn, việc làm sạch cọ sau khi dùng phấn mắt nhũ mousse rất quan trọng để đảm bảo vệ sinh và độ bền của cọ. Đây là các bước thực hiện:

1. **Loại bỏ phấn thừa:** Gõ nhẹ cọ lên tay hoặc khăn giấy để loại bỏ phấn mắt thừa.
2. **Sử dụng dung dịch chuyên dụng:** Xịt dung dịch làm sạch cọ (brush cleanser) lên cọ, hoặc dùng dầu tẩy trang nhẹ nhàng.
3. **Rửa sạch:** Nhẹ nhàng xoay cọ trên lòng bàn tay với nước ấm cho đến khi nước trong.
4. **Làm khô:** Vắt nhẹ nước và phơi khô cọ theo chiều lông xuống dưới.

Việc này giúp loại bỏ hoàn toàn mousse và nhũ, tránh làm tắc nghẽn và biến dạng lông cọ.
"
"Kỹ thuật ""dewy carve"" tạo khối thế nào?","Kỹ thuật ""dewy carve"" tạo khối tập trung vào việc tạo chiều sâu khuôn mặt một cách tự nhiên, căng bóng thay vì đường nét sắc sảo.

**Các bước thực hiện:**

1.  **Tạo khối:** Dùng sản phẩm kem hoặc sáp tạo khối (màu tối hơn da 2-3 tông) đánh dọc theo xương gò má, hai bên cánh mũi, và đường viền hàm.
2.  **Tán đều:** Dùng cọ hoặc mút tán đều sản phẩm theo hướng lên trên, hòa trộn kỹ với da.
3.  **Highlight:** Thêm highlight (sản phẩm bắt sáng) lên vùng cao của gò má, sống mũi, và trán để tăng độ căng bóng.
4.  **Xịt khóa:** Cuối cùng, xịt một lớp xịt khóa trang điểm để giữ lớp nền bền vững và tăng hiệu ứng dewy.

Kỹ thuật này phù hợp với những người có làn da khô hoặc muốn có vẻ ngoài tươi trẻ, rạng rỡ.
"
Làm sao chọn mascara cho makeup phong cách bridal?,"Để chọn mascara cho makeup cô dâu, ưu tiên hàng đầu là sự tự nhiên, lâu trễ và không lem. Mascara nên có công thức chống thấm nước để đảm bảo không bị nhòe khi cô dâu xúc động trong ngày cưới. 

Chọn loại mascara lengthening (dài mi) thay vì volumizing (dày mi) để mi trông thanh thoát, tự nhiên hơn. Màu đen nâu sẽ mềm mại hơn so với đen tuyền, phù hợp với vẻ đẹp dịu dàng của cô dâu. Nên thử mascara trước để đảm bảo không gây kích ứng.
"
Cách tạo makeup phong cách Renaissance hiện đại?,"Để tạo makeup phong cách Renaissance hiện đại, bạn bắt đầu với lớp nền hoàn hảo, mịn màng. Tiếp theo, tập trung vào đôi mắt với phấn mắt tông màu ấm như nâu, đồng, và cam đất, tán đều và nhấn nhá bằng eyeliner đen mảnh. Đừng quên đôi lông mày cong tự nhiên. Son môi màu berry hoặc đỏ trầm là điểm nhấn cuối cùng, kết hợp cùng chút highlight để tạo vẻ rạng rỡ. Phong cách này tôn lên vẻ đẹp cổ điển nhưng vẫn phù hợp với xu hướng hiện đại.
"
Tại sao cần dùng blotting paper sau khi thoa nền?,"Chào bạn,

Sau khi thoa kem nền, dùng blotting paper (giấy thấm dầu) là bước quan trọng để kiểm soát lượng dầu thừa và giữ cho lớp nền được bền vững hơn. Blotting paper giúp thấm bớt dầu trên da mà không làm xê dịch lớp nền như khi dùng khăn giấy thông thường. Điều này giúp tránh tình trạng lớp nền bị bóng dầu, dễ bị lem hoặc trôi, đặc biệt là với những bạn da dầu hoặc trong thời tiết nóng ẩm.
"
Làm sao chọn phấn mắt cho mắt xanh lục?,"Để chọn phấn mắt cho mắt xanh lục, bạn nên ưu tiên các tông màu ấm và trung tính để làm nổi bật màu mắt. Các lựa chọn tuyệt vời bao gồm:

1.  **Màu đồng, vàng đồng:** Tạo sự ấm áp và làm mắt xanh lục sáng hơn.
2.  **Màu hồng đào, san hô:** Mang đến vẻ ngoài tươi trẻ, nữ tính.
3.  **Màu tím mận, nâu tím:** Tạo chiều sâu và sự tương phản tinh tế.
4.  **Màu nude, nâu nhạt:** Dùng làm lớp nền hoặc đánh highlight.

Tránh các màu xanh lá cây quá tương đồng hoặc màu xanh dương, vì chúng có thể làm mắt trông xỉn màu.
"
"Kỹ thuật ""moonlit dew"" là gì?","Kỹ thuật ""moonlit dew"" (sương đêm trăng) là xu hướng trang điểm tạo hiệu ứng da căng bóng, ẩm mượt tự nhiên như được phủ sương. 

**Các bước thực hiện:**

1.  **Dưỡng ẩm kỹ:** Đây là bước quan trọng nhất.
2.  **Sử dụng kem nền mỏng nhẹ:** Ưu tiên các loại có chứa thành phần dưỡng ẩm.
3.  **Highlight dạng lỏng/kem:** Tập trung vào vùng gò má, sống mũi, trán và cằm.
4.  **Xịt khóa trang điểm:** Giúp giữ lớp makeup bền lâu và tăng độ bóng.

Kỹ thuật này phù hợp với những ai muốn có vẻ ngoài tươi trẻ, khỏe khoắn.
"
Làm sao tạo makeup phong cách Azuchi Nhật Bản?,"Phong cách trang điểm Azuchi (thời kỳ Azuchi-Momoyama, Nhật Bản) tập trung vào vẻ đẹp trắng sứ, đôi môi đỏ và đôi mắt sắc sảo.

1.  **Da:** Sử dụng phấn nền trắng, thoa đều để tạo lớp nền hoàn hảo.
2.  **Mắt:** Vẽ mắt mèo sắc nét, sử dụng eyeliner đen. Có thể thêm chút nhũ bạc ở khóe mắt.
3.  **Môi:** Tô son đỏ đậm, vẽ viền môi rõ ràng.
4.  **Má:** Thoa má hồng nhẹ nhàng màu hồng đào.
5.  **Điểm nhấn:** Vẽ một chấm nhỏ màu đỏ ở giữa trán để tăng thêm vẻ quyến rũ."
"Kỹ thuật ""wolf wing"" khác gì fox wing?","Chào bạn,

""Wolf wing"" và ""fox wing"" đều là kỹ thuật kẻ mắt tạo hiệu ứng mắt sắc sảo, nhưng có sự khác biệt rõ rệt. ""Fox wing"" (mắt cáo) mềm mại, kéo dài và cong nhẹ ở đuôi mắt, tạo vẻ quyến rũ, tinh tế. Ngược lại, ""wolf wing"" (mắt sói) mạnh mẽ hơn, với đường kẻ mắt dày, góc cạnh và kéo dài vượt quá đuôi mắt, tạo ánh nhìn sắc lạnh, cá tính. ""Wolf wing"" thường sử dụng màu tối đậm để tăng độ ấn tượng.
"
Làm sao chọn cọ cho phấn mắt dạng gel nhũ?,"Để chọn cọ phù hợp với phấn mắt gel nhũ, bạn nên ưu tiên cọ đầu nhỏ, dẹt và lông cọ được làm từ sợi tổng hợp. Cọ sợi tổng hợp giúp phấn bám đều, không bị hút màu và dễ vệ sinh. Đầu cọ dẹt giúp bạn dễ dàng lấy lượng phấn vừa đủ và thoa đều lên mí mắt, đặc biệt là những vùng khó tiếp cận. Kích thước nhỏ giúp kiểm soát lượng sản phẩm tốt hơn, tránh tình trạng phấn bị lem hoặc quá dày.
"
"Cách tạo hiệu ứng môi ""crepe lips""?","Để tạo hiệu ứng ""crepe lips"" (môi nhăn nhẹ, gợi cảm), bạn cần chuẩn bị son môi màu nude hoặc màu gần với màu da thật.

1. **Tẩy tế bào chết môi:** Loại bỏ da chết giúp son lên màu mịn hơn.
2. **Dùng son che khuyết điểm:** Che đi màu môi thật, tạo nền đều màu.
3. **Tô son nude:** Tô nhẹ nhàng, tránh tô quá đậm.
4. **Dùng khăn giấy thấm bớt:** Giúp son bám tự nhiên, tạo hiệu ứng ""nhăn"" nhẹ.
5. **(Tùy chọn) Thêm chút son bóng:** Tạo độ căng mọng tự nhiên.

Hiệu ứng này tạo cảm giác đôi môi tự nhiên, không quá cầu kỳ.
"
"Kỹ thuật ""luminous pearl"" tạo da thế nào?","Kỹ thuật ""luminous pearl"" (da ngọc sáng) tập trung vào việc tạo hiệu ứng da căng bóng, khỏe mạnh từ bên trong, thay vì che phủ hoàn toàn. 

**Các bước thực hiện:**

1.  **Dưỡng ẩm kỹ:** Đây là bước quan trọng nhất, giúp da mịn màng.
2.  **Sử dụng kem lót bắt sáng:** Chọn loại có hạt ngọc trai siêu mịn để phản xạ ánh sáng.
3.  **Kết hợp highlight dạng lỏng/kem:** Thoa nhẹ lên các điểm cao như gò má, sống mũi, trán, cằm.
4.  **Phấn nền mỏng nhẹ:** Ưu tiên các loại có độ che phủ thấp hoặc trung bình.

Kỹ thuật này giúp da trông tự nhiên, rạng rỡ, không bị ""tắc"" lớp makeup dày cộm.
"
Làm sao chọn kem nền cho da dầu trong môi trường nhiệt đới?,"Để chọn kem nền cho da dầu ở môi trường nhiệt đới, bạn nên ưu tiên các sản phẩm có kết cấu nhẹ, không gây bí da. Hãy tìm các loại kem nền với ghi chú ""oil-free"", ""mattifying"" hoặc ""long-lasting"". 

*   **Bước 1:** Chọn loại kem nền dạng lỏng hoặc mousse.
*   **Bước 2:** Ưu tiên các thành phần kiểm soát dầu như silica hoặc zinc oxide.
*   **Bước 3:** Thử kem nền trên da trước khi mua để đảm bảo màu sắc phù hợp và không gây kích ứng.
"
Cách tạo makeup phong cách Thracian?,"Phong cách trang điểm Thracian cổ đại tập trung vào đôi mắt mạnh mẽ và làn da tự nhiên.

1.  **Da:** Sử dụng kem nền nhẹ nhàng, màu sắc tự nhiên.
2.  **Mắt:** Vẽ đường kẻ mắt đen đậm, kéo dài vượt quá đuôi mắt. Sử dụng phấn mắt màu đất, đồng hoặc xám tro.
3.  **Má:** Phấn má hồng màu đào hoặc hồng nhạt, đánh nhẹ nhàng.
4.  **Môi:** Son môi màu quả mọng hoặc đỏ sẫm.

Lý do: Người Thracian coi trọng vẻ đẹp tự nhiên, nhưng cũng thích sự nổi bật ở đôi mắt.
"
Tại sao cần dùng lip liner cho son neon?,"Chào bạn,

Son neon thường có xu hướng dễ bị lem và phai màu do sắc tố màu mạnh nhưng lại ít bám dính. Lip liner đóng vai trò quan trọng trong việc:

1.  **Tạo đường viền sắc nét:** Giúp son không bị tràn ra ngoài, đặc biệt với màu sắc nổi bật như neon.
2.  **Khóa màu son:** Lip liner tạo lớp nền giúp son bám lâu hơn, giảm thiểu tình trạng lem.
3.  **Điều chỉnh hình dáng môi:** Giúp môi trông đầy đặn hoặc cân đối hơn.

Chọn lip liner cùng tông hoặc gần tông với son neon để đạt hiệu quả tốt nhất bạn nhé!
"
Làm sao chọn son cho makeup phong cách Kiribati?,"Phong cách Kiribati (hay còn gọi là ""soft grunge"") đề cao vẻ đẹp tự nhiên, có chút ""lỗi thời"" và hoài cổ. Với son, bạn nên ưu tiên các màu nude, hồng đào, hoặc cam đất. Chất son nên là lì hoặc bán lì để tạo cảm giác tự nhiên, không quá bóng bẩy. Tránh các màu son quá tươi sáng hoặc đậm. Lý do là vì Kiribati hướng đến sự nhẹ nhàng, ""mộc"" và không cầu kỳ. Bạn có thể dùng son tint để tạo hiệu ứng ""môi dặm"" tự nhiên.
"
Cách khắc phục lớp nền bị loang khi chụp ảnh flash?,"Chào bạn, hiện tượng nền bị loang khi chụp ảnh flash thường do ánh sáng làm nổi bật các hạt phấn chưa bám chặt vào da. Để khắc phục, bạn cần:

1. **Chuẩn bị da:** Dưỡng ẩm kỹ, dùng primer giúp khóa ẩm và làm mịn da.
2. **Chọn nền:** Ưu tiên nền lỏng, mỏng nhẹ, chứa silicone giúp bám dính tốt hơn.
3. **Kỹ thuật đánh:** Dùng mút hoặc cọ đánh nền theo chiều tản ra, lớp mỏng nhiều lớp thay vì một lớp dày.
4. **Phấn phủ:** Dùng phấn phủ trong suốt, dạng bột mịn để khóa nền, tránh dùng phấn có shimmer.
"
"Kỹ thuật ""smoky dewlet"" tạo mắt thế nào?","Kỹ thuật ""smoky dewlet"" (nhấn nhá phần hốc mắt dưới) tạo chiều sâu cho đôi mắt. Đầu tiên, đánh phấn mắt tối màu (nâu, xám) dọc theo hàng mi dưới, tập trung ở đuôi mắt. Sau đó, dùng cọ nhỏ tán đều, tạo hiệu ứng mờ dần về phía khóe mắt. Cuối cùng, thêm chút phấn nhũ hoặc highlight ở viền dưới để ""bừng"" sáng, cân bằng độ tối và tạo hiệu ứng ""đôi mắt ướt"". Kỹ thuật này phù hợp với mắt một mí hoặc mắt hai mí nhưng muốn tạo vẻ quyến rũ, bí ẩn.
"
Làm sao chọn cọ cho má hồng dạng gel nhũ?,"Để chọn cọ phù hợp với má hồng gel nhũ, bạn nên ưu tiên cọ đầu vát, lông mềm mại và không quá dày. Cọ vát giúp bạn dễ dàng tạo khối và tán đều sản phẩm, còn lông mềm mại đảm bảo không làm xước da và giữ được độ bóng của nhũ. Tránh cọ quá dày vì sẽ làm lớp má hồng bị nặng nề, không tự nhiên. Chất liệu lông tổng hợp là lựa chọn tốt cho má hồng gel.
"
Cách tạo makeup phong cách Timurid hiện đại?,"Phong cách trang điểm Timurid hiện đại lấy cảm hứng từ vẻ đẹp quyến rũ, tinh tế của các nàng công chúa thời kỳ Timurid. Để tạo phong cách này, bạn bắt đầu với lớp nền hoàn hảo, tập trung làm nổi bật gò má cao bằng phấn má hồng đào hoặc hồng san hô. Tiếp theo, nhấn nhá đôi mắt với eyeliner đen mảnh, kẻ dài ra ngoài tạo hiệu ứng mắt mèo. Son môi đỏ trầm hoặc màu mận là điểm nhấn cuối cùng, thể hiện sự quyền lực và bí ẩn.
"
Làm sao chọn phấn mắt cho makeup phong cách Karakum?,"Phong cách Karakum (hay còn gọi là ""smoky eyes"" kiểu Trung Đông) tập trung vào sự huyền bí, quyến rũ với mắt là điểm nhấn. Để chọn phấn mắt phù hợp, bạn nên ưu tiên các tông màu tối như đen, nâu sẫm, tím than, hoặc xanh navy. 

**Các bước chọn phấn mắt:**

1.  **Chọn bảng màu:** Ưu tiên bảng màu có nhiều sắc thái tối và trung tính.
2.  **Chất phấn:** Chọn phấn mắt có kết cấu mịn, dễ tán và ít rơi rụng.
3.  **Màu nhấn:** Thêm một chút phấn nhũ vàng đồng hoặc đồng để tăng chiều sâu cho đôi mắt.
"
"Cách tạo hiệu ứng môi ""sunstone lips""?","Để tạo hiệu ứng ""sunstone lips"" (môi đá mặt trời) đang thịnh hành, bạn cần:

1. **Che khuyết điểm môi:** Giúp màu son lên chuẩn và bền hơn.
2. **Son kem màu cam đất:** Chọn tông trầm ấm, làm base.
3. **Son bóng/dầu dưỡng:** Thoa trung tâm môi, tạo hiệu ứng căng mọng, ửng sáng như đá mặt trời.
4. **Phấn mắt/highlight:** Nhẹ nhàng tán màu cam đồng lên giữa môi, tăng chiều sâu.

Hiệu ứng này tập trung vào độ bóng và màu sắc ấm áp, tạo cảm giác đôi môi đầy đặn, quyến rũ.
"
"Kỹ thuật ""sheer petal dew"" là gì?","""Sheer petal dew"" là kỹ thuật trang điểm tạo hiệu ứng làn da trong mướt, tự nhiên như cánh hoa phủ sương. 

**Các bước thực hiện:**

1.  **Dưỡng ẩm kỹ:** Đây là bước quan trọng nhất.
2.  **Sử dụng kem nền mỏng nhẹ:** Chọn loại có độ che phủ thấp hoặc BB cream.
3.  **Thoa highlight dạng lỏng/kem:** Tập trung vào gò má, sống mũi, trán và cằm.
4.  **Dùng phấn bắt sáng:** Phủ nhẹ nhàng lên vùng đã highlight để khóa lớp makeup.

Kỹ thuật này giúp da căng bóng, khỏe mạnh mà không gây cảm giác dày phấn.
"
Cách tạo makeup phong cách Wari hiện đại?,"Phong cách Wari hiện đại tập trung vào đôi mắt sắc sảo và làn da hoàn hảo.

1.  **Da:** Sử dụng kem nền che phủ tốt, đánh khối nhẹ để tạo chiều sâu.
2.  **Mắt:** Vẽ eyeliner đen dày, kéo dài, có thể thêm chút nhũ. Phấn mắt tối màu (đen, xám, nâu) tán đều từ hốc mắt lên.
3.  **Môi:** Son đỏ đậm hoặc cam đất, đánh kỹ viền môi.
4.  **Má:** Phấn má hồng màu nude hoặc nâu đào, đánh nhẹ nhàng.

Lý do: Wari cổ điển nhấn mạnh sự mạnh mẽ, hiện đại hóa bằng cách giữ nét sắc sảo nhưng giảm bớt sự cầu kỳ.
"
"Kỹ thuật ""prismatic dew"" tạo da thế nào?","Kỹ thuật ""prismatic dew"" (sương sớm lấp lánh) tạo hiệu ứng da căng bóng, ẩm mượt tự nhiên như được phủ sương. Các bước thực hiện:

1. **Dưỡng ẩm kỹ:** Dùng serum, kem dưỡng cấp ẩm sâu.
2. **Highlight dạng lỏng/kem:** Thoa highlight lên các điểm cao như gò má, sống mũi, nhân trung, khóe mắt.
3. **Xịt khóa:** Xịt nhẹ xịt khóa để highlight hòa quyện với da, tạo hiệu ứng ""tan chảy"" tự nhiên.

Lý do: Highlight phản xạ ánh sáng, kết hợp với lớp dưỡng ẩm giúp da căng mọng, tạo hiệu ứng ""sương sớm"" lấp lánh.
"
Cách tạo makeup phong cách Mycenaean cổ đại?,"Để tái hiện phong cách trang điểm Mycenaean cổ đại, hãy bắt đầu với làn da sáng mịn, tự nhiên. Phấn mắt màu trắng hoặc ngà là chủ đạo, đánh đều lên bầu mắt. Kẻ mắt đen mảnh, kéo dài ở đuôi mắt tạo vẻ sắc sảo. Son môi màu đỏ đậm hoặc màu berry là điểm nhấn quan trọng. Đừng quên sử dụng phấn má hồng đào nhẹ nhàng để tăng thêm nét tươi tắn, thanh lịch. Phong cách này nhấn mạnh sự đơn giản, tinh tế và vẻ đẹp tự nhiên.
"
Tại sao cần dùng lip balm có SPF trước son bóng?,"Chào bạn,

Việc sử dụng lip balm có SPF trước son bóng là một bước quan trọng để bảo vệ đôi môi. Da môi mỏng manh và nhạy cảm hơn da mặt, dễ bị tổn thương bởi tia UV gây thâm, khô môi và thậm chí là ung thư da. 

Lip balm có SPF tạo một lớp màng bảo vệ, khóa ẩm và giúp son bóng lên màu chuẩn hơn. Son bóng thường không có khả năng chống nắng, nên việc kết hợp với lip balm SPF là cần thiết, đặc biệt khi bạn hoạt động ngoài trời.
"
"Kỹ thuật ""amber dew"" tạo da thế nào?","Kỹ thuật ""amber dew"" (sương hổ phách) tạo hiệu ứng da căng bóng, khỏe mạnh tự nhiên như được ""tưới sương"". Bước 1: Dưỡng ẩm kỹ lưỡng. Bước 2: Sử dụng kem nền mỏng nhẹ, tập trung vào trung tâm khuôn mặt. Bước 3: Thêm highlighter dạng lỏng hoặc kem ở gò má, sống mũi, trán và cằm. Bước 4: Dùng cọ tán đều highlighter để tạo độ hòa quyện, tránh đường nét quá rõ. Hiệu ứng cuối cùng là làn da óng ánh, ẩm mượt, rạng rỡ.
"
Cách chọn son cho makeup phong cách Nauru?,"Phong cách Nauru (hay còn gọi là ""glass skin"" hoặc ""ánh thủy tinh"") tập trung vào làn da căng bóng, khỏe khoắn nên son môi cần hài hòa, tự nhiên.

**Bước 1:** Ưu tiên các màu nude, hồng đào, cam san hô hoặc các màu son tint có độ bóng nhẹ.
**Bước 2:** Chất son nên là son tint, son bóng hoặc son kem lì có dưỡng ẩm cao để đôi môi căng mọng.
**Bước 3:** Tránh các màu son quá đậm hoặc quá tối, vì sẽ làm mất đi sự trong trẻo của phong cách này.
"
Làm sao chọn son cho makeup phong cách Tuvalu?,"Phong cách trang điểm Tuvalu nổi bật với đôi mắt xanh lá cây đậm và đôi môi nude, tự nhiên. Để chọn son phù hợp, bạn nên ưu tiên các màu nude có undertone ấm như đào, be nhạt hoặc nâu tây. Tránh các màu son quá nổi bật hoặc có undertone lạnh. Son có chất lì hoặc satin sẽ giúp đôi môi trông tự nhiên và bền màu hơn, hài hòa với tổng thể makeup độc đáo của Tuvalu.
"
Làm sao chọn phấn mắt cho makeup phong cách Kyzylkum?,"Để chọn phấn mắt cho phong cách Kyzylkum (sa mạc đỏ), hãy ưu tiên các tông màu ấm như cam đất, nâu gạch, đồng, và vàng cát. Bắt đầu với phấn màu sáng nhất tán đều bầu mắt, sau đó dùng màu cam đất hoặc nâu gạch nhấn vào hốc mắt để tạo chiều sâu. Cuối cùng, thêm chút phấn đồng hoặc vàng cát ở đuôi mắt để tạo hiệu ứng lấp lánh như ánh nắng sa mạc. Nên chọn phấn mắt có kết cấu mịn và dễ tán để đạt hiệu quả tốt nhất.
"
"Kỹ thuật ""petal pearl"" là gì?","Kỹ thuật ""petal pearl"" (ngọc bướm) là xu hướng trang điểm tạo hiệu ứng da căng bóng, khỏe mạnh tự nhiên, giống như cánh hoa và ngọc trai. 

**Cách thực hiện:**
1. **Dưỡng ẩm:** Bước quan trọng nhất để da mịn màng.
2. **Kem nền mỏng nhẹ:** Chọn loại nền có độ che phủ thấp, tập trung vào làm đều màu da.
3. **Highlight dạng lỏng/kem:** Thoa highlight lên các điểm cao như gò má, sống mũi, trán, cằm.
4. **Tán đều:** Dùng mút hoặc cọ tán nhẹ nhàng để highlight hòa quyện với da, tạo hiệu ứng glow tự nhiên.

Kỹ thuật này giúp da trông rạng rỡ, không bị ""tắc"" lớp trang điểm.
"
Cách tạo makeup phong cách Mitanni hiện đại?,"Phong cách Mitanni hiện đại tập trung vào đôi mắt sắc sảo và đôi môi trầm.

1.  **Mắt:** Sử dụng phấn mắt màu đất, nâu hoặc xám tro, tán đều và nhấn nhá đường eyeliner đen đậm, kéo dài.
2.  **Da:** Nền da hoàn hảo, tự nhiên với lớp nền mỏng nhẹ và má hồng đào.
3.  **Môi:** Chọn son màu đỏ gạch, nâu đất hoặc burgundy, đánh lòng môi để tạo hiệu ứng mềm mại.
4.  **Điểm nhấn:** Chân mày được vẽ tự nhiên, không quá sắc sảo."
Tại sao cần dùng primer màu trắng cho da xám xịt?,"Da xám xịt thường thiếu sức sống và có sắc tố vàng/xanh nhẹ. Primer màu trắng (hoặc ngọc trai) có tác dụng trung hòa những sắc tố này, tạo lớp nền sáng và tươi tắn hơn. 

**Cách hoạt động:** Màu trắng là sự kết hợp của tất cả các màu sắc, giúp ""làm sáng"" tổng thể. Khi thoa lên da xám xịt, nó cân bằng màu da, giúp kem nền lên màu chuẩn và che phủ tốt hơn, đồng thời tăng độ bám cho lớp trang điểm.
"
"Kỹ thuật ""galaxy pearl"" là gì?","Kỹ thuật ""galaxy pearl"" là xu hướng trang điểm mắt độc đáo, tạo hiệu ứng lấp lánh như dải ngân hà. Đầu tiên, bạn dùng phấn mắt màu tối (đen, xanh navy) làm nền. Sau đó, điểm xuyết các hạt nhũ ngọc trai (pearl shimmer) hoặc phấn mắt lấp lánh trắng/bạc lên bầu mắt, tập trung ở giữa và hốc mắt. Dùng cọ nhỏ tán nhẹ để các hạt nhũ hòa quyện, tạo chiều sâu và hiệu ứng lung linh như sao trời. Kỹ thuật này giúp đôi mắt thêm phần ma mị và thu hút.
"
"Kỹ thuật ""prism pearl"" là gì?","Kỹ thuật ""prism pearl"" (ngọc trai lăng kính) là xu hướng trang điểm mới, tập trung tạo hiệu ứng da căng bóng, phản xạ ánh sáng như ngọc trai. 

**Cách thực hiện:**
1.  **Dưỡng ẩm:** Đảm bảo da đủ ẩm là bước quan trọng nhất.
2.  **Highlight dạng lỏng/kem:** Thoa highlight lên các điểm cao như gò má, sống mũi, nhân trung, khóe mắt.
3.  **Dùng mút/cọ:** Nhấn nhẹ để highlight hòa quyện vào da, tạo hiệu ứng glow tự nhiên, không bị bột.

Kỹ thuật này giúp da trông khỏe khoắn, tươi tắn và có chiều sâu hơn.
"
Làm sao chọn phấn mắt cho makeup phong cách Simpson hiện đại?,"Để chọn phấn mắt cho makeup phong cách Simpson hiện đại, bạn nên ưu tiên các màu sắc tươi sáng, nổi bật như vàng, cam, xanh dương, và hồng. Bắt đầu với phấn mắt màu vàng cam làm base, sau đó nhấn nhá bằng xanh dương hoặc hồng ở đuôi mắt. Đừng quên tán đều để tạo hiệu ứng chuyển màu mềm mại, đặc trưng của phong cách hoạt hình này. Thêm chút nhũ để đôi mắt thêm phần lấp lánh, đúng tinh thần Simpson!
"
Làm sao chọn phấn mắt cho makeup phong cách Thar hiện đại?,"Để chọn phấn mắt cho makeup phong cách ""Thar"" hiện đại, bạn nên ưu tiên các tông màu đất ấm như nâu, cam đất, vàng đồng. Những màu này gợi nhớ đến sa mạc và tạo chiều sâu cho đôi mắt.

**Các bước lựa chọn:**

1.  **Chọn bảng phấn:** Ưu tiên bảng có nhiều tông màu trung tính và dễ phối hợp.
2.  **Kết cấu:** Phấn lì và phấn nhũ mịn là lựa chọn tốt.
3.  **Màu sắc:** Tập trung vào nâu, cam đất, vàng đồng, và có thể thêm chút màu tím đất để tạo điểm nhấn.
"
"Cái cushion Y dạo này ai cũng khen, không biết có kiềm dầu tốt không ta?","Chào bạn, cushion Y đang được yêu thích vì độ che phủ tốt và lớp finish tự nhiên. Về khả năng kiềm dầu, cushion này có chứa thành phần kiểm soát dầu thừa, phù hợp với da hỗn hợp thiên dầu hoặc da dầu. Tuy nhiên, nếu bạn có làn da dầu rất nhiều, bạn có thể cần dùng thêm phấn phủ để giữ lớp trang điểm lâu trôi hơn. Quan trọng là chọn đúng tông màu và kết cấu cushion phù hợp với da bạn nhé!
"
Trend makeup 'clean girl' nhìn đơn giản mà sang ghê ha.,"Chào bạn! Đúng vậy, trend ""clean girl"" makeup đang rất được ưa chuộng vì vẻ đẹp tự nhiên, thanh lịch. Để có được vẻ ngoài này, bạn cần:

1. **Chuẩn bị da:** Dưỡng ẩm kỹ lưỡng là bước quan trọng nhất.
2. **Makeup nhẹ nhàng:** Sử dụng kem nền/BB cream mỏng nhẹ, che khuyết điểm ở vùng cần thiết.
3. **Tạo khối nhẹ nhàng:** Đánh highlight ở gò má, sống mũi, và một chút son dưỡng có màu.
4. **Chân mày tự nhiên:** Chải chuốt theo dáng sẵn có, không cần tạo hình quá sắc sảo.

Mục tiêu là để làn da tỏa sáng tự nhiên, không cần quá nhiều lớp makeup.
"
"Phấn nước nhà Z mới ra bản limited xinh xỉu, có nên chốt đơn không nhỉ?","Chào bạn! Việc ""chốt đơn"" phấn nước limited của nhà Z phụ thuộc vào nhu cầu và tình trạng da của bạn đó. Nếu bạn là fan của thương hiệu, thích sưu tầm phiên bản đặc biệt và phấn nước hiện tại bạn dùng gần hết, thì đây là cơ hội tốt. Tuy nhiên, hãy xem xét kỹ thành phần, độ che phủ và màu sắc có phù hợp với da bạn không nhé. Đừng quên tìm hiểu review từ những người đã dùng để có thêm thông tin trước khi quyết định!
"
Dạo này thấy mọi người chuộng kiểu má hồng say rượu á.,"Chào bạn, đúng là kiểu má hồng ""say rượu"" đang rất được ưa chuộng! Để có được hiệu ứng này, bạn cần chọn phấn má hồng có tông màu hồng đào, cam đào hoặc tím hồng.

**Cách thực hiện:**

1.  **Xác định vị trí:** Bắt đầu từ vùng xương gò má, hơi chếch lên về phía thái dương.
2.  **Tán nhẹ nhàng:** Dùng cọ tán đều phấn, tạo thành một vùng màu rộng, hơi lem nhẹ xuống má.
3.  **Tạo hiệu ứng loang:** Tán nhẹ nhàng để màu phấn hòa quyện tự nhiên vào da, tạo cảm giác ửng hồng như vừa uống rượu vậy.

Kiểu má hồng này giúp khuôn mặt trông trẻ trung, tươi tắn và có chút ""tinh nghịch"" đấy!
"
Sao tui kẻ eyeliner toàn bị bên dày bên mỏng vậy trời?,"Chào bạn, tình trạng eyeliner một bên dày, một bên mỏng rất phổ biến! Nguyên nhân thường do mắt hai bên không hoàn toàn đối xứng, hoặc do bạn chưa quen tay. 

Để khắc phục, bạn nên:

1. **Bắt đầu từ từ:** Vẽ đường mảnh trước, sau đó tăng dần độ dày nếu cần.
2. **Chia nhỏ:** Kẻ từng đoạn ngắn thay vì một đường liền.
3. **Kiểm tra liên tục:** So sánh hai bên thường xuyên để điều chỉnh.
4. **Tập luyện:** Càng tập, tay bạn càng quen và đường kẻ sẽ đều hơn.
"
"Cách tán kem nền của bà nhìn mướt ghê, chỉ tui với!","Chào bạn, để có lớp nền mướt như bà, bạn cần chú ý các bước sau nhé:

1. **Dưỡng ẩm:** Da đủ ẩm là bước quan trọng nhất, giúp kem nền dễ tán và không bị cakey.
2. **Chọn kem nền:** Ưu tiên loại kem nền có kết cấu lỏng nhẹ, phù hợp với loại da.
3. **Tán kem nền:** Dùng mút ẩm hoặc cọ, tán đều từ trung tâm mặt ra ngoài theo chiều lỗ chân lông.
4. **Layering:** Tán lớp mỏng, nếu cần thiết tăng dần độ che phủ.

Chúc bạn thành công!
"
Tạo khối sao cho tự nhiên vậy bà? Tui làm hoài mà mặt cứ như mèo Tom.,"Chào bạn, để tạo khối tự nhiên, tránh mặt ""mèo Tom"", bạn cần lưu ý:

1. **Chọn phấn:** Phấn khối nên chọn tone màu lạnh, gần với màu da thật.
2. **Đánh nhẹ tay:** Bắt đầu với lượng phấn ít, tăng dần nếu cần.
3. **Vị trí đánh:** Đánh dọc theo xương gò má (từ tai về khóe miệng), hai bên sống mũi và viền hàm dưới.
4. **Tán đều:** Dùng cọ mềm tán kỹ để không còn đường nét rõ ràng.

Quan trọng nhất là **tán đều** để khối hòa quyện với da, tạo chiều sâu tự nhiên bạn nhé!
"
Bà có bí quyết nào để mascara không bị vón cục không?,"Chào bạn, để mascara không bị vón cục, mình có một vài bí quyết sau:

1. **Làm sạch cọ mascara:** Trước khi dùng, hãy lau bớt phần mascara thừa trên cọ bằng khăn giấy.
2. **Chải từ từ:** Chải mascara theo đường zig-zag từ chân mi lên, tránh chải quá nhanh.
3. **Sử dụng primer:** Dùng primer cho mi trước khi chải mascara giúp mi dày và dễ chải hơn.
4. **Bảo quản đúng cách:** Đậy kín nắp sau khi dùng, tránh để mascara tiếp xúc trực tiếp với ánh nắng.

Chúc bạn có đôi mi đẹp tự nhiên!
"
Làm sao để đánh phấn mắt khói mà không bị lem nhem như gấu trúc?,"Để đánh phấn mắt khói không bị lem, bạn cần chuẩn bị kỹ và thực hiện từng bước cẩn thận:

1. **Kem lót mắt:** Bắt buộc để khóa màu và tạo nền bám dính.
2. **Phấn mắt:** Chọn phấn mắt chất lượng, đánh lớp đầu tiên nhạt, tăng dần độ đậm.
3. **Pha trộn:** Dùng cọ mềm hòa trộn kỹ các đường viền để không còn vệt sắc.
4. **Phấn mắt màu sáng:** Đánh highlight ở khóe mắt và dưới chân mày để tạo chiều sâu.
5. **Xịt khóa:** Xịt nhẹ xịt khóa trang điểm để giữ phấn bền màu.
"
"Trời ơi, nền của tui hôm nay lại bị mốc rồi, chán ghê!","Chào bạn, nền bị mốc là tình trạng khá phổ biến. Nguyên nhân có thể do da bạn quá khô, hoặc do nền không phù hợp với loại da. Để khắc phục, bạn nên:

1. **Tẩy trang kỹ:** Loại bỏ hoàn toàn lớp nền cũ.
2. **Dưỡng ẩm:** Sử dụng kem dưỡng ẩm phù hợp với da.
3. **Sử dụng primer:** Tạo lớp lót giúp nền bám tốt hơn.
4. **Chọn nền phù hợp:** Ưu tiên nền có độ ẩm, hoặc nền dạng lỏng, kem.
"
"Son lì của tui ăn uống xíu là trôi sạch, có cách nào giữ màu lâu hơn không?","Chào bạn, son lì dễ trôi là tình trạng nhiều người gặp phải. Để giữ màu son lâu hơn, bạn có thể thử các bước sau:

1.  **Tẩy tế bào chết & dưỡng ẩm môi:** Môi mềm mịn giúp son bám tốt hơn.
2.  **Lót một lớp son dưỡng:** Tạo lớp nền giúp son lì không bị khô và dễ lên màu.
3.  **Đánh son lì theo lớp mỏng:** Chờ lớp son đầu khô rồi đánh thêm lớp thứ hai.
4.  **Sử dụng giấy thấm dầu:** Nhẹ nhàng thấm bớt dầu thừa trên môi sau khi đánh son.

Chúc bạn luôn xinh đẹp!
"
"Da tui dầu lắm, makeup tầm nửa buổi là bóng loáng như chảo dầu.","Chào bạn, da dầu dễ bị bóng nhờn khi trang điểm là tình trạng phổ biến. Để khắc phục, bạn cần:

1. **Chuẩn bị da:** Rửa mặt kỹ với sữa rửa mặt dành cho da dầu, dùng toner cân bằng da và cấp ẩm nhẹ nhàng.
2. **Kiểm soát dầu:** Thoa một lớp kem lót kiềm dầu trước khi đánh phấn nền.
3. **Chọn sản phẩm:** Ưu tiên phấn nền dạng bột hoặc cushion kiểm soát dầu, tránh nền kem quá ẩm.
4. **Cố định lớp trang điểm:** Dùng phấn phủ bột khoáng để hút dầu thừa, đặc biệt vùng chữ T. Mang theo giấy thấm dầu để dùng khi cần.
"
"Mascara của tui hay bị lem xuống mi dưới lắm, có cách nào khắc phục không?","Chào bạn, tình trạng mascara lem xuống mi dưới rất phổ biến. Để khắc phục, bạn thử những cách sau nhé:

1.  **Chọn mascara chống thấm nước:** Loại này bền hơn, ít bị lem.
2.  **Chải mascara mi dưới cẩn thận:** Chải nhẹ nhàng, tránh chải quá nhiều lớp.
3.  **Sử dụng phấn mắt hoặc phấn rôm:** Thấm nhẹ dưới mắt sau khi chải mascara để hút dầu và giữ mascara không bị lem.
4.  **Tẩy trang đúng cách:** Dùng tẩy trang chuyên dụng cho mắt để loại bỏ hoàn toàn mascara."
Sao tui đánh má hồng toàn bị hai cục tròn xoe vậy cà?,"Chào bạn, việc đánh má hồng bị hai cục tròn xoe là lỗi phổ biến đó! Nguyên nhân thường là do bạn lấy quá nhiều sản phẩm và chưa tán đều. 

**Cách khắc phục:**

1.  **Lấy ít sản phẩm:** Nhẹ tay chấm cọ lấy một lượng nhỏ má hồng.
2.  **Xác định vị trí:** Cười nhẹ để tìm gò má, đánh má hồng từ đó hướng lên về thái dương.
3.  **Tán đều:** Dùng cọ xoay tròn, tán nhẹ nhàng để màu hòa quyện tự nhiên với da.

Chúc bạn thành công!
"
Bà thường dưỡng da mấy bước trước khi makeup vậy?,"Chào bạn, với kinh nghiệm trang điểm của mình, trước khi makeup, mình thường dưỡng da với 5 bước cơ bản sau:

1.  **Tẩy trang:** Loại bỏ bụi bẩn, makeup còn sót lại.
2.  **Sữa rửa mặt:** Làm sạch sâu, chuẩn bị da.
3.  **Toner:** Cân bằng độ pH, giúp da mềm mại.
4.  **Serum/Essence:** Cung cấp dưỡng chất, phục hồi da.
5.  **Kem dưỡng ẩm:** Khoá ẩm, tạo lớp nền mịn màng cho makeup.

Việc dưỡng da kỹ lưỡng giúp lớp nền bền vững, hạn chế tình trạng cakey và bảo vệ da khỏi tác động của mỹ phẩm.
"
Tẩy trang không kỹ có bị lên mụn không bà nhỉ?,"Chào bạn, câu hỏi rất hay và nhiều người quan tâm! Tẩy trang không kỹ hoàn toàn có thể gây ra mụn đó. Vì sao vậy? Vì lớp trang điểm, bụi bẩn, dầu thừa nếu còn sót lại trên da sẽ làm tắc nghẽn lỗ chân lông. Khi lỗ chân lông bị tắc, vi khuẩn sẽ phát triển, dẫn đến tình trạng mụn viêm. Vì vậy, hãy đảm bảo tẩy trang thật kỹ, đặc biệt là vùng chữ T và những vùng da có nhiều lớp trang điểm nhé!
"
Dùng kem chống nắng có màu rồi có cần dùng thêm kem nền không?,"Chào bạn,

Câu trả lời là **không nhất thiết**. Kem chống nắng có màu đã cung cấp một lớp nền nhẹ, giúp đều màu da và che đi một số khuyết điểm nhỏ. 

Tuy nhiên, nếu bạn cần độ che phủ cao hơn, muốn lớp nền bền hơn hoặc có các vấn đề về da như nám, tàn nhang cần che phủ kỹ, thì vẫn nên dùng thêm kem nền sau khi đã thoa kem chống nắng có màu. Hãy chọn kem nền phù hợp với loại da của bạn nhé!
"
"Môi tui khô lắm, đánh son gì cũng bị bong tróc.","Chào bạn, môi khô bong tróc rất khó chịu đúng không? Để khắc phục, bạn nên:

1. **Tẩy tế bào chết:** 1-2 lần/tuần dùng son dưỡng có hạt scrub nhẹ nhàng loại bỏ da chết.
2. **Dưỡng ẩm:** Thoa son dưỡng ẩm liên tục, đặc biệt trước khi ngủ. Ưu tiên thành phần như bơ hạt mỡ, vitamin E.
3. **Chọn son:** Ưu tiên son dưỡng có màu, son kem ẩm mịn thay vì son lì. Tránh son chứa cồn.
4. **Uống đủ nước:** Giữ cơ thể đủ nước giúp môi mềm mại từ bên trong.

Chúc đôi môi bạn sớm khỏe lại nhé!
"
Makeup nhiều có sợ bị lão hóa sớm không ta?,"Chào bạn, câu hỏi này rất hay và được nhiều người quan tâm! Việc trang điểm nhiều có thể gây lão hóa sớm, nhưng không phải là chắc chắn 100%. Nguyên nhân chính là do:

1.  **Làm tắc nghẽn lỗ chân lông:** Gây ra mụn, viêm nhiễm, từ đó phá vỡ collagen.
2.  **Gây khô da:** Một số sản phẩm trang điểm có thể hút ẩm, khiến da mất nước và xuất hiện nếp nhăn.
3.  **Tác động của việc tẩy trang:** Nếu tẩy trang không kỹ, cặn trang điểm tích tụ cũng gây hại.

Để hạn chế, hãy chọn sản phẩm chất lượng, tẩy trang kỹ lưỡng, dưỡng ẩm đầy đủ và luôn bảo vệ da bằng kem chống nắng nhé!
"
"Bộ cọ makeup của bà nhìn xịn ghê, mua ở đâu vậy?","Chào bạn! Cảm ơn bạn đã khen bộ cọ makeup của mình nhé. Mình mua chúng từ nhiều nguồn khác nhau đó. Phần lớn là từ các thương hiệu Real Techniques và Sigma, mình thường mua online trên các trang như Shopee, Lazada hoặc website chính thức của hãng khi có khuyến mãi. Ngoài ra, một vài cây cọ đơn lẻ mình mua ở Sephora. Quan trọng là chọn cọ lông mềm, dai và phù hợp với từng mục đích trang điểm bạn nhé!
"
Mút trang điểm nên dùng khô hay ẩm thì tốt hơn?,"Chào bạn, với câu hỏi mút trang điểm nên dùng khô hay ẩm, câu trả lời là **tùy thuộc vào sản phẩm và hiệu ứng mong muốn**.

*   **Mút khô:** Thích hợp với phấn phủ hoặc phấn má, giúp lớp phấn bám đều và không bị vón cục.
*   **Mút ẩm:** Lý tưởng cho kem nền, concealer. Khi ẩm, mút sẽ giúp làm loãng sản phẩm, tạo lớp nền mỏng nhẹ, tự nhiên và căng bóng hơn. Đồng thời, mút ẩm còn giúp giảm thiểu lượng sản phẩm bị hút vào mút, tiết kiệm hơn.

Hãy nhớ vắt thật kỹ mút sau khi làm ẩm nhé!"
Kẹp mi của tui sao kẹp hoài mà mi không cong gì hết.,"Chào bạn, việc kẹp mi không cong có thể do nhiều nguyên nhân. Đầu tiên, hãy đảm bảo kẹp mi của bạn còn tốt, đệm cao su không bị chai cứng. Thứ hai, bạn nên kẹp mi trước khi chải mascara, kẹp từ gốc mi, giữ 3-5 giây rồi di chuyển lên phần ngọn. Kẹp nhiều lần với lực vừa phải để tránh gãy mi. Nếu mi quá thẳng và khó cong, bạn có thể dùng máy sấy tóc sấy nhẹ lên kẹp mi trước khi kẹp để tăng độ cong.
"
Có cần thiết phải vệ sinh cọ trang điểm thường xuyên không?,"Chào bạn, câu hỏi này rất quan trọng! **Có, việc vệ sinh cọ trang điểm thường xuyên là vô cùng cần thiết.**

**Tại sao?** Cọ trang điểm là nơi trú ngụ của vi khuẩn, dầu thừa và tế bào chết. Sử dụng cọ bẩn có thể gây ra mụn, kích ứng da, thậm chí là nhiễm trùng. 

**Tần suất?** Nên vệ sinh cọ phấn mắt, cọ môi hàng tuần, còn cọ nền, cọ má hồng nên vệ sinh 2-3 tuần/lần. Bạn có thể dùng dung dịch chuyên dụng hoặc dầu gội em bé pha loãng để làm sạch.
"
"Giữa cọ và mút, bà thích dùng cái nào để tán kem nền hơn?","Chào bạn, với kinh nghiệm trang điểm của mình, tôi thích dùng cọ dẹt đầu cắt vát để tán kem nền hơn. Cọ giúp kiểm soát lượng sản phẩm tốt, cho lớp nền mỏng mịn, tự nhiên và che phủ đều các vùng da. Mút trang điểm thì phù hợp với những ai thích lớp nền glowy, ẩm mịn, nhưng dễ làm lãng phí sản phẩm và khó build lớp nền dày hơn nếu cần.
"
Da ngăm như tui thì hợp với son màu gì bà nhỉ?,"Chào bạn! Da ngăm rất hợp với những màu son ấm áp và có chút đỏ. Mình gợi ý bạn nên thử các màu như:

1.  **Đỏ cam:** Rất nổi bật và tôn da.
2.  **Cam đất:** Màu tây, hiện đại và dễ đánh hàng ngày.
3.  **Nâu đất:** Sang chảnh, giúp da sáng hơn.
4.  **Hồng đất:** Nhẹ nhàng, nữ tính nhưng vẫn đủ sức ""thắp sáng"" làn da.

Tránh các màu son quá nhạt hoặc quá tối, vì có thể làm da trông xỉn màu hơn đó!
"
Tui đang phân vân giữa phấn má hồng cam đào với hồng baby.,"Chào bạn, việc chọn phấn má hồng phù hợp phụ thuộc vào tông da và phong cách trang điểm bạn muốn theo đuổi.

*   **Cam đào:** Phù hợp với da trung bình đến ngăm, tạo vẻ khỏe khoắn, năng động.
*   **Hồng baby:** Phù hợp với da trắng sáng, mang đến vẻ ngọt ngào, nữ tính.

Nếu bạn có tông da sáng, hãy thử hồng baby. Còn nếu bạn muốn một vẻ ngoài tươi tắn hơn, cam đào sẽ là lựa chọn tốt hơn. Bạn có thể thử cả hai màu để xem màu nào lên da tự nhiên nhất nhé!"
Mắt một mí thì nên chọn màu mắt sáng hay tối?,"Chào bạn, với mắt một mí, nên ưu tiên các màu mắt sáng hoặc trung tính có chút ánh nhũ. Màu sáng sẽ giúp mắt trông to và có chiều sâu hơn. Tránh các màu tối hoặc quá đậm vì chúng có thể khiến mắt trông nhỏ và hẹp hơn. Bạn có thể thử các tông màu như champagne, hồng đào, hoặc nâu nhạt. Đừng quên tán đều màu mắt và tập trung vào phần giữa mí mắt để tạo hiệu ứng mắt to tròn nhé!
"
Đi tiệc tối nay nên đánh son màu gì cho nổi bật đây?,"Chào bạn, để nổi bật trong buổi tiệc tối, bạn nên chọn son màu đỏ ruby, đỏ cam hoặc hồng đất. Những màu này vừa sang trọng, lại tạo hiệu ứng răng trắng hơn. Nếu bạn có làn da trắng, đỏ ruby sẽ rất hợp. Da trung bình đến ngăm, đỏ cam hoặc hồng đất sẽ là lựa chọn an toàn và tôn da hơn. Đừng quên dùng chì kẻ viền môi cùng tông để son lên màu chuẩn và bền màu nhé!
"
"Tui mới nhuộm tóc màu khói, có nên đổi màu chì kẻ mày không?","Chào bạn! Với mái tóc màu khói đang rất trendy, việc thay đổi màu chì kẻ mày là một ý tưởng hay để tạo sự hài hòa cho tổng thể khuôn mặt. 

Bạn nên chọn chì kẻ mày có tông màu lạnh, như xám tro, nâu khói hoặc thậm chí đen than. Những màu này sẽ cân bằng với sắc độ của tóc và giúp khuôn mặt trông sắc sảo hơn. Tránh các màu nâu ấm, vì chúng có thể tạo cảm giác đối lập và không tự nhiên.
"
Son của MAC với Dior thì bà thấy hãng nào chất lượng hơn?,"Chào bạn, về chất lượng son, MAC và Dior đều rất tốt nhưng có những điểm khác biệt. MAC nổi tiếng với bảng màu đa dạng, chất son lì (Matte) bền màu, phù hợp với nhiều phong cách. Dior lại thiên về chất son dưỡng, mềm mịn, lên màu chuẩn và có độ bóng nhẹ, tạo cảm giác đôi môi căng mọng. 

Nếu bạn thích son lì, bền màu thì MAC là lựa chọn tốt hơn. Còn nếu bạn ưu tiên sự thoải mái, dưỡng ẩm và đôi môi căng mọng thì Dior sẽ phù hợp hơn.
"
Tui thấy mỹ phẩm Hàn Quốc nhiều đồ xinh mà giá cũng mềm.,"Chào bạn, bạn nói đúng! Mỹ phẩm Hàn Quốc đang rất được ưa chuộng vì nhiều lý do. Thứ nhất, thiết kế bao bì của chúng thường rất bắt mắt, đáng yêu. Thứ hai, giá cả phải chăng, phù hợp với nhiều đối tượng. 

Tuy nhiên, quan trọng nhất là chất lượng. Mỹ phẩm Hàn Quốc tập trung vào thành phần dưỡng ẩm, làm dịu da, phù hợp với nhiều loại da, kể cả da nhạy cảm. Bạn nên tìm hiểu kỹ thành phần và chọn sản phẩm phù hợp với nhu cầu của mình nhé!
"
Có hãng drugstore nào mà kem nền đỉnh không bà?,"Chào bạn, hoàn toàn có những lựa chọn kem nền drugstore đỉnh đó! Mình gợi ý bạn Maybelline Fit Me Matte + Poreless Foundation. Em này phù hợp da dầu, hỗn hợp dầu, che phủ tốt lỗ chân lông và kiểm soát dầu thừa hiệu quả. Texture lỏng nhẹ, dễ tán, finish mịn lì tự nhiên. Ngoài ra, L'Oréal Infallible Pro-Matte Foundation cũng là lựa chọn tốt, độ bền cao, che phủ tốt và có nhiều tông màu. Bạn nên thử tester trước khi mua nhé!
"
Bà có hay mua đồ highend không hay chỉ dùng drugstore thôi?,"Chào bạn, với vai trò là chuyên gia trang điểm, tôi sử dụng cả sản phẩm highend và drugstore. Sản phẩm highend thường có chất lượng, độ bền màu và kết cấu tốt hơn, phù hợp cho các dịp đặc biệt hoặc khi cần hiệu ứng hoàn hảo trên da. Tuy nhiên, drugstore cũng có nhiều lựa chọn tốt với giá cả phải chăng, đáp ứng nhu cầu trang điểm hàng ngày. Tôi thường kết hợp cả hai để tối ưu hóa hiệu quả và tiết kiệm chi phí.
"
Phấn phủ kiềm dầu của Innisfree với Fenty Beauty thì cái nào ổn hơn cho da dầu?,"Chào bạn, cả Innisfree No-Sebum Powder và Fenty Beauty Pro Filt'r Instant Retouch Setting Powder đều là lựa chọn tốt cho da dầu, nhưng Fenty Beauty có ưu điểm vượt trội hơn.

**Innisfree** phù hợp với da dầu nhẹ, kiểm soát dầu tốt nhưng có thể gây khô nếu dùng nhiều. **Fenty Beauty** kiểm soát dầu cực tốt, giữ lớp trang điểm lâu trôi, phù hợp với da dầu nhiều và hỗn hợp dầu. Fenty còn có nhiều tông màu, dễ chọn được màu phù hợp với da hơn.
"
Mai đi phỏng vấn nên makeup sao cho lịch sự mà không bị già nhỉ?,"Chào bạn, để có một lớp trang điểm lịch sự mà không bị già cho buổi phỏng vấn, bạn hãy ưu tiên sự tự nhiên nhé:

1.  **Nền:** Chọn kem nền mỏng nhẹ, màu trùng với da.
2.  **Mắt:** Phấn mắt màu nude hoặc nâu nhạt, kẻ eyeliner mảnh và mascara. Tránh màu tối hoặc quá nổi bật.
3.  **Má:** Phấn má hồng màu đào hoặc cam san hô nhẹ nhàng.
4.  **Môi:** Son nude hoặc màu hồng pastel.
5.  **Lưu ý:** Đừng quên dưỡng ẩm da trước khi trang điểm để lớp nền mịn màng tự nhiên."
"Cuối tuần đi quẩy với hội bạn, makeup sao cho lồng lộn đây?","Chào bạn! Để ""quẩy"" hết mình cuối tuần với bạn bè, mình gợi ý makeup theo phong cách lấp lánh, nổi bật nhé:

1.  **Nền:** Chọn foundation lì, che phủ tốt, dùng thêm highlighter để da glow.
2.  **Mắt:** Phấn mắt nhũ lấp lánh (màu cam, hồng, tím...), vẽ eyeliner cat-eye sắc sảo, gắn mi giả dày.
3.  **Má:** Đánh má hồng tone màu nổi bật (cam đào, hồng san hô).
4.  **Môi:** Son kem lì hoặc son bóng lấp lánh.

Mục đích là tạo hiệu ứng bắt sáng, thu hút mọi ánh nhìn khi bạn ""quẩy"" cùng bạn bè!"
Hẹn hò với crush nên chọn style makeup nào cho tự nhiên mà vẫn xinh?,"Chào bạn, để có một buổi hẹn hò thành công với crush, nên ưu tiên phong cách trang điểm tự nhiên, tôn lên vẻ đẹp sẵn có của bạn.

**Các bước thực hiện:**

1.  **Dưỡng ẩm:** Chuẩn bị da bằng kem dưỡng ẩm.
2.  **Nền:** Dùng BB cream hoặc cushion mỏng nhẹ, che khuyết điểm ở vùng cần thiết.
3.  **Màu mắt:** Chọn tone màu nude, nâu nhạt, hoặc cam đào.
4.  **Má hồng:** Tô nhẹ nhàng màu hồng đào hoặc cam san hô.
5.  **Son:** Son tint hoặc son dưỡng có màu nhẹ nhàng.

**Lý do:** Phong cách này giúp bạn trông tươi tắn, dễ thương và không bị ""lố"" khi gặp crush lần đầu."
"Đi đám cưới bạn thân, tui muốn layout makeup thật nổi bật mà không lấn át cô dâu.","Chào bạn, để có layout makeup nổi bật mà vẫn tôn trọng cô dâu trong ngày trọng đại, bạn có thể tập trung vào mắt và má hồng.

1.  **Mắt:** Chọn tông màu mắt ấm như cam đất, nâu đồng, hoặc tím plum. Đánh nhũ mắt ở bầu mắt và hốc mắt để tạo chiều sâu.
2.  **Má hồng:** Sử dụng má hồng màu hồng đào hoặc cam san hô để khuôn mặt tươi tắn.
3.  **Son:** Chọn son màu nude, hồng san hô hoặc đỏ cam để hoàn thiện.

Tránh sử dụng quá nhiều highlighter và màu sắc quá sặc sỡ để không ""đụng hàng"" với cô dâu nhé!"
Cây son dưỡng Dior Addict Lip Glow đúng là 'holy grail' của tui luôn đó.,"Chào bạn! Mình rất vui khi bạn yêu thích Dior Addict Lip Glow. Đúng vậy, em son này được nhiều người mệnh danh là ""holy grail"" (bảo bối) vì những lý do rất chính đáng. 

Son dưỡng Dior Lip Glow nổi tiếng nhờ khả năng dưỡng ẩm sâu, làm mềm môi tức thì và đặc biệt là màu son sẽ thay đổi theo nhiệt độ môi, cho màu sắc tự nhiên, tươi tắn. Thành phần chứa SPF 30 giúp bảo vệ môi khỏi tác hại của ánh nắng mặt trời nữa đó!
"
"Tui từng mua hụt cây kem nền X, quảng cáo rầm rộ mà dùng lên mặt nặng trịch.","Chào bạn, việc chọn kem nền ""hụt"" rất phổ biến! Kem nền gây cảm giác nặng trịch có thể do nhiều nguyên nhân:

1. **Loại da:** Da bạn có thể không phù hợp với công thức của kem nền đó (ví dụ: da dầu dùng kem nền quá dưỡng).
2. **Độ dày:** Kem nền có thể quá dày, đặc biệt nếu bạn thích lớp nền mỏng nhẹ.
3. **Kỹ thuật:** Thoa quá nhiều sản phẩm hoặc không tán đều cũng gây bí bách.

Lời khuyên: Hãy thử kem nền trên da trước khi mua, ưu tiên chất kem lỏng nhẹ và phù hợp với loại da của bạn nhé!
"
"Phấn mắt của Colourpop đúng là chân ái của tui, màu đẹp mà rẻ.","Chào bạn! Mình rất vui khi bạn tìm thấy ""chân ái"" với phấn mắt Colourpop. Đúng vậy, Colourpop nổi tiếng với bảng màu đa dạng, chất phấn tốt và giá cả phải chăng. Để tận dụng tối đa sản phẩm này, bạn nên dùng thử các mẹo sau:

1.  **Chuẩn bị:** Dùng kem lót mắt để tăng độ bám và màu sắc.
2.  **Tạo hình:** Bắt đầu với màu sáng nhất làm lớp nền, sau đó đến màu trung bình và cuối cùng là màu đậm nhất để tạo chiều sâu.
3.  **Tạo điểm nhấn:** Sử dụng cọ nhỏ để đánh màu đậm ở đuôi mắt hoặc hốc mắt.
4.  **Tạo hiệu ứng:** Bạn có thể dùng phấn nhũ để tăng thêm sự lấp lánh."
"Hồi mới tập makeup tui toàn đánh kem nền trắng hơn da mấy tone, nhìn hài lắm.","Chào bạn, đây là lỗi phổ biến của người mới tập makeup đó! Việc đánh kem nền trắng hơn da sẽ khiến bạn trông bị ""mặt voi"" và thiếu tự nhiên.

**Nguyên tắc:** Chọn kem nền trùng màu hoặc tối hơn da 1/2 tone.

**Cách chọn:** Thử kem nền lên vùng xương quai hàm, màu nào hòa quyện tốt với da cổ là màu phù hợp. Đánh ra ngoài ánh sáng tự nhiên để thấy rõ nhất nhé! Chúc bạn thành công!
"
"Tui không thể sống thiếu kẹp mi được, mi tui cụp ngủm à.","Chào bạn, mình hiểu cảm giác của bạn! Mi cụp xuống có thể làm mắt trông buồn và thiếu sức sống. Để khắc phục tình trạng này, bạn có thể làm theo các bước sau:

1. **Làm ấm kẹp mi:** Dùng máy sấy tóc hơ nhẹ (khoảng 5-10 giây) để kẹp mi hiệu quả hơn, tránh làm gãy mi.
2. **Kẹp mi:** Kẹp từ gốc mi, giữ 3-5 giây, sau đó kẹp phần giữa và cuối mi.
3. **Chuốt mascara:** Sau khi kẹp, chuốt mascara để giữ nếp mi cong và tăng độ dày.

Lý do cần làm ấm kẹp mi là vì nhiệt sẽ giúp mi dễ uốn hơn. Chúc bạn có đôi mắt long lanh!
"
Bà hay xem kênh YouTube makeup nào vậy? Giới thiệu tui với.,"Chào bạn! Với kinh nghiệm trang điểm của mình, mình thường xuyên cập nhật kiến thức từ nhiều kênh YouTube khác nhau. Mình đặc biệt thích kênh **Pony Syndrome** (của Pony Park) vì cô ấy có phong cách đa dạng, từ tự nhiên hàng ngày đến cầu kỳ, và hướng dẫn rất chi tiết, dễ làm theo. Ngoài ra, **Lisa Eldridge** cũng là một lựa chọn tuyệt vời nếu bạn muốn học về kỹ thuật trang điểm chuyên nghiệp và hiểu rõ về sản phẩm. Bạn có thể tham khảo hai kênh này nhé!
"
Dạo này trên TikTok nhiều trend makeup hay ho ghê.,"Chào bạn! Đúng là TikTok đang là ""vũ trụ"" của những xu hướng trang điểm mới lạ. Hiện tại, mình thấy các trend ""clean makeup"" (trang điểm tự nhiên, tập trung dưỡng da) và ""siren eyes"" (mắt mèo sắc sảo, quyến rũ) đang rất được ưa chuộng. 

Để bắt kịp trend, bạn có thể thử:
1. **Clean makeup:** Dùng kem nền mỏng nhẹ, tập trung vào che khuyết điểm và làm nổi bật da.
2. **Siren eyes:** Kẻ mắt mèo dài và đậm, nhấn nhá bằng phấn mắt tối màu ở đuôi mắt.

Quan trọng nhất là biến tấu để phù hợp với khuôn mặt và phong cách của bạn nhé!
"
"Tui mới học được cách đánh son ombre từ một bạn trên Instagram, nhìn xinh lắm.","Chào bạn! Ombre môi là một xu hướng trang điểm rất được yêu thích vì giúp đôi môi trông đầy đặn và có chiều sâu hơn. Để đánh son ombre đẹp, bạn cần chuẩn bị son môi (2 màu: đậm và nhạt), cọ môi và có thể dùng thêm kem che khuyết điểm để tạo đường viền sắc nét.

**Các bước thực hiện:**

1.  **Tạo viền môi:** Dùng kem che khuyết điểm (tùy chọn) để viền môi, giúp son không bị lem.
2.  **Đánh son nhạt:** Tô đều son màu nhạt lên toàn bộ môi.
3.  **Đánh son đậm:** Tô son màu đậm vào lòng môi, khoảng 1/3 hoặc 1/2 diện tích môi.
4.  **Nhòe màu:** Dùng cọ hoặc ngón tay nhòe nhẹ phần son đậm vào son nhạt để tạo hiệu ứng chuyển màu tự nhiên.

Chúc bạn thành công!
"
"Layout makeup của bà hôm nay nhìn lạ quá, học ở đâu vậy?","Chào bạn, cảm ơn bạn đã khen layout makeup của tôi! Lớp trang điểm này được lấy cảm hứng từ xu hướng ""soft grunge"" đang thịnh hành trên các nền tảng mạng xã hội như TikTok và Instagram. 

Tôi tập trung vào đôi mắt với đường kẻ mắt hơi lem nhem, kết hợp tông màu mắt tối và má hồng ửng đỏ để tạo hiệu ứng ""vừa mạnh mẽ, vừa thơ mộng"". Bạn có thể tìm thêm các tutorial trên YouTube với từ khóa ""soft grunge makeup"" để học theo nhé!
"
"Thấy người ta kẻ bọng mắt giả nhìn trẻ ra mấy tuổi, tui cũng muốn thử.","Chào bạn, việc kẻ bọng mắt giả là một xu hướng trang điểm giúp khuôn mặt trông tươi trẻ và có sức sống hơn. Dưới đây là các bước thực hiện đơn giản:

1.  **Chọn sản phẩm:** Dùng phấn mắt hoặc chì kẻ mắt màu nâu nhạt, cam đất.
2.  **Xác định vị trí:** Kẻ một đường cong nhẹ nhàng ngay dưới bọng mắt, hơi nhô ra ngoài.
3.  **Tạo bóng:** Nhấn nhẹ để tạo hiệu ứng bóng đổ tự nhiên, tránh đường kẻ quá sắc nét.
4.  **Tán đều:** Dùng cọ nhỏ tán nhẹ để hòa quyện với lớp trang điểm gốc.

Lưu ý: Kẻ bọng mắt giả phù hợp với những người có bọng mắt không rõ ràng."
"Tui mới mua chai xịt khoá makeup của Urban Decay, nghe nói giữ nền cả ngày.","Chào bạn! Xịt khóa makeup Urban Decay All Nighter là lựa chọn tuyệt vời để giữ lớp trang điểm bền lâu. Để sử dụng hiệu quả, bạn xịt đều lên mặt sau khi hoàn thành toàn bộ các bước makeup, giữ khoảng cách 20-30cm. 

**Lý do:** Xịt khóa tạo một lớp màng bảo vệ, giúp khóa các lớp trang điểm lại với nhau, hạn chế tình trạng lem, trôi do dầu thừa, mồ hôi hoặc thời tiết. Bạn nên nhắm mắt khi xịt để tránh bị vào mắt nhé!
"
Da khô như mình dùng phấn phủ có sợ bị mốc không bà?,"Chào bạn, da khô dùng phấn phủ hoàn toàn có thể bị mốc nếu chọn sai loại và cách dùng. Để tránh tình trạng này, bạn nên:

1.  **Chọn phấn phủ dạng bột mịn, có chứa dưỡng ẩm:** Ưu tiên các thành phần như hyaluronic acid, glycerin.
2.  **Dùng cọ đánh phấn nhẹ nhàng:** Tránh miết mạnh làm bột bám vào rãnh khô.
3.  **Dưỡng ẩm kỹ trước khi đánh phấn:** Đảm bảo da đủ ẩm là bước quan trọng nhất.
4.  **Đánh phấn lớp mỏng:** ""Less is more"" - đánh nhẹ nhàng để giữ vẻ tự nhiên.

"
Bà có biết primer nào che lỗ chân lông tốt mà không gây bí da không?,"Chào bạn, để che lỗ chân lông mà không gây bí da, mình gợi ý bạn một số loại primer sau:

1. **Benefit The POREfessional Face Primer:** Loại này nổi tiếng với khả năng làm mịn da, thu nhỏ lỗ chân lông tức thì mà vẫn thoáng nhẹ.
2. **Smashbox Photo Finish Foundation Primer:** Chất gel trong suốt, giúp làm đầy lỗ chân lông và tạo lớp nền mịn màng, bền vững.
3. **NYX Professional Makeup Pore Filler Targeted Stick:** Dạng sáp, tập trung vào những vùng da có lỗ chân lông to, không gây bí bách.

Hãy chọn loại phù hợp với loại da của bạn nhé!
"
Màu mắt nhũ với kim tuyến khác nhau chỗ nào vậy ta?,"Chào bạn, mình là chuyên gia trang điểm đây! Màu mắt nhũ và màu mắt kim tuyến đều tạo hiệu ứng lấp lánh, nhưng khác nhau ở chất liệu và độ nổi bật.

*   **Màu mắt nhũ:** Chứa các hạt phấn mịn, phản xạ ánh sáng nhẹ nhàng, tạo cảm giác mềm mại, đôi mắt có chiều sâu.
*   **Màu mắt kim tuyến:** Chứa các mảnh kim tuyến lớn hơn, lấp lánh rực rỡ, thu hút ánh nhìn mạnh mẽ.

Kim tuyến thường dùng cho các dịp đặc biệt, còn nhũ phù hợp với trang điểm hàng ngày hoặc tiệc nhẹ."
Tui đang muốn thử kẻ eyeliner màu nâu thay vì màu đen cho tự nhiên.,"Tuyệt vời! Kẻ eyeliner màu nâu là lựa chọn hoàn hảo để có đôi mắt tự nhiên, mềm mại hơn. Bạn có thể bắt đầu bằng cách chọn màu nâu phù hợp với tông da: nâu nhạt cho da sáng, nâu đậm cho da ngăm. 

**Các bước kẻ eyeliner nâu:**

1.  **Chuẩn bị:** Làm sạch vùng mắt, dùng kem lót mắt để giữ màu bền.
2.  **Kẻ:** Bắt đầu từ 1/3 ngoài của mắt, vẽ đường mảnh dần vào trong.
3.  **Tô đậm:** Nếu muốn, bạn có thể tô đậm dần đường kẻ ở đuôi mắt.
4.  **Hoàn thiện:** Dùng tăm bông chỉnh sửa lỗi và tán nhẹ để đường kẻ mềm mại hơn."
Bà thấy dùng tay tán kem nền có ổn không hay nhất thiết phải dùng mút/cọ?,"Chào bạn,

Việc dùng tay tán kem nền hoàn toàn ổn, đặc biệt nếu bạn thích cảm giác ấm áp và kiểm soát được độ che phủ. Tuy nhiên, dùng mút/cọ sẽ cho lớp nền mỏng mịn, tự nhiên hơn và hạn chế tình trạng vón cục, bám bẩn từ tay lên da. 

Nếu dùng tay, hãy đảm bảo tay sạch và ấm trước khi tán. Còn mút/cọ thì cần vệ sinh thường xuyên để tránh tích tụ vi khuẩn. Lựa chọn dụng cụ nào phụ thuộc vào sở thích và loại da của bạn nhé!
"
Làm sao để chọn đúng tone kem nền online vậy bà? Sợ mua về lệch tone.,"Chào bạn, chọn kem nền online mà không bị lệch tone là một thử thách! Mình gợi ý bạn thế này nhé:

1. **Xác định undertone da:** Da bạn thiên hồng, vàng hay trung tính?
2. **Tìm hiểu ký hiệu:** Các brand thường có ký hiệu (W - warm, C - cool, N - neutral).
3. **So sánh với kem nền đang dùng:** Nếu có, đối chiếu tên màu hoặc mô tả.
4. **Tham khảo review:** Xem swatch trên các loại da tương tự.
5. **Mua sample nếu có thể:** Cách tốt nhất để chắc chắn!
"
Tui thích kiểu makeup Douyin lắm mà không biết bắt đầu từ đâu.,"Chào bạn! Makeup Douyin (hay còn gọi là makeup ""tỷ tỷ Trung Quốc"") tập trung vào làn da căng bóng, đôi mắt to tròn và đôi môi chúm chím. Bạn có thể bắt đầu với các bước sau:

1.  **Dưỡng ẩm kỹ:** Đây là bước quan trọng nhất để có làn da căng bóng.
2.  **Nền:** Dùng kem nền mỏng, nhẹ, tập trung vào trung tâm mặt.
3.  **Mắt:** Kẻ eyeliner mắt mèo, dùng mascara và kính áp tròng (tùy chọn).
4.  **Má:** Phấn má hồng màu đào hoặc hồng san hô, đánh cao lên xương má.
5.  **Môi:** Son bóng hoặc son tint màu hồng baby, đánh lòng môi để tạo hiệu ứng chúm chím."
Che khuyết điểm quầng thâm mắt màu nào thì hiệu quả nhất?,"Để che quầng thâm mắt hiệu quả, bạn nên chọn che khuyết điểm có tông màu đối lập với màu quầng thâm. 

*   **Quầng thâm màu xanh/tím:** Dùng che khuyết điểm màu cam đào hoặc cam san hô. Màu cam sẽ trung hòa sắc tố xanh tím, giúp da sáng hơn.
*   **Quầng thâm màu nâu/nâu đỏ:** Dùng che khuyết điểm màu vàng hoặc màu be. Màu vàng sẽ che đi sắc tố nâu, mang lại vẻ tươi tắn.

Sau khi dùng che khuyết điểm, hãy tán đều để tránh lộ vân kem.
"
Bà có tip nào để son không bị dính răng không?,"Chào bạn, để son không bị dính răng, mình có vài tip nhỏ sau đây:

1. **Thấm bớt son:** Sau khi đánh son, dùng khăn giấy thấm nhẹ nhàng để loại bỏ lớp son thừa.
2. **Sử dụng son kem/son tint:** Loại son này bám tốt hơn, ít bị lem và dính hơn so với son thỏi thông thường.
3. **Đánh son lòng môi:** Tập trung son ở phần lòng môi, tránh đánh tràn ra viền môi.
4. **Kiểm tra và chỉnh sửa:** Sau khi đánh son, mím môi nhẹ nhàng và kiểm tra xem có bị dính son vào răng không, nếu có thì dùng tăm bông chỉnh sửa.
"
"Tui mới sắm bảng mắt đa năng, vừa làm phấn mắt, vừa tạo khối, vừa highlight được luôn.","Chúc mừng bạn đã sắm được bảng mắt đa năng! Để tận dụng tối đa, bạn nên bắt đầu với phấn mắt: dùng cọ tán đều màu sáng lên bầu mắt, màu tối vào hốc mắt để tạo chiều sâu. Tiếp theo, dùng màu tối hơn để tạo khối cho sống mũi, gò má. Cuối cùng, dùng màu highlight để làm nổi bật các vị trí như gò má, sống mũi, khóe mắt. Nhớ tán đều để các màu hòa quyện tự nhiên nhé!
"
Sao tui đánh kem lót rồi mà nền vẫn xuống tone nhanh vậy?,"Chào bạn, việc nền bị xuống tone dù đã dùng kem lót là tình trạng khá phổ biến. Có một vài nguyên nhân và cách khắc phục như sau:

1.  **Kem lót chưa phù hợp:** Chọn kem lót có chức năng phù hợp với loại da và nền (ví dụ: kiềm dầu nếu da dầu, cấp ẩm nếu da khô).
2.  **Lượng kem lót/nền quá nhiều:** Dùng quá nhiều sản phẩm dễ làm nền bị cakey và nhanh xuống tone.
3.  **Chưa khóa nền:** Dùng phấn phủ hoặc xịt khóa nền để giúp lớp nền bám lâu hơn.
4.  **Chất lượng sản phẩm:** Nền có thể không bền màu nếu chất lượng không tốt."
Bà có bao giờ thử trộn kem nền với serum/dầu dưỡng không?,"Chào bạn, với kinh nghiệm trang điểm của mình, tôi đã thử nghiệm trộn kem nền với serum/dầu dưỡng rất nhiều lần. Đây là một mẹo hay để tạo lớp nền ẩm mịn, đặc biệt với những bạn da khô hoặc muốn có vẻ ngoài căng bóng tự nhiên. 

**Cách thực hiện:** Bạn chỉ cần trộn một vài giọt serum/dầu dưỡng (tỷ lệ tùy thuộc vào độ dưỡng cần thiết) vào kem nền trước khi đánh lên da. Điều này giúp kem nền dễ tán hơn, bám da tốt hơn và không bị cakey.
"
Tui đang tìm một loại mascara làm dài mi mà không bị nặng mi.,"Chào bạn, để tìm mascara làm dài mi mà không gây nặng mi, bạn nên ưu tiên các sản phẩm có công thức nhẹ, chứa sợi fiber ngắn hoặc polymer tạo độ dài. Mascara có đầu cọ nhỏ, thưa cũng giúp phủ đều mi, tránh vón cục.

**Gợi ý:**

1.  **Chọn loại mascara:** Mascara fiber hoặc mascara có công nghệ ""lengthening"" (kéo dài).
2.  **Thoa mascara:** Chải từ chân mi, hơi zig-zag để mi tơi và dài hơn.
3.  **Lớp thứ hai (tùy chọn):** Nếu muốn dài hơn, hãy đợi lớp đầu khô rồi chải thêm lớp mỏng."
Makeup đi biển thì cần lưu ý gì nhất bà nhỉ?,"Chào bạn! Khi makeup đi biển, điều quan trọng nhất là ưu tiên sự tự nhiên, nhẹ nhàng và bền vững. 

1.  **Kem chống nắng:** Phải dùng kem chống nắng phổ rộng, chỉ số SPF từ 30 trở lên, thoa kỹ trước cả lớp makeup.
2.  **Chọn sản phẩm chống nước:** Dùng kem nền, phấn mắt, mascara, son chống nước để tránh lem luốc.
3.  **Giữ lớp makeup tối giản:** Ưu tiên các sản phẩm đa năng như cushion, son tint để tiết kiệm thời gian và tránh bí bách.
4.  **Tập trung vào đôi mắt và môi:** Có thể dùng màu mắt nhẹ nhàng, mascara và son tươi tắn để nổi bật.
"
"Tui thấy nhiều người dùng phấn rôm em bé để kiềm dầu, có nên thử không?","Chào bạn, việc dùng phấn rôm em bé để kiềm dầu là một mẹo khá phổ biến, nhưng mình không khuyến khích bạn nên thử thường xuyên. Phấn rôm có thể hút dầu tạm thời, giúp da mịn hơn, nhưng về lâu dài có thể gây bít lỗ chân lông, dẫn đến mụn. 

Thay vào đó, bạn nên ưu tiên các sản phẩm kiềm dầu chuyên dụng như phấn phủ, giấy thấm dầu hoặc kem lót có chức năng kiểm soát dầu. Nếu muốn thử, chỉ nên dùng một lượng rất nhỏ và rửa sạch mặt kỹ sau đó nhé!
"
"Kẻ mày ngang kiểu Hàn Quốc với mày cong kiểu Âu Mỹ, bà thích kiểu nào hơn?","Với kinh nghiệm trang điểm của mình, tôi đánh giá cao cả hai kiểu dáng lông mày này. Tuy nhiên, tôi nghiêng về **lông mày ngang kiểu Hàn Quốc** hơn.

Lý do là vì dáng mày này phù hợp với nhiều hình dáng khuôn mặt người Á Đông, tạo cảm giác khuôn mặt trẻ trung, tự nhiên và thanh thoát. Mặc dù lông mày cong kiểu Âu Mỹ mang đến vẻ sắc sảo, quyến rũ, nhưng có thể không phù hợp với những người có khuôn mặt nhỏ hoặc đường nét nhẹ nhàng.
"
Làm sao để lông mày vào nếp cả ngày mà không cần dùng gel?,"Để lông mày vào nếp cả ngày mà không cần gel, bạn có thể thử các bước sau:

1. **Chải lông mày:** Dùng bàn chải mascara sạch chải theo chiều lông mọc để định hình ban đầu.
2. **Sử dụng xịt tóc:** Xịt một lượng nhỏ xịt tóc giữ nếp lên bàn chải, sau đó chải lại lên lông mày. Xịt tóc giúp cố định lông mày mà không gây vón cục.
3. **Dùng chỉ hoặc nhíp:** Nhẹ nhàng tỉa những sợi lông mày bị nổi loạn để lông mày dễ vào nếp hơn.
"
"Tui mới mua cây son tint mà nó loang lổ quá, có cách nào khắc phục không?","Chào bạn, son tint loang lổ là tình trạng khá phổ biến. Để khắc phục, bạn thử các bước sau nhé:

1.  **Tẩy tế bào chết môi:** Loại bỏ da chết giúp son bám tốt hơn.
2.  **Dưỡng ẩm môi:** Môi đủ ẩm sẽ hạn chế son bị loang.
3.  **Bặm môi nhẹ nhàng:** Sau khi đánh lớp son đầu tiên, bặm môi nhẹ để son set lại rồi đánh thêm lớp thứ hai.
4.  **Sử dụng son lót:** Son lót tạo lớp nền giúp son tint bám dính và lên màu chuẩn hơn.

Chúc bạn thành công!
"
"Phấn má dạng kem với dạng phấn, loại nào bám màu tốt hơn?","Chào bạn,

Về độ bám màu, phấn má dạng kem thường bám màu tốt hơn so với dạng phấn. Lý do là vì chất kem có chứa các thành phần dưỡng ẩm giúp phấn bám chặt vào da hơn, đặc biệt là trên da khô. Bên cạnh đó, phấn má kem sẽ ""tệp"" vào da tự nhiên hơn, khó bị bay màu hay trôi khi tiếp xúc với mồ hôi hay dầu thừa. Tuy nhiên, phấn má dạng phấn vẫn là lựa chọn tốt cho da dầu và dễ dàng thao tác hơn.
"
Tui muốn thử trang điểm tone Tây mà sợ bị già.,"Chào bạn, hoàn toàn có thể trang điểm tone Tây mà không bị già đâu! Bí quyết nằm ở việc điều chỉnh sắc độ và kỹ thuật.

1.  **Chọn nền:** Ưu tiên nền có finish tự nhiên, tránh quá matte.
2.  **Tạo khối:** Nhấn nhá nhẹ nhàng xương gò má, tránh đường kẻ quá đậm.
3.  **Mắt:** Tập trung vào tán mắt màu nude, nâu ấm, hoặc cam đất. Đừng quên dùng highlighter ở bầu mắt.
4.  **Son:** Son nude, hồng đào hoặc đỏ cam sẽ giúp bạn trẻ trung hơn.

Quan trọng nhất là blend kỹ để các lớp trang điểm hòa quyện vào nhau, tạo hiệu ứng tự nhiên nhé!
"
Có nên đầu tư vào một cây cọ tán nền xịn không bà?,"Chào bạn! Hoàn toàn nên đầu tư vào một cây cọ tán nền xịn nếu bạn muốn có lớp nền hoàn hảo. Cọ xịn thường có sợi lông mềm, mật độ cao, giúp tán đều kem nền, che phủ tốt mà không gây vệt. 

**Tại sao nên đầu tư?**

*   **Lớp nền mịn màng:** Cọ tốt giúp kem nền bám da tự nhiên, không bị cakey.
*   **Tiết kiệm kem nền:** Lượng kem nền lấy được vừa đủ, không bị lãng phí.
*   **Độ bền cao:** Cọ xịn dùng được lâu dài, đáng đồng tiền bỏ ra.

Hãy chọn cọ đầu bằng, sợi lông tổng hợp hoặc lông tự nhiên tùy theo loại da của bạn nhé!
"
"Tui thấy có loại kem nền dạng thỏi, dùng có tiện không?","Chào bạn, kem nền dạng thỏi khá tiện lợi đó! Ưu điểm lớn nhất là dễ mang theo, không cần dùng cọ hay mút, chỉ cần lướt nhẹ lên da là xong. Chất kem thường mịn, phù hợp với những bạn thích lớp nền mỏng nhẹ, tự nhiên. Tuy nhiên, độ che phủ thường không cao bằng kem nền dạng lỏng, và có thể không phù hợp với da dầu vì dễ làm bóng da. Bạn nên thử trước khi mua nhé!
"
Mascara bị khô rồi có cách nào cứu chữa không hay phải bỏ đi?,"Chào bạn, mascara bị khô là tình trạng khá phổ biến. Đừng vội bỏ đi nhé! Bạn có thể ""cứu"" mascara bằng cách nhỏ 1-2 giọt dung dịch nước muối sinh lý hoặc nước mắt nhân tạo vào tuýp mascara. Lắc nhẹ nhàng để dung dịch hòa quyện. Điều này giúp mascara mềm và dễ chuốt hơn. Tuy nhiên, nếu mascara đã quá khô và vón cục, hoặc có mùi lạ thì tốt nhất là nên thay mới để đảm bảo an toàn cho mắt nhé!
"
Bà có hay dùng phấn bắt sáng không? Tui thấy nó làm da căng bóng đẹp ghê.,"Chào bạn, mình rất hay dùng phấn bắt sáng đó! Đúng như bạn nói, phấn bắt sáng giúp da căng bóng, tươi tắn hơn rất nhiều. Mình thường dùng sau khi đánh kem nền và phấn phủ.

**Cách mình dùng:**

1.  **Chọn phấn:** Mình ưu tiên phấn bắt sáng dạng kem hoặc lỏng cho da khô, còn phấn bột thì hợp với da dầu hơn.
2.  **Đánh:** Mình đánh nhẹ lên vùng gò má, sống mũi, trán, cằm và đầu môi.
3.  **Tán:** Dùng cọ hoặc mút tán đều để phấn hòa quyện với da, tránh bị vón cục.

Việc này giúp ""bắt"" ánh sáng, tạo hiệu ứng da khỏe khoắn, có chiều sâu."
Đi chụp ảnh kỷ yếu nên makeup tone nào cho ăn ảnh mà không bị lỗi thời?,"Để có makeup kỷ yếu ""ăn ảnh"" mà không lỗi thời, bạn nên ưu tiên các tone màu tự nhiên, nhẹ nhàng.

**Bước 1:** Dưỡng ẩm kỹ để lớp nền mịn màng.
**Bước 2:** Chọn nền tông màu da, che khuyết điểm vừa đủ.
**Bước 3:** Tập trung vào mắt với tone nâu tây, cam đất hoặc hồng đào.
**Bước 4:** Má hồng màu đào hoặc cam san hô tạo ửng hồng tự nhiên.
**Bước 5:** Son môi màu nude, hồng baby hoặc cam cháy.

**Lý do:** Các tone màu này dễ phối đồ, phù hợp nhiều concept và không bị ""lệch tông"" khi lên ảnh. Tránh các màu quá nổi hoặc quá tối.
"
"Tui mới mua nhầm kem nền tối hơn da một tone, có cách nào dùng được không?","Chào bạn, rất tiếc bạn mua nhầm tone kem nền! Đừng lo, vẫn có cách dùng được đó.

**Bước 1:** Trộn kem nền với kem dưỡng ẩm hoặc kem nền sáng màu hơn theo tỉ lệ 2:1 hoặc 3:1 để làm sáng màu.
**Bước 2:** Tập trung đánh kem nền ở vùng trung tâm mặt, tránh đánh đậm ở vùng trán và quai hàm.
**Bước 3:** Sử dụng phấn phủ sáng màu để cân bằng lại màu da.

Việc này giúp kem nền hòa quyện tốt hơn với da, tránh tình trạng bị ""lện"" màu quá rõ. Chúc bạn thành công!
"
Môi mỏng như tui thì có cách nào tô son cho đầy đặn hơn không?,"Chào bạn! Môi mỏng hoàn toàn có thể trở nên đầy đặn hơn với vài thủ thuật trang điểm đơn giản:

1. **Tạo viền môi:** Dùng bút kẻ viền môi, vẽ rộng hơn một chút đường viền tự nhiên, tập trung vào phần giữa môi.
2. **Tô son:** Chọn son màu sáng, bóng hoặc có nhũ. Tô son từ giữa môi ra hai bên.
3. **Highlight:** Thêm chút highlight ở lòng môi để tạo hiệu ứng 3D.

Việc này giúp đánh lừa thị giác, tạo cảm giác môi dày dặn và quyến rũ hơn đó!
"
"Tẩy trang dạng dầu, sáp hay nước thì tốt nhất cho da mụn?","Đối với da mụn, tẩy trang dạng dầu (oil cleanser) thường là lựa chọn tốt nhất. Dầu hòa tan dầu, giúp loại bỏ hiệu quả bã nhờn, bụi bẩn và kem chống nắng – những tác nhân gây mụn. Sau đó, bạn nên dùng sữa rửa mặt dịu nhẹ để loại bỏ hoàn toàn dầu tẩy trang. Tránh tẩy trang dạng sáp vì có thể gây bí da, và tẩy trang nước đôi khi không đủ mạnh để làm sạch sâu.
"
Bà có bao giờ tự chế mặt nạ dưỡng da trước khi makeup không?,"Chào bạn, với kinh nghiệm trang điểm của mình, tôi thường tự chế mặt nạ dưỡng da trước khi makeup, đặc biệt là với các buổi trang điểm quan trọng. Một mặt nạ đơn giản từ mật ong và sữa chua không đường giúp cấp ẩm, làm dịu da và tạo lớp nền mịn màng hơn. Việc này giúp lớp makeup bám tốt hơn, hạn chế tình trạng mốc da và giúp da khỏe hơn về lâu dài. Tôi thường đắp mặt nạ khoảng 15-20 phút trước khi bắt đầu các bước makeup.
"
"Tui thấy mấy beauty blogger hay dùng setting spray trước cả kem nền, có tác dụng gì vậy?","Chào bạn, việc xịt setting spray trước khi đánh kem nền là một thủ thuật trang điểm khá phổ biến của các beauty blogger đó!

**Tác dụng:** Setting spray tạo một lớp nền ẩm mịn, giúp kem nền bám tốt hơn, không bị cakey (mốc) và bền màu hơn. Nó giống như ""khóa"" lớp dưỡng da, giúp kem nền hòa quyện tốt hơn với da thay vì nằm trên bề mặt.

**Cách thực hiện:** Xịt đều setting spray lên mặt, để khô khoảng 30 giây rồi mới đánh kem nền nhé!
"
"Son kem với son thỏi, bà thích dùng loại nào hơn cho hàng ngày?","Với nhu cầu trang điểm hàng ngày, tôi nghiêng về son kem hơn. Son kem thường nhẹ môi hơn son thỏi, tạo cảm giác thoải mái suốt cả ngày. Độ bám màu của son kem cũng tốt hơn, ít cần dặm lại. Tuy nhiên, nếu bạn thích cảm giác dưỡng ẩm sâu và màu son cổ điển, son thỏi vẫn là lựa chọn tốt. Quan trọng nhất là chọn sản phẩm phù hợp với chất môi và sở thích cá nhân bạn.
"
Làm sao để kẻ mắt mèo cho hai bên đều nhau vậy? Tay tui run quá.,"Chào bạn, kẻ mắt mèo đòi hỏi sự kiên nhẫn và luyện tập, đặc biệt khi tay bạn hơi run. Đây là các bước giúp mắt bạn cân đối hơn:

1. **Tập trung:** Hít thở sâu, giữ khuỷu tay ổn định trên bàn.
2. **Phác thảo:** Dùng chì kẻ mắt hoặc phấn mắt tối màu phác thảo dáng trước.
3. **Kẻ từng nét ngắn:** Thay vì kẻ một đường dài, hãy nối các nét ngắn lại với nhau.
4. **So sánh liên tục:** Nhìn vào gương và so sánh hai bên thường xuyên để điều chỉnh.
5. **Dùng băng dính:** Dán băng dính tạo góc để có đường kẻ sắc nét và đối xứng.

Chúc bạn thành công!
"
Tui đang tìm một loại phấn phủ không màu mà không làm trắng mặt.,"Chào bạn, để tìm phấn phủ không màu không gây trắng mặt, bạn nên chọn phấn phủ trong suốt (transparent powder) hoặc phấn phủ có tông màu trùng với màu da của bạn. 

**Các bước chọn phấn phủ:**

1.  **Tìm loại ""transparent"" hoặc ""loose powder"":** Loại này thường không chứa màu, giúp kiểm soát dầu và làm mịn da mà không thay đổi sắc tố.
2.  **Kiểm tra thành phần:** Tránh phấn chứa titanium dioxide hoặc zinc oxide với hàm lượng cao, vì chúng có thể gây trắng da.
3.  **Thử trên da:** Thoa một ít lên vùng da cổ để xem có bị trắng bệch không trước khi quyết định mua."
Đi tập gym có nên makeup không bà? Sợ mồ hôi ra làm bí da.,"Chào bạn, việc makeup khi đi tập gym là không nên, đặc biệt nếu bạn lo lắng về việc da bị bí. Mồ hôi sẽ làm trôi lớp makeup, gây tắc nghẽn lỗ chân lông, dẫn đến mụn. Thay vào đó, bạn có thể dùng kem chống nắng vật lý (zinc oxide, titanium dioxide) để bảo vệ da. Nếu muốn có chút ""tươi tắn"", hãy dùng son dưỡng có màu hoặc mascara waterproof rất nhẹ nhàng thôi nhé!
"
"Tui muốn thử kiểu trang điểm má hồng tàn nhang giả, có khó không?","Chào bạn, kiểu trang điểm má hồng tàn nhang giả này không quá khó đâu! Bạn có thể thực hiện theo các bước sau:

1.  **Tạo má hồng:** Chọn màu hồng đào hoặc cam đào, đánh nhẹ nhàng lên vùng gò má, tập trung ở phần xương má.
2.  **Vẽ tàn nhang:** Dùng bút kẻ mắt hoặc chì kẻ mày màu nâu nhạt, chấm những chấm nhỏ li ti lên mũi, má, trán. Lưu ý chấm tự nhiên, không đều đặn quá.
3.  **Tán nhẹ:** Dùng mút trang điểm hoặc ngón tay tán nhẹ để tàn nhang trông tự nhiên hơn.

Kiểu trang điểm này giúp bạn có vẻ ngoài trẻ trung, đáng yêu đấy!"
Bà có hay dùng giấy thấm dầu không? Có loại nào tốt?,"Chào bạn, với vai trò là chuyên gia trang điểm, tôi thường xuyên sử dụng giấy thấm dầu để duy trì lớp trang điểm bền đẹp và kiểm soát dầu thừa, đặc biệt là vùng chữ T. 

Tôi thích giấy thấm dầu của thương hiệu Innisfree Green Tea hoặc Cathy Doll vì chúng mềm mại, thấm dầu tốt mà không làm trôi lớp makeup. Ngoài ra, giấy thấm dầu có chứa các thành phần như trà xanh còn giúp làm dịu da. Bạn nên chọn loại không mùi và không chứa bột talc để tránh gây kích ứng da nhé.
"
"Tui thấy có nhiều loại cọ đầu dẹt để tán kem che khuyết điểm, có hiệu quả không?","Chào bạn, cọ đầu dẹt hoàn toàn có thể dùng để tán kem che khuyết điểm và khá hiệu quả đó! Cọ dẹt giúp bạn dễ dàng che phủ các vùng nhỏ như quầng thâm mắt, mụn hoặc vết thâm. 

**Cách dùng:** Lấy một lượng kem vừa đủ, chấm nhẹ lên vùng cần che phủ rồi dùng cọ tán đều theo chiều da. Cọ dẹt sẽ giúp kem bám đều, che phủ tốt và không gây cakey. Tuy nhiên, nên chọn cọ có sợi mềm mại để tránh gây kích ứng da nhé!
"
Son bóng có làm môi trông dày hơn thật không?,"Chào bạn, câu hỏi rất hay! Son bóng hoàn toàn có thể giúp môi trông dày hơn một cách thị giác. Lý do là vì son bóng tạo hiệu ứng bắt sáng, làm phản chiếu ánh sáng trên bề mặt môi, khiến môi trông căng mọng và đầy đặn hơn. 

Để đạt hiệu quả tốt nhất, bạn nên chọn son bóng có màu sắc tươi sáng hoặc có chứa các thành phần dưỡng ẩm, giúp môi mềm mại. Bạn cũng có thể kết hợp thêm chút highlighter ở lòng môi để tăng hiệu ứng 3D.
"
Tui đang phân vân không biết nên mua kem lót silicon hay kem lót dạng sữa.,"Chào bạn, việc chọn kem lót silicon hay kem lót dạng sữa phụ thuộc vào loại da và mong muốn của bạn.

*   **Kem lót silicon:** Phù hợp da nhiều lỗ chân lông, da không đều màu. Ưu điểm là làm mịn da, che phủ lỗ chân lông tốt, giúp lớp nền mướt hơn.
*   **Kem lót dạng sữa:** Phù hợp da khô, da thường. Ưu điểm là cấp ẩm, giúp da căng bóng tự nhiên, dễ tán đều.

Bạn nên thử cả hai loại để xem loại nào phù hợp với da mình nhất nhé!
"
Sao tui chuốt mascara mi dưới toàn bị lem nhem vậy?,"Chào bạn, việc mascara mi dưới bị lem là tình trạng khá phổ biến. Để khắc phục, bạn thử những bước sau nhé:

1.  **Chải mascara mi trên trước:** Mascara thừa trên đầu cọ sẽ gây lem khi chuốt mi dưới.
2.  **Sử dụng cọ nhỏ:** Cọ quá to sẽ khó kiểm soát, dễ làm lem.
3.  **Chuốt nhẹ nhàng:** Không nên chải quá nhiều lớp, chỉ cần một lớp mỏng là đủ.
4.  **Sử dụng mascara chống thấm nước:** Loại này giúp hạn chế lem khi gặp nước hoặc mồ hôi.

Chúc bạn thành công!
"
Bà có bí quyết nào để giữ lớp trang điểm lâu trôi trong thời tiết nóng ẩm không?,"Chào bạn, để giữ lớp trang điểm lâu trôi trong thời tiết nóng ẩm, bạn cần chuẩn bị kỹ các bước sau:

1. **Làm sạch & dưỡng ẩm:** Da dầu cần sạch, nhưng vẫn cần dưỡng ẩm để cân bằng.
2. **Sử dụng primer:** Primer giúp khóa ẩm, làm mịn da và tạo lớp nền bám dính hơn.
3. **Chọn nền lì (matte) & chống nước:** Tránh nền ẩm, chọn loại có khả năng kiểm soát dầu tốt.
4. **Phấn phủ dạng bột:** Cố định lớp nền, đặc biệt ở vùng chữ T.
5. **Xịt khóa trang điểm:** Giúp lớp trang điểm bền vững hơn.

Quan trọng nhất là hạn chế sờ tay lên mặt và thấm dầu thường xuyên.
"
"Tui thấy người ta hay dùng phấn phủ bột để 'baking' dưới mắt, có tác dụng gì?","Chào bạn, kỹ thuật ""baking"" dưới mắt bằng phấn phủ bột có tác dụng chính là khóa lớp kem che khuyết điểm, giúp vùng da này khô ráo và hạn chế tình trạng lem, vón cục do da dầu hoặc đổ mồ hôi. Đồng thời, phấn phủ còn giúp làm sáng vùng dưới mắt, che đi quầng thâm và nếp nhăn li ti. Sau khi để phấn ""baking"" khoảng 5-10 phút, bạn dùng chổi quét nhẹ phần phấn thừa đi nhé!
"
Màu son đỏ cam có kén da không bà?,"Chào bạn, màu son đỏ cam là một màu son rất nổi bật và có thể kén da một chút, nhưng không phải ai cũng không thể dùng được. 

*   **Da sáng:** Màu đỏ cam sẽ làm da sáng bừng và khỏe khoắn.
*   **Da trung bình:** Cần chọn đỏ cam có chút sắc nâu hoặc gạch để cân bằng màu da.
*   **Da tối:** Nên chọn đỏ cam đậm, có undertone ấm để tránh làm da trông xỉn màu.

Quan trọng nhất là thử son trực tiếp lên môi để xem màu có hợp với tông da của bạn không nhé!
"
Tui muốn thử layout makeup tone khói xám mà sợ bị dừ.,"Chào bạn, hoàn toàn có thể thử makeup tone khói xám mà không bị ""dừ"" đâu! Bí quyết nằm ở việc điều chỉnh sắc độ và kỹ thuật.

1.  **Chọn màu xám:** Thay vì xám đậm, hãy dùng xám nhạt, xám tro hoặc xám khói có chút ánh tím.
2.  **Tập trung vào phần đuôi mắt:** Đánh đậm nhất ở đuôi mắt rồi mờ dần vào hốc mắt, tránh đánh tràn lên bầu mắt.
3.  **Kết hợp highlight:** Thêm highlight ở đầu mắt và dưới chân mày để mở rộng và tươi tắn hơn.
4.  **Son môi:** Chọn son nude, hồng đào hoặc cam đất để cân bằng."
Đi du lịch biển nên mang theo những món makeup nào cho gọn nhẹ?,"Đi biển, ưu tiên sự gọn nhẹ và tự nhiên bạn nhé! Hãy mang theo:

1.  **Kem chống nắng:** Bảo vệ da là quan trọng nhất.
2.  **BB cream/Kem nền mỏng nhẹ:** Che phủ vừa đủ, không gây bí da.
3.  **Chống thấm nước Mascara:** Giữ mi cong vút cả ngày.
4.  **Son dưỡng có màu:** Dưỡng ẩm và tăng sắc môi.
5.  **Phấn má hồng dạng kem:** Tạo đôi má ửng hồng tự nhiên.

Tránh mang quá nhiều sản phẩm, thay vào đó chọn các sản phẩm đa năng để tiết kiệm diện tích vali.
"
Bà có hay dùng nhũ mắt dạng lỏng không? Có dễ tán không?,"Chào bạn,

Tôi rất thích sử dụng nhũ mắt dạng lỏng! Ưu điểm lớn nhất của chúng là dễ tán và lên màu chuẩn, đặc biệt là với những đôi mắt có nhiều nếp nhăn. 

**Cách tán nhũ mắt lỏng:**

1.  Lấy một lượng nhỏ sản phẩm.
2.  Dùng cọ hoặc ngón tay nhẹ nhàng thoa đều lên bầu mắt.
3.  Tán nhanh tay trước khi sản phẩm khô để tránh vón cục.

Nhũ mắt lỏng thường có kết cấu mịn, bám dính tốt nên rất dễ thao tác, phù hợp cho cả người mới bắt đầu."
"Tui nghe nói dùng toner trước khi makeup giúp da ăn phấn hơn, đúng không?","Chào bạn, thông tin bạn nghe được là chính xác đó! Dùng toner trước khi makeup có nhiều lợi ích giúp da ăn phấn hơn. 

**Tại sao?** Toner cân bằng độ pH cho da sau khi rửa mặt, giúp da mềm mại và mịn màng hơn. Khi da đủ ẩm và mềm, lớp nền sẽ bám tốt hơn, không bị cakey hay vón cục. Ngoài ra, toner còn giúp se khít lỗ chân lông tạm thời, tạo bề mặt da láng mịn, giúp lớp makeup trông tự nhiên hơn.

Bạn nên chọn toner không cồn và phù hợp với loại da của mình nhé!
"
Làm sao để chọn chì kẻ mày có màu hợp với màu tóc?,"Để chọn chì kẻ mày hợp màu tóc, bạn cần lưu ý các nguyên tắc sau:

1. **Tóc nhuộm tối:** Chọn chì kẻ mày sẫm hơn màu tóc 1-2 tông để tạo độ tương phản tự nhiên.
2. **Tóc nhuộm sáng:** Chọn chì kẻ mày sáng hơn màu tóc 1-2 tông, tránh chọn màu quá tối gây cảm giác nặng nề.
3. **Tóc tự nhiên:**
    *   Tóc đen: Chì nâu đen hoặc xám đen.
    *   Tóc nâu: Chì nâu sáng hoặc nâu đất.
    *   Tóc vàng/blond: Chì nâu nhạt hoặc xám nhạt.

Luôn thử màu chì lên da trước khi quyết định mua nhé!
"
"Tui mới mua được cây son high-end giảm giá 50%, mừng quá trời!","Chúc mừng bạn đã ""tậu"" được em son high-end với giá hời nhé! Để son lên màu chuẩn và giữ lâu, bạn nhớ chuẩn bị môi kỹ bằng cách tẩy tế bào chết nhẹ nhàng, sau đó dưỡng ẩm với son dưỡng. Tiếp theo, dùng chì kẻ môi (cùng tông hoặc nhạt hơn son) để định hình. Cuối cùng, tô son từ lòng môi ra góc, có thể dùng cọ để đường nét sắc sảo hơn. Đừng quên đánh nhẹ một lớp son mỏng để màu lên tự nhiên nhất!
"
"Tui thấy có loại phấn nước tích hợp chống nắng SPF 50 luôn, dùng vậy có đủ đô không hay vẫn phải bôi KCN riêng?","Chào bạn, phấn nước tích hợp SPF 50 là một lựa chọn tiện lợi, nhưng để đảm bảo bảo vệ da tối ưu, mình vẫn khuyến khích bạn nên dùng kem chống nắng (KCN) riêng. Lý do là vì:

1.  **Lượng KCN trong phấn nước thường không đủ:** Để đạt hiệu quả SPF 50, cần bôi một lượng sản phẩm tương đối nhiều, khó đạt được khi dùng phấn nước.
2.  **Khả năng chống nắng không đều:** Phấn nước có thể không phủ đều hết các vùng da, bỏ sót những khu vực dễ bị tổn thương.

Vậy nên, hãy bôi KCN trước khi đánh phấn nước để có lớp bảo vệ toàn diện nhé!
"
"Da tui dạo này khô căng mà vẫn đổ dầu vùng chữ T, nên chọn kem nền loại nào đây?","Chào bạn, với tình trạng da khô căng nhưng vẫn đổ dầu vùng chữ T, bạn nên chọn kem nền có khả năng cấp ẩm tốt nhưng vẫn kiểm soát dầu hiệu quả. 

**Kem nền cushion** hoặc **kem nền dạng lỏng (liquid foundation)** có công thức ""water-based"" (dựa trên nước) là lựa chọn lý tưởng. Chúng nhẹ nhàng, không gây bí da, đồng thời cung cấp độ ẩm cần thiết. Bạn nên tìm các sản phẩm có ghi chú ""hydrating"", ""oil-free"" hoặc ""mattifying"" để đạt hiệu quả tốt nhất nhé!
"
Bà có biết loại cọ nào tán kem che khuyết điểm dưới mắt mà không bị đọng vào rãnh nhăn không?,"Để tán kem che khuyết điểm dưới mắt mà không bị đọng vào rãnh nhăn, bạn nên dùng cọ nhỏ đầu bằng, mềm mại. Cọ đầu bằng giúp bạn kiểm soát lượng sản phẩm tốt hơn, tránh thoa quá nhiều. Chất lông mềm mại sẽ nhẹ nhàng trên da, không kéo giãn hay làm lộ rãnh nhăn. 

**Cách dùng:** Chấm kem che khuyết điểm, sau đó dùng cọ tán nhẹ nhàng theo chuyển động miết nhẹ, không chà xát."
Son tint bóng có làm răng bị vàng hơn không bà nhỉ?,"Chào bạn, đây là một câu hỏi rất hay và nhiều người quan tâm! Son tint bóng có thể khiến răng trông vàng hơn một chút, nhưng không phải lúc nào cũng xảy ra.

**Nguyên nhân:** Màu sắc của son tint bóng, đặc biệt là các tông đỏ, cam, có thể tạo ra sự tương phản với men răng trắng, làm răng trông xỉn màu hơn. Ngoài ra, ánh bóng của son có thể phản chiếu ánh sáng, làm lộ rõ các vết ố vàng trên răng.

**Cách khắc phục:**

*   Chọn son có tông màu phù hợp với màu da và răng.
*   Đảm bảo răng được làm sạch và trắng sáng.
*   Sử dụng son dưỡng trước khi đánh son tint bóng."
"Tui muốn thử style 'latte makeup' đang hot, cần những món gì cơ bản vậy?","Chào bạn, ""latte makeup"" đang là xu hướng hot đó! Để bắt đầu, bạn cần những món cơ bản sau:

1.  **Kem nền/BB cream:** Chọn tông màu tự nhiên, nhẹ nhàng.
2.  **Che khuyết điểm:** Màu sáng hơn da một chút để highlight.
3.  **Phấn má hồng:** Màu nâu đào hoặc cam đất ấm áp.
4.  **Phấn mắt:** Bảng màu trung tính như nâu, be, caramel.
5.  **Son môi:** Màu nude, nâu đất hoặc hồng đất.

Quan trọng nhất là đánh nhẹ nhàng, tập trung vào sự tự nhiên, ""da ngậm nước"" bạn nhé!
"
"Gel kẻ mày với chì kẻ mày, cái nào giữ dáng mày lâu hơn?","Chào bạn,

Gel kẻ mày thường giữ dáng lâu hơn chì kẻ mày. Lý do là vì gel có khả năng ""khóa"" các sợi lông mày vào vị trí mong muốn, tạo độ bám chắc hơn. Chì kẻ mày dễ bị lem hoặc phai màu, đặc biệt là với làn da dầu. Gel kẻ mày có nhiều loại, một số loại còn có khả năng chống thấm nước, giúp giữ dáng mày suốt cả ngày. Tuy nhiên, chì kẻ mày vẫn hữu ích để tạo hình dáng chi tiết cho lông mày.
"
Làm sao để phấn mắt lên màu chuẩn như trong bảng mà không bị bột?,"Để phấn mắt lên màu chuẩn và hạn chế tình trạng bột, bạn cần thực hiện các bước sau:

1. **Sử dụng kem lót mắt:** Giúp phấn bám dính tốt hơn, lên màu chuẩn và giảm thiểu tình trạng rơi bột.
2. **Chọn cọ phù hợp:** Cọ đầu dẹt, lông mềm sẽ giúp lấy phấn và tán đều hơn.
3. **Tán phấn nhẹ nhàng:** Nhấn nhẹ cọ lên phấn, gõ nhẹ để loại bỏ bột thừa trước khi tán lên mắt.
4. **Tán lớp mỏng:** Xây dựng màu sắc từ từ, từng lớp mỏng để đạt được độ đậm mong muốn.
"
"Tui mới mua hũ sáp tẩy trang, dùng có cần nhũ hóa kỹ như dầu không?","Chào bạn, sáp tẩy trang cũng cần nhũ hóa kỹ như dầu tẩy trang để loại bỏ hoàn toàn cặn bẩn và tránh tình trạng bít tắc lỗ chân lông.

**Các bước nhũ hóa:**

1.  **Massage nhẹ nhàng:** Sau khi thoa sáp lên da khô, massage nhẹ nhàng để làm tan lớp trang điểm.
2.  **Thêm nước:** Cho từ từ nước ấm lên da, tiếp tục massage để sáp chuyển thành dạng sữa.
3.  **Massage kỹ:** Massage kỹ hơn để nhũ hóa hoàn toàn, đảm bảo sáp đã hòa tan hết.
4.  **Rửa sạch:** Rửa lại bằng sữa rửa mặt để loại bỏ hoàn toàn cặn sáp.

Việc nhũ hóa kỹ giúp sáp tẩy trang phát huy hiệu quả tốt nhất và không gây hại cho da."
"Đi du lịch mùa đông da khô nẻ, có tip nào để lớp nền không bị mốc không?","Chào bạn, da khô nẻ mùa đông rất dễ khiến lớp nền bị mốc. Để khắc phục, bạn cần:

1. **Dưỡng ẩm kỹ:** Ưu tiên cấp ẩm sâu với serum, kem dưỡng ẩm trước khi trang điểm.
2. **Chọn nền ẩm:** Dùng kem nền, cushion chứa thành phần dưỡng ẩm như hyaluronic acid, glycerin.
3. **Trộn nền:** Pha trộn kem nền với vài giọt dầu dưỡng để tăng độ ẩm, giúp nền mịn màng hơn.
4. **Phấn phủ ít:** Hạn chế dùng phấn phủ, hoặc chọn loại phấn phủ dạng cream/liquid thay vì bột.
"
Bà có bao giờ thử 'underpainting' chưa? Nghe nói giúp lớp nền tự nhiên hơn.,"Chào bạn, tôi đã thử kỹ thuật ""underpainting"" (tạo lớp nền trước) và thấy nó rất hiệu quả để có lớp nền tự nhiên hơn. 

**Các bước thực hiện:**

1.  **Dùng kem lót màu:** Chọn kem lót có màu đối lập với tông da (ví dụ, da vàng dùng kem lót tím).
2.  **Tán đều:** Tán mỏng kem lót lên da, tập trung vào vùng cần che khuyết điểm.
3.  **Thực hiện các bước trang điểm tiếp theo:** Tiếp tục đánh phấn nền, che khuyết điểm như bình thường.

**Lý do:** Kem lót màu giúp trung hòa các đốm đỏ, xỉn màu, tạo lớp nền đồng đều và tự nhiên hơn.
"
Mascara trong suốt có tác dụng gì vậy bà?,"Chào bạn, mascara trong suốt có nhiều công dụng hữu ích đấy!

1. **Tạo độ cong và giữ mi:** Mascara trong suốt giúp nâng và giữ mi cong tự nhiên mà không làm dày hay đổi màu mi.
2. **Làm dài mi:** Nó ""phủ"" lên từng sợi mi, giúp mi trông dài hơn một cách tự nhiên.
3. **Sử dụng như lớp lót:** Bạn có thể dùng trước khi đánh mascara thường để bảo vệ mi và tăng độ bám cho mascara màu.
4. **Tạo hiệu ứng tự nhiên:** Phù hợp cho những ngày bạn muốn trang điểm nhẹ nhàng, tự nhiên.
"
"Tui thấy nhiều người dùng son môi làm má hồng, có ổn không ta?","Chào bạn, việc dùng son môi làm má hồng hoàn toàn ổn, thậm chí còn rất phổ biến đó! Tuy nhiên, cần lưu ý chọn son kem hoặc son tint có kết cấu lỏng nhẹ, màu sắc phù hợp với tông da và đánh một lượng rất nhỏ thôi nhé.

**Các bước thực hiện:**

1.  Lấy một chút son ra mu bàn tay.
2.  Dùng cọ má hồng hoặc đầu ngón tay tán đều lên gò má.
3.  Nhớ tán nhanh tay để son không bị vón cục và hòa quyện với da tự nhiên.

**Lý do:** Son môi thường có màu sắc tươi tắn, giúp tạo đôi má ửng hồng tự nhiên."
Có nên dùng phấn phủ có nhũ cho toàn mặt không?,"Chào bạn, với kinh nghiệm trang điểm của mình, tôi khuyên bạn **không nên** dùng phấn phủ có nhũ cho toàn mặt. Nhũ sẽ làm nổi bật các nếp nhăn, lỗ chân lông và dễ khiến da trông không đều màu, đặc biệt dưới ánh đèn. Thay vào đó, bạn có thể dùng phấn phủ có nhũ nhẹ nhàng ở những vị trí bắt sáng như gò má, sống mũi, hoặc khóe mắt để tạo hiệu ứng glow tự nhiên và tinh tế hơn.
"
"Tui muốn mua một bảng mắt đa năng, vừa đi học vừa đi tiệc được, bà gợi ý hãng nào ổn?","Chào bạn, để chọn bảng mắt đa năng vừa đi học vừa đi tiệc, mình gợi ý bạn nên ưu tiên các bảng màu trung tính kết hợp các tông màu nổi bật. Hãng **Urban Decay Naked** (đặc biệt là Naked3 hoặc Naked Heat) hoặc **Huda Beauty Nude Obsessions** là những lựa chọn ổn định. 

*   **Lý do:** Màu sắc dễ phối, chất phấn tốt, bền màu và có nhiều lựa chọn từ matte đến shimmer.
*   **Cách dùng:** Đi học dùng các màu nude, nâu, cam đất; đi tiệc nhấn nhá thêm màu đồng, ánh kim, tím."
Da ngăm đen thì có nên dùng phấn má màu hồng cánh sen không?,"Chào bạn, với làn da ngăm đen, phấn má hồng cánh sen có thể dùng được nhưng cần lưu ý chọn sắc độ phù hợp. Thay vì màu hồng cánh sen quá tươi sáng, bạn nên ưu tiên các tông màu trầm ấm hơn như hồng đào, cam đào hoặc hồng san hô. Những màu này sẽ giúp da trông tươi tắn, rạng rỡ mà không bị ""lệch tông"". Tránh các màu quá lạnh hoặc quá nhạt, vì chúng có thể khiến da trông xám xịt.
"
Kỹ thuật 'tightline' là kẻ eyeliner ở đâu vậy bà?,"Chào bạn, kỹ thuật ""tightline"" (hay còn gọi là kẻ mắt nước viền trong) là kẻ eyeliner ở **viền trong của hàng mi trên**. 

**Cách thực hiện:** Bạn dùng eyeliner (thường là dạng gel hoặc chì không trôi) kẻ sát chân mi, lấp đầy khoảng trống giữa các sợi mi. 

**Lý do:** Tightline giúp mắt trông to hơn, rõ hơn và tạo cảm giác mi dày dặn tự nhiên mà không lộ đường kẻ eyeliner. Kỹ thuật này đặc biệt phù hợp với những bạn có mắt một mí hoặc muốn trang điểm mắt tự nhiên hàng ngày.
"
"Tui dùng kem chống nắng xong là mặt trắng bệch, có cách nào khắc phục không?","Chào bạn, tình trạng mặt trắng bệch sau khi dùng kem chống nắng rất phổ biến, đặc biệt với các loại kem chống nắng vật lý (chứa Zinc Oxide, Titanium Dioxide). Để khắc phục, bạn có thể:

1. **Chọn kem chống nắng phù hợp:** Ưu tiên các loại có tông màu (tinted sunscreen) hoặc kết hợp dưỡng ẩm.
2. **Trộn kem chống nắng:** Trộn một lượng nhỏ kem nền/BB cream với kem chống nắng để có màu sắc tự nhiên hơn.
3. **Sử dụng phấn:** Dặm một lớp phấn nhẹ sau khi dùng kem chống nắng để giảm độ bóng và làm đều màu da.

Lý do là kem chống nắng vật lý tạo lớp màng trắng trên da, cần các bước hỗ trợ để hòa quyện với màu da tự nhiên.
"
Bà có tip nào để son kem lì không bị khô và lộ vân môi không?,"Chào bạn, để son kem lì không bị khô và lộ vân môi, bạn hãy thử các bước sau nhé:

1. **Tẩy tế bào chết môi:** Loại bỏ da chết giúp son lên màu mịn màng hơn.
2. **Dưỡng ẩm môi:** Sử dụng son dưỡng trước khi đánh son kem.
3. **Đánh lớp son mỏng:** Tránh đánh quá dày, nhiều lớp.
4. **Sử dụng son lót:** Son lót giúp làm mịn bề mặt môi và khóa ẩm.

Những bước này giúp môi đủ ẩm, làm mờ vân môi và giúp son kem lì bám tốt hơn mà không bị khô căng.
"
"Phấn tạo khối màu xám tro với màu nâu ấm, nên chọn loại nào cho người châu Á?","Với người châu Á, phấn tạo khối màu nâu ấm sẽ là lựa chọn tốt hơn so với xám tro. Màu xám tro có thể khiến khuôn mặt trông xỉn màu và thiếu sức sống. Màu nâu ấm sẽ tạo ra hiệu ứng tự nhiên, giúp khuôn mặt có chiều sâu và đường nét rõ ràng hơn. Nên chọn tông màu nâu phù hợp với màu da của bạn, tránh chọn màu quá đậm hoặc quá nhạt.
"
"Tui thấy trên TikTok có trend dùng filter chọn màu makeup, có nên tin không?","Chào bạn, trend filter chọn màu makeup trên TikTok khá thú vị, nhưng đừng nên tin tưởng tuyệt đối nhé! Filter chỉ là công cụ ảo hóa, màu sắc hiển thị có thể khác với màu thực tế lên da bạn do ánh sáng, tông da và chất lượng sản phẩm. 

Thay vì dựa vào filter, hãy xác định tông da (ấm, lạnh, trung tính) và thử màu trực tiếp tại cửa hàng hoặc dùng các app thử màu ảo có đánh giá màu sắc chính xác hơn. Quan trọng nhất là chọn màu bạn thích và phù hợp với phong cách cá nhân!
"
Cọ quạt dùng để làm gì trong makeup vậy bà?,"Chào bạn, cọ quạt là một loại cọ đa năng trong trang điểm đó! Cọ này thường được dùng để đánh highlight lên các vùng gồ ghề như gò má, sống mũi, hoặc nhân trung, giúp tạo hiệu ứng bắt sáng tự nhiên, mềm mại. Ngoài ra, cọ quạt cũng có thể dùng để đánh phấn má hồng nhẹ nhàng hoặc làm mờ các đường viền trang điểm cho tự nhiên hơn. Lông cọ mềm mại giúp bạn tán đều sản phẩm mà không gây vệt.
"
Da bị mụn viêm có nên makeup không? Sợ tình trạng tệ hơn.,"Chào bạn, da mụn viêm vẫn có thể trang điểm được, nhưng cần hết sức cẩn thận để tránh làm tình trạng tệ hơn. 

**Các bước cần lưu ý:**

1.  **Chọn sản phẩm:** Ưu tiên các sản phẩm non-comedogenic (không gây tắc lỗ chân lông), mineral makeup hoặc các dòng dành riêng cho da mụn.
2.  **Chuẩn bị da:** Làm sạch nhẹ nhàng, dưỡng ẩm kỹ lưỡng.
3.  **Sử dụng cọ:** Hạn chế dùng tay, dùng cọ sạch để giảm ma sát và vi khuẩn.
4.  **Tránh che phủ quá dày:** Tập trung vào những vùng cần thiết, tránh ""bịt"" mụn.
5.  **Tẩy trang kỹ lưỡng:** Quan trọng nhất, tẩy trang thật sạch sau khi makeup.

"
"Tui mới mua chai xịt khoáng Avene, dùng trước hay sau makeup thì tốt?","Chào bạn, rất vui được tư vấn cho bạn về xịt khoáng Avene!

Bạn có thể dùng xịt khoáng Avene ở cả trước và sau khi trang điểm đều được, tùy mục đích sử dụng:

*   **Trước makeup:** Giúp cấp ẩm, làm dịu da, giúp lớp nền mịn màng hơn.
*   **Sau makeup:** Giúp khóa lớp nền, tăng độ bền màu và giúp da không bị khô căng.

Lời khuyên: Nếu da bạn khô, nên xịt trước và sau makeup. Nếu da dầu, chỉ nên xịt sau khi makeup để kiểm soát dầu thừa."
"Làm sao để biết undertone của da mình là nóng, lạnh hay trung tính?","Để xác định undertone da, bạn có thể dùng cách sau:

1. **Kiểm tra tĩnh mạch:** Quan sát tĩnh mạch ở cổ tay dưới ánh sáng tự nhiên. Xanh lam/tím gợi undertone lạnh, xanh lục gợi undertone nóng, khó xác định là undertone trung tính.
2. **Trang sức:** Vàng hợp với undertone nóng, bạc hợp với undertone lạnh.
3. **Màu sắc:** Màu đỏ cam/vàng cam tôn da nếu undertone nóng, đỏ hồng/màu berry tôn da nếu undertone lạnh.

Đây là những cách đơn giản, giúp bạn chọn mỹ phẩm phù hợp.
"
"Tui muốn thử kẻ mắt bằng phấn mắt, có cần cọ chuyên dụng không?","Chào bạn, hoàn toàn có thể kẻ mắt bằng phấn mắt đó! Bạn không nhất thiết phải dùng cọ chuyên dụng, nhưng để dễ thao tác và đường kẻ sắc nét hơn, mình khuyên bạn nên dùng cọ đầu vát nhỏ hoặc cọ eyeliner dẹt. Nếu không có, bạn có thể dùng cọ tán phấn nhỏ, nhúng vào nước để phấn bám tốt hơn rồi kẻ nhé. Quan trọng là làm quen với lực tay để có đường kẻ ưng ý!
"
"Son bóng có nhũ với son bóng không nhũ, loại nào làm môi căng mọng hơn?","Chào bạn,

Son bóng có nhũ sẽ tạo hiệu ứng căng mọng thị giác tốt hơn son bóng không nhũ. Nhũ trong son bóng phản xạ ánh sáng, làm môi trông đầy đặn và có chiều sâu hơn. Tuy nhiên, hiệu ứng này chỉ là tạm thời và có thể không phù hợp với mọi phong cách trang điểm. Son bóng không nhũ lại mang đến vẻ tự nhiên, mềm mại hơn cho đôi môi.
"
"Tui thấy có loại kem nền serum, nó khác gì kem nền thường?","Chào bạn, kem nền serum khác kem nền thường ở kết cấu và thành phần. Kem nền serum thường lỏng nhẹ hơn, chứa nhiều thành phần dưỡng da như vitamin, hyaluronic acid, giúp cấp ẩm, làm dịu da trong quá trình trang điểm. 

Kem nền thường có độ che phủ cao hơn, phù hợp che khuyết điểm rõ rệt. Kem nền serum thích hợp với da khô, da thường, muốn lớp nền mỏng nhẹ, tự nhiên và chăm sóc da đồng thời.
"
Đi chụp hình thẻ nên makeup sao cho mặt không bị bợt với rõ nét?,"Để có bức ảnh thẻ tự nhiên, rõ nét, bạn nên ưu tiên makeup nhẹ nhàng, tập trung vào các bước sau:

1. **Che khuyết điểm:** Dùng kem che khuyết điểm màu sáng hơn da 1 tông để quầng thâm mắt, mụn được che phủ.
2. **Phấn phủ:** Chọn phấn phủ trong suốt hoặc màu trùng với da, đánh nhẹ để kiềm dầu và làm mịn da.
3. **Má hồng:** Đánh má hồng màu đào hoặc cam nhạt để tạo vẻ tươi tắn.
4. **Kẻ lông mày:** Kẻ lông mày tự nhiên, không quá đậm.
5. **Son môi:** Chọn son màu nude hoặc hồng nhạt.

Tránh makeup quá đậm, đặc biệt là phấn mắt và son môi, vì sẽ làm khuôn mặt trông cứng và không tự nhiên.
"
Bà có hay dùng primer cho môi không? Có tác dụng gì?,"Chào bạn, với vai trò là chuyên gia trang điểm, tôi thường xuyên sử dụng primer cho môi, đặc biệt khi trang điểm chuyên nghiệp hoặc muốn lớp son lâu trôi. 

Primer cho môi có tác dụng làm mịn bề mặt môi, che đi các rãnh nhăn và giúp son bám dính tốt hơn. Nó còn tạo một lớp bảo vệ, ngăn son bị lem hoặc phai màu, đồng thời dưỡng ẩm cho môi. Nhờ đó, đôi môi trông đầy đặn, căng mọng và sắc nét hơn.
"
"Tui đánh khối mũi hoài mà nhìn vẫn không cao, có sai ở đâu không?","Chào bạn, việc đánh khối mũi không hiệu quả có thể do một vài nguyên nhân. Đầu tiên, bạn cần xác định đúng vị trí đánh khối: bắt đầu từ chân mày, dọc theo sống mũi và dừng lại khoảng 1/3 chiều dài mũi. Thứ hai, hãy đảm bảo khối mũi có tông màu phù hợp với màu da và tán đều tay để tránh đường nét bị lộ. Cuối cùng, đừng quên highlight dọc sống mũi để tạo hiệu ứng 3D, giúp mũi trông cao và thon hơn nhé!
"
"Mascara waterproof tẩy trang khó quá, có cách nào dễ hơn không?","Chào bạn, tẩy trang mascara waterproof đúng là ""khó nhằn"" thật! Để dễ hơn, bạn nên dùng dầu tẩy trang chuyên dụng cho mắt, thoa lên mi mắt và giữ khoảng 20-30 giây để làm mềm mascara. Sau đó, dùng bông tẩy trang lau nhẹ nhàng theo chiều lông mi, tránh chà xát mạnh gây rụng mi. Nếu vẫn còn sót, bạn có thể dùng thêm nước tẩy trang dịu nhẹ để loại bỏ hoàn toàn.
"
"Tui thấy mấy bạn Hàn hay có kiểu má hồng lan qua mũi, nhìn lạ lạ.","Chào bạn, kiểu má hồng ""lan qua mũi"" đang rất được ưa chuộng trong trang điểm Hàn Quốc vì tạo hiệu ứng khuôn mặt trẻ trung, tự nhiên và có chút ngây thơ. Để thực hiện, bạn hãy:

1.  **Chọn màu:** Ưu tiên các tông hồng đào, cam đào.
2.  **Đánh má hồng:** Bắt đầu từ vùng gò má, tán nhẹ nhàng về phía thái dương và kéo dài một chút xuống sống mũi.
3.  **Tán đều:** Đảm bảo không có đường viền sắc nét, màu má hòa quyện tự nhiên với da.

Kiểu đánh này phù hợp với những bạn có sống mũi thấp, giúp mũi trông cao hơn và khuôn mặt cân đối hơn."
Có loại phấn phủ nào kiềm dầu tốt mà không làm mặt bị 'flat' không?,"Chào bạn, hoàn toàn có phấn phủ kiềm dầu tốt mà vẫn giữ được độ tự nhiên cho da!

**Gợi ý:** Phấn phủ dạng bột mịn (loose powder) với công thức ""blurring"" hoặc ""soft-focus"" là lựa chọn tốt. Các hạt phấn siêu mịn sẽ hấp thụ dầu thừa, che mờ lỗ chân lông mà không gây bí bách hay làm da mất đi vẻ sống động.

**Thương hiệu gợi ý:** Innisfree No-Sebum Mineral Powder, Laura Mercier Translucent Loose Setting Powder.

**Lưu ý:** Dùng cọ đánh phấn nhẹ nhàng, tập trung vào vùng chữ T để tránh làm dày lớp trang điểm.
"
Tui muốn mua một cây son đỏ thuần mà không biết chọn của hãng nào.,"Chào bạn, để chọn son đỏ thuần, mình gợi ý bạn một vài lựa chọn nhé!

*   **MAC Ruby Woo:** Màu đỏ cổ điển, chất lì, bền màu, phù hợp mọi tông da.
*   **Charlotte Tilbury Pillow Talk Medium:** Đỏ hồng nhẹ nhàng, chất son mềm mịn, dưỡng ẩm tốt.
*   **YSL Rouge Pur Couture #13 Le Rouge:** Đỏ tươi, sang trọng, chất son mướt, lên màu chuẩn.

Bạn nên thử trực tiếp tại cửa hàng để chọn màu và chất son phù hợp nhất với sở thích và màu da của mình nhé!
"
Makeup tone cam có hợp với người da vàng không bà?,"Chào bạn, makeup tone cam hoàn toàn hợp với người da vàng, thậm chí còn rất tôn da nữa đó!

**Tại sao?** Vì sắc cam có undertone ấm, sẽ giúp cân bằng và làm da vàng trông tươi sáng, rạng rỡ hơn. Tuy nhiên, bạn nên chọn sắc cam phù hợp:

1.  **Da sáng:** Cam đào, cam san hô.
2.  **Da trung bình:** Cam cháy, cam gạch.
3.  **Da ngăm:** Cam đất, cam nâu.

Nhớ tán đều để tránh bị ""cam đất"" nhé!
"
Kẹp mi trước hay sau khi chuốt mascara thì đúng?,"Chào bạn, đây là một câu hỏi rất phổ biến trong trang điểm!

**Nên kẹp mi trước khi chuốt mascara.** Lý do là vì khi mi đã được chuốt mascara, chúng sẽ trở nên cứng hơn và dễ bị gãy nếu kẹp. Kẹp mi trước giúp mi cong tự nhiên, tạo nền tảng tốt để mascara phát huy hiệu quả, giúp mi dài và dày hơn. Sau khi chuốt mascara, bạn có thể dùng kẹp mi nhẹ nhàng để cố định độ cong nếu cần.
"
"Tui mới mua lọ kem nền mà nó hơi đặc, có cách nào làm lỏng bớt không?","Chào bạn, kem nền đặc có thể do nhiều nguyên nhân như nhiệt độ thấp hoặc thành phần kem. Bạn có thể khắc phục bằng cách:

1. **Thêm vài giọt dầu dưỡng/serum:** Trộn đều để chất kem mềm hơn, dễ tán.
2. **Làm ấm kem nền:** Ngâm lọ kem trong nước ấm khoảng 2-3 phút.
3. **Sử dụng với kem dưỡng ẩm:** Trộn kem nền với kem dưỡng ẩm theo tỉ lệ nhỏ để làm loãng.

Lưu ý: Không dùng nước để pha loãng vì sẽ làm mất chất kem và giảm độ bám.
"
Bà có hay dùng cọ để tô son không hay tô trực tiếp từ thỏi?,"Chào bạn, với kinh nghiệm trang điểm của mình, tôi thường ưu tiên dùng cọ tô son hơn là tô trực tiếp từ thỏi. Việc sử dụng cọ giúp son lên màu chuẩn xác, dễ dàng kiểm soát lượng son và tạo đường viền môi sắc nét. Đặc biệt, cọ giúp vệ sinh môi tốt hơn, tránh lây nhiễm vi khuẩn từ thỏi son. Tuy nhiên, nếu bạn thích sự nhanh chóng, tô trực tiếp vẫn được, nhưng nên tẩy tế bào chết môi thường xuyên nhé!
"
Kem che khuyết điểm màu xanh lá dùng để che loại khuyết điểm nào vậy?,"Kem che khuyết điểm màu xanh lá cây được sử dụng để trung hòa các vùng da bị đỏ, như mụn trứng cá đang viêm, vết đỏ do rosacea, hoặc các vết thương nhỏ đang lành. Màu xanh lá cây là màu đối lập của màu đỏ trên vòng tròn màu, do đó khi kết hợp, chúng sẽ loại bỏ lẫn nhau, giúp da trông đều màu hơn. Bạn nên dùng một lượng nhỏ và tán đều để đạt hiệu quả tốt nhất.
"
"Tui thấy có người dùng phấn rôm em bé thay phấn phủ, có nên không?","Chào bạn, việc dùng phấn rôm em bé thay phấn phủ không được khuyến khích bạn nhé. Phấn rôm em bé có thành phần khác với phấn phủ, thường chứa bột talc và các chất dưỡng ẩm, có thể gây bí da, làm tắc nghẽn lỗ chân lông và dẫn đến mụn. Phấn phủ trang điểm có công thức kiểm soát dầu tốt hơn, lại còn chứa các thành phần bảo vệ da nữa đó. Để an toàn, bạn nên dùng phấn phủ chuyên dụng cho mặt nha!
"
Đi bơi thì nên makeup không? Nếu có thì dùng sản phẩm gì?,"Đi bơi thì không nên trang điểm quá kỹ vì có thể làm tắc nghẽn lỗ chân lông và gây kích ứng da khi tiếp xúc với clo trong nước. Tuy nhiên, bạn có thể dùng một số sản phẩm nhẹ nhàng để có vẻ ngoài tươi tắn hơn:

1.  **Kem chống nắng:** Chọn loại chống nước, phổ rộng, chỉ số SPF từ 30 trở lên.
2.  **Son dưỡng có SPF:** Bảo vệ môi khỏi khô ráp và cháy nắng.
3.  **Mascara chống nước:** Nếu muốn mắt trông rõ hơn, hãy dùng mascara chống nước.

Tránh dùng phấn nền, kem nền, hoặc bất kỳ sản phẩm nào dễ lem khi gặp nước.
"
"Tui muốn thử kiểu 'fox eyes', có khó kẻ không?","Chào bạn, kiểu ""fox eyes"" (mắt cáo) không quá khó như bạn nghĩ đâu! Để kẻ mắt kiểu này, bạn cần:

1. **Kẻ eyeliner:** Bắt đầu từ 1/3 đường mắt, kéo dài và nhếch lên hướng đuôi mắt, tạo góc nhọn.
2. **Tạo bóng:** Dùng phấn mắt tối màu hoặc eyeliner tán nhẹ dưới đường kẻ mắt để tạo chiều sâu.
3. **Làm sáng:** Highlight phần đầu mắt và dưới chân mày để mắt trông to và sắc sảo hơn.

Quan trọng là tập luyện để tay vững và chọn loại eyeliner phù hợp nhé!
"
"Màu son hồng đất với cam đất, màu nào dễ dùng hàng ngày hơn?","Chào bạn, với câu hỏi này, mình nghĩ **cam đất** dễ dùng hàng ngày hơn đó. Hồng đất có thể kén màu da, đặc biệt với những bạn da ngăm hoặc da xanh xao. Cam đất lại là tông màu trung tính, ấm áp, phù hợp với nhiều tông da, giúp da trông tươi tắn và khỏe khoắn hơn. Dù trang điểm nhẹ nhàng hay đậm đà, cam đất đều là lựa chọn an toàn và dễ phối đồ.
"
Làm sao để lớp nền không bị trôi khi đeo khẩu trang?,"Để lớp nền không bị trôi khi đeo khẩu trang, bạn cần chú trọng các bước sau:

1. **Chuẩn bị da:** Dưỡng ẩm kỹ để da không bị khô, hút dầu từ lớp nền.
2. **Sử dụng primer:** Primer giúp khóa ẩm, làm mịn da và tạo lớp nền bám dính hơn.
3. **Chọn nền lì (matte) và lâu trôi:** Tránh nền ẩm hoặc quá bóng.
4. **Cố định lớp nền:** Dùng phấn phủ dạng bột hoặc xịt khóa nền để tăng độ bền.
5. **Hạn chế chạm tay vào mặt:** Giúp tránh làm lớp nền bị lem.
"
"Bà có hay dùng dầu dưỡng trước khi makeup không, có sợ bị bóng nhờn không?","Chào bạn, với kinh nghiệm trang điểm của mình, tôi luôn ưu tiên sử dụng dầu dưỡng trước khi makeup. Dầu dưỡng giúp cấp ẩm, làm mềm da và tạo một lớp nền mịn màng hơn, giúp lớp makeup bám tốt hơn.

Về việc sợ bóng nhờn, bạn có thể chọn các loại dầu dưỡng nhẹ, thẩm thấu nhanh như dầu jojoba, dầu hạt nho hoặc dầu squalane. Thoa một lượng nhỏ và massage nhẹ nhàng để dầu hấp thụ hoàn toàn trước khi bắt đầu các bước makeup khác. Như vậy, da sẽ đủ ẩm mà không bị bóng dầu.
"
Tui mua bảng màu mắt mà có mấy ô màu lạ quá không biết dùng sao.,"Chào bạn, bảng màu mắt có nhiều màu lạ có thể khiến bạn bối rối! Đừng lo, mình sẽ giúp bạn nhé.

**Bước 1:** Xác định undertone da (ấm, lạnh, trung tính). Màu mắt ấm hợp da ấm, màu mắt lạnh hợp da lạnh.
**Bước 2:** Bắt đầu với màu trung tính (nâu, be) làm lớp nền.
**Bước 3:** Dùng màu lạ làm điểm nhấn ở đuôi mắt hoặc bọng mắt.
**Bước 4:** Pha trộn màu lạ với màu trung tính để tạo hiệu ứng chuyển màu nhẹ nhàng.

Quan trọng nhất là thử nghiệm để tìm ra cách phối màu phù hợp với bạn!
"
Có cách nào để mascara không bị lem xuống mi dưới khi cười nhiều không?,"Để mascara không bị lem xuống mi dưới khi cười nhiều, bạn có thể thử các bước sau:

1. **Sử dụng mascara chống thấm nước:** Loại mascara này bền hơn và ít bị lem hơn.
2. **Chải mascara từ chân mi lên:** Điều này giúp tạo độ cong và giữ mi trên không chạm mi dưới.
3. **Thấm bớt mascara thừa:** Dùng khăn giấy thấm nhẹ đầu cọ trước khi chải để tránh lượng mascara quá nhiều.
4. **Phấn bột:** Thấm một chút phấn bột lên mi dưới trước khi chải mascara để tạo lớp nền hút dầu.
"
"Tui mới tập tành makeup, nên đầu tư vào món nào đầu tiên?","Chào bạn, với người mới bắt đầu makeup, mình khuyên bạn nên đầu tư vào kem nền (foundation) hoặc BB cream trước. Vì đây là lớp nền, quyết định đến độ che phủ và tông da tổng thể. Chọn loại phù hợp với loại da (khô, dầu, hỗn hợp) và màu da của bạn nhé. Tiếp theo, phấn phủ dạng bột giúp khóa lớp nền, hạn chế dầu thừa và giúp makeup bền hơn. Hai món này sẽ giúp bạn có một lớp nền cơ bản hoàn chỉnh!
"
"Son kem lì của 3CE với Black Rouge, bà thấy hãng nào ổn hơn?","Chào bạn, cả 3CE Velvet Lip Tint và Black Rouge Air Fit Velvet Tint đều là những lựa chọn son kem lì rất tốt. Tuy nhiên, nếu phải chọn, mình thấy **Black Rouge** nhỉnh hơn một chút về độ bền màu và khả năng lên màu chuẩn, đặc biệt với những tông da trung bình đến tối. 3CE thì mềm mại hơn, phù hợp với những bạn thích chất son nhẹ nhàng, thoải mái. Quan trọng nhất vẫn là bạn nên thử trực tiếp để chọn màu và chất son ưng ý nhất nhé!
"
"Tui thấy có nhiều loại giấy thấm dầu: dạng phim, dạng giấy thường, dạng có phấn. Nên chọn loại nào?","Chào bạn, việc chọn giấy thấm dầu phụ thuộc vào loại da và nhu cầu cá nhân.

*   **Giấy thấm dầu thường:** Phù hợp da dầu nhẹ, thấm dầu tốt nhưng có thể làm lớp trang điểm bị xê dịch.
*   **Giấy thấm dầu dạng phim:** Mỏng, mềm, thấm dầu hiệu quả mà không làm ảnh hưởng nhiều đến lớp trang điểm. Thích hợp cho mọi loại da, kể cả da nhạy cảm.
*   **Giấy thấm dầu có phấn:** Thích hợp da dầu nhiều, giúp kiểm soát dầu và làm mịn da. Tuy nhiên, cần dùng cẩn thận vì có thể làm dày lớp trang điểm.

"
Làm sao để kẻ viền môi không bị già với sắc quá?,"Để kẻ viền môi không bị già và sắc quá, bạn nên chọn màu son gần với màu môi tự nhiên hoặc nhạt hơn một chút. Kẻ viền môi chỉ nên tập trung vào những chỗ cần định hình, không cần thiết kẻ toàn bộ viền.

**Các bước thực hiện:**

1.  **Tô son dưỡng:** Giúp môi mềm mịn, dễ kẻ.
2.  **Chọn màu kẻ:** Tông màu nude, hồng đào hoặc màu son bạn dùng.
3.  **Kẻ nhẹ nhàng:** Tập trung vào khóe môi, tránh kẻ quá đà.
4.  **Tô son:** Tô son lên toàn bộ môi, hòa trộn với viền kẻ.

"
"Tui muốn thử tone makeup 'Euphoria' lấp lánh, cần những gì đặc biệt?","Chào bạn! Tone makeup ""Euphoria"" nổi bật với sự lấp lánh và màu sắc táo bạo. Bạn cần:

1.  **Phấn mắt:** Bảng phấn mắt nhiều màu, đặc biệt là các tông neon, pastel và shimmer.
2.  **Keo dán:** Keo dán lông mi hoặc keo chuyên dụng để dán đá, ngọc trai.
3.  **Đá, ngọc trai, kim tuyến:** Các loại đá, ngọc trai, kim tuyến với nhiều kích cỡ và màu sắc.
4.  **Chì kẻ mắt/eyeliner:** Màu trắng hoặc neon để tạo điểm nhấn.
5.  **Mascara:** Masara màu trắng hoặc có nhũ.

Quan trọng nhất là thỏa sức sáng tạo và đừng ngại thử nghiệm!
"
Kem nền bị oxy hóa là sao vậy bà? Có cách nào hạn chế không?,"Chào bạn, kem nền bị oxy hóa là hiện tượng kem nền tiếp xúc với không khí, ánh sáng và vi khuẩn, dẫn đến sự thay đổi về màu sắc (thường sẫm màu hơn) và kết cấu. 

Để hạn chế, bạn nên:

1.  **Đậy kín nắp:** Ngăn không khí tiếp xúc trực tiếp.
2.  **Bảo quản nơi khô ráo, thoáng mát:** Tránh ánh nắng trực tiếp và nhiệt độ cao.
3.  **Sử dụng cọ/mút sạch:** Hạn chế đưa vi khuẩn vào sản phẩm.
4.  **Không dùng tay trực tiếp:** Tránh làm ấm kem nền và lây nhiễm vi khuẩn.
"
Bà có hay dùng phấn nước (cushion) không? Có tiện hơn kem nền không?,"Chào bạn, với kinh nghiệm trang điểm của mình, tôi thường xuyên sử dụng phấn nước. Phấn nước tiện lợi hơn kem nền ở nhiều điểm: tích hợp nhiều chức năng (dưỡng ẩm, che phủ, chống nắng), dễ dàng mang theo và thao tác nhanh chóng. Tuy nhiên, độ che phủ của phấn nước thường nhẹ hơn kem nền, phù hợp với những làn da ít khuyết điểm hoặc muốn trang điểm tự nhiên hàng ngày. Nếu da bạn cần che phủ hoàn toàn, kem nền vẫn là lựa chọn tốt hơn.
"
Tẩy tế bào chết cho môi tuần mấy lần là đủ?,"Chào bạn, với vai trò là một chuyên gia trang điểm, tôi khuyên bạn nên tẩy tế bào chết cho môi 1-2 lần mỗi tuần là đủ. Việc này giúp loại bỏ da chết, làm mềm môi, giúp son lên màu chuẩn hơn và ngăn ngừa tình trạng môi bị nứt nẻ. Tuy nhiên, nếu môi bạn nhạy cảm, hãy bắt đầu với 1 lần/tuần và quan sát phản ứng của da nhé. Đừng tẩy tế bào chết quá mạnh hoặc thường xuyên, vì có thể gây tổn thương môi.
"
"Đi đám cưới bạn thân, nên chọn layout makeup an toàn hay phá cách một chút?","Chào bạn, với đám cưới bạn thân, mình khuyên bạn nên chọn layout makeup **phá cách một chút** nhưng vẫn đảm bảo sự tinh tế, chỉn chu. Vì đây là dịp đặc biệt, bạn có thể thử những màu mắt nổi bật hơn bình thường (như cam đất, hồng đào), hoặc nhấn nhá bằng chút nhũ. Tuy nhiên, hãy ưu tiên những tông màu hợp với màu da và trang phục, tránh quá lòe loẹt. Quan trọng nhất là bạn cảm thấy tự tin và xinh đẹp nhất!
"
"Tui mới mua cây chì kẻ mày 2 đầu, một đầu chì một đầu mascara mày, dùng có tiện không?","Chào bạn, chì kẻ mày 2 đầu (chì + mascara) khá tiện lợi cho người mới bắt đầu trang điểm đấy! Đầu chì giúp bạn định hình dáng mày, lấp đầy những chỗ thưa. Sau đó, dùng đầu mascara chải nhẹ để các sợi chì hòa quyện tự nhiên hơn, giúp lông mày trông dày và vào nếp. Tuy nhiên, nếu bạn muốn một đôi mày sắc sảo, chuyên nghiệp hơn thì có thể cân nhắc dùng thêm các sản phẩm chuyên dụng khác nhé.
"
Làm sao để phấn má lên màu đều mà không bị hai cục tròn?,"Để phấn má lên màu đều và tự nhiên, tránh bị vệt tròn, bạn hãy làm theo các bước sau:

1. **Chọn cọ phù hợp:** Sử dụng cọ má hồng mềm, đầu vát hoặc xéo.
2. **Lấy lượng phấn vừa đủ:** Gõ nhẹ cọ để loại bỏ phấn thừa.
3. **Tập trung vào gò má:** Mỉm cười để xác định gò má, sau đó tán phấn theo đường chéo từ gò má về thái dương.
4. **Tán đều:** Chuyển động xoay tròn nhỏ và nhẹ nhàng để hòa quyện phấn với da.

Lý do: Lượng phấn vừa đủ và kỹ thuật tán đúng sẽ giúp màu má hòa quyện tự nhiên, tránh tập trung thành vệt.
"
"Tui thấy có loại xịt khoáng có nhũ, dùng có làm mặt bị bóng lộn không?","Chào bạn, xịt khoáng có nhũ có thể khiến da bạn trông bóng bẩy hơn, nhưng không nhất thiết là ""bóng lộn"" đâu nhé. Hiệu ứng bóng này đến từ các hạt nhũ li ti, giúp da bắt sáng và có vẻ căng mọng hơn. 

Tuy nhiên, nếu bạn có làn da dầu hoặc dễ đổ bóng, nên xịt nhẹ nhàng và cách xa mặt khoảng 20-30cm để tránh tình trạng quá bóng. Bạn cũng có thể dùng xịt khoáng có nhũ sau khi đánh phấn để cố định lớp trang điểm và tăng độ glow tự nhiên.
"
Da nhạy cảm có nên dùng mỹ phẩm handmade không?,"Chào bạn, với da nhạy cảm, việc dùng mỹ phẩm handmade cần hết sức cẩn trọng. Ưu điểm của mỹ phẩm handmade là thành phần tự nhiên, ít hóa chất. Tuy nhiên, vì không qua kiểm định nghiêm ngặt, nguy cơ gây kích ứng từ nguồn gốc, quy trình sản xuất hoặc bảo quản không đảm bảo là rất cao. 

Lời khuyên: Nếu muốn dùng, hãy tìm hiểu kỹ nguồn gốc, thành phần, test thử trên vùng da nhỏ trước khi sử dụng rộng rãi và ưu tiên các công thức đơn giản, ít thành phần.
"
Bà có bí quyết nào để lông mi cong vút cả ngày không?,"Chào bạn, để có hàng mi cong vút cả ngày, mình có một vài bí quyết sau:

1. **Uốn mi:** Uốn mi trước khi chải mascara, giữ mỗi lần 5-10 giây, lặp lại 3 lần từ gốc đến ngọn.
2. **Chải mascara:** Chải mascara từ gốc, hơi nâng lên, sau đó chải nhẹ phần ngọn.
3. **Khóa mi:** Sau khi mascara khô, dùng kẹp mi nhẹ nhàng giữ lại hình dáng cong.
4. **Mascara chống thấm nước:** Sử dụng mascara chống thấm nước giúp mi không bị cụp do thời tiết hoặc dầu nhờn.

Chúc bạn có đôi mắt đẹp!
"
"Tui muốn thử kiểu kẻ mắt puppy eyeliner, có hợp với mắt tròn không?","Chào bạn, kiểu kẻ mắt puppy eyeliner rất hợp với mắt tròn đó! Vì mắt tròn thường thiếu đường nét góc cạnh, kiểu kẻ này sẽ giúp tạo hiệu ứng mắt dài và to hơn. 

**Cách thực hiện:**

1.  Kẻ một đường mỏng, hơi chếch lên ở đuôi mắt.
2.  Đừng kéo dài đường kẻ quá nhiều, chỉ cần nhấn nhá nhẹ ở đuôi mắt là đủ.
3.  Có thể dùng chì kẻ mắt hoặc gel liner, sau đó tán nhẹ để tạo vẻ tự nhiên.

Chúc bạn thành công với kiểu trang điểm này nhé!
"
Son màu hồng fuchsia có kén người dùng không bà?,"Son màu hồng fuchsia là một màu sắc nổi bật và có thể kén người dùng, nhưng không phải ai cũng không thể diện được. Màu son này đặc biệt hợp với những người có tông da trung bình đến tối, bởi nó sẽ làm nổi bật làn da và mang đến vẻ tươi trẻ. Với những bạn da trắng, cần kết hợp trang điểm tổng thể hài hòa để tránh bị ""dừ"" hoặc quá lòe loẹt. Quan trọng nhất là sự tự tin khi sử dụng màu son này!
"
Làm sao để lớp nền không bị cakey khi thời tiết hanh khô?,"Để tránh lớp nền bị cakey khi thời tiết hanh khô, bạn cần chuẩn bị kỹ và chọn sản phẩm phù hợp:

1. **Dưỡng ẩm kỹ:** Sử dụng serum, kem dưỡng ẩm giàu hyaluronic acid để cấp nước cho da.
2. **Chọn primer:** Dùng primer dưỡng ẩm, giúp làm mềm da và khóa ẩm.
3. **Sử dụng nền lỏng/kem:** Tránh nền dạng bột, ưu tiên nền lỏng hoặc kem có độ ẩm cao.
4. **Áp dụng nền mỏng lớp:** Dùng mút hoặc cọ tán đều, tránh thoa quá nhiều sản phẩm.
5. **Xịt khóa nền:** Xịt khóa nền sau khi hoàn thành để giữ ẩm và giúp lớp nền bám dính hơn.
"
"Tui thấy người ta dùng băng keo để kẻ eyeliner cho sắc nét, có nên thử không?","Chào bạn, việc dùng băng keo để kẻ eyeliner sắc nét là một mẹo khá phổ biến đó! Về cơ bản, bạn có thể thử, nhưng cần cẩn thận.

**Các bước thực hiện:**

1.  **Chọn băng keo:** Ưu tiên loại băng keo giấy, ít gây kích ứng da hơn.
2.  **Dán băng keo:** Dán sát đường kẻ eyeliner mong muốn, chừa khoảng trống để vẽ.
3.  **Kẻ eyeliner:** Sử dụng eyeliner nước hoặc gel, kẻ dọc theo mép băng keo.
4.  **Gỡ băng keo:** Gỡ nhẹ nhàng khi eyeliner còn ướt để có đường kẻ sắc nét.

**Lưu ý:** Cẩn thận khi gỡ băng keo để tránh làm tổn thương da. Nếu da bạn nhạy cảm, hãy thử trên vùng da nhỏ trước nhé!"
Bà có hay dùng phấn highlight cho xương quai xanh không?,"Chào bạn, với vai trò là chuyên gia trang điểm, tôi rất hay sử dụng phấn highlight cho xương quai xanh. Việc này giúp tạo điểm nhấn, làm nổi bật vùng da này và mang lại vẻ ngoài quyến rũ, thanh thoát.

**Cách thực hiện:**
1.  Chọn phấn highlight có tông màu phù hợp với da.
2.  Dùng cọ nhỏ đánh nhẹ phấn lên xương quai xanh, tập trung vào phần cao nhất.
3.  Tán đều để phấn hòa quyện với da, tránh đường phấn bị đậm quá.

Highlight xương quai xanh đặc biệt hiệu quả với các trang phục trễ vai hoặc cổ chữ V.
"
Tẩy trang xong có cần dùng sữa rửa mặt nữa không hay chỉ cần nước là đủ?,"Chào bạn, sau khi tẩy trang, việc dùng sữa rửa mặt là **cần thiết**, không nên chỉ dùng nước. Dù tẩy trang đã loại bỏ lớp makeup, vẫn còn sót lại cặn bẩn, dầu thừa và tế bào chết. Sữa rửa mặt sẽ giúp làm sạch sâu lỗ chân lông, loại bỏ hoàn toàn tạp chất, ngăn ngừa mụn và giúp da thông thoáng, hấp thụ tốt các sản phẩm dưỡng da tiếp theo. Hãy chọn sữa rửa mặt phù hợp với loại da của bạn nhé!
"
"Tui mới nhuộm tóc màu nâu khói, nên chọn chì kẻ mày màu gì?","Chào bạn! Với tóc màu nâu khói, bạn nên chọn chì kẻ mày có tông màu lạnh để hài hòa với màu tóc. Các lựa chọn phù hợp là:

1.  **Màu xám nâu:** Đây là lựa chọn an toàn và phổ biến, gần với màu tóc và tạo vẻ tự nhiên.
2.  **Màu nâu tro:** Nếu tóc bạn nâu khói sáng, màu này sẽ rất hợp.
3.  **Màu nâu lạnh:** Dành cho những bạn thích hàng mày đậm nét hơn một chút.

Tránh các màu chì kẻ mày quá ấm như nâu vàng hoặc đỏ, vì sẽ gây đối lập với màu tóc."
"Phấn phủ của Chanel với Dior, bà thấy loại nào dùng thích hơn?","Chào bạn, với kinh nghiệm trang điểm của mình, tôi thấy phấn phủ Chanel và Dior đều rất tốt, nhưng phù hợp với những nhu cầu khác nhau.

**Chanel** thường có độ che phủ nhẹ nhàng, tự nhiên, giúp da mịn màng và rạng rỡ. Phù hợp với da thường hoặc da ít khuyết điểm.

**Dior** thì có độ che phủ tốt hơn, kiềm dầu hiệu quả, giúp lớp nền bền vững hơn. Phù hợp với da dầu hoặc da hỗn hợp, cần che phủ nhiều hơn.

Tóm lại, nếu bạn thích lớp nền tự nhiên, Chanel là lựa chọn tốt. Còn nếu bạn cần kiềm dầu và che phủ tốt, Dior sẽ phù hợp hơn.
"
Tui dùng son dưỡng có màu hàng ngày thay son thường được không?,"Chào bạn, hoàn toàn có thể dùng son dưỡng có màu thay son thường hàng ngày nhé! Son dưỡng có màu giúp cấp ẩm cho môi, bảo vệ môi khỏi tác hại của môi trường, đồng thời vẫn mang lại một chút sắc màu tươi tắn. Tuy nhiên, nếu bạn muốn màu son đậm và bền màu hơn thì son thường vẫn là lựa chọn tốt hơn. Hãy chọn son dưỡng có màu có chỉ số SPF để bảo vệ môi tối ưu bạn nhé!
"
Cách phân biệt kem nền thật giả khi mua online sao bà?,"Chào bạn, để phân biệt kem nền thật giả khi mua online, bạn nên chú ý các điểm sau:

1. **Giá cả:** Giá quá rẻ so với thị trường thường là hàng giả.
2. **Nguồn gốc:** Mua ở các trang uy tín, có đại lý chính hãng.
3. **Bao bì:** Kiểm tra kỹ đường nét in ấn, màu sắc, mã vạch có rõ ràng không.
4. **Kết cấu:** Kem thật mịn, đồng đều, không vón cục hay mùi lạ.
5. **Mã QR:** Quét mã QR trên sản phẩm để kiểm tra nguồn gốc (nếu có).

Chúc bạn mua được sản phẩm ưng ý!
"
"Tui muốn thử trang điểm kiểu 'glass skin' của Hàn, bí quyết là gì?","Chào bạn, ""glass skin"" hay ""da thủy tinh"" là xu hướng trang điểm Hàn Quốc giúp da trông căng bóng, mịn màng như gương. Bí quyết nằm ở việc dưỡng ẩm kỹ lưỡng trước khi trang điểm. 

**Các bước thực hiện:**

1.  **Dưỡng ẩm:** Sử dụng toner, serum, kem dưỡng ẩm cấp nước sâu.
2.  **Kem nền:** Chọn kem nền mỏng nhẹ, có độ ẩm cao hoặc cushion.
3.  **Highlight:** Tập trung highlight ở gò má, sống mũi, trán để tạo hiệu ứng bắt sáng.
4.  **Xịt khóa:** Xịt khóa trang điểm giúp lớp makeup bền lâu và tăng độ bóng.

"
Mascara màu nâu có tự nhiên hơn màu đen không?,"Chào bạn,

Mascara màu nâu thường được đánh giá là tự nhiên hơn so với mascara đen, đặc biệt với những người có màu tóc và lông mi sáng màu. Màu nâu tạo hiệu ứng mềm mại, nhẹ nhàng, giúp đôi mắt trông to hơn mà không quá sắc sảo. 

Tuy nhiên, ""tự nhiên"" còn phụ thuộc vào màu da và sở thích cá nhân. Nếu bạn muốn đôi mắt trông rõ ràng và sắc nét hơn, mascara đen vẫn là lựa chọn tốt. Hãy thử cả hai màu để tìm ra màu phù hợp nhất với bạn nhé!
"
Làm sao để che quầng thâm mắt mà không bị dày cộm hay đọng rãnh?,"Để che quầng thâm mắt hiệu quả mà không bị dày cộm, bạn cần:

1. **Dưỡng ẩm:** Bôi kem dưỡng ẩm vùng mắt trước khi đánh kem che khuyết điểm.
2. **Chọn sản phẩm:** Ưu tiên kem che khuyết điểm lỏng, nhẹ, có màu vàng đào hoặc cam để trung hòa sắc tố thâm.
3. **Kỹ thuật đánh:** Dùng cọ nhỏ hoặc đầu ngón tay nhẹ nhàng tán đều, tránh kéo da. Đánh lớp mỏng, chồng nhiều lớp nếu cần.
4. **Cố định:** Dùng phấn phủ trong suốt để khóa lớp che khuyết điểm.

Việc dưỡng ẩm giúp da mềm mịn, còn chọn đúng màu và đánh nhẹ nhàng giúp che phủ tự nhiên, tránh tạo vệt.
"
Bà có hay dùng mút tán phấn phủ không hay chỉ dùng cọ?,"Chào bạn, với kinh nghiệm trang điểm của mình, tôi thường kết hợp cả mút tán và cọ phấn phủ tùy thuộc vào loại phấn và hiệu ứng mong muốn. 

*   **Cọ:** Phù hợp với phấn nén, giúp kiểm soát lượng phấn tốt, tạo lớp phủ mỏng nhẹ, tự nhiên và tập trung vào những vùng cần che phủ.
*   **Mút tán:** Lý tưởng với phấn rôm hoặc phấn phủ dạng bột, giúp tán đều phấn, tạo lớp nền mịn màng, ""ăn phấn"" hơn và che phủ lỗ chân lông tốt.

Tôi thường dùng cọ để đánh phấn phủ highlight và mút tán cho toàn bộ khuôn mặt."
"Tui thấy có sản phẩm kem lót màu tím, công dụng của nó là gì?","Chào bạn, kem lót màu tím thường có công dụng chính là trung hòa các vùng da xỉn màu, đặc biệt là những vùng có quầng thâm mắt hoặc da bị ố vàng. Màu tím là màu đối lập của màu vàng, nên khi thoa lên da sẽ giúp da trông sáng và tươi tắn hơn. 

Ngoài ra, kem lót tím còn giúp làm đều màu da, tạo lớp nền mịn màng và hỗ trợ các bước trang điểm sau đó bám lâu hơn. Bạn nên dùng một lượng nhỏ và tập trung vào vùng da cần che khuyết điểm nhé!
"
Đi chơi tối nên chọn son bóng hay son lì?,"Chào bạn! Để đi chơi tối, mình khuyên bạn nên chọn son lì hơn là son bóng. Son lì có độ bám màu tốt, giúp bạn không cần dặm lại son thường xuyên trong suốt buổi tối, đặc biệt khi ăn uống. Màu son lì cũng thường sắc nét và rõ ràng hơn, phù hợp với ánh đèn trong không gian tối. Tuy nhiên, nếu bạn thích đôi môi căng mọng, có thể chọn son bóng nhưng cần mang theo để dặm lại nhé!
"
"Tui mới mua lọ kem nền mà lỡ tay làm đổ mất một ít, tiếc quá!","Chào bạn, rất tiếc khi bạn làm đổ kem nền! Đừng lo lắng, vẫn có cách ""cứu vãn"" đó.

**Bước 1:** Dùng khăn giấy sạch thấm nhẹ phần kem nền bị đổ, tránh xoa để không làm loang rộng. **Bước 2:** Nếu kem nền còn dính trên bề mặt, dùng bông tăm tẩm chút dầu tẩy trang hoặc nước micellar để làm sạch nhẹ nhàng. **Bước 3:** Cuối cùng, dùng khăn ẩm lau lại để loại bỏ hoàn toàn dầu tẩy trang.

Việc này giúp bạn giữ vệ sinh cho sản phẩm và tránh lãng phí."
Phấn mắt dạng kem có dễ trôi hơn dạng phấn không?,"Chào bạn,

Phấn mắt dạng kem thường dễ trôi hơn phấn mắt dạng bột, đặc biệt trên da dầu. Lý do là vì kết cấu kem chứa nhiều dầu và dưỡng chất hơn, dễ bị lem khi tiếp xúc với mồ hôi hoặc dầu tự nhiên trên da. Tuy nhiên, phấn mắt kem có độ bám dính tốt hơn, cho màu sắc sống động và dễ tán. Để tăng độ bền màu, bạn nên dùng kem lót mắt và phủ một lớp phấn mắt bột mỏng lên trên nhé!
"
"Tui dùng kem chống nắng vật lý mà nó để lại vệt trắng, làm sao giờ?","Chào bạn, việc kem chống nắng vật lý để lại vệt trắng là tình trạng khá phổ biến. Để khắc phục, bạn thử áp dụng các bước sau nhé:

1. **Lấy lượng kem vừa đủ:** Dùng lượng kem chống nắng khoảng 2 ngón tay để đảm bảo đủ bảo vệ.
2. **Thoa kỹ:** Thoa đều kem lên da và vỗ nhẹ để kem thẩm thấu tốt hơn, tránh để lại vệt trắng.
3. **Kết hợp với kem dưỡng:** Trộn kem chống nắng với kem dưỡng ẩm để dễ tán và giảm tình trạng vệt trắng.

Kem chống nắng vật lý có thể hơi khó tán hơn kem hóa học, nhưng lại an toàn và hiệu quả hơn trong việc bảo vệ da."
Bà có tips nào để chọn màu son nude không bị bợt da không?,"Chào bạn, để chọn son nude không bị bợt da, bạn cần lưu ý các yếu tố sau:

1. **Xác định tông da:** Da ấm hợp nude có undertone vàng/cam, da lạnh hợp nude hồng/màu tím.
2. **Chọn sắc độ:** Da sáng chọn nude sáng hơn, da ngăm chọn nude trầm hơn.
3. **Tránh nude quá trắng:** Son nude quá trắng sẽ làm da trông xám xịt.
4. **Thử son:** Luôn thử son lên môi hoặc cổ tay để xem màu có hợp với da không.

Chúc bạn tìm được màu son nude ưng ý!
"
Tạo khối cho mặt tròn thì nên đánh ở những vùng nào?,"Để tạo khối cho mặt tròn, bạn cần tạo ảo giác về đường nét góc cạnh hơn. Hãy tập trung đánh khối:

1. **Hai bên thái dương:** Tạo độ sâu, làm mặt trông thon gọn.
2. **Dưới gò má:** Đánh nhẹ nhàng theo đường chéo, giúp xương gò má nổi bật.
3. **Hai bên hàm:** Đánh khối dọc theo đường hàm, tạo dáng mặt V-line.

Lưu ý: Đánh khối cần blend kỹ để tránh đường nét bị lộ, trông tự nhiên nhất. Màu khối nên chọn tone màu lạnh, phù hợp với màu da.
"
Tui mới mua cây chì kẻ mắt sáp mà nó hay bị gãy đầu quá.,"Chào bạn, việc chì kẻ mắt sáp dễ gãy đầu là tình trạng khá phổ biến. Để khắc phục, bạn có thể thử những cách sau:

1. **Gọt chì đúng cách:** Dùng gọt chì chuyên dụng cho chì sáp, xoay nhẹ nhàng và đều tay.
2. **Bảo quản đúng cách:** Đậy nắp chì sau khi dùng, tránh nhiệt độ cao và ánh nắng trực tiếp.
3. **Làm mềm đầu chì:** Nếu đầu chì quá cứng, bạn có thể dùng bông tăm thấm một chút dầu dưỡng ẩm thoa nhẹ lên đầu chì.

Việc này giúp chì mềm hơn, dễ kẻ và hạn chế gãy ngòi."
Có nên dùng nước hoa hồng có cồn trước khi makeup không?,"Chào bạn, với vai trò là chuyên gia trang điểm, tôi khuyên bạn **không nên** dùng nước hoa hồng có cồn ngay trước khi makeup. Cồn có thể làm da bị khô, kích ứng và phá vỡ hàng rào bảo vệ da. Điều này khiến lớp nền dễ bị cakey, không bám dính và nhanh xuống tông. Thay vào đó, hãy chọn toner không cồn, cấp ẩm hoặc sử dụng nước hoa hồng sau khi hoàn thành lớp makeup để giúp khóa ẩm và làm dịu da.
"
Tui muốn thử makeup tone hồng baby mà sợ bị sến.,"Chào bạn, hoàn toàn có thể makeup tone hồng baby mà không bị sến đâu! Bí quyết nằm ở việc tiết chế và phối hợp màu sắc.

1.  **Chọn phấn nền:** Ưu tiên nền tự nhiên, nhẹ nhàng.
2.  **Màu mắt:** Chọn hồng đào hoặc hồng san hô nhạt, tán đều.
3.  **Má hồng:** Đánh má hồng baby ở gò má, nhưng nhớ tán nhẹ tay để màu tự nhiên.
4.  **Son môi:** Son hồng baby hoặc hồng nude sẽ cân bằng tổng thể.
5.  **Điểm nhấn:** Có thể dùng chút highlight để tạo chiều sâu.

Tránh dùng quá nhiều màu hồng đậm hoặc kết hợp với các màu sắc lòe loẹt nhé!"
Làm sao để biết một sản phẩm makeup đã hết hạn sử dụng?,"Để biết sản phẩm makeup hết hạn, bạn cần chú ý các dấu hiệu sau:

1. **Kiểm tra hạn sử dụng:** Hầu hết sản phẩm đều có ký hiệu PAO (Period After Opening) - thời gian sử dụng sau khi mở nắp, thường là 6-24 tháng.
2. **Quan sát kết cấu:** Sản phẩm tách lớp, vón cục, khô cứng hoặc có mùi lạ là dấu hiệu hết hạn.
3. **Màu sắc thay đổi:** Màu sắc khác thường, sậm màu hơn hoặc xuất hiện nấm mốc.
4. **Khả năng lên màu:** Sản phẩm không còn lên màu chuẩn như ban đầu.

Sử dụng mỹ phẩm hết hạn có thể gây kích ứng, nhiễm trùng da.
"
Bà có hay dùng phấn phủ dạng nén hay dạng bột hơn?,"Chào bạn, với kinh nghiệm trang điểm của mình, tôi thường ưu tiên phấn phủ dạng bột hơn. Phấn bột giúp kiểm soát dầu tốt hơn, đặc biệt là với khí hậu nóng ẩm, đồng thời tạo lớp finish mịn màng, tự nhiên hơn. Tuy nhiên, phấn nén lại tiện lợi để mang theo và dặm lại trong ngày. Việc lựa chọn còn tùy thuộc vào loại da và sở thích cá nhân nữa bạn nhé!
"
"Tui kẻ eyeliner mắt nước hay bị run tay, có cách nào dễ hơn không?","Chào bạn, việc run tay khi kẻ eyeliner mắt nước là tình trạng khá phổ biến! Để khắc phục, bạn có thể thử những cách sau:

1. **Tựa khuỷu tay:** Tựa khuỷu tay lên bàn hoặc một điểm tựa vững chắc để cố định tay.
2. **Kẻ từng đoạn ngắn:** Thay vì kẻ một đường liền, hãy kẻ từng đoạn nhỏ rồi nối chúng lại.
3. **Sử dụng eyeliner gel/sáp:** Chất gel/sáp mềm hơn, dễ điều chỉnh và ít đòi hỏi độ chính xác tuyệt đối hơn eyeliner nước.
4. **Tập luyện thường xuyên:** Càng tập, tay bạn càng quen và vững hơn.

Chúc bạn thành công!
"
Son tint và son kem khác nhau chủ yếu ở điểm nào?,"Chào bạn, với kinh nghiệm trang điểm của mình, tôi sẽ giải thích sự khác biệt giữa son tint và son kem nhé.

**Son tint** có kết cấu lỏng, nhẹ, chứa nhiều nước, cho màu sắc trong trẻo, tự nhiên và bền màu, thường để lại lớp stain trên môi. **Son kem** đặc hơn, chứa nhiều dưỡng chất, cho đôi môi mịn màng, căng mọng và thường có độ che phủ tốt hơn.

Nói tóm lại, tint thiên về màu sắc và độ bền màu, còn kem thiên về dưỡng ẩm và độ che phủ.
"
Kem lót bắt sáng có làm da bị dầu hơn không?,"Chào bạn,

Kem lót bắt sáng có thể làm da bóng dầu hơn, nhưng không phải lúc nào cũng vậy. Điều này phụ thuộc vào thành phần và loại da của bạn. Các sản phẩm chứa silicone có thể tạo hiệu ứng mịn màng, bắt sáng nhưng cũng có thể gây bí da, tăng tiết dầu. 

Để tránh tình trạng này, hãy chọn kem lót có kết cấu nhẹ, chứa các thành phần kiểm soát dầu như niacinamide hoặc chiết xuất trà xanh. Đồng thời, hãy dùng một lượng vừa đủ và kết hợp với phấn phủ để kiểm soát dầu thừa.
"
"Đi sự kiện quan trọng, có nên tự makeup hay thuê thợ?","Chào bạn, với sự kiện quan trọng, việc lựa chọn giữa tự makeup và thuê thợ phụ thuộc vào kỹ năng và thời gian của bạn. Nếu bạn có tay nghề tốt, thường xuyên trang điểm và có đủ thời gian, tự makeup là lựa chọn hợp lý để đảm bảo phong cách cá nhân. Tuy nhiên, nếu bạn muốn có một diện mạo hoàn hảo, chuyên nghiệp và tiết kiệm thời gian, thuê thợ makeup chuyên nghiệp là ưu tiên hàng đầu. Họ sẽ giúp bạn tỏa sáng nhất trong ngày đặc biệt.
"
"Tui thấy có loại mascara 2 đầu, một đầu trắng một đầu đen, dùng sao vậy?","Chào bạn, mascara 2 đầu rất tiện lợi đó! Đầu đen thường là mascara chuốt dày và dài mi, bạn dùng như mascara bình thường để tạo khối cho mi. Đầu trắng thường là mascara dưỡng mi hoặc có chứa sợi fiber, giúp mi thêm dày và cong hơn. 

Bạn nên chuốt đầu đen trước, sau đó dùng đầu trắng chuốt nhẹ nhàng để cố định và tăng hiệu quả dày mi. Lưu ý đừng chuốt quá nhiều đầu trắng, mi có thể bị vón cục đó!
"
Màu son đỏ rượu vang hợp với tone da nào nhất?,"Màu son đỏ rượu vang là một lựa chọn tuyệt vời, nhưng không phải ai cũng hợp. Với **tone da sáng**, màu son này sẽ làm nổi bật vẻ rạng rỡ. **Da trung bình** nên chọn đỏ rượu vang có chút undertone cam để tránh bị xỉn màu. Riêng **da ngăm**, hãy ưu tiên các sắc đỏ rượu vang đậm, trầm để tạo sự quyến rũ và sang trọng. Quan trọng nhất là thử son trực tiếp để tìm ra sắc độ phù hợp nhất với bạn nhé!
"
Làm sao để lớp nền mỏng mịn mà vẫn che được khuyết điểm?,"Để có lớp nền mỏng mịn mà vẫn che được khuyết điểm, bạn cần thực hiện các bước sau:

1. **Dưỡng ẩm kỹ:** Da đủ ẩm là nền tảng cho lớp nền hoàn hảo.
2. **Sử dụng primer:** Primer giúp làm mịn da, lấp đầy lỗ chân lông và giúp nền bám tốt hơn.
3. **Chọn nền phù hợp:** Ưu tiên các loại nền mỏng nhẹ, có độ che phủ vừa phải.
4. **Thoa nền từng lớp mỏng:** Dùng cọ hoặc mút tán đều, bắt đầu từ trung tâm mặt ra ngoài.
5. **Che khuyết điểm:** Dùng concealer che các vùng da cần thiết như mụn, thâm nám.
"
Bà có hay dùng cọ kabuki để làm gì không?,"Chào bạn, với vai trò là chuyên gia trang điểm, tôi thường xuyên sử dụng cọ Kabuki trong quy trình làm việc của mình. Cọ này đặc biệt hữu ích để tán phấn phủ hoặc phấn bronzer trên diện rộng một cách nhanh chóng và đều màu. 

Lý do là vì cọ Kabuki có thiết kế đầu cọ tròn, lông cọ dày và mềm, giúp tạo lớp nền mịn màng, tự nhiên mà không gây kích ứng da. Ngoài ra, tôi cũng dùng nó để làm nổi bật các đường nét trên khuôn mặt.
"
Tẩy trang bằng khăn giấy ướt có sạch hoàn toàn lớp makeup không?,"Chào bạn, với kinh nghiệm trang điểm của mình, tôi khuyên bạn **không nên** chỉ dùng khăn giấy ướt để tẩy trang. Khăn giấy ướt chỉ có thể loại bỏ một phần makeup nhẹ nhàng như phấn phủ, BB cream. 

Để làm sạch hoàn toàn, đặc biệt là các sản phẩm chống thấm nước như mascara, son lì, bạn cần dùng **nước tẩy trang chuyên dụng** (dầu, micellar water, sáp) trước. Sau đó, mới dùng sữa rửa mặt để loại bỏ cặn bẩn và dầu thừa. Việc này giúp da sạch sâu, ngăn ngừa mụn và lão hóa.
"
"Tui muốn thử phong cách makeup 'e-girl', điểm nhấn là gì?","Chào bạn! Phong cách makeup ""e-girl"" nổi bật với đôi mắt ấn tượng. Điểm nhấn chính là đường eyeliner đen dày, thường vẽ kiểu ""cat-eye"" hoặc kéo dài, đôi khi có thêm sticker nhỏ hoặc họa tiết trái tim. 

Màu mắt thường là hồng, tím hoặc xanh pastel, nhấn nhá bằng nhũ. Má hồng ửng đỏ, đánh cao lên gò má để tạo vẻ đáng yêu. Son môi có thể là màu nude, hồng baby hoặc thậm chí là đen cá tính. Đừng quên vẽ chân mày mảnh, tự nhiên nhé!
"
Có cách nào để son không bị lem ra ngoài viền môi không?,"Để son không bị lem, bạn có thể thử các bước sau:

1. **Tẩy tế bào chết môi:** Loại bỏ da chết giúp son bám tốt hơn.
2. **Dưỡng ẩm môi:** Môi mềm mại sẽ giúp son lên màu đều và không bị ""ăn"" vào các rãnh.
3. **Kẻ viền môi:** Tạo đường viền rõ ràng, giúp son không bị tràn ra ngoài.
4. **Sử dụng son lót:** Son lót giúp khóa màu son và ngăn ngừa lem.
5. **Dặm phấn bột:** Dặm nhẹ phấn bột quanh viền môi giúp son bám chặt hơn.
"
"Cushion của Laneige với Clio, bà thấy loại nào kiềm dầu tốt hơn?","Chào bạn, về khả năng kiềm dầu giữa cushion Laneige và Clio, mình đánh giá Clio Cushion tốt hơn một chút. 

**Lý do:** Clio thường có công thức chứa các thành phần kiểm soát dầu thừa như bột kiểm soát dầu và silica, giúp giữ cho lớp nền khô ráo lâu hơn. Laneige cũng tốt, nhưng thiên về dưỡng ẩm nên có thể không kiềm dầu tốt bằng, đặc biệt với da dầu nhiều. Tuy nhiên, hiệu quả còn tùy thuộc vào loại da và thời tiết nữa bạn nhé!
"
"Tui dùng kem nền xong hay bị cảm giác nặng mặt, có cách nào không?","Chào bạn, cảm giác nặng mặt sau khi dùng kem nền rất phổ biến! Để khắc phục, bạn thử những cách sau nhé:

1. **Chọn kem nền phù hợp:** Ưu tiên các loại kem nền mỏng nhẹ, có texture lỏng hoặc dạng mousse, cushion.
2. **Dùng ít kem nền hơn:** Lấy một lượng nhỏ kem nền, thoa đều và build up từ từ nếu cần.
3. **Chuẩn bị da kỹ:** Dưỡng ẩm đầy đủ trước khi trang điểm giúp kem nền dễ tán và bám da hơn.
4. **Sử dụng cọ/mút tốt:** Các công cụ này giúp kem nền được phân bố đều, không bị vón cục.
"
Mắt một mí thì có nên kẻ eyeliner dày không?,"Chào bạn, với mắt một mí, việc kẻ eyeliner dày có thể làm mắt trông to và sắc sảo hơn, nhưng cần lưu ý một số điểm.

**Bước 1:** Chọn eyeliner phù hợp (gel, chì, hoặc nước).
**Bước 2:** Kẻ một đường mỏng sát chân mi, sau đó tăng dần độ dày về phía đuôi mắt.
**Bước 3:** Đảm bảo đường kẻ eyeliner cong nhẹ theo hình dáng mắt để tạo hiệu ứng mắt to hơn.

**Lý do:** Kẻ dày giúp ""mở"" mắt, nhưng nếu quá dày có thể làm mắt trông nhỏ lại. Quan trọng là kỹ thuật và sự cân đối.
"
Son màu cam cháy có hợp với đi học không hay hơi đậm?,"Chào bạn, son màu cam cháy là một lựa chọn khá thú vị cho đi học! Màu này không quá nổi bật nhưng vẫn giúp bạn trông tươi tắn và năng động. 

Tuy nhiên, để phù hợp nhất, bạn nên chọn tone cam cháy thiên nâu hoặc đất hơn là cam sáng. Khi đánh, chỉ cần một lớp mỏng, tán đều để tạo hiệu ứng tự nhiên. Nếu bạn mới bắt đầu, có thể thử các chất son như son tint hoặc son balm để màu sắc nhẹ nhàng hơn nhé!
"
Bà có hay dùng phấn mắt nước không? Có khó tán không?,"Chào bạn, với kinh nghiệm trang điểm của mình, tôi thỉnh thoảng sử dụng phấn mắt nước, đặc biệt khi muốn tạo hiệu ứng mắt lấp lánh, ấn tượng. 

Phấn mắt nước có thể hơi khó tán hơn phấn mắt bột vì chất lỏng, dễ bị vón cục nếu không quen. Bí quyết là lấy lượng sản phẩm vừa đủ, tán nhanh tay và dùng cọ mềm, nhỏ để đạt hiệu quả tốt nhất. Nếu mới bắt đầu, bạn nên tập luyện trên tay trước nhé!
"
Làm sao để lớp makeup không bị xuống tone nhanh vào cuối ngày?,"Để lớp makeup bền màu cả ngày, bạn cần chuẩn bị kỹ các bước sau:

1. **Dưỡng ẩm:** Da đủ ẩm là nền tảng giúp makeup bám tốt.
2. **Sử dụng primer:** Primer tạo lớp màng khóa ẩm, làm mịn da và tăng độ bám của lớp nền.
3. **Phấn phủ dạng bột hoặc xịt:** Hạn chế dầu thừa, giúp lớp nền khô ráo và lâu xuống tone.
4. **Chọn sản phẩm chất lượng:** Mỹ phẩm tốt thường có khả năng giữ màu tốt hơn.
"
"Tui thấy có loại phấn phủ dạng xịt, dùng có hiệu quả không?","Chào bạn, phấn phủ dạng xịt hiện nay khá phổ biến và có hiệu quả đó! Sản phẩm này giúp khóa lớp nền, kiểm soát dầu thừa và làm mịn da, đặc biệt phù hợp với makeup look tự nhiên, căng bóng. 

**Cách dùng:** Giữ chai xịt cách mặt khoảng 20-30cm, nhắm mắt và xịt đều một lớp mỏng. Ưu điểm là không gây cakey, dễ tán và mang lại lớp finish trong trẻo. Tuy nhiên, cần chọn loại phù hợp với da và xịt vừa đủ để tránh làm lem lớp trang điểm.
"
"Đi biển về da bị sạm đi, có nên đổi tone kem nền không?","Chào bạn, da bị sạm sau khi đi biển là điều rất phổ biến. **Có nên đổi tone kem nền hay không, câu trả lời là CÓ.**

Da bạn đã thay đổi sắc tố, nên kem nền cũ có thể không còn phù hợp, gây ra tình trạng da mặt bị lệch màu với cổ và cơ thể. Hãy chọn tone kem nền sáng hơn 1/2 tone so với màu da hiện tại, ưu tiên các sản phẩm có khả năng dưỡng ẩm và chống nắng để phục hồi và bảo vệ da nhé!
"
Bà có hay dùng mặt nạ giấy trước khi makeup không? Loại nào tốt?,"Chào bạn, với kinh nghiệm trang điểm của mình, tôi thường dùng mặt nạ giấy trước khi makeup, đặc biệt là khi da hơi khô hoặc thiếu ẩm. Việc này giúp da căng mọng, mịn màng hơn, lớp nền sẽ bám tốt và tự nhiên hơn. 

Về loại mặt nạ, tôi gợi ý bạn nên chọn các loại có thành phần cấp ẩm như hyaluronic acid, glycerin hoặc chiết xuất từ thực vật (nha đam, dưa chuột). Mặt nạ giấy của các hãng Hàn Quốc như Mediheal, Innisfree, hoặc The Face Shop đều là những lựa chọn tốt.
"
"Tui kẻ mày bằng bột mà nó hay bị trôi màu, làm sao giờ?","Chào bạn, việc kẻ mày bằng bột dễ bị trôi màu là tình trạng khá phổ biến. Để khắc phục, bạn nên thực hiện các bước sau:

1. **Làm sạch:** Đảm bảo vùng da quanh mày sạch dầu, mồ hôi.
2. **Sử dụng primer:** Thoa một lớp primer chuyên dụng cho mày để tạo lớp nền bám dính.
3. **Kẻ lớp đầu tiên:** Kẻ nhẹ nhàng lớp màu đầu tiên.
4. **Kẻ lớp thứ hai:** Sau khi lớp đầu tiên khô, kẻ thêm lớp thứ hai để tăng độ đậm và bền màu.
5. **Sử dụng mascara trong suốt:** Cuối cùng, dùng mascara trong suốt chải nhẹ lên lông mày để cố định màu.

Chúc bạn thành công!
"
Son thỏi bị gãy rồi có cách nào nối lại không hay phải bỏ đi?,"Chào bạn, rất tiếc khi son thỏi của bạn bị gãy! Đừng vội bỏ đi nhé, vẫn có cách nối lại đó. Bạn có thể dùng bật lửa hơ nhẹ phần đáy son bị gãy và phần thân son, sau đó ghép chúng lại với nhau. Nhiệt sẽ làm chảy nhẹ son, giúp chúng dính lại. Hoặc bạn có thể dùng tăm bông thấm một chút son mềm, bôi vào vết gãy rồi ghép lại. Tuy nhiên, cách này chỉ là tạm thời, son có thể gãy lại nếu va đập mạnh.
"
Kem che khuyết điểm màu vàng dùng để làm gì vậy bà?,"Chào bạn, kem che khuyết điểm màu vàng (hay còn gọi là corrector) thường được dùng để trung hòa các vùng da có màu đỏ hoặc tím như quầng thâm mắt, vết ửng đỏ do mụn hoặc vết bầm tím. Màu vàng đối lập với màu đỏ/tím trên bánh xe màu, giúp che đi các khuyết điểm này một cách hiệu quả. Sau khi dùng corrector, bạn cần phủ thêm kem nền hoặc kem che khuyết điểm màu da để hoàn thiện lớp trang điểm nhé!
"
"Tui muốn makeup theo phong cách cổ trang, cần lưu ý gì?","Chào bạn, để makeup theo phong cách cổ trang đẹp và chuẩn, bạn cần lưu ý các bước sau:

1.  **Nền:** Chọn phấn nền tông màu sáng hơn da thật một chút để tạo vẻ thanh thoát.
2.  **Mắt:** Vẽ mắt phượng hoặc mắt mèo, sử dụng màu mắt trầm ấm như nâu, cam đất. Đừng quên kẻ chân mày cao và mảnh.
3.  **Má:** Tạo khối nhẹ nhàng để khuôn mặt có chiều sâu, đánh má hồng đào hoặc hồng san hô.
4.  **Môi:** Son đỏ tươi hoặc đỏ cam là lựa chọn hoàn hảo.

Quan trọng nhất là sự hài hòa giữa các chi tiết và phù hợp với trang phục cổ trang bạn mặc."
Mascara bị vón cục rồi có cách nào làm tan ra không?,"Chào bạn, mascara bị vón cục là tình trạng khá phổ biến. Đừng vội vứt đi nhé! Bạn có thể ""cứu"" nó bằng cách nhỏ 1-2 giọt dung dịch nước muối sinh lý hoặc nước mắt nhân tạo vào tuýp mascara. Lắc nhẹ nhàng khoảng 30 giây để dung dịch hòa tan cục vón. Lý do là nước muối/nước mắt nhân tạo có độ ẩm giúp làm mềm và tách các sợi mascara, trả lại kết cấu ban đầu. Lưu ý không dùng nước thường vì dễ gây nhiễm khuẩn.
"
Phấn má màu nude có làm mặt bị nhợt nhạt không?,"Chào bạn, câu hỏi rất hay! Phấn má màu nude hoàn toàn có thể khiến mặt bạn trông nhợt nhạt nếu không chọn đúng tông và kỹ thuật đánh. Lý do là vì màu nude gần với màu da tự nhiên, nếu chọn màu quá sáng hoặc tối so với da, hoặc đánh quá ít, sẽ làm mất đi sự tươi tắn. 

Để khắc phục, hãy chọn phấn má nude có chút sắc hồng đào hoặc cam san hô. Đánh phấn theo hình chữ C từ gò má lên thái dương để tạo hiệu ứng nâng cơ mặt và thêm sức sống.
"
Làm sao để đánh highlight không bị lộ vệt phấn?,"Để đánh highlight không bị lộ vệt phấn, bạn cần lưu ý các bước sau:

1. **Chọn highlight phù hợp:** Highlight dạng kem hoặc lỏng sẽ tự nhiên hơn dạng phấn, đặc biệt với da khô.
2. **Dùng cọ phù hợp:** Cọ đầu nhỏ, lông mềm giúp phân tán highlight đều hơn.
3. **Tập trung vào điểm cao:** Đánh highlight lên gò má, sống mũi, nhân trung, khóe mắt và dưới chân mày.
4. **Tán đều:** Dùng cọ hoặc mút tán nhẹ nhàng để highlight hòa quyện với da, tránh đường nét sắc sảo.
5. **Layering:** Xây dựng độ sáng từ từ, tránh đánh quá nhiều một lần."
Bà có hay dùng chì kẻ mắt trắng/nude cho viền mắt dưới không?,"Chào bạn, với kinh nghiệm trang điểm của mình, tôi thường xuyên sử dụng chì kẻ mắt trắng hoặc nude cho viền mắt dưới, đặc biệt khi trang điểm mắt khói hoặc mắt đậm. Việc này giúp mở rộng đôi mắt, tạo cảm giác mắt to và long lanh hơn. Màu trắng/nude trung hòa sắc tố tối màu, làm cho mắt trông sáng và bớt sưng. Tuy nhiên, cần chọn màu sắc phù hợp với tông da để tránh gây hiệu ứng ngược.
"
"Tui mua phải kem nền quá lỏng, có cách nào làm đặc lại chút không?","Chào bạn, rất tiếc bạn gặp tình trạng này! Kem nền quá lỏng có thể do thời tiết hoặc kết cấu sản phẩm. Bạn có thể thử các cách sau để làm đặc kem nền:

1.  **Trộn với phấn rôm/phấn bột:** Thêm một chút phấn rôm hoặc phấn bột vào kem nền, trộn đều.
2.  **Sử dụng giấy thấm dầu:** Thấm bớt dầu thừa trên mặt trước khi đánh kem nền.
3.  **Trộn với kem dưỡng ẩm đặc:** Một lượng nhỏ kem dưỡng ẩm đặc có thể giúp tăng độ đặc.

Lưu ý: Thêm từ từ để tránh làm kem nền bị vón cục nhé!"
Đi ăn cưới buổi tối nên dùng nhũ mắt màu gì cho nổi bật?,"Để nổi bật khi đi ăn cưới buổi tối, bạn nên chọn các màu nhũ mắt có ánh kim hoặc ánh ngọc trai. Các lựa chọn tốt bao gồm:

1.  **Vàng đồng/Nâu đồng:** Sang trọng, ấm áp, phù hợp với nhiều màu da.
2.  **Nâu champagne:** Tinh tế, nhẹ nhàng nhưng vẫn đủ sáng.
3.  **Hồng ngọc/Đỏ tía:** Quyến rũ, nổi bật, đặc biệt hợp với các nàng da trắng.

Lưu ý: nên kết hợp nhũ mắt với lớp nền hoàn hảo và son môi tương đồng để tạo sự hài hòa."
Tẩy trang dạng bi-phase (2 lớp dầu nước) có tốt không?,"Chào bạn, tẩy trang bi-phase rất tốt, đặc biệt với makeup waterproof! Cấu tạo 2 lớp dầu và nước giúp làm tan dầu trang điểm, mascara, eyeliner lì hiệu quả mà không gây kích ứng. Lớp dầu hòa tan chất bẩn, lớp nước cân bằng và làm sạch da, không để lại cảm giác nhờn dính. Tuy nhiên, cần lắc kỹ trước khi dùng để 2 lớp hòa quyện, tăng hiệu quả tẩy trang bạn nhé!
"
"Tui muốn thử kẻ eyeliner màu xanh dương, có hợp với makeup hàng ngày không?","Chào bạn, eyeliner xanh dương hoàn toàn có thể dùng cho makeup hàng ngày, nhưng cần lưu ý một chút để trông hài hòa nhé!

1.  **Chọn tông xanh:** Xanh navy hoặc xanh dương pastel sẽ dễ phối hơn xanh coban quá nổi.
2.  **Kẻ mảnh:** Kẻ eyeliner mảnh, sát đường chân mi trên sẽ tạo vẻ nhẹ nhàng, năng động.
3.  **Kết hợp màu mắt:** Phối cùng mắt nâu, be hoặc xám để cân bằng.
4.  **Son môi:** Son nude, hồng đào hoặc cam san hô sẽ là lựa chọn an toàn.

Eyeliner xanh dương sẽ giúp đôi mắt bạn thêm điểm nhấn, trẻ trung và cá tính đấy!"
Kem lót silicon có gây bí da không nếu dùng hàng ngày?,"Chào bạn,

Kem lót silicon có thể gây bí da nếu dùng hàng ngày, đặc biệt với làn da dầu hoặc dễ nổi mụn. Silicon tạo một lớp màng trên da, giúp làm mịn và che phủ lỗ chân lông, nhưng đồng thời cũng hạn chế khả năng da ""thở"". 

Về lâu dài, việc này có thể dẫn đến tắc nghẽn lỗ chân lông, gây ra mụn ẩn, mụn viêm. Nếu bạn muốn dùng kem lót silicon, hãy chọn loại có kết cấu nhẹ, không chứa dầu và kết hợp với tẩy trang kỹ lưỡng mỗi tối.
"
Bà có hay dùng cọ môi để tán son tint không?,"Chào bạn, với kinh nghiệm trang điểm của mình, tôi không thường xuyên dùng cọ môi để tán son tint. Son tint thường có kết cấu lỏng nhẹ, dễ dàng apply trực tiếp bằng đầu son hoặc dùng tay thoa để tạo hiệu ứng tự nhiên, mỏng nhẹ trên môi. 

Tuy nhiên, nếu bạn muốn đôi môi có đường nét sắc sảo hơn, hoặc son tint quá đậm, cọ môi vẫn có thể hữu ích để điều chỉnh lượng son và tán đều màu. Quan trọng là lựa chọn loại cọ mềm mại để không làm bong tróc son.
"
Làm sao để mi giả không bị nặng và cộm mắt?,"Để mi giả không bị nặng và cộm mắt, bạn cần chọn mi giả nhẹ, làm từ sợi tự nhiên hoặc tổng hợp siêu nhẹ. Trước khi gắn, cắt tỉa mi giả cho vừa với chiều dài mắt. Dùng keo dán mi chất lượng, bôi một lớp mỏng và đều lên mi giả, chờ keo hơi khô rồi mới gắn. Ấn nhẹ mi giả sát đường chân mi, tránh gắn quá cao hoặc quá thấp. Điều này giúp mi giả trông tự nhiên và thoải mái hơn.
"
Son màu đỏ cam có làm xỉn men răng không?,"Chào bạn,

Son đỏ cam có thể tạo ảo giác làm răng trông xỉn màu hơn, chứ không trực tiếp làm xỉn men răng. Màu đỏ cam chứa sắc tố vàng, khi lên môi sẽ tương phản với độ trắng của răng, khiến răng trông ố vàng hoặc xỉn màu hơn. 

Để khắc phục, bạn có thể:

1.  **Chọn sắc đỏ cam phù hợp:** Ưu tiên đỏ cam thiên đỏ hoặc có chút ánh hồng.
2.  **Sử dụng kem đánh răng làm trắng:** Giúp răng trắng sáng tự nhiên.
3.  **Đánh son sau khi chăm sóc răng miệng:** Đảm bảo răng sạch sẽ, không bị ảnh hưởng bởi thức ăn.
"
Tui dùng phấn phủ kiềm dầu mà sao một lúc sau da vẫn bóng?,"Chào bạn, việc da vẫn bóng sau khi dùng phấn phủ kiềm dầu có thể do nhiều nguyên nhân. Thứ nhất, bạn có thể chưa dùng đủ lượng phấn phủ, hoặc chưa đánh kỹ để phấn phủ bám đều lên da. Thứ hai, nếu da bạn dầu nhiều, bạn cần chọn phấn phủ có khả năng kiềm dầu tốt hơn, hoặc dùng thêm giấy thấm dầu trước khi đánh phấn. Cuối cùng, việc chăm sóc da không đúng cách cũng khiến da dễ đổ dầu, bạn nên cân nhắc điều chỉnh quy trình skincare của mình nhé!
"
Đi phỏng vấn xin việc có nên kẻ mắt mèo không?,"Chào bạn,

Về câu hỏi có nên kẻ mắt mèo khi đi phỏng vấn xin việc, câu trả lời là **không nên**, trừ khi đó là một phần không thể thiếu trong phong cách cá nhân của bạn và vị trí ứng tuyển là sáng tạo (ví dụ: thiết kế, nghệ thuật).

Kẻ mắt mèo có thể tạo vẻ ngoài sắc sảo, đôi khi hơi ""quá"" cho một buổi phỏng vấn. Thay vào đó, hãy chọn một đường kẻ mắt tự nhiên, mảnh mai để tôn lên đôi mắt mà vẫn giữ được sự chuyên nghiệp, lịch sự. Điều này giúp bạn tập trung vào việc thể hiện năng lực bản thân.
"
Bà có bao giờ dùng phấn mắt làm phấn má chưa?,"Chào bạn, với kinh nghiệm trang điểm của mình, tôi đã từng sử dụng phấn mắt làm phấn má hồng trong một số trường hợp nhất định. Tuy nhiên, cần lưu ý một vài điều.

**Ưu điểm:** Phấn mắt thường có độ bám tốt và màu sắc đa dạng, có thể tạo hiệu ứng má hồng độc đáo.
**Nhược điểm:** Một số phấn mắt có thể chứa nhũ hoặc chất làm khô da, không phù hợp để dùng trên má.

**Cách thực hiện:** Chọn phấn mắt màu sắc phù hợp với tông da, dùng cọ má hồng lấy một lượng nhỏ và tán đều lên gò má.
"
"Tẩy trang xong da bị khô căng, có phải do sản phẩm không hợp?","Chào bạn, da khô căng sau khi tẩy trang có thể do nhiều nguyên nhân chứ không nhất thiết là sản phẩm không hợp. Dầu tẩy trang quá mạnh, tẩy sạch cả lớp dầu tự nhiên của da là một khả năng. Ngoài ra, việc rửa mặt lại bằng sữa rửa mặt có độ pH cao sau khi tẩy trang cũng làm da mất đi độ ẩm tự nhiên. 

Để khắc phục, bạn nên chọn tẩy trang dịu nhẹ, chứa dầu thực vật và sau đó rửa lại bằng sữa rửa mặt có độ pH cân bằng, đồng thời dưỡng ẩm ngay lập tức.
"
Tui muốn mua cọ makeup mà nhiều loại quá không biết chọn sao.,"Chào bạn, việc chọn cọ makeup có thể hơi ""khó nhằn"" vì quá nhiều loại đúng không? Để mình gợi ý những loại cơ bản nhất bạn nên có nhé:

1.  **Cọ nền (Foundation Brush):** Chọn loại đầu phẳng hoặc đầu vát để tán đều kem nền.
2.  **Cọ phấn phủ (Powder Brush):** Lông mềm, đầu to để phủ phấn nhẹ nhàng.
3.  **Cọ má hồng (Blush Brush):** Đầu vát xéo để dễ dàng tạo khối.
4.  **Cọ mắt (Eyeshadow Brush):** Có nhiều loại, nhưng nên có ít nhất 1 cọ tán phấn và 1 cọ nhỏ để đánh hốc mắt.

Bạn có thể bắt đầu với 4 loại này, sau đó bổ sung dần theo nhu cầu nhé!
"
"Cushion của Missha với April Skin, loại nào che phủ tốt hơn?","Chào bạn,

Về khả năng che phủ, **Missha M Perfect Cover Cushion** thường được đánh giá cao hơn **April Skin Magic Snow Cushion**. Missha có độ che phủ trung bình đến cao, giúp che tốt các vết đỏ, thâm nám và lỗ chân lông. April Skin thiên về lớp nền mỏng nhẹ, tự nhiên, che phủ nhẹ nhàng hơn, phù hợp với những bạn thích makeup ""trong veo"". Tuy nhiên, Missha có thể gây bí da hơn nếu dùng lượng nhiều.
"
"Tui thấy có trend dùng son dưỡng có màu làm highlight, có lạ không?","Chào bạn, trend dùng son dưỡng có màu làm highlight không hề lạ mà còn khá thông minh đó! Son dưỡng có màu thường chứa thành phần dưỡng ẩm, giúp da căng mọng tự nhiên, tạo hiệu ứng glowy mà không bị khô. 

**Cách thực hiện:** Bạn chỉ cần thoa một lớp mỏng son dưỡng có màu (những màu nude, hồng đào nhẹ sẽ tự nhiên nhất) lên vùng gò má, sống mũi, nhân trung. Lưu ý tán đều để không bị vón cục nhé! Đây là một cách nhanh gọn để có làn da khỏe khoắn, tươi tắn.
"
Mắt sụp mí thì nên kẻ eyeliner như thế nào?,"Chào bạn, với mắt sụp mí, kẻ eyeliner cần có kỹ thuật để mở rộng và làm sáng mắt hơn.

1.  **Tập trung vào phần đuôi mắt:** Kẻ đường eyeliner mỏng, bắt đầu từ 2/3 đường mi trên và kéo dài về phía đuôi mắt, tạo góc nâng.
2.  **Tăng độ dày dần:** Đường kẻ dày nhất ở đuôi mắt, mỏng dần khi về phía đầu mắt.
3.  **Kẻ phần mi dưới:** Nhấn nhá nhẹ nhàng phần mi dưới từ giữa mắt ra đuôi, tránh kẻ kín.
4.  **Sử dụng mascara:** Chuốt mascara tập trung vào mi cong để nâng mi.

Việc này giúp tạo ảo giác mắt to và mở hơn, khắc phục tình trạng sụp mí."
Son màu hồng san hô có hợp với da ngăm không?,"Chào bạn,

Son màu hồng san hô có thể rất hợp với da ngăm nếu bạn chọn đúng tông màu! Với da ngăm, nên ưu tiên các màu hồng san hô có chút cam hoặc đào để làm sáng da và tránh bị ""xịt màu"". Tránh các màu quá nhạt hoặc quá nhiều ánh tím. 

Bạn có thể thử đánh son lòng môi hoặc kết hợp với chút son dưỡng để màu lên tự nhiên hơn nhé. Quan trọng nhất là thử màu son trực tiếp lên da để xem có phù hợp không!
"
Bà có hay dùng phấn bột khoáng không? Có tốt cho da không?,"Chào bạn,

Tôi thường xuyên sử dụng phấn bột khoáng cho khách hàng và bản thân vì nhiều lợi ích. Phấn khoáng có thành phần tự nhiên, lành tính, không gây kích ứng, phù hợp với da nhạy cảm hoặc dễ nổi mụn. 

**Ưu điểm:**

*   **Kiểm soát dầu tốt:** Hấp thụ dầu thừa, giúp da khô thoáng.
*   **Che phủ tự nhiên:** Không gây cảm giác nặng mặt, cho lớp nền mỏng nhẹ.
*   **Bảo vệ da:** Chứa khoáng chất có lợi, giúp bảo vệ da khỏi tác hại của môi trường.

Tuy nhiên, cần chọn sản phẩm phù hợp với loại da và kỹ thuật đánh để đạt hiệu quả tốt nhất.
"
Làm sao để lớp son lì không bị nứt hay bong tróc giữa ngày?,"Để son lì không bị nứt hay bong tróc, bạn cần chuẩn bị môi kỹ lưỡng:

1. **Tẩy tế bào chết:** Loại bỏ da chết giúp son bám dính tốt hơn.
2. **Dưỡng ẩm:** Son lì có xu hướng làm khô môi, nên dưỡng ẩm là bước quan trọng.
3. **Lót môi:** Sử dụng son lót hoặc kem che khuyết điểm làm base giúp son lên màu chuẩn và bền màu.
4. **Đánh lớp son mỏng:** Đánh nhiều lớp mỏng thay vì một lớp dày để tránh son bị vón cục và nứt.
"
"Tui thấy có dụng cụ rửa cọ makeup bằng silicon, dùng có sạch không?","Chào bạn, dụng cụ rửa cọ makeup bằng silicon khá hiệu quả trong việc làm sạch cọ đó! Chúng có các gờ nhỏ giúp tạo bọt và ""bóp"" cọ, loại bỏ bụi bẩn, mỹ phẩm bám sâu. Tuy nhiên, bạn vẫn cần dùng kèm với dung dịch rửa cọ chuyên dụng để đạt hiệu quả tốt nhất. Rửa cọ thường xuyên giúp cọ sạch, bền và hạn chế mụn trên da nữa đó!
"
"Đi đám cưới ngoài trời nắng nóng, có cách nào giữ lớp makeup không?","Chào bạn, để giữ lớp makeup bền vững khi đi đám cưới ngoài trời nắng nóng, bạn cần:

1. **Chuẩn bị da:** Dưỡng ẩm kỹ, dùng kem chống nắng phổ rộng (SPF 30+) là bước quan trọng nhất.
2. **Chọn sản phẩm:** Ưu tiên các sản phẩm chống nước, lâu trôi (foundation, phấn mắt, mascara).
3. **Kỹ thuật đánh:** Dặm phấn bột khóa nền, đánh lớp phấn mỏng sau mỗi lớp makeup.
4. **Xịt khóa:** Xịt khóa makeup sau khi hoàn thành để giữ lớp trang điểm cả ngày.

Việc chuẩn bị kỹ lưỡng và chọn đúng sản phẩm sẽ giúp bạn tự tin tỏa sáng trong suốt buổi lễ.
"
Bà có hay dùng kem che khuyết điểm cho môi không?,"Chào bạn, với vai trò là chuyên gia trang điểm, tôi thường sử dụng kem che khuyết điểm cho môi trong một số trường hợp nhất định.

**Bước 1:** Sau khi đánh son, dùng cọ nhỏ lấy một lượng kem che khuyết điểm trùng màu da hoặc nhạt hơn một chút.
**Bước 2:** Nhẹ nhàng thoa lên viền môi để che đi những đường nét không sắc sảo, giúp son không bị lem.
**Bước 3:** Dùng bông tăm hoặc cọ sạch để làm mờ phần kem che khuyết điểm, tạo hiệu ứng tự nhiên.

Việc này giúp đôi môi trông sắc sảo và son giữ được lâu hơn.
"
Tui kẻ mày bằng chì mà nó hay bị bết với không đều màu.,"Chào bạn, tình trạng kẻ mày bị bết và không đều màu thường gặp khi dùng chì kẻ mày. Để khắc phục, bạn thử các bước sau nhé:

1.  **Làm sạch:** Đảm bảo lông mày sạch, không dầu thừa.
2.  **Chọn chì:** Ưu tiên chì có chất lượng tốt, mềm mại.
3.  **Kỹ thuật:** Kẻ từng sợi nhỏ, nhẹ tay, theo chiều lông mày mọc.
4.  **Dùng cọ:** Dùng cọ đầu chải để tán đều màu, làm mềm nét chì.

Nguyên nhân gây bết là do chì quá cứng hoặc bạn ấn tay quá mạnh. Chúc bạn thành công!
"
"Son bóng của Fenty Beauty với Dior Lip Maximizer, bà thích cái nào hơn?","Là một chuyên gia trang điểm, tôi đánh giá cao cả son bóng Fenty Beauty Gloss Bomb và Dior Lip Maximizer. Tuy nhiên, tôi nghiêng về **Fenty Beauty Gloss Bomb** hơn. 

Lý do: Gloss Bomb có độ bóng vượt trội, kết cấu mịn màng, không dính và đa dạng màu sắc phù hợp nhiều tông da. Dior Lip Maximizer có ưu điểm về khả năng làm đầy môi, nhưng độ bóng không bằng và giá thành cao hơn. Nếu bạn ưu tiên độ bóng và thoải mái, Fenty Beauty là lựa chọn tốt hơn.
"
Kem lót màu xanh lá có làm mặt bị xanh lè không?,"Chào bạn, câu hỏi rất hay! Kem lót màu xanh lá cây sẽ **không** làm mặt bạn bị xanh lè đâu nhé. Màu xanh lá cây có tác dụng trung hòa các vùng da bị ửng đỏ, như do mụn, rosacea hoặc cháy nắng. Khi thoa lên da, nó sẽ giúp da trông đều màu hơn, làm nền cho lớp trang điểm sau đó. Bạn hoàn toàn có thể yên tâm sử dụng kem lót này để có một lớp nền hoàn hảo.
"
"Tui muốn makeup theo phong cách 'VS Angel', cần tập trung vào đâu?","Để makeup theo phong cách ""VS Angel"", bạn cần tập trung vào làn da căng bóng, đôi mắt quyến rũ và đôi môi gợi cảm.

1.  **Da:** Dưỡng ẩm kỹ, dùng kem nền mỏng nhẹ, che khuyết điểm và đánh highlight ở gò má, sống mũi, trán, cằm.
2.  **Mắt:** Phấn mắt tông nude/hồng đào, đánh nhũ mắt ở bầu mắt, kẻ eyeliner mảnh và mascara dày mi.
3.  **Môi:** Son nude hoặc hồng baby, đánh son bóng để đôi môi căng mọng.

Phong cách này ưu tiên vẻ đẹp tự nhiên, thanh khiết nên đừng quá lạm dụng sản phẩm nhé!
"
Mascara gần hết rồi có cách nào tận dụng nốt không?,"Chào bạn, hoàn toàn có cách để tận dụng hết mascara gần hết đấy!

**Bước 1:** Thêm vài giọt dung dịch nhỏ mắt (không chứa thuốc nhuộm) vào tuýp mascara. Dung dịch này sẽ giúp mascara lỏng ra và dễ chuốt hơn.
**Bước 2:** Lắc nhẹ tuýp mascara để dung dịch hòa quyện.
**Bước 3:** Dùng cọ mascara chuốt nhẹ nhàng lên mi.

*Lý do:* Mascara đặc lại khi gần hết do mất nước. Dung dịch nhỏ mắt giúp phục hồi độ ẩm, kéo dài thời gian sử dụng sản phẩm.
"
Phấn má màu cam đất có làm mặt bị tối không?,"Chào bạn,

Phấn má màu cam đất có thể làm mặt bị tối nếu chọn sai tông hoặc đánh quá tay. Màu cam đất hợp với da trung bình đến tối, giúp da trông ấm áp và khỏe khoắn. Với da sáng, nên chọn tông cam đất nhạt hơn hoặc kết hợp với lớp nền sáng để tránh bị ""dìm"" da. Quan trọng là tán đều tay để màu má hòa quyện tự nhiên, tránh tập trung một chỗ gây tối mặt.
"
Làm sao để đánh khối không bị hai vệt nâu trên mặt?,"Để tránh tình trạng hai vệt nâu khi đánh khối, bạn cần lưu ý các bước sau:

1. **Chọn sản phẩm:** Dùng phấn khối (powder) hoặc kem khối (cream) có tông màu phù hợp với da.
2. **Đánh nhẹ tay:** Bắt đầu với một lượng sản phẩm nhỏ, tăng dần nếu cần.
3. **Tán đều:** Sử dụng cọ mềm, tán khối theo đường chéo từ xương gò má về thái dương, hòa quyện với đường chân tóc.
4. **Không đánh thẳng:** Tránh đánh khối thành đường thẳng, hãy tập trung vào việc tạo bóng tự nhiên.
"
Bà có hay dùng chì kẻ viền mắt trong màu be không?,"Chào bạn,

Tôi thường xuyên sử dụng chì kẻ viền mắt màu be, đặc biệt là cho các kiểu trang điểm tự nhiên hoặc khi muốn mở rộng đôi mắt. Màu be giúp làm sáng đường viền mắt, tạo cảm giác đôi mắt to hơn và long lanh hơn mà không quá lộ. Tôi thường dùng chì be kẻ ở đường nước mắt hoặc viền dưới mắt để tạo hiệu ứng ""mắt búp bê"" rất được ưa chuộng.
"
"Tui mua nhầm kem nền sáng hơn da nhiều quá, có cách nào cứu không?","Chào bạn, đừng lo lắng! Kem nền sáng hơn da vẫn có cách khắc phục đó.

**Bước 1:** Trộn kem nền với một chút kem nền hoặc phấn nền tối màu hơn để trung hòa sắc tố.
**Bước 2:** Sử dụng phấn phủ hoặc phấn nén trùng màu da để ""hạ tông"" màu kem nền.
**Bước 3:** Tập trung đánh kem nền ở vùng trung tâm mặt, tránh đánh quá dày ở vùng chữ T.

Việc này giúp da không bị ""trắng bệch"" và trông tự nhiên hơn. Chúc bạn thành công!
"
Đi bar nên dùng nhũ mắt hạt to hay hạt mịn?,"Đi bar nên ưu tiên nhũ mắt hạt mịn hơn bạn nhé! Nhũ mịn sẽ giúp đôi mắt bạn lấp lánh dưới ánh đèn, tạo hiệu ứng lung linh, cuốn hút mà không bị quá lòe loẹt. Nhũ hạt to có thể hợp với các buổi tiệc đặc biệt, nhưng ở bar, nhũ mịn sẽ tự nhiên và dễ phối hợp với các phong cách trang điểm khác nhau hơn. Bạn có thể dùng thêm chút highlight ở khóe mắt để tăng hiệu ứng nhé!
"
Tẩy trang dầu có làm da bị dầu thêm không?,"Chào bạn, đây là một câu hỏi rất phổ biến! Tẩy trang dầu **không** nhất thiết làm da bị dầu thêm đâu bạn nhé. Thực tế, dầu hòa tan dầu, giúp làm sạch sâu bụi bẩn, bã nhờn và cả các sản phẩm trang điểm gốc dầu hiệu quả. 

Tuy nhiên, quan trọng là bạn cần chọn loại dầu tẩy trang phù hợp với da và rửa sạch lại với sữa rửa mặt dịu nhẹ sau đó để loại bỏ hoàn toàn cặn dầu, tránh gây bí lỗ chân lông.
"
"Tui muốn thử kẻ eyeliner đứt đoạn (dotted eyeliner), có dễ không?","Chào bạn, kẻ eyeliner đứt đoạn (dotted eyeliner) khá dễ thực hiện, phù hợp cho người mới bắt đầu tập kẻ mắt. 

**Các bước thực hiện:**

1.  **Chọn eyeliner:** Nên dùng eyeliner nước hoặc gel có đầu bút mảnh.
2.  **Tạo điểm:** Thay vì kẻ một đường liền, bạn tạo các chấm nhỏ dọc theo đường viền mắt.
3.  **Nối điểm:** Nối các chấm lại với nhau, tạo khoảng cách đều nhau.
4.  **Điều chỉnh:** Nếu cần, bạn có thể điều chỉnh độ dày và khoảng cách giữa các chấm.

Đây là kiểu kẻ mắt tạo hiệu ứng trẻ trung, năng động và không đòi hỏi kỹ thuật quá cao."
"Tui thấy có loại serum nền (serum foundation), nó có giống tinted moisturizer không?","Chào bạn, serum nền và tinted moisturizer đều là những lựa chọn trang điểm nhẹ nhàng, nhưng có sự khác biệt đấy!

**Tinted moisturizer** thường có kết cấu lỏng, cấp ẩm tốt, độ che phủ rất nhẹ, chỉ giúp đều màu da nhẹ nhàng.

**Serum nền** thì kết cấu lỏng tương tự, nhưng chứa nhiều thành phần dưỡng da hơn (như serum) và độ che phủ thường tốt hơn tinted moisturizer, có thể che được các vết ửng đỏ hoặc lỗ chân lông to.

Nói chung, serum nền ""nâng cấp"" hơn tinted moisturizer về khả năng che phủ và dưỡng da.
"
"Mắt hay bị cay khi dùng mascara, có phải do dị ứng không?","Chào bạn, mắt bị cay khi dùng mascara không nhất thiết do dị ứng đâu nhé. Có nhiều nguyên nhân lắm:

1.  **Thành phần:** Một số mascara chứa hóa chất gây kích ứng mắt nhạy cảm.
2.  **Cọ:** Cọ quá to hoặc lông cọ thô ráp có thể chạm vào mắt gây khó chịu.
3.  **Kỹ thuật:** Chớp mắt quá nhanh khi chuốt hoặc đưa mascara vào mắt quá sâu cũng dễ gây cay.
4.  **Thời gian:** Để mascara quá lâu, vi khuẩn phát triển cũng có thể gây kích ứng.

Bạn nên thử mascara dành cho mắt nhạy cảm, vệ sinh cọ thường xuyên và chuốt mascara nhẹ nhàng nhé!
"
Son màu tím lavender có khó dùng không? Tui thấy lạ lạ.,"Chào bạn, son màu tím lavender có thể hơi ""khó tính"" một chút, nhưng hoàn toàn có thể chinh phục được! Màu này hợp với những bạn có tông da lạnh hoặc da trung bình, giúp da trông sáng hơn. 

Để dùng đẹp, bạn nên chọn chất son mềm mịn, đánh nhẹ nhàng layer mỏng. Có thể kết hợp với makeup mắt tông nude hoặc tím nhạt để tạo sự hài hòa. Nếu lo lắng, hãy thử đánh son gradient (tô lòng môi) trước nhé!
"
Bà có hay dùng kem lót có màu xanh mint không? Nó che được mụn đỏ hả?,"Chào bạn,

Tôi có sử dụng kem lót màu xanh mint trong trang điểm, đặc biệt khi cần che đi những vùng da ửng đỏ như mụn hoặc vết ửng do cháy nắng. Màu xanh mint có khả năng trung hòa màu đỏ trên da, giúp da trông đều màu hơn. 

Tuy nhiên, kem lót chỉ giúp làm giảm độ đỏ, không che phủ hoàn toàn mụn. Sau khi dùng kem lót, bạn vẫn cần dùng kem nền để che phủ mụn hiệu quả hơn nhé.
"
Làm sao để phấn mắt không bị rơi xuống má khi đang đánh?,"Để phấn mắt không bị rơi xuống má khi đánh, bạn hãy làm theo các bước sau:

1. **Dùng kem lót mắt:** Giúp phấn bám dính tốt hơn, giảm thiểu tình trạng rơi rụng.
2. **Gõ nhẹ cọ:** Trước khi đánh, gõ nhẹ cọ để loại bỏ phấn thừa.
3. **Đánh lớp mỏng:** Bắt đầu với một lượng phấn nhỏ, đánh nhẹ nhàng và tăng dần độ đậm nhạt.
4. **Dùng băng dính (tùy chọn):** Dán băng dính dưới mắt để tạo đường viền sắc nét và hứng phấn rơi.
"
"Tui thấy có nhiều beauty blogger dùng xà phòng cục để định hình lông mày (soap brows), có ổn không?","Chào bạn, việc sử dụng xà phòng cục để định hình lông mày (soap brows) đang khá phổ biến. Về cơ bản, nó ổn nếu bạn chọn đúng loại xà phòng và thực hiện đúng cách. Xà phòng có glycerin giúp sợi lông mày giữ nếp, tạo hiệu ứng lông mày dày và tự nhiên. Tuy nhiên, cần chọn xà phòng không chứa chất tẩy rửa mạnh để tránh gây kích ứng da. Sau khi dùng, nhớ rửa sạch mặt kỹ để loại bỏ cặn xà phòng nhé!
"
Đi chụp ảnh thẻ sinh viên nên makeup đậm hay nhạt?,"Chào bạn, với ảnh thẻ sinh viên, nên ưu tiên makeup nhẹ nhàng, tự nhiên bạn nhé.

**Các bước thực hiện:**

1.  **Chuẩn bị da:** Dưỡng ẩm kỹ để da mịn màng.
2.  **Nền:** Dùng kem nền mỏng, nhẹ, tiệp màu da.
3.  **Che khuyết điểm:** Che nhẹ quầng thâm, mụn (nếu có).
4.  **Mascara:** Chuốt nhẹ mascara để mắt trông to hơn.
5.  **Son:** Chọn son nude hoặc màu hồng nhạt.

**Lý do:** Ảnh thẻ cần chân thực, makeup quá đậm sẽ không giống bạn ngoài đời và có thể không được chấp nhận."
Bà có hay dùng cọ để tán kem chống nắng không hay dùng tay?,"Chào bạn, với kinh nghiệm trang điểm của mình, tôi khuyên bạn nên **dùng tay** để tán kem chống nắng. Lý do là vì nhiệt độ từ tay sẽ giúp kem thẩm thấu tốt hơn vào da, đồng thời bạn có thể cảm nhận được lượng kem vừa đủ, tránh bỏ sót vùng nào. Tuy nhiên, hãy đảm bảo tay bạn đã được rửa sạch sẽ trước khi thoa kem nhé! Cọ có thể gây lãng phí sản phẩm và không đảm bảo độ đều.
"
Tẩy trang dạng sữa có đủ làm sạch makeup không?,"Chào bạn,

Tẩy trang dạng sữa có thể làm sạch makeup, nhưng hiệu quả sẽ tùy thuộc vào loại makeup bạn sử dụng. Với makeup nhẹ nhàng như kem nền mỏng, phấn phủ, son tint, tẩy trang sữa là đủ. Tuy nhiên, với makeup đậm, đặc biệt là mascara chống thấm nước, eyeliner waterproof, bạn nên dùng tẩy trang chuyên dụng (dầu, micellar water) trước, sau đó mới dùng sữa tẩy trang để đảm bảo làm sạch hoàn toàn. Lý do là sữa tẩy trang có độ hòa tan dầu thấp hơn các loại khác.
"
"Kem nền của Estee Lauder Double Wear với NARS Sheer Glow, bà thấy cái nào hợp da dầu hơn?","Chào bạn, với da dầu, Estée Lauder Double Wear sẽ là lựa chọn tốt hơn NARS Sheer Glow. Double Wear nổi tiếng với khả năng kiểm soát dầu vượt trội, giữ lớp nền bền vững suốt nhiều giờ, đặc biệt là trong thời tiết nóng ẩm. NARS Sheer Glow có độ che phủ nhẹ nhàng, phù hợp với da thường hoặc khô, nhưng có thể không đủ khả năng kiềm dầu cho da dầu, dẫn đến nhanh bóng nhờn.
"
"Tui muốn thử phong cách 'siren eyes', có khác gì 'cat eyes' không?","Chào bạn, ""siren eyes"" và ""cat eyes"" đều là những kiểu trang điểm mắt quyến rũ, nhưng có sự khác biệt rõ rệt. ""Cat eyes"" tập trung vào việc kéo dài đuôi mắt lên trên, tạo hình mắt sắc sảo, thường dùng eyeliner đen đậm.

""Siren eyes"" lại nhấn vào việc tạo chiều sâu và vẻ bí ẩn bằng cách sử dụng eyeliner hoặc eyeshadow để ""viền"" cả đường trên và dưới mắt, kéo dài về phía đuôi mắt nhưng không quá sắc nét như ""cat eyes"". ""Siren eyes"" tạo cảm giác mắt ""nhìn thấu"" hơn, quyến rũ và lôi cuốn.
"
Môi bị thâm thì có cách nào tô son lên màu chuẩn không?,"Chào bạn, môi bị thâm hoàn toàn có thể khắc phục để lên màu son chuẩn đẹp! Đây là các bước mình gợi ý:

1. **Tẩy tế bào chết:** Loại bỏ lớp da chết xỉn màu, giúp son bám tốt hơn.
2. **Che khuyết điểm:** Dùng kem che khuyết điểm màu nude hoặc trùng màu da môi để trung hòa sắc tố thâm.
3. **Tô son lót:** Son lót giúp làm đều màu da môi và khóa ẩm.
4. **Chọn màu son:** Ưu tiên các màu son có undertone ấm như cam, đỏ cam, hồng san hô. Tránh các màu quá nhạt hoặc có undertone lạnh.
"
"Phấn phủ bột với phấn phủ nén, loại nào dùng cho baking tốt hơn?","Chào bạn,

Để ""baking"" (khóa phấn) tốt hơn, **phấn phủ bột** là lựa chọn tối ưu hơn phấn phủ nén. Lý do là vì phấn bột có kết cấu mịn, nhẹ, dễ dàng bám vào da và hút dầu hiệu quả. Khi baking, chúng ta cần một lớp phấn dày để hút dầu và giữ lớp nền ổn định, phấn bột đáp ứng tốt điều này. Phấn nén thường đặc hơn, khó tạo lớp dày mịn và có thể gây cakey nếu dùng cho baking.
"
"Tui thấy có loại mascara có sợi fiber, công dụng là gì vậy?","Chào bạn, mascara có sợi fiber (sợi tơ) có công dụng chính là giúp làm dày và dài mi hiệu quả. Các sợi fiber nhỏ li ti sẽ bám vào mi thật, tạo hiệu ứng mi dày hơn, rõ ràng hơn. 

**Cách dùng:** Bạn chải mascara thường trước, sau đó chải lớp mascara fiber. Lớp fiber sẽ ""ăn"" vào mi, rồi chải thêm một lớp mascara thường nữa để cố định sợi và hoàn thiện. Loại mascara này phù hợp với những bạn mi thưa, ngắn muốn có đôi mắt to tròn hơn.
"
Làm sao để chọn màu phấn má hợp với màu son?,"Để chọn phấn má hợp với màu son, bạn cần cân nhắc tông da và sắc thái son. 

*   **Son hồng/cam đào:** Phấn má hồng baby, hồng san hô hoặc cam đào sẽ tạo sự hài hòa.
*   **Son đỏ:** Phấn má hồng đất, cam gạch hoặc hồng đào trầm sẽ cân bằng và không bị ""đụng"" màu.
*   **Son nude/mlbb:** Phấn má màu be, nâu nhạt hoặc hồng đất sẽ giúp khuôn mặt tự nhiên, thanh lịch.

Quan trọng nhất là thử màu lên da để đảm bảo sự kết hợp ưng ý nhất!
"
Bà có hay dùng miếng dán kích mí không? Có làm sụp mí không?,"Chào bạn, với kinh nghiệm trang điểm chuyên nghiệp, tôi thỉnh thoảng sử dụng miếng dán kích mí cho khách hàng có mắt một mí hoặc muốn tạo mắt to hơn. Bản thân tôi không thường xuyên dùng vì mắt tôi hai mí rõ. 

Miếng dán kích mí không gây sụp mí nếu sử dụng đúng cách và chọn loại phù hợp. Tuy nhiên, nếu dán quá cao, quá dày hoặc lạm dụng thường xuyên có thể làm da mí mắt bị chùng và gây sụp mí về lâu dài.
"
Tẩy trang mắt môi bằng dầu dừa có được không?,"Chào bạn,

Về việc tẩy trang mắt môi bằng dầu dừa, câu trả lời là **có thể**, nhưng cần lưu ý. Dầu dừa có khả năng hòa tan tốt các sản phẩm trang điểm gốc dầu như mascara, son lì. Tuy nhiên, dầu dừa có thể gây cay mắt nếu dính vào mắt. 

**Cách thực hiện:**

1.  Lấy một lượng nhỏ dầu dừa, thoa nhẹ nhàng lên vùng mắt môi.
2.  Massage nhẹ nhàng để làm mềm lớp trang điểm.
3.  Dùng bông tẩy trang lau sạch.
4.  Rửa lại bằng sữa rửa mặt dịu nhẹ để loại bỏ hoàn toàn dầu dừa.

Nếu bạn có da nhạy cảm, hãy thử trên một vùng da nhỏ trước khi sử dụng.
"
"Tui mới mua bảng mắt mà có mấy ô nhũ bị chai cứng bề mặt, làm sao giờ?","Chào bạn, tình trạng nhũ mắt bị chai cứng bề mặt khá phổ biến. Đừng lo, bạn có thể khắc phục bằng cách sau:

1. **Lấy tăm bông:** Nhẹ nhàng dùng tăm bông thấm một chút dầu dưỡng (dầu dừa, dầu hạnh nhân) hoặc son dưỡng môi.
2. **Chà nhẹ:** Chà nhẹ lên bề mặt ô nhũ bị chai, thao tác xoay tròn.
3. **Lặp lại:** Lặp lại vài lần cho đến khi nhũ mềm trở lại.

*Lý do:* Dầu dưỡng giúp làm mềm lớp nhũ bị khô, trả lại kết cấu ban đầu. Tránh dùng nước vì có thể làm tình trạng chai cứng tệ hơn."
Đi làm văn phòng có nên makeup lồng lộn không?,"Chào bạn, với kinh nghiệm trang điểm của mình, tôi khuyên bạn không nên trang điểm quá ""lồng lộn"" khi đi làm văn phòng. Thay vào đó, hãy ưu tiên một lớp trang điểm nhẹ nhàng, tự nhiên. 

**Các bước gợi ý:**

1.  **Kem nền/BB cream:** Che phủ nhẹ khuyết điểm.
2.  **Phấn phủ:** Giữ lớp nền bền vững.
3.  **Mascara:** Làm dài mi, mở mắt.
4.  **Son môi:** Chọn màu sắc phù hợp với tone da, không quá nổi bật.

Trang điểm quá đậm có thể gây ấn tượng không chuyên nghiệp và làm bạn mất tự tin. Quan trọng nhất là vẻ ngoài chỉn chu, tươi tắn thôi bạn nhé!
"
"Son dưỡng của Vaseline với Bioderma, loại nào dưỡng ẩm tốt hơn cho môi khô nẻ?","Chào bạn,

Về khả năng dưỡng ẩm cho môi khô nẻ, **Bioderma Atoderm Lip Balm** sẽ tốt hơn Vaseline.

**Lý do:**

*   **Vaseline:** Chủ yếu tạo màng bảo vệ, hạn chế mất nước, nhưng không cung cấp thêm độ ẩm.
*   **Bioderma:** Chứa các thành phần dưỡng ẩm sâu như bơ hạt mỡ, vitamin E, giúp phục hồi hàng rào bảo vệ da môi, giữ ẩm lâu dài và làm dịu da nứt nẻ.

Tuy nhiên, Vaseline vẫn là lựa chọn tốt để khóa ẩm sau khi dùng son dưỡng Bioderma."
"Tui muốn thử kẻ eyeliner trắng ở khóe mắt trong, có làm mắt to hơn không?","Chào bạn, hoàn toàn có thể dùng eyeliner trắng để ""hack"" mắt to hơn đó! Kẻ eyeliner trắng ở đường nước mắt (khóe mắt trong) sẽ tạo hiệu ứng mở rộng, giúp mắt trông long lanh và to tròn hơn. Màu trắng tương phản với màu mắt, đánh lừa thị giác làm mắt có vẻ to hơn. Tuy nhiên, bạn nên chọn bút kẻ mắt trắng chất lượng, không lem và dễ tán để có kết quả tự nhiên nhất nhé!
"
Kem nền bị vón cục khi tán là do đâu vậy bà?,"Chào bạn, kem nền bị vón cục khi tán có thể do nhiều nguyên nhân lắm đó:

1.  **Da không đủ ẩm:** Da khô sẽ ""hút"" độ ẩm từ kem nền, khiến nó bị vón cục. Hãy dưỡng ẩm kỹ trước khi đánh nền nha.
2.  **Sử dụng sai loại kem nền:** Kem nền quá đặc hoặc không phù hợp với loại da của bạn cũng dễ bị vón cục.
3.  **Kỹ thuật tán chưa đúng:** Tán quá nhanh, dùng lực mạnh hoặc dùng miếng mút/cọ không phù hợp cũng là nguyên nhân.
4.  **Kết hợp sản phẩm không ăn ý:** Một số sản phẩm skincare có thể gây tương tác với kem nền, làm nó bị vón cục.

Bạn thử kiểm tra xem mình có đang gặp phải trường hợp nào không nhé!
"
Phấn mắt màu xanh dương có khó phối đồ không?,"Chào bạn,

Phấn mắt màu xanh dương có thể hơi ""khó tính"" trong việc phối đồ, nhưng hoàn toàn có thể tạo nên những diện mạo ấn tượng nếu bạn nắm vững nguyên tắc.

**Bước 1:** Chọn tông xanh phù hợp với màu da. Da sáng hợp xanh dương tươi, da ngăm hợp xanh navy hoặc xanh đậm.
**Bước 2:** Kết hợp với màu trung tính như nâu, be, hoặc xám để cân bằng.
**Bước 3:** Sử dụng eyeliner và mascara đen để làm nổi bật đôi mắt.
**Lý do:** Xanh dương là màu sắc nổi bật, cần sự hài hòa để tránh ""lạc quẻ""."
Bà có hay dùng xịt khoáng trước khi đắp mặt nạ giấy không?,"Chào bạn, với kinh nghiệm trang điểm của mình, tôi thường xuyên sử dụng xịt khoáng trước khi đắp mặt nạ giấy. Việc này giúp làm mềm da, mở lỗ chân lông nhẹ nhàng, từ đó tăng cường khả năng hấp thụ dưỡng chất từ mặt nạ. Xịt khoáng cũng giúp da được cấp ẩm tức thì, đặc biệt hữu ích cho những bạn có làn da khô hoặc nhạy cảm. Đây là một bước chuẩn bị nhỏ nhưng mang lại hiệu quả đáng kể cho quá trình skincare.
"
Làm sao để chọn cọ tán kem nền không bị vệt?,"Để chọn cọ tán kem nền không bị vệt, bạn nên ưu tiên các loại cọ đầu bằng, lông mềm và dày dặn. Cọ đầu bằng giúp phân tán kem nền đều hơn trên da, tránh tạo đường kẻ. Lông mềm mại giúp kem nền hòa quyện với da tự nhiên, không gây kích ứng. Lông dày dặn giúp ""ăn"" kem nền vừa đủ, không bị lem hay vệt. Bạn có thể thử cọ bằng cách swatch kem nền lên tay để kiểm tra độ mịn và khả năng hòa trộn.
"
"Tui thấy có loại son thỏi có lõi dưỡng ở giữa, dùng có thích không?","Chào bạn, son thỏi có lõi dưỡng ở giữa là một lựa chọn rất đáng thử đấy! Loại son này thường có kết cấu mềm mại, giúp môi không bị khô, bong tróc, đặc biệt là trong thời tiết lạnh. Lõi dưỡng ẩm sẽ nuôi dưỡng môi từ bên trong, còn lớp son bên ngoài vẫn đảm bảo màu sắc tươi tắn, bền đẹp. Tuy nhiên, độ bền màu có thể không bằng son lì hoàn toàn, bạn nhé.
"
Đi coi mắt nên makeup theo phong cách nào cho ghi điểm?,"Đi coi mắt, bạn nên ưu tiên phong cách trang điểm tự nhiên, thanh lịch để tạo ấn tượng thiện cảm.

1.  **Nền:** Dùng kem nền mỏng nhẹ, che khuyết điểm vừa đủ.
2.  **Mắt:** Phấn mắt tone màu nude hoặc nâu nhạt, kẻ eyeliner mảnh, mascara nhẹ nhàng.
3.  **Má:** Phấn má hồng tone đào hoặc cam đất, đánh nhẹ nhàng để có gò má ửng hồng.
4.  **Môi:** Son môi màu nude, hồng baby hoặc cam san hô.

**Lý do:** Trang điểm quá đậm có thể gây phản cảm, còn tự nhiên giúp bạn trông gần gũi, dễ thương và tôn lên vẻ đẹp sẵn có."
Kem chống nắng nâng tone có cần tẩy trang kỹ như kem nền không?,"Chào bạn,

Kem chống nắng nâng tông thường chứa các thành phần khoáng chất hoặc hóa học tạo màu và khả năng nâng tông da nhẹ. Do đó, bạn **nên** tẩy trang kỹ lưỡng để loại bỏ hoàn toàn sản phẩm, tránh tình trạng lỗ chân lông bị tắc nghẽn, gây mụn. 

Tuy nhiên, mức độ tẩy trang có thể không cần quá kỹ như kem nền dày đặc. Bạn có thể sử dụng dầu tẩy trang hoặc micellar water để làm sạch hiệu quả, sau đó rửa lại bằng sữa rửa mặt.
"
"Tui mới tập kẻ mày, hay bị bên đậm bên nhạt, làm sao giờ?","Chào bạn, việc mới tập kẻ mày mà bị lệch màu là rất phổ biến! Để khắc phục, bạn nên bắt đầu bằng cách dùng cọ kẻ mày có đầu nhỏ và chất bột mịn. 

**Bước 1:** Vẽ nhạt khung mày trước, tập trung vào hình dáng. **Bước 2:** Tô đều màu từ phần đầu đến đuôi, nhớ chải nhẹ để màu hòa quyện. **Bước 3:** Nếu chỗ nào đậm quá, dùng cọ sạch hoặc tăm bông xóa nhẹ. 

Quan trọng là **tập trung và làm chậm rãi**, đừng vội vàng bạn nhé!
"
"Setting spray của MAC Prep + Prime Fix+ với Urban Decay All Nighter, cái nào giữ makeup lâu hơn?","Chào bạn,

Về khả năng giữ lớp trang điểm lâu, **Urban Decay All Nighter** thường được đánh giá cao hơn **MAC Prep + Prime Fix+**. All Nighter có công thức mạnh mẽ hơn, tạo một lớp màng khóa chặt makeup, giúp kiểm soát dầu và giữ lớp nền bền vững suốt nhiều giờ, đặc biệt phù hợp với da dầu hoặc thời tiết nóng ẩm. 

Trong khi Fix+ của MAC thiên về làm dịu da, cấp ẩm và giúp lớp makeup trông tự nhiên hơn, độ bền không bằng All Nighter. Tuy nhiên, Fix+ lại lý tưởng cho những ai thích lớp trang điểm nhẹ nhàng, căng bóng.
"
"Tui muốn thử kiểu makeup 'clean look' mà da có nhiều khuyết điểm, có được không?","Chào bạn, hoàn toàn có thể thử kiểu makeup ""clean look"" ngay cả khi da có nhiều khuyết điểm! Bí quyết là tập trung vào che phủ nhẹ nhàng, tự nhiên.

1.  **Dưỡng ẩm kỹ:** Da đủ ẩm sẽ giúp lớp nền mịn màng hơn.
2.  **Che khuyết điểm:** Dùng concealer che các vết mụn, thâm nám, nhưng nhớ tán đều để không bị lộ.
3.  **Nền mỏng nhẹ:** Chọn foundation hoặc cushion mỏng, nhẹ, tập trung vào vùng cần che phủ.
4.  **Phấn phủ:** Dùng phấn phủ trong suốt để cố định lớp nền, tránh bóng dầu.
5.  **Màu sắc tự nhiên:** Chọn màu mắt, má hồng, son môi nhẹ nhàng, hài hòa với màu da.

""Clean look"" ưu tiên sự tươi tắn, khỏe khoắn nên đừng cố gắng che hết mọi khuyết điểm nhé!
"
"Mascara bị khô lại rồi, có cách nào làm nó ướt lại không?","Chào bạn, mascara bị khô là tình trạng khá phổ biến. Có một vài cách để ""cấp cứu"" mascara của bạn:

1. **Nhỏ 1-2 giọt dung dịch nước muối sinh lý:** Nước muối giúp làm loãng mascara, trả lại độ ẩm.
2. **Sử dụng dung dịch dưỡng ẩm mắt:** Tương tự nước muối, nhưng cần chọn loại không gây kích ứng.
3. **Ấm nhẹ bằng tay:** Giữ ống mascara trong lòng bàn tay ấm khoảng 30 giây.

**Lưu ý:** Không dùng nước máy vì dễ gây nhiễm khuẩn. Nếu mascara quá khô và vón cục, tốt nhất là nên thay mới để đảm bảo an toàn cho mắt.
"
Son màu hồng neon có hợp với đi tiệc đêm không?,"Chào bạn, son màu hồng neon hoàn toàn có thể hợp với đi tiệc đêm, nhưng cần cân nhắc một số yếu tố. Màu neon nổi bật, thu hút ánh nhìn, rất phù hợp với không khí sôi động của tiệc. Tuy nhiên, bạn nên kết hợp với trang điểm mắt nhẹ nhàng, trung tính để tránh ""đụng độ"" màu sắc. Nếu da bạn sáng, son hồng neon sẽ tôn da hơn. Hãy thử trước để đảm bảo màu son hài hòa với tổng thể trang điểm và phù hợp với phong cách của bạn nhé!
"
Bà có hay dùng primer cho mắt không? Có thật sự cần thiết không?,"Chào bạn, với kinh nghiệm trang điểm của mình, tôi luôn sử dụng primer cho mắt, đặc biệt là khi trang điểm mắt khói hoặc sử dụng phấn mắt có nhiều nhũ. Primer giúp làm mịn vùng da mắt, che đi các nếp nhăn nhỏ và quan trọng nhất là giúp phấn mắt bám lâu hơn, lên màu chuẩn hơn và ngăn ngừa tình trạng lem, vón cục. 

Vậy có cần thiết không? Nếu bạn có làn da dầu, da mắt nhiều nếp nhăn hoặc muốn trang điểm mắt lâu trôi thì primer là một bước không thể bỏ qua. Còn nếu da bạn khô và chỉ trang điểm nhẹ nhàng thì có thể không cần thiết.
"
Làm sao để đánh phấn mắt không bị lem xuống vùng dưới mắt?,"Để phấn mắt không bị lem, bạn cần chuẩn bị kỹ và đánh đúng kỹ thuật:

1. **Che phủ vùng dưới mắt:** Dùng kem che khuyết điểm hoặc phấn rôm tạo lớp nền khô ráo, giúp phấn mắt khó bám vào.
2. **Sử dụng phấn mắt chất lượng:** Phấn mắt tốt, ít bụi sẽ hạn chế rơi rụng.
3. **Đánh phấn mắt từ từ:** Đừng vội vàng, đánh nhẹ nhàng từng lớp mỏng.
4. **Dùng cọ sạch:** Cọ sạch giúp lấy phấn đều và tránh lem.
5. **Khóa phấn mắt:** Xịt xịt khóa phấn (setting spray) giúp phấn bám lâu hơn.
"
"Tui thấy có loại bông mút hồ lô, công dụng có khác gì mút giọt nước không?","Chào bạn,

Bông mút hồ lô và mút giọt nước đều dùng để tán kem nền, nhưng có sự khác biệt rõ rệt. Mút hồ lô có thiết kế đa dạng góc cạnh, giúp che phủ tốt các vùng khó như cánh mũi, khóe mắt. Mút giọt nước phù hợp với các bề mặt phẳng lớn như má, trán, cho lớp nền mỏng nhẹ, tự nhiên hơn. 

Tùy nhu cầu trang điểm, bạn có thể chọn loại mút phù hợp nhé!
"
Đi du lịch biển nên mang theo những món makeup nào là đủ?,"Đi biển, ưu tiên makeup nhẹ nhàng, tự nhiên bạn nhé!

1. **Kem chống nắng:** Quan trọng nhất, bảo vệ da khỏi tác hại của UV.
2. **BB Cream/Kem nền chống nước:** Che phủ nhẹ nhàng, bền màu.
3. **Chống thấm nước Mascara:** Giữ mi cong, không lem.
4. **Son dưỡng có màu:** Giữ môi ẩm, có chút sắc màu tươi tắn.
5. **Phấn má hồng dạng kem:** Tạo đôi má ửng hồng tự nhiên.

Tránh mang quá nhiều đồ, tập trung vào những sản phẩm thiết yếu, chống nước để giữ lớp makeup bền đẹp suốt chuyến đi.
"
Bà có hay dùng dầu tẩy trang cho cả mặt không hay chỉ mắt môi?,"Chào bạn, với kinh nghiệm trang điểm của mình, tôi thường dùng dầu tẩy trang cho cả mặt, không chỉ mắt và môi. Dầu tẩy trang có khả năng hòa tan các sản phẩm trang điểm gốc dầu như kem nền, kem chống nắng hiệu quả hơn nước tẩy trang thông thường. Tuy nhiên, cần massage nhẹ nhàng và rửa sạch kỹ để tránh tắc nghẽn lỗ chân lông. Với vùng mắt môi nhạy cảm, tôi dùng dầu tẩy trang chuyên dụng hoặc massage kỹ hơn để làm sạch hoàn toàn.
"
"Tui mới mua cây son kem mà nó hơi bột, có cách nào khắc phục không?","Chào bạn, son kem bị bột thường do son bị khô hoặc môi bạn quá khô. Để khắc phục, bạn có thể thử những cách sau:

1.  **Tẩy tế bào chết môi:** Loại bỏ da chết giúp son bám đều hơn.
2.  **Dưỡng ẩm môi:** Dùng son dưỡng trước khi đánh son kem.
3.  **Trộn son với dầu dưỡng:** Một vài giọt dầu dưỡng sẽ làm son mềm mại hơn.
4.  **Đánh lớp mỏng:** Tránh đánh son quá dày, dễ gây bột.

Chúc bạn có đôi môi căng mọng với son kem nhé!
"
"Highlight dạng kem với dạng thỏi, loại nào tiện hơn?","Chào bạn,

Về độ tiện lợi, highlight dạng thỏi thường thắng thế hơn. Vì thiết kế nhỏ gọn, không cần dùng cọ, bạn có thể highlight trực tiếp lên da và dễ dàng mang theo khi di chuyển. Tuy nhiên, highlight kem cho khả năng blend mịn màng, tự nhiên hơn, phù hợp với những ai thích lớp trang điểm tinh tế. Lựa chọn cuối cùng phụ thuộc vào sở thích cá nhân và nhu cầu sử dụng của bạn nhé!
"
Tui muốn thử makeup tone tím khói mà sợ bị già.,"Chào bạn, hoàn toàn có thể makeup tone tím khói mà không bị già đâu! Bí quyết nằm ở cách bạn điều chỉnh sắc độ và kỹ thuật đánh.

1.  **Chọn màu tím:** Ưu tiên tím khói có chút ánh hồng hoặc nâu, tránh tím quá đậm hoặc lạnh.
2.  **Đánh mắt:** Tập trung màu đậm ở đuôi mắt và hốc mắt, tán đều ra để tạo chiều sâu.
3.  **Kết hợp:** Dùng phấn mắt sáng (như trắng ngọc trai) ở bầu mắt và dưới chân mày để mở rộng và trẻ trung hơn.
4.  **Son môi:** Chọn son nude, hồng đào hoặc tím nhạt để cân bằng.

"
"Môi trên mỏng hơn môi dưới, có cách nào makeup cho cân đối không?","Chào bạn, để cân đối đôi môi không đều, bạn có thể áp dụng kỹ thuật makeup sau:

1. **Tạo viền môi:** Vẽ viền môi trên cao hơn vành môi thật một chút, kéo dài ra ngoài khoảng giữa môi dưới.
2. **Tô son:** Tô son vượt nhẹ ra ngoài viền môi vừa vẽ, tập trung vào phần giữa môi trên để tạo cảm giác đầy đặn hơn.
3. **Highlight:** Thêm chút highlight ở lòng môi trên để tạo hiệu ứng căng mọng.

Mục đích là đánh lừa thị giác, tạo ảo ảnh môi trên dày dặn hơn.
"
Phấn phủ ngọc trai có làm mặt bị bóng dầu không?,"Chào bạn,

Phấn phủ ngọc trai có thể làm mặt bóng dầu tùy thuộc vào loại da và thành phần phấn. Phấn ngọc trai chứa bột khoáng và chất phản quang, giúp da sáng mịn. Tuy nhiên, nếu da bạn dầu, phấn có thể kích thích tuyến bã nhờn, gây bóng nhờn. 

Để tránh tình trạng này, hãy chọn phấn phủ ngọc trai dạng bột, kiểm soát dầu tốt và dùng lượng vừa đủ. Đồng thời, hãy đảm bảo da đã được cấp ẩm đầy đủ trước khi trang điểm.
"
"Tui thấy có loại mascara có đầu cọ cong, công dụng gì vậy?","Chào bạn, đầu cọ cong của mascara có công dụng chính là tạo độ cong tự nhiên cho hàng mi, giúp mắt trông to và long lanh hơn. Thiết kế này giúp tiếp cận và nâng từng sợi mi từ gốc, đặc biệt hiệu quả với những bạn mi thẳng hoặc mi cụp. Ngoài ra, cọ cong còn giúp phân tán đều mascara, tránh tình trạng vón cục và tạo hiệu ứng dày mi hơn."
Làm sao để chọn màu phấn tạo khối không bị cam lè hay xám xịt?,"Để chọn màu phấn tạo khối không bị cam lè hay xám xịt, bạn nên ưu tiên các tông màu trung tính, hơi lạnh. Hãy tìm phấn có undertone nâu tro, nâu khói hoặc nâu đào nhạt.

**Cách kiểm tra:** Thoa một chút phấn lên da và quan sát dưới ánh sáng tự nhiên. Nếu phấn hòa quyện tự nhiên, tạo bóng nhẹ là được. Tránh phấn quá đỏ (cam) hoặc quá tối (xám). Quan trọng nhất là chọn màu phù hợp với tông da của bạn.
"
Bà có hay dùng cọ để tán kem che khuyết điểm không hay dùng tay?,"Chào bạn, với kinh nghiệm trang điểm của mình, tôi thường ưu tiên dùng cọ để tán kem che khuyết điểm, đặc biệt là những vùng nhỏ như quầng thâm mắt hay mụn. Cọ giúp kiểm soát lượng sản phẩm tốt hơn, tránh gây cakey và đảm bảo lớp nền mỏng nhẹ, tự nhiên. Tuy nhiên, với những vùng rộng hơn, dùng tay vỗ nhẹ cũng là một lựa chọn nhanh chóng và hiệu quả, nhưng cần đảm bảo tay sạch sẽ nhé!
"
Đi tập gym có nên dùng xịt khoáng không?,"Chào bạn, với kinh nghiệm trang điểm của mình, tôi khuyên bạn nên dùng xịt khoáng khi đi tập gym. 

**Tại sao?**

*   **Cấp ẩm:** Tập gym khiến da mất nước do đổ mồ hôi. Xịt khoáng giúp cấp ẩm tức thì, giữ da căng mọng.
*   **Làm dịu da:** Mồ hôi và nhiệt độ có thể gây kích ứng. Xịt khoáng có tính làm dịu, giảm đỏ rát.
*   **Giữ lớp trang điểm:** Nếu bạn trang điểm nhẹ khi tập, xịt khoáng giúp lớp trang điểm bám lâu hơn.

**Lưu ý:** Chọn loại xịt khoáng không chứa cồn và dầu để tránh gây bít tắc lỗ chân lông."
Tẩy trang dạng khăn giấy có làm hại da không?,"Chào bạn,

Tẩy trang dạng khăn giấy có thể gây hại cho da, đặc biệt là da nhạy cảm. Lý do là vì khăn giấy thường chứa cồn và chất tẩy rửa mạnh để làm sạch nhanh chóng. Việc chà xát mạnh khi tẩy trang cũng có thể làm tổn thương hàng rào bảo vệ da, gây kích ứng, khô da và thậm chí là lão hóa sớm. Thay vào đó, bạn nên ưu tiên các sản phẩm tẩy trang chuyên dụng như dầu tẩy trang, nước micellar hoặc kem tẩy trang để làm sạch da dịu nhẹ và hiệu quả hơn.
"
"Tui mới cắt tóc mái ngố, có cần thay đổi cách makeup không?","Chào bạn! Cắt mái ngố thì bạn nên điều chỉnh makeup một chút để gương mặt cân đối hơn nhé.

1.  **Tập trung vào mắt:** Vì mái ngố làm lộ mắt hơn, hãy nhấn nhá mắt với phấn mắt, eyeliner và mascara.
2.  **Chân mày:** Kẻ chân mày tự nhiên, không quá sắc sảo để tránh vẻ mặt bị ""gò bó"".
3.  **Má hồng:** Đánh má hồng nhẹ nhàng, hơi chếch lên để tạo cảm giác mặt thon gọn.
4.  **Son môi:** Chọn son màu tươi tắn để cân bằng với mái tóc mái ngố.

Chúc bạn có một diện mạo xinh xắn với mái tóc mới!
"
"Son kem của Romand với Merzy, bà thấy dòng nào chất lượng hơn?","Chào bạn, với câu hỏi so sánh son kem Romand và Merzy, mình thấy **Merzy** nhỉnh hơn về chất lượng tổng thể. 

**Lý do:** Merzy có texture mịn hơn, độ bám màu tốt hơn và ít bị khô môi hơn so với Romand. Dù Romand có nhiều màu sắc trendy, nhưng Merzy lại tập trung vào các màu sắc cơ bản, dễ dùng và bền màu hơn. Tuy nhiên, cả hai dòng đều tốt và phù hợp với nhiều phong cách khác nhau.
"
"Tui dùng cushion mà sao nó cứ bị trượt nền, không bám vào da?","Chào bạn, cushion bị trượt nền có thể do nhiều nguyên nhân. Để khắc phục, bạn thử các bước sau nhé:

1. **Chuẩn bị da:** Làm sạch, cấp ẩm kỹ lưỡng trước khi dùng cushion. Da khô sẽ khó giữ nền.
2. **Sử dụng primer:** Primer giúp khóa ẩm, tạo lớp nền mịn và tăng độ bám cho cushion.
3. **Dặm phấn:** Sau khi đánh cushion, dùng phấn bột trong suốt để cố định lớp nền, giảm độ bóng dầu.
4. **Chọn cushion phù hợp:** Cushion có công thức phù hợp với loại da (dầu, khô, hỗn hợp) sẽ bám tốt hơn.
"
Mắt hai mí lót thì kẻ eyeliner sao cho đẹp?,"Chào bạn, với mắt hai mí lót, để kẻ eyeliner đẹp bạn nên ưu tiên các kiểu kẻ sau:

1. **Kẻ viền mi trên mảnh, sát chân mi:** Giúp mắt trông to và rõ hơn, tránh tạo cảm giác mắt bị ""chìm"".
2. **Kẻ kiểu ""cat-eye"" nhẹ nhàng:** Nâng đuôi mắt, tạo vẻ ngoài sắc sảo nhưng vẫn tự nhiên.
3. **Nên dùng eyeliner gel hoặc chì:** Dễ kiểm soát và tạo đường kẻ sắc nét hơn so với bút nước.
4. **Tránh kẻ đường dày hoặc đậm:** Sẽ làm mắt trông nhỏ hơn và che đi phần mí.
"
Son màu đỏ gạch có hợp với phong cách công sở không?,"Chào bạn,

Son đỏ gạch hoàn toàn phù hợp với phong cách công sở, nhưng cần lưu ý một chút để tạo sự chuyên nghiệp. Màu son này mang đến vẻ ngoài năng động, tự tin mà không quá nổi bật. 

Để hợp nhất, bạn nên chọn những tông đỏ gạch trầm ấm, không quá tươi sáng. Kết hợp cùng kiểu trang điểm nhẹ nhàng, ưu tiên sự tự nhiên ở mắt và má. Như vậy, son đỏ gạch sẽ là điểm nhấn tinh tế, giúp bạn trông tươi tắn và thu hút trong môi trường làm việc.
"
Bà có hay dùng phấn mắt dạng kem không? Có dễ bị đọng vào nếp gấp mí không?,"Chào bạn, tôi có sử dụng phấn mắt dạng kem thường xuyên vì độ bám màu tốt và dễ tán. Tuy nhiên, đúng là phấn mắt kem có thể bị đọng vào nếp gấp mí, đặc biệt với những người có da dầu hoặc nhiều nếp nhăn. Để khắc phục, bạn nên dùng một lượng nhỏ sản phẩm, tán nhanh tay và dùng phấn bột để khóa lớp nền, giúp phấn mắt bền màu và không bị lem.
"
Làm sao để lớp nền không bị mốc khi ngồi điều hòa cả ngày?,"Để lớp nền không bị mốc khi ngồi điều hòa cả ngày, bạn cần chuẩn bị kỹ và chọn đúng sản phẩm:

1. **Dưỡng ẩm:** Cấp ẩm đầy đủ cho da trước khi trang điểm bằng xịt khoáng hoặc kem dưỡng ẩm.
2. **Chọn nền:** Ưu tiên nền có thành phần dưỡng ẩm, finish ẩm mịn (dewy hoặc satin) thay vì lì.
3. **Kỹ thuật đánh:** Dùng mút hoặc cọ đánh nền theo chiều tâng sinh học, mỏng lớp và tán đều.
4. **Xịt khóa nền:** Sau khi hoàn thành, xịt khóa nền để giữ ẩm và giúp lớp nền bám dính hơn.

Điều hòa làm da mất nước, nên dưỡng ẩm là bước quan trọng nhất!
"
"Tui thấy có loại phấn phủ có màu, nó khác gì phấn nền không?","Chào bạn, câu hỏi rất hay! Phấn phủ có màu và phấn nền đều dùng để làm đều màu da, nhưng khác nhau ở chức năng chính và chất kết cấu.

*   **Phấn nền** (foundation) có độ che phủ cao hơn, dùng để che đi khuyết điểm và tạo lớp nền hoàn hảo.
*   **Phấn phủ có màu** (tinted powder) nhẹ hơn, thường dùng sau phấn nền hoặc kem che khuyết điểm để khóa lớp trang điểm, kiểm soát dầu và tăng nhẹ sắc tố cho da.

Nói chung, phấn nền ""xây dựng"" lớp nền, còn phấn phủ có màu ""hoàn thiện"" lớp trang điểm."
Đi cafe với bạn bè cuối tuần nên makeup theo style nào?,"Chào bạn, đi cafe cuối tuần với bạn bè, bạn nên chọn phong cách trang điểm tự nhiên, tươi tắn nhé!

1.  **Nền:** Dùng kem nền nhẹ nhàng hoặc BB cream để có lớp nền mịn màng, không quá dày.
2.  **Mắt:** Phấn mắt màu nude hoặc nâu nhạt, chuốt mascara để đôi mắt trông to và có chiều sâu.
3.  **Má:** Sử dụng phấn má hồng tone đào hoặc cam san hô để tạo vẻ má ửng hồng tự nhiên.
4.  **Môi:** Son dưỡng hoặc son tint màu hồng baby, cam đất sẽ giúp bạn trông tươi tắn mà không quá cầu kỳ.

Chúc bạn có buổi cafe vui vẻ!
"
Bà có hay dùng mặt nạ ngủ trước ngày cần makeup đẹp không?,"Chào bạn, với kinh nghiệm trang điểm của mình, tôi thường xuyên sử dụng mặt nạ ngủ trước ngày cần makeup quan trọng. Việc này giúp cấp ẩm sâu cho da, làm da căng mọng và mịn màng hơn. Một làn da đủ ẩm sẽ giúp lớp nền dễ tán, bám dính tốt và không bị mốc hay bong tróc. Tôi ưu tiên các loại mặt nạ ngủ chứa hyaluronic acid hoặc ceramide để đạt hiệu quả tốt nhất.
"
Tui kẻ mày bằng chì sáp mà nó hay bị trôi mất đuôi mày.,"Chào bạn, tình trạng chì sáp kẻ mày dễ bị trôi đuôi là khá phổ biến. Để khắc phục, bạn thử các bước sau nhé:

1. **Làm sạch vùng da:** Dùng dầu tẩy trang nhẹ nhàng làm sạch dầu thừa ở đuôi mày.
2. **Kẻ lót:** Dùng kem lót hoặc sáp vuốt lông mày để tạo lớp nền bám dính.
3. **Kẻ từng nét:** Kẻ nhẹ nhàng, không ấn mạnh để chì bám tốt hơn.
4. **Khóa đuôi mày:** Dùng mascara trong hoặc gel cố định lông mày để giữ dáng cả ngày.

Chúc bạn thành công!
"
"Son thỏi của YSL với Gucci, bà thấy hãng nào đáng đầu tư hơn?","Chào bạn, cả YSL và Gucci đều là những thương hiệu son thỏi đáng mơ ước, nhưng để đầu tư thì YSL có vẻ vượt trội hơn một chút. YSL nổi tiếng với chất son dưỡng ẩm, mềm mại, màu sắc trendy và thiết kế sang trọng, phù hợp nhiều phong cách. Gucci cũng có chất lượng tốt, nhưng bảng màu có phần ""an toàn"" hơn và giá thành thường cao hơn so với YSL. Vì vậy, nếu bạn ưu tiên sự đa dạng, chất son và giá trị thương hiệu, YSL là lựa chọn tốt hơn.
"
Kem che khuyết điểm màu cam dùng để che vết thâm mụn được không?,"Chào bạn, câu hỏi rất hay! Kem che khuyết điểm màu cam hoàn toàn có thể dùng để che vết thâm mụn, đặc biệt là những vết thâm có tông màu xanh tím. Màu cam là màu đối lập của xanh tím, nên khi thoa lên, nó sẽ trung hòa sắc tố thâm, giúp da sáng hơn. 

**Cách thực hiện:**
1.  Thoa một lượng nhỏ kem che khuyết điểm màu cam lên vết thâm.
2.  Dùng ngón tay hoặc cọ tán đều nhẹ nhàng.
3.  Sau đó, dùng kem nền hoặc kem che khuyết điểm màu da để che phủ lại, giúp lớp trang điểm tự nhiên hơn."
"Tui muốn thử makeup layout 'baddie' một chút, cần nhấn vào đâu?","Chào bạn! Layout ""baddie"" tập trung vào sự sắc sảo và quyến rũ. Bạn cần nhấn mạnh vào:

1.  **Chân mày:** Kẻ chân mày sắc nét, hơi góc cạnh.
2.  **Mắt:** Phấn mắt tối màu (đen, nâu, tím) tán đậm, có thể thêm eyeliner cánh dài.
3.  **Má:** Contour (tạo khối) sâu để khuôn mặt thêm góc cạnh.
4.  **Môi:** Son lì màu đậm (đỏ, nâu đất) và dùng bút kẻ viền môi để tạo hình sắc sảo.

Lý do: Những yếu tố này giúp tạo hiệu ứng ""gương mặt được chạm khắc"", đặc trưng của layout ""baddie""."
"Mascara mới mua mà đã bị khô, có phải hàng dỏm không?","Chào bạn, mascara mới mua mà bị khô không nhất thiết là hàng dỏm đâu nhé. Có nhiều nguyên nhân lắm!

*   **Không khí:** Khi tiếp xúc với không khí, đặc biệt là ở nơi có độ ẩm cao, mascara dễ bị khô.
*   **Cách bảo quản:** Bạn có thể đã không đóng chặt nắp sau khi dùng, hoặc để mascara ở nơi quá nóng.
*   **Bơm khí:** Việc bơm mascara quá mạnh hoặc quá nhiều lần cũng khiến mascara bị khô nhanh hơn.

Để khắc phục, bạn có thể thử nhỏ 1-2 giọt nước muối sinh lý vào tuýp mascara, lắc nhẹ trước khi dùng. Nếu tình trạng không cải thiện, có thể mascara đã bị lỗi sản xuất."
Phấn má màu hồng tím có kén da không?,"Phấn má hồng tím không hẳn kén da, nhưng cần chọn đúng sắc độ. Da trắng sáng rất hợp với hồng tím baby, tạo vẻ ngọt ngào. Da trung bình nên chọn tông tím pha hồng đất để không bị ""trôi nổi"". Da ngăm đen nên ưu tiên các màu tím đậm hơn, có chút ánh đỏ để khuôn mặt không bị xỉn màu. Quan trọng là thử màu trên da trước khi mua để đảm bảo phù hợp nhất nhé!
"
Làm sao để đánh highlight không bị giả trân?,"Để đánh highlight tự nhiên, bạn nên chọn phấn highlight có tông màu phù hợp với màu da. Da sáng chọn highlight ngọc trai hoặc champagne, da ngăm chọn màu vàng đồng hoặc đào.

**Cách đánh:**

1.  **Đánh nhẹ tay:** Dùng cọ nhỏ, lấy một lượng phấn vừa đủ và tán nhẹ lên những điểm cao như gò má, sống mũi, nhân trung, khóe mắt.
2.  **Tán đều:** Đảm bảo phấn hòa quyện với lớp nền, không bị vón cục.
3.  **Tránh đánh quá nhiều:** Highlight chỉ nên tạo hiệu ứng bắt sáng, không phải làm trắng bệch vùng đánh."
Bà có hay dùng chì kẻ mắt nhũ không? Dùng cho dịp nào?,"Chào bạn, với vai trò là chuyên gia trang điểm, tôi có sử dụng chì kẻ mắt nhũ, nhưng không thường xuyên. Tôi thường dùng chì kẻ mắt nhũ cho các dịp đặc biệt như dự tiệc, đi chơi đêm, hoặc khi muốn tạo điểm nhấn lấp lánh cho đôi mắt. Nhũ giúp đôi mắt trông to và có chiều sâu hơn, nhưng cần lưu ý phối hợp với phần trang điểm mắt tổng thể để tránh bị quá lòe loẹt.
"
"Tui mua nhầm kem nền quá đặc, có cách nào làm nó lỏng hơn không?","Chào bạn, rất tiếc bạn mua nhầm kem nền quá đặc! Đừng lo, có vài cách để ""cứu vãn"" nó:

1. **Trộn với kem dưỡng ẩm:** Đây là cách đơn giản nhất. Lấy một lượng kem nền vừa đủ, trộn với một ít kem dưỡng ẩm (tỉ lệ 1:1 hoặc điều chỉnh theo độ đặc mong muốn).
2. **Sử dụng xịt khóa/nước cân bằng da:** Xịt một chút lên kem nền rồi trộn đều. Cách này giúp kem nền mỏng nhẹ hơn.
3. **Trộn với dầu dưỡng:** Nếu da bạn khô, trộn với vài giọt dầu dưỡng sẽ giúp kem nền mềm mại hơn.

Lý do: Các chất lỏng này sẽ làm giảm độ đặc của kem nền, giúp dễ tán và tự nhiên hơn trên da.
"
Đi tiệc cưới bạn thân nên tránh màu son nào?,"Chào bạn, khi đi dự tiệc cưới của bạn thân, bạn nên tránh các màu son quá nổi bật hoặc ""lấn át"" cô dâu như cam đất, đỏ cam hoặc các màu neon quá sặc sỡ. Thay vào đó, hãy ưu tiên các màu son tự nhiên, nhẹ nhàng như hồng nude, hồng đào, hoặc đỏ san hô. Những màu này sẽ giúp bạn trông thanh lịch, tinh tế và không làm phân tán sự chú ý vào cô dâu trong ngày trọng đại của cô ấy.
"
Tẩy trang nước có làm khô da không?,"Chào bạn, câu hỏi này rất hay! Tẩy trang nước có thể làm khô da, nhưng không phải lúc nào cũng vậy.

**Nguyên nhân:** Một số loại tẩy trang nước chứa cồn hoặc chất hoạt động bề mặt mạnh, có thể loại bỏ dầu tự nhiên của da, dẫn đến khô căng.

**Cách khắc phục:**
1.  Chọn tẩy trang nước có thành phần dưỡng ẩm như glycerin, hyaluronic acid.
2.  Sau khi tẩy trang, rửa mặt lại bằng sữa rửa mặt dịu nhẹ và dưỡng ẩm ngay lập tức.
3.  Tránh tẩy trang quá mạnh, chà xát da.
"
"Tui muốn thử kẻ eyeliner màu đỏ rượu, có hợp không?","Chào bạn, kẻ eyeliner màu đỏ rượu là một lựa chọn táo bạo và rất hợp thời trang! Màu này đặc biệt tôn da trắng và phù hợp với các kiểu trang điểm mắt khói hoặc theo phong cách vintage. 

Để kẻ eyeliner đỏ rượu đẹp, bạn nên chọn màu sắc phù hợp với tông da và kết hợp với phấn mắt tông nude hoặc nâu để làm dịu đi sự nổi bật. Bắt đầu với đường kẻ mỏng, sau đó tăng độ dày nếu muốn. Chúc bạn thành công!
"
Kem lót ngọc trai có làm da bị bóng nhẫy không?,"Chào bạn,

Kem lót ngọc trai có thể gây bóng nhẫy, nhưng không phải lúc nào cũng vậy. Điều này phụ thuộc vào thành phần và loại da của bạn. Kem lót ngọc trai thường chứa các hạt phấn ngọc trai giúp da sáng, nhưng một số công thức có thể chứa nhiều dầu hoặc silicone, khiến da dễ bị bóng. 

Để tránh tình trạng này, hãy chọn kem lót có kết cấu nhẹ, kiểm soát dầu và phù hợp với loại da của bạn. Đồng thời, sử dụng một lượng vừa phải và kết hợp với phấn phủ để cố định lớp trang điểm.
"
Bà có hay dùng cọ để tán son kem không?,"Chào bạn, với kinh nghiệm trang điểm của mình, tôi thường *khuyến khích* sử dụng cọ để tán son kem, đặc biệt là son kem lì. Cọ giúp bạn kiểm soát lượng son tốt hơn, tạo đường viền môi sắc nét và tán đều màu son, tránh tình trạng son bị lem hoặc vón cục. Ngoài ra, cọ còn giúp son bám lâu hơn trên môi so với việc dùng trực tiếp đầu son. Tuy nhiên, bạn hoàn toàn có thể dùng đầu son nếu thích kiểu trang điểm tự nhiên, nhanh chóng.
"
Làm sao để gắn mi giả không bị hở gốc mi?,"Để gắn mi giả không bị hở gốc, bạn cần thực hiện các bước sau:

1. **Cắt tỉa mi:** Cắt mi giả sao cho vừa với chiều dài mắt, tránh quá dài gây cộm.
2. **Bôi keo:** Bôi một lớp keo mỏng, đều lên viền mi giả, đợi keo hơi khô (khoảng 30 giây) để tăng độ dính.
3. **Gắn mi:** Dùng nhíp hoặc đầu ngón tay giữ mi, áp sát vào gốc mi thật, bắt đầu từ giữa rồi ra hai bên.
4. **Chờ khô:** Giữ cố định mi trong vài giây cho keo khô hoàn toàn.

Lý do: Keo khô vừa đủ giúp mi dính chắc hơn, cắt tỉa mi đúng kích cỡ tránh bị cộm và gây hở.
"
Son màu cam tươi có làm vàng răng không?,"Chào bạn,

Son màu cam tươi có thể khiến răng trông vàng hơn, đặc biệt nếu răng bạn vốn đã không trắng sáng. Điều này là do sắc tố cam tạo ra sự tương phản với men răng trắng, làm nổi bật các vết ố vàng tiềm ẩn. Tuy nhiên, bạn có thể khắc phục bằng cách:

1.  **Chọn tông cam phù hợp:** Cam san hô hoặc cam đào sẽ ít gây hiệu ứng vàng răng hơn cam đất hoặc cam neon.
2.  **Sử dụng kem che khuyết điểm:** Che nhẹ vùng răng bị ố vàng trước khi đánh son.
3.  **Đánh son lòng môi:** Giúp màu son không quá đậm và giảm tương phản.
"
Tui dùng phấn phủ rồi mà sao một lúc sau mặt vẫn đổ dầu nhiều?,"Chào bạn, việc mặt vẫn đổ dầu sau khi dùng phấn phủ là tình trạng khá phổ biến. Có một vài nguyên nhân và cách khắc phục như sau:

1.  **Loại phấn phủ:** Phấn phủ bạn dùng có thể không phù hợp với loại da dầu. Hãy chọn phấn phủ dạng bột, có chứa các thành phần kiểm soát dầu như silica hoặc kẽm.
2.  **Cách đánh phấn:** Đừng đánh quá nhiều phấn, chỉ nên đánh một lớp mỏng để hút dầu thừa.
3.  **Chuẩn bị da:** Đảm bảo da đã được làm sạch kỹ và dùng toner cân bằng da trước khi đánh phấn.
4.  **Sử dụng giấy thấm dầu:** Thấm dầu thừa trong ngày để giữ lớp trang điểm bền vững."
Đi học thêm buổi tối có cần makeup không?,"Chào bạn, việc trang điểm khi đi học thêm buổi tối phụ thuộc vào nhiều yếu tố. Nếu bạn muốn tự tin hơn, một lớp nền nhẹ nhàng (BB cream hoặc cushion) giúp đều màu da, thêm chút má hồng và son dưỡng là đủ. Tránh makeup quá đậm vì có thể gây khó chịu và không phù hợp với môi trường học tập. Quan trọng nhất là bạn cảm thấy thoải mái và tự tin với chính mình!
"
Bà có bao giờ dùng phấn rôm em bé để gội đầu khô chưa?,"Chào bạn,

Tôi đã từng nghe về việc sử dụng phấn rôm em bé để gội đầu khô, và đây là một mẹo khá phổ biến. Phấn rôm giúp hấp thụ dầu thừa trên da đầu, mang lại cảm giác sạch sẽ và bồng bềnh tức thì. Tuy nhiên, cần lưu ý:

1.  **Chọn phấn rôm không chứa talc:** Talc có thể gây hại cho sức khỏe.
2.  **Sử dụng lượng vừa phải:** Quá nhiều phấn rôm có thể để lại cặn trắng.
3.  **Massage nhẹ nhàng:** Đảm bảo phấn rôm được phân bố đều.
4.  **Chải kỹ:** Loại bỏ hoàn toàn phấn rôm sau khi sử dụng.

Đây chỉ là giải pháp tạm thời, không thay thế được việc gội đầu bằng dầu gội.
"
Tẩy trang dầu xong có cần rửa lại bằng nước ấm hay nước lạnh?,"Chào bạn, sau khi tẩy trang bằng dầu, bạn **nên** rửa lại mặt bằng **nước ấm**. Nước ấm giúp lỗ chân lông giãn nở, loại bỏ hoàn toàn cặn dầu và bụi bẩn còn sót lại, đồng thời giúp sữa rửa mặt hoạt động hiệu quả hơn. Tránh dùng nước lạnh vì có thể khiến lỗ chân lông thu hẹp, gây khó khăn cho việc làm sạch sâu và có thể để lại cặn trang điểm.
"
Tui muốn mua cọ blender cho mắt mà không biết chọn loại nào.,"Chào bạn, để chọn cọ blend mắt phù hợp, bạn nên ưu tiên các loại cọ đầu tròn, lông mềm mại và không quá to. Cọ đầu tròn giúp tán màu đều và tự nhiên hơn. Lông mềm mại tránh gây kích ứng da mắt nhạy cảm.

Bạn có thể tham khảo các loại cọ blend mắt phổ biến như:
*   **Cọ blend mắt đầu tròn:** Dùng để tán màu chuyển tiếp, tạo chiều sâu cho mắt.
*   **Cọ blend mắt hình ngón tay:** Giúp blend màu kỹ lưỡng, đặc biệt ở vùng hốc mắt.

Hãy thử cầm và cảm nhận độ êm ái của lông cọ trước khi mua nhé!
"
"Cushion của The Face Shop với Innisfree, loại nào tự nhiên hơn?","Chào bạn,

Về độ tự nhiên, cushion Innisfree thường được đánh giá cao hơn The Face Shop. Innisfree có xu hướng mỏng nhẹ, finish satin hoặc semi-matte, giúp da trông tự nhiên như không trang điểm. The Face Shop thường có độ che phủ tốt hơn, nhưng có thể hơi bóng và dễ gây cảm giác dày phấn hơn nếu đánh quá nhiều lớp. Tuy nhiên, điều này còn phụ thuộc vào tông da và loại da của bạn nữa nhé!
"
"Tui thấy có trend dùng kem đánh răng trị mụn, có nên thử không?","Chào bạn,

Việc dùng kem đánh răng trị mụn là một ""mẹo"" có từ lâu nhưng **không được khuyến khích** bởi các chuyên gia trang điểm và da liễu. Kem đánh răng có thể làm khô cồi mụn, nhưng đồng thời gây kích ứng, viêm da, thậm chí làm mụn tồi tệ hơn do chứa các thành phần như baking soda, cồn và hương liệu. 

Thay vì vậy, bạn nên sử dụng các sản phẩm trị mụn chuyên dụng có chứa salicylic acid, benzoyl peroxide hoặc tea tree oil để đạt hiệu quả an toàn và tốt nhất.
"
Mắt có quầng thâm bẩm sinh thì che khuyết điểm sao cho hiệu quả?,"Chào bạn, với mắt có quầng thâm bẩm sinh, việc che khuyết điểm cần thực hiện kỹ lưỡng theo các bước sau:

1. **Chọn màu che khuyết điểm:** Dùng màu cam đào hoặc hồng cam để trung hòa sắc tố xanh tím của quầng thâm.
2. **Thoa đều:** Dùng cọ hoặc ngón tay nhẹ nhàng thoa đều lên vùng quầng thâm, tránh kéo da.
3. **Tán nhẹ:** Dùng mút trang điểm hoặc cọ để tán đều, hòa quyện với da.
4. **Khóa lớp nền:** Phủ một lớp phấn nhẹ để giữ lớp che khuyết điểm bền vững.

Lý do: Màu sắc đối lập sẽ giúp che đi khuyết điểm hiệu quả hơn.
"
Son màu hồng cánh sen có hợp với U30 không hay bị teen quá?,"Chào bạn, son màu hồng cánh sen hoàn toàn có thể hợp với U30, không hề bị ""teen"" đâu nhé! Bí quyết là chọn đúng tông và chất son. 

*   **Tông da:** Da sáng và trung bình hợp hơn với hồng cánh sen tươi tắn. Da ngăm nên chọn tông trầm hơn, có chút cam đất để không bị xỉn màu.
*   **Chất son:** Son lì hoặc satin sẽ giúp màu son sang trọng, trưởng thành hơn so với son bóng.
*   **Cách đánh:** Đánh son lòng môi hoặc dùng cọ tán đều để tạo hiệu ứng tự nhiên, không quá ""ốm màu"".

"
Bà có hay dùng phấn phủ để set kem che khuyết điểm dưới mắt không?,"Chào bạn, với vai trò là chuyên gia trang điểm, tôi thường xuyên sử dụng phấn phủ để set kem che khuyết điểm dưới mắt, đặc biệt là với các loại kem có độ che phủ cao. Việc này giúp khóa lớp kem, ngăn ngừa tình trạng vón cục, lem hoặc chảy xệ do da dầu hoặc mồ hôi. Tôi ưu tiên các loại phấn phủ mịn, nhẹ, có tông màu trùng với da để tránh làm lộ các nếp nhăn nhỏ.
"
Làm sao để lớp son bóng không bị dính tóc?,"Để son bóng không bị dính tóc, bạn cần chuẩn bị môi kỹ lưỡng trước khi đánh son. Đầu tiên, tẩy tế bào chết nhẹ nhàng để loại bỏ da chết, giúp son bám tốt hơn. Sau đó, dùng một lớp kem dưỡng ẩm mỏng để môi mềm mại. Tiếp theo, dùng phấn phủ trong suốt đánh nhẹ lên môi, tạo một lớp nền khô ráo, giúp son bóng bám dính tốt hơn mà không bị lem. Cuối cùng, dùng cọ hoặc son thoa son bóng vừa đủ, tránh thoa quá nhiều.
"
"Tui thấy có miếng mút rửa mặt konjac, dùng có tốt không?","Chào bạn, miếng mút rửa mặt Konjac rất tốt đó! Được làm từ củ Konjac tự nhiên, mút có khả năng làm sạch sâu, nhẹ nhàng loại bỏ tế bào chết và bụi bẩn mà không gây kích ứng da. 

**Cách dùng:** Làm ướt mút, tạo bọt với sữa rửa mặt, massage nhẹ nhàng lên mặt rồi rửa sạch. Nên thay mút 1-2 tháng/lần để đảm bảo vệ sinh nhé. Mút Konjac phù hợp với mọi loại da, kể cả da nhạy cảm.
"
Đi chơi công viên nước thì makeup sao cho không trôi?,"Đi công viên nước, ưu tiên hàng đầu là giữ lớp trang điểm bền vững!

1. **Dưỡng ẩm:** Dùng kem dưỡng ẩm nhẹ nhàng, giúp lớp nền bám tốt hơn.
2. **Kiềm dầu:** Thoa một lớp kem kiềm dầu để hạn chế đổ dầu, làm trôi makeup.
3. **Chống nước:** Chọn kem nền, phấn nước, mascara, son có khả năng chống nước (waterproof).
4. **Cố định:** Xịt xịt khóa trang điểm (setting spray) sau khi hoàn thành để giữ lớp makeup lâu trôi.

Tránh dùng quá nhiều lớp trang điểm để da ""thoáng"" hơn nhé!
"
Bà có hay dùng kem lót cho mí mắt không?,"Chào bạn, với vai trò là chuyên gia trang điểm, tôi *luôn* sử dụng kem lót cho mí mắt, đặc biệt khi trang điểm mắt khói hoặc sử dụng phấn mắt có màu đậm. 

**Tại sao?**

*   **Tạo nền:** Kem lót giúp làm mịn vùng da mí mắt, che đi nếp nhăn và lỗ chân lông.
*   **Giữ màu:** Nó giúp phấn mắt bám dính tốt hơn, lên màu chuẩn và bền màu hơn, tránh tình trạng lem, vón cục.
*   **Ngăn ngừa:** Kem lót còn giúp hút dầu, ngăn phấn mắt bị trôi do dầu từ da.

Tôi thường chọn loại kem lót có kết cấu nhẹ, không gây nặng mắt.
"
"Tui kẻ mày hay bị cao thấp không đều, có cách nào chỉnh không?","Chào bạn, tình trạng lông mày cao thấp không đều rất phổ biến! Để khắc phục, bạn nên thực hiện theo các bước sau:

1. **Xác định điểm bắt đầu, đỉnh và cuối lông mày:** Dùng cọ hoặc chì kẻ mày để đánh dấu 3 điểm này, đảm bảo chúng đối xứng.
2. **Kẻ phần dưới lông mày trước:** Tạo dáng khung mày trước, sau đó nhẹ nhàng tô đầy.
3. **Điều chỉnh độ đậm nhạt:** Tập trung vào phần lông mày thấp hơn, tô đậm hơn một chút để cân bằng.
4. **Dùng mascara cho lông mày:** Chải đều để các sợi lông mày vào nếp và che đi sự khác biệt.

Chúc bạn thành công!
"
"Son dưỡng có màu của Nivea với Maybelline Baby Lips, loại nào lên màu đẹp hơn?","Chào bạn,

Về độ lên màu, Maybelline Baby Lips thường vượt trội hơn Nivea Care & Color. Baby Lips có nhiều sắc tố màu hơn, cho màu sắc rõ rệt ngay cả khi thoa một lớp mỏng. Nivea thiên về dưỡng ẩm, màu sắc nhẹ nhàng, tự nhiên, phù hợp với những ai thích vẻ đẹp trong trẻo. 

Tuy nhiên, nếu bạn ưu tiên dưỡng ẩm sâu, Nivea vẫn là lựa chọn tốt. Hãy cân nhắc sở thích cá nhân để chọn sản phẩm phù hợp nhất nhé!
"
Kem lót có bắt buộc phải dùng trước khi makeup không?,"Chào bạn,

Kem lót không bắt buộc, nhưng rất nên dùng trước khi trang điểm. Kem lót tạo một lớp nền mịn màng, giúp che lấp lỗ chân lông và các nếp nhăn nhỏ, giúp lớp nền sau đó bám tốt hơn và đều màu hơn. 

Ngoài ra, kem lót còn có nhiều loại với các chức năng khác nhau như kiềm dầu, cấp ẩm, hoặc làm sáng da, giúp giải quyết các vấn đề cụ thể của da bạn. Việc bỏ qua kem lót có thể khiến lớp nền dễ bị cakey, nhanh xuống tông và không tự nhiên.
"
"Tui muốn makeup theo phong cách 'dark academia', nên dùng màu gì?","Chào bạn! Phong cách ""dark academia"" tập trung vào vẻ đẹp cổ điển, tri thức và chút bí ẩn. Để makeup theo phong cách này, bạn nên ưu tiên các màu trung tính, trầm ấm như:

1.  **Mắt:** Màu nâu đất, nâu gạch, xám khói, hoặc tím plum. Có thể dùng phấn mắt nhũ nhẹ để tạo chiều sâu.
2.  **Má:** Hồng đào hoặc cam đất để tạo vẻ ửng hồng tự nhiên.
3.  **Môi:** Son màu nude, nâu, hoặc đỏ burgundy.

Tránh các màu quá sặc sỡ, thay vào đó hãy tập trung vào sự hài hòa và tinh tế nhé!
"
"Mascara chuốt lên mi mà cứ bị thẳng đuột, không cong là sao?","Chào bạn, có nhiều lý do khiến mascara không làm cong mi được. Thứ nhất, có thể mascara của bạn đã quá cũ, bị khô và không còn đủ chất dưỡng để giữ nếp mi. Thứ hai, bạn chưa dùng kẹp mi trước khi chuốt mascara. Kẹp mi giúp tạo độ cong tự nhiên, còn mascara giữ nếp cong đó. Cuối cùng, hãy chọn loại mascara có công thức phù hợp với mi của bạn, ví dụ mi thẳng nên chọn mascara có chứa sáp và sợi giúp nâng mi.
"
Phấn má màu cam cà rốt có hợp với da vàng không?,"Chào bạn,

Phấn má màu cam cà rốt hoàn toàn có thể hợp với da vàng, nhưng cần lưu ý một chút. Màu cam cà rốt có undertone ấm, sẽ giúp da trông tươi sáng và khỏe khoắn hơn. Tuy nhiên, với da vàng, bạn nên chọn tông cam cà rốt không quá đậm, tránh làm da trông xỉn màu. 

**Cách chọn và đánh:**

1.  **Chọn tông màu:** Ưu tiên cam cà rốt đào hoặc cam cháy.
2.  **Đánh nhẹ tay:** Tập trung lên gò má, tán đều để tạo hiệu ứng tự nhiên.
3.  **Kết hợp:** Phối cùng màu mắt và son môi trung tính để cân bằng.
"
"Làm sao để tạo khối mũi trông tự nhiên, không bị hai đường thẳng?","Để tạo khối mũi tự nhiên, tránh đường thẳng cứng nhắc, bạn cần:

1. **Chọn phấn khối:** Màu lạnh, tone trầm hơn da 2-3 bậc.
2. **Đánh khối:** Bắt đầu từ chân mày, đánh nhẹ dọc theo hai bên sống mũi, tập trung vào phần hốc mũi.
3. **Tán đều:** Đây là bước quan trọng nhất! Dùng cọ mềm tán kỹ, hòa trộn phấn khối với da, tạo hiệu ứng đổ bóng mềm mại.
4. **Highlight:** Đánh highlight nhỏ ở sống mũi để làm nổi bật.

Lý do: Tán kỹ giúp loại bỏ đường viền sắc nét, tạo chiều sâu tự nhiên cho mũi.
"
Bà có hay dùng chì kẻ viền mắt trong màu đen không?,"Chào bạn, với vai trò là chuyên gia trang điểm, tôi thường xuyên sử dụng chì kẻ viền mắt đen, nhưng không phải lúc nào cũng vậy. Chì đen rất linh hoạt, phù hợp với nhiều phong cách trang điểm, từ nhẹ nhàng hàng ngày đến quyến rũ, sắc sảo. 

Tuy nhiên, tôi sẽ cân nhắc màu da, màu mắt và mục đích trang điểm. Với những cô nàng da sáng, mắt sáng màu, chì đen sẽ tạo điểm nhấn rõ ràng. Còn với những bạn da ngăm, mắt tối màu, tôi có thể ưu tiên các tông màu nâu hoặc xám để tránh vẻ nặng nề.
"
"Tui mua nhầm phấn mắt có nhiều ô màu quá sặc sỡ, giờ dùng sao?","Chào bạn, đừng lo lắng khi mua nhầm phấn mắt quá sặc sỡ! Bạn hoàn toàn có thể ""chữa cháy"" được đó.

**Bước 1:** Dùng màu trung tính (nâu, be, xám) làm lớp nền khắp bầu mắt.
**Bước 2:** Chọn 1-2 màu sặc sỡ yêu thích nhất, tán nhẹ ở đuôi mắt hoặc hốc mắt dưới.
**Bước 3:** Pha trộn màu sặc sỡ với màu trung tính để giảm độ nổi bật.

*Lý do:* Màu trung tính giúp cân bằng, còn việc dùng ít màu sặc sỡ sẽ tạo điểm nhấn tinh tế, tránh bị lòe loẹt."
Đi ăn buffet nên tô son gì cho đỡ trôi?,"Đi buffet, bạn nên chọn son kem lì hoặc son thỏi có kết cấu đặc, bám tốt.

**Bước 1:** Exfoliation (tẩy tế bào chết) môi để son lên màu chuẩn hơn.
**Bước 2:** Dưỡng ẩm môi bằng son dưỡng trước khi đánh son màu.
**Bước 3:** Tô một lớp son mỏng, dùng khăn giấy thấm bớt.
**Bước 4:** Tô thêm một lớp son nữa để màu sắc đậm nét hơn.

Son lì ít bị lem hơn son bóng, còn son thỏi giúp giữ màu lâu hơn so với son tint. Tránh ăn đồ quá nóng hoặc dính để son không bị trôi nhanh.
"
Tẩy trang dạng gel có sạch bằng dạng dầu không?,"Chào bạn,

Về độ sạch, tẩy trang dạng dầu thường hiệu quả hơn với các loại makeup chống nước và kem nền dày, vì dầu hòa tan dầu. Tuy nhiên, tẩy trang dạng gel có thể làm sạch tốt với makeup nhẹ nhàng hàng ngày như BB cream, phấn nước. 

Gel tẩy trang thường chứa các chất hoạt động bề mặt giúp loại bỏ bụi bẩn, bã nhờn. Quan trọng là chọn sản phẩm phù hợp với loại da và kỹ thuật tẩy trang đúng cách để đảm bảo làm sạch hiệu quả.
"
"Tui muốn thử kẻ eyeliner màu tím pastel, có hợp đi chơi ban ngày không?","Chào bạn, kẻ eyeliner màu tím pastel hoàn toàn có thể dùng đi chơi ban ngày đó! Màu tím pastel nhẹ nhàng, nữ tính sẽ tạo điểm nhấn đôi mắt tươi sáng, trẻ trung. Tuy nhiên, để hợp với ban ngày, bạn nên chọn tông tím nhạt, kết hợp với kiểu trang điểm tự nhiên, tập trung vào làn da khỏe khoắn và đôi môi tươi tắn. Tránh kết hợp với màu sắc quá nổi bật để tránh bị ""lố"" nhé!
"
Kem lót glowy có làm lộ khuyết điểm da không?,"Chào bạn,

Kem lót glowy (hay còn gọi là kem lót bắt sáng) có thể làm lộ khuyết điểm nếu không được sử dụng đúng cách. Lý do là vì các hạt phấn sáng trong kem lót sẽ phản chiếu ánh sáng, làm nổi bật các vùng da không đều màu, mụn hoặc nếp nhăn. 

Để khắc phục, bạn nên:
1. **Dưỡng ẩm kỹ:** Da đủ ẩm sẽ giúp kem lót bám tốt hơn và giảm thiểu tình trạng lộ khuyết điểm.
2. **Sử dụng kem che khuyết điểm:** Che phủ các vùng da cần thiết trước khi dùng kem lót.
3. **Chọn kem lót phù hợp:** Ưu tiên các sản phẩm có kết cấu nhẹ, không quá nhiều shimmer.
"
Bà có hay dùng cọ để tán phấn highlight không hay dùng tay?,"Chào bạn, với kinh nghiệm trang điểm của mình, tôi thường ưu tiên dùng cọ tán highlight hơn là dùng tay. Cọ giúp highlight được phân bố đều và mỏng nhẹ, tránh tình trạng vón cục hoặc quá lóa. Đặc biệt, cọ đầu nhỏ giúp highlight chính xác các vị trí như gò má, sống mũi, nhân trung. Tuy nhiên, nếu muốn hiệu ứng highlight tự nhiên, nhẹ nhàng, bạn có thể dùng ngón tay áp út để thoa nhẹ.
"
"Làm sao để mi giả và mi thật tiệp vào nhau, không bị tách lớp?","Để mi giả và mi thật hòa quyện tự nhiên, bạn cần thực hiện các bước sau:

1. **Uốn cong mi thật:** Dùng kẹp mi uốn cong mi thật trước khi gắn mi giả.
2. **Chọn mi giả phù hợp:** Chọn mi giả có độ cong tương tự mi thật và độ dày vừa phải.
3. **Bôi keo mỏng:** Bôi một lớp keo mỏng, đều lên viền mi giả, đợi keo hơi khô (khoảng 30 giây).
4. **Gắn mi cẩn thận:** Đặt mi giả sát chân mi thật, dùng nhíp điều chỉnh cho khít.
5. **Đánh phấn mắt:** Dùng cọ nhỏ đánh phấn mắt sẫm màu lên đường viền mi để che đi đường nối mi.
"
Son màu hồng neon có hợp với người răng hơi vàng không?,"Chào bạn,

Son màu hồng neon có thể không phải là lựa chọn tối ưu cho người răng hơi vàng. Màu hồng neon có tông màu sáng và lạnh, có thể làm nổi bật sự ố vàng của răng. Thay vào đó, bạn nên ưu tiên các màu son ấm áp như hồng san hô, cam đào hoặc hồng đất. Những màu này sẽ giúp trung hòa sắc vàng trên răng, tạo cảm giác răng trắng hơn và tổng thể khuôn mặt tươi tắn hơn.
"
Tui dùng phấn phủ rồi mà sao lớp nền vẫn bị dính ra khẩu trang?,"Chào bạn, việc lớp nền bị dính vào khẩu trang sau khi dùng phấn phủ là tình trạng khá phổ biến. Nguyên nhân có thể do:

1.  **Phấn phủ chưa đủ khả năng khóa nền:** Chọn phấn phủ có khả năng kiểm soát dầu tốt, hạt mịn và có độ bám cao.
2.  **Lớp nền quá dày:** Lớp nền dày dễ bị xê dịch và dính vào khẩu trang.
3.  **Chưa dùng xịt khóa nền:** Xịt khóa nền giúp cố định lớp trang điểm, tăng độ bền và hạn chế dính.

Bạn nên thử dùng thêm xịt khóa nền sau khi đánh phấn phủ nhé!"
Đi xem phim ma có nên makeup không? Sợ khóc trôi hết.,"Chào bạn, đi xem phim ma mà vẫn muốn xinh thì cứ makeup nhé! Để tránh trôi khi khóc, bạn nên ưu tiên các bước sau:

1.  **Kem nền/BB cream:** Chọn loại có độ bám tốt, chống thấm nước.
2.  **Phấn mắt:** Dùng phấn mắt lì thay vì nhũ, vì nhũ dễ lem.
3.  **Mascara:** Chọn loại waterproof để không bị thành ""mắt gấu trúc"".
4.  **Son:** Son tint hoặc son kem lì sẽ bền màu hơn son thỏi.
5.  **Setting spray:** Xịt một lớp khóa trang điểm cuối cùng để giữ lớp makeup lâu trôi.

Chúc bạn xem phim vui vẻ và vẫn xinh đẹp!
"
Bà có bao giờ dùng phấn mắt màu vàng làm má hồng chưa?,"Chào bạn,

Tôi đã từng thử dùng phấn mắt màu vàng làm má hồng, đặc biệt là các tông vàng đào hoặc vàng cam. Đây là một mẹo trang điểm khá thú vị và hiệu quả, đặc biệt với những người có tông da ấm. 

**Cách thực hiện:**
1.  Chọn phấn mắt có kết cấu mịn, ít bột.
2.  Dùng cọ má hồng lấy một lượng nhỏ phấn mắt.
3.  Gõ nhẹ cọ để loại bỏ bớt phấn thừa.
4.  Tán đều lên gò má theo hướng từ trong ra ngoài.

**Lý do:** Phấn mắt thường có độ bám tốt hơn má hồng, giúp màu sắc lâu phai. Tuy nhiên, cần dùng lượng phấn vừa phải để tránh bị quá đà.
"
Tẩy trang dầu xong có cần phải lau khô mặt rồi mới dùng sữa rửa mặt không?,"Chào bạn,

Sau khi tẩy trang bằng dầu, bạn **không cần** phải lau khô mặt hoàn toàn trước khi dùng sữa rửa mặt. Việc để lại một lớp dầu mỏng trên da sẽ giúp sữa rửa mặt hòa tan và loại bỏ cặn bẩn, dầu thừa hiệu quả hơn, tránh làm da bị khô căng. Tuy nhiên, bạn nên dùng khăn mềm thấm nhẹ bớt dầu thừa trước khi thoa sữa rửa mặt để sữa tạo bọt tốt hơn và dễ dàng rửa sạch.
"
Tui muốn mua cọ tạo khối mũi mà không biết chọn loại nào.,"Chào bạn, để chọn cọ tạo khối mũi phù hợp, bạn nên ưu tiên các loại cọ nhỏ, đầu vát chéo hoặc hình giọt nước. Cọ vát chéo giúp bạn dễ dàng xác định đường tạo khối, còn cọ giọt nước phù hợp để tán đều màu. Chất lông nên mềm mại, không gây kích ứng da. Bạn có thể tham khảo các dòng cọ của Real Techniques, Sigma hoặc EcoTools, đều là những thương hiệu uy tín với mức giá phải chăng.
"
"Cushion của Espoir với Hera, loại nào cho lớp finish đẹp hơn?","Chào bạn,

Về độ finish đẹp, Espoir và Hera đều rất tốt nhưng sẽ khác biệt. **Espoir** thiên về finish mịn lì, tự nhiên, phù hợp da dầu hỗn hợp và những bạn thích lớp nền ""mỏng nhẹ như không"". **Hera** lại có độ glow (tự nhiên, không phải bóng dầu) hơn, giúp da căng mọng, tươi tắn, lý tưởng cho da khô hoặc thường. 

Để chọn, bạn nên thử trực tiếp trên da để xem loại nào hợp với tông da và sở thích cá nhân hơn nhé!
"
"Tui thấy có trend dùng son đỏ làm kem che khuyết điểm quầng thâm, có thật không?","Chào bạn, đây là một mẹo trang điểm khá thú vị đang được nhiều người chia sẻ! Đúng là son đỏ có thể giúp che quầng thâm mắt hiệu quả.

**Cách thực hiện:**

1.  **Chọn son:** Son đỏ cam hoặc đỏ gạch sẽ phù hợp nhất.
2.  **Thoa son:** Bôi một lượng nhỏ son lên vùng quầng thâm, sau đó dùng ngón tay hoặc mút trang điểm tán đều.
3.  **Che phủ:** Tiếp tục dùng kem che khuyết điểm màu sáng hơn màu da để che phủ lớp son đỏ và hoàn thiện.

**Lý do:** Màu đỏ trung hòa màu xanh tím của quầng thâm, giúp da sáng hơn."
Mắt hơi xếch thì kẻ eyeliner sao cho hiền hơn?,"Chào bạn! Với mắt hơi xếch, để kẻ eyeliner trông hiền hơn, bạn nên tập trung vào kỹ thuật sau:

1. **Bắt đầu từ 2/3 đường mắt:** Thay vì kẻ từ khóe mắt, hãy bắt đầu từ khoảng giữa mắt và kéo dài ra ngoài.
2. **Độ dày tăng dần:** Kẻ đường eyeliner mỏng ở khóe mắt và dày dần về phía đuôi mắt.
3. **Tạo góc cong nhẹ:** Kéo dài đường kẻ eyeliner theo hướng cong nhẹ lên trên thay vì kéo dài thẳng. Điều này giúp ""mở"" góc mắt và làm mắt trông mềm mại hơn.
"
Son màu nude đất có hợp với mọi tone da không?,"Son màu nude đất không hẳn hợp với mọi tone da, mà cần chọn đúng undertone. Với da trắng hồng, nude đất pha hồng hoặc đào sẽ rất hợp. Da trung bình nên chọn nude đất có chút cam hoặc nâu. Da ngăm đen hợp nhất với nude đất đậm, có chút gạch hoặc caramel để tránh bị ""xỉn"" da. Quan trọng là thử son trực tiếp để tìm màu nude đất tôn da nhất cho bạn nhé!
"
Bà có hay dùng phấn mắt một màu cho cả bầu mắt không?,"Chào bạn, với kinh nghiệm trang điểm của mình, tôi thỉnh thoảng vẫn sử dụng phấn mắt một màu cho cả bầu mắt, đặc biệt khi muốn tạo phong cách trang điểm nhanh chóng, tự nhiên hoặc theo kiểu ""no-makeup makeup"". 

Tuy nhiên, để đôi mắt trông sâu hơn và có chiều hơn, tôi thường kết hợp thêm một chút phấn nhũ ở khóe mắt hoặc dùng màu tối hơn để đánh ở đuôi mắt. Việc này giúp tạo điểm nhấn và tránh cho đôi mắt trông bị phẳng.
"
Làm sao để lớp nền không bị chảy khi ra mồ hôi nhiều?,"Để lớp nền không bị chảy khi đổ mồ hôi, bạn cần chuẩn bị kỹ và chọn đúng sản phẩm:

1. **Làm sạch & cấp ẩm:** Da dầu cần sạch nhưng vẫn đủ ẩm.
2. **Sử dụng primer:** Primer giúp khóa ẩm, tạo lớp nền mịn và kiểm soát dầu.
3. **Chọn nền lì (matte) & chống thấm nước:** Ưu tiên các sản phẩm có chỉ số SPF và PA để bảo vệ da.
4. **Cố định lớp nền bằng phấn phủ:** Tập trung ở vùng chữ T, nơi dễ đổ dầu nhất.
5. **Sử dụng xịt khóa nền:** Giúp lớp nền bền vững hơn.
"
"Tui thấy có loại miếng dán che mụn trước khi makeup, có hiệu quả không?","Chào bạn, miếng dán che mụn trước khi makeup có hiệu quả đó! Miếng dán này giúp làm dịu mụn, bảo vệ mụn khỏi vi khuẩn và bụi bẩn từ mỹ phẩm, từ đó ngăn ngừa mụn trở nên nghiêm trọng hơn. 

**Cách dùng:** Dán lên mụn đã được làm sạch, để khoảng 30 phút rồi mới bắt đầu makeup. Chọn miếng dán mỏng, màu da để che phủ tốt hơn nhé. Tuy nhiên, đừng lạm dụng vì da cần ""thở"" đó!
"
Đi chơi dã ngoại nên makeup đơn giản như thế nào?,"Chào bạn, để có một lớp trang điểm đơn giản, tự nhiên cho buổi dã ngoại, bạn hãy thực hiện các bước sau:

1.  **Kem chống nắng:** Bảo vệ da là quan trọng nhất, thoa đều trước khi makeup.
2.  **BB Cream/Kem nền nhẹ:** Che phủ nhẹ nhàng, giúp da đều màu.
3.  **Phấn má hồng:** Chọn màu cam đào hoặc hồng san hô để tươi tắn.
4.  **Mascara:** Làm dài và cong mi, mở rộng đôi mắt.
5.  **Son dưỡng/Son tint:** Giữ môi ẩm và có màu sắc tự nhiên.

Tránh makeup quá dày, ưu tiên sự thoải mái và tự nhiên bạn nhé!
"
Bà có hay dùng máy rửa mặt trước khi makeup không?,"Chào bạn, với kinh nghiệm trang điểm của mình, tôi luôn ưu tiên rửa mặt sạch trước khi makeup. Việc này giúp loại bỏ bụi bẩn, dầu thừa và tế bào chết, tạo bề mặt da thông thoáng. Da sạch sẽ giúp lớp nền mịn màng, bám dính tốt hơn, tránh tình trạng cakey và lỗ chân lông bị tắc nghẽn. Tôi thường dùng máy rửa mặt để làm sạch sâu, sau đó rửa lại bằng sữa rửa mặt dịu nhẹ.
"
"Tui kẻ mày bằng bột mà nó không lên màu rõ, làm sao giờ?","Chào bạn, việc kẻ mày bằng bột không lên màu có thể do một số nguyên nhân. Để khắc phục, bạn thử các bước sau nhé:

1. **Làm sạch chân mày:** Dùng bông tẩy trang loại bỏ dầu thừa, bụi bẩn để bột bám tốt hơn.
2. **Dùng kem lót:** Thoa một lớp kem lót mỏng lên chân mày, giúp bột bám dính và lên màu chuẩn hơn.
3. **Chọn màu phù hợp:** Đảm bảo màu bột chân mày hợp với màu tóc và da của bạn.
4. **Kỹ thuật kẻ:** Dùng cọ đầu vát, tán bột theo chiều lông mày, nhấn nhá ở phần đầu và đuôi.
"
"Son thỏi của Tom Ford với Charlotte Tilbury, bà thấy chất son nào thích hơn?","Chào bạn, với kinh nghiệm trang điểm của mình, tôi thấy son thỏi Tom Ford và Charlotte Tilbury đều rất tốt, nhưng có những điểm khác biệt.

**Tom Ford** nổi tiếng với chất son mềm mại, giàu ẩm, độ bám tốt và màu sắc sang trọng, quyến rũ. Tuy nhiên, giá thành khá cao.

**Charlotte Tilbury** có chất son mịn lì, nhẹ môi, lên màu chuẩn và đa dạng phong cách. Son CT có độ bền màu tốt, phù hợp với nhiều loại da.

Nếu bạn thích son dưỡng ẩm, sang trọng, Tom Ford là lựa chọn tốt. Còn nếu bạn ưu tiên sự thoải mái, đa dạng màu sắc, Charlotte Tilbury sẽ phù hợp hơn.
"
Kem che khuyết điểm màu tím dùng để che vùng da nào?,"Kem che khuyết điểm màu tím được sử dụng để che các vùng da có quầng thâm, ám vàng hoặc xỉn màu như vùng dưới mắt, hai bên cánh mũi và các vết thâm nám nhỏ. Màu tím là màu đối lập của màu vàng, nên khi thoa lên da sẽ trung hòa sắc tố vàng, giúp da trông sáng và tươi tắn hơn. Lưu ý nên dùng một lượng nhỏ và tán đều để tránh gây ra hiện tượng vệt màu.
"
"Tui muốn thử makeup theo phong cách 'cottagecore', có đặc điểm gì?","Chào bạn, phong cách ""cottagecore"" trong trang điểm tập trung vào vẻ đẹp tự nhiên, tươi trẻ như nàng tiên đồng nội. 

**Đặc điểm chính:**

1.  **Da:** Ưu tiên làn da căng bóng, khỏe khoắn, có thể dùng kem dưỡng ẩm và highlight để tạo hiệu ứng ""dewy skin"".
2.  **Màu mắt:** Sử dụng các tông màu pastel nhẹ nhàng như hồng đào, cam đất, hoặc nâu nhạt.
3.  **Má hồng:** Má hồng là ""linh hồn"" của phong cách này, đánh cao và đậm hơn bình thường để tạo vẻ ửng hồng tự nhiên.
4.  **Môi:** Son dưỡng hoặc son tint màu hồng san hô, đào nhẹ nhàng.

"
"Mascara bị khô cứng lại ở đầu cọ, có cách nào làm mềm không?","Chào bạn, tình trạng mascara bị khô cứng đầu cọ rất phổ biến! Có vài cách để ""cấp cứu"" em nó:

1. **Nhỏ 2-3 giọt dung dịch nước muối sinh lý** vào tuýp mascara.
2. **Lắc nhẹ** (không lắc mạnh) để dung dịch hòa quyện.
3. **Hút bớt** phần mascara thừa ra trước khi dùng.

*Lý do:* Nước muối giúp làm mềm và dưỡng ẩm cho mascara, giúp cọ dễ dàng lấy sản phẩm hơn. Tránh dùng nước máy vì có thể gây nhiễm khuẩn."
Phấn má màu rượu vang có hợp với đi làm không?,"Chào bạn,

Phấn má màu rượu vang có thể dùng đi làm, nhưng cần lưu ý để phù hợp. Màu rượu vang đậm có thể quá nổi bật cho môi trường công sở, nên hãy chọn tông màu nhạt hơn, như hồng đất pha chút tím. 

**Cách đánh:**
1.  Lấy ít phấn, gõ nhẹ để rũ bớt.
2.  Mỉm cười và đánh lên gò má, tập trung vào phần xương má.
3.  Tán đều để màu hòa quyện tự nhiên với da.

Màu rượu vang sẽ tạo vẻ trưởng thành, quyến rũ nhưng vẫn tinh tế nếu dùng đúng cách."
Làm sao để đánh khối hàm không bị lộ rõ hai đường?,"Để đánh khối hàm không bị lộ rõ hai đường, bạn cần lưu ý:

1. **Chọn màu khối:** Chọn màu khối tối hơn da 2-3 tông, thiên về màu lạnh (tro, nâu lạnh) để tạo hiệu ứng tự nhiên.
2. **Đánh nhẹ nhàng:** Bắt đầu với lượng sản phẩm ít, đánh theo đường xương hàm, tập trung dưới gò má.
3. **Tán đều:** Đây là bước quan trọng nhất! Dùng cọ tán đều sản phẩm theo chuyển động tròn, hòa trộn khối với kem nền/phấn phủ để không còn đường nét rõ ràng.
4. **Đánh highlight:** Đánh highlight lên gò má để làm nổi bật khối, giúp gương mặt có chiều sâu.
"
Bà có hay dùng chì kẻ mắt gel không? Có dễ trôi không?,"Chào bạn, với kinh nghiệm trang điểm của mình, tôi thường xuyên sử dụng chì kẻ mắt gel vì độ lên màu đậm nét, dễ tán và bền màu hơn chì kẻ mắt thông thường. Tuy nhiên, độ bền màu còn phụ thuộc vào chất lượng sản phẩm và loại da của bạn. 

Để hạn chế trôi, bạn nên chọn chì kẻ mắt gel chống thấm nước, dùng kem lót mắt trước khi kẻ và có thể dùng thêm phấn mắt cùng màu để khóa màu. Nếu da bạn dầu, hãy dùng giấy thấm dầu thường xuyên để giữ cho mắt không bị lem.
"
"Tui mua nhầm kem nền có mùi cồn nồng quá, có nên dùng không?","Chào bạn, việc kem nền có mùi cồn nồng không hẳn là không nên dùng, nhưng cần cân nhắc kỹ. Mùi cồn có thể do nồng độ cồn cao, dùng để làm khô nhanh và kiểm soát dầu. Nếu da bạn dầu mụn, có thể chấp nhận được, nhưng cần thử trước trên vùng da nhỏ để xem có bị kích ứng không. Nếu da khô, nhạy cảm, tốt nhất nên tránh vì cồn có thể gây mất nước và kích ứng.
"
Đi tiệc công ty cuối năm nên chọn màu son nào cho nổi bật mà vẫn lịch sự?,"Để nổi bật mà vẫn lịch sự khi đi tiệc công ty cuối năm, bạn nên ưu tiên các màu son trầm ấm, sang trọng. Đỏ ruby hoặc đỏ cam là lựa chọn an toàn, dễ phối đồ và phù hợp nhiều tông da. Nếu muốn khác biệt hơn, hãy thử màu hồng đất hoặc cam đất. 

**Lưu ý:**

*   **Độ bóng:** Son lì hoặc son satin sẽ tạo vẻ chuyên nghiệp hơn son bóng.
*   **Độ đậm:** Tránh các màu quá sặc sỡ hoặc quá nhạt.
*   **Kết hợp:** Phù hợp với trang điểm mắt nhẹ nhàng để cân bằng."
Tẩy trang micellar water có cần rửa lại bằng nước không?,"Chào bạn,

Về việc có cần rửa lại mặt sau khi dùng tẩy trang micellar water hay không, câu trả lời là **không nhất thiết**. Micellar water được thiết kế để làm sạch nhẹ nhàng mà không cần rửa lại. Tuy nhiên, nếu bạn cảm thấy da còn hơi dính hoặc có độ bóng dầu, bạn có thể rửa lại bằng nước sạch để đảm bảo da hoàn toàn sạch sẽ và thông thoáng. Việc rửa lại còn tùy thuộc vào loại da của bạn nữa nhé!
"
"Tui muốn thử kẻ eyeliner màu xanh lá cây đậm, có hợp không?","Chào bạn! Kẻ eyeliner màu xanh lá cây đậm là một lựa chọn táo bạo và rất hợp nếu bạn muốn tạo điểm nhấn độc đáo cho đôi mắt. Màu này đặc biệt nổi bật trên mắt nâu hoặc mắt xanh dương. 

Để hợp hơn, bạn có thể kết hợp với trang điểm mắt tông trung tính như nâu, be hoặc xám. Nếu muốn nổi bật hơn nữa, hãy thử kết hợp với chút phấn mắt màu tím hoặc cam đất. Quan trọng nhất là hãy tự tin với phong cách của mình nhé!
"
Kem lót có thành phần silicon có làm bít tắc lỗ chân lông không?,"Chào bạn, đây là một câu hỏi rất hay và được nhiều người quan tâm!

Kem lót chứa silicon **có thể** gây bít tắc lỗ chân lông ở một số người, nhưng **không phải ai cũng vậy**. Silicon tạo một lớp nền mịn, giúp kem nền bám tốt hơn, nhưng chúng có thể tạo màng bít trên da. 

Nếu bạn có làn da dầu mụn, dễ bị bít tắc, hãy chọn kem lót không chứa silicon (như các sản phẩm gốc nước). Nếu da bạn khô hoặc thường, silicon có thể không gây vấn đề. Hãy thử nghiệm và theo dõi phản ứng của da bạn nhé!
"
Bà có hay dùng cọ để tán son bóng không?,"Chào bạn, với kinh nghiệm trang điểm của mình, tôi không thường xuyên dùng cọ để tán son bóng. Lý do là vì son bóng có xu hướng làm lem và không bám màu tốt nếu dùng cọ. Thay vào đó, tôi thích dùng đầu ngón tay hoặc applicator đi kèm sản phẩm để thoa son trực tiếp lên môi, giúp son bóng lên màu đều và tự nhiên hơn, đồng thời tận dụng được độ ẩm của môi.
"
Làm sao để mi giả không bị xô lệch khi đeo cả ngày?,"Để mi giả không bị xô lệch suốt cả ngày, bạn cần thực hiện các bước sau:

1. **Chọn mi phù hợp:** Chọn mi có độ cong và độ dài phù hợp với mắt.
2. **Cắt tỉa mi:** Cắt bớt phần mi thừa ở đuôi mắt để mi vừa vặn.
3. **Bôi keo đều:** Bôi một lớp keo mỏng, đều lên mi giả, đợi keo hơi khô.
4. **Đeo mi:** Dùng nhíp kẹp mi, đặt sát đường chân mi, giữ chặt vài giây cho keo khô.
5. **Dùng mascara:** Chải mascara nhẹ nhàng để mi thật hòa quyện với mi giả.

Việc này giúp mi giả bám dính tốt hơn, tránh bị lệch do dầu nhờn hoặc vận động.
"
Son màu cam cà rốt có làm xỉn màu da không?,"Chào bạn,

Son màu cam cà rốt có thể làm xỉn da với một số người, đặc biệt là những bạn có tông da lạnh hoặc da xanh xao. Màu cam cà rốt chứa sắc tố vàng có thể làm nổi bật các vết ửng đỏ hoặc quầng thâm trên da. Tuy nhiên, nếu bạn có tông da ấm, khỏe khoắn, màu son này có thể rất tôn da và mang lại vẻ tươi trẻ. Bạn nên thử son trước khi mua để xem màu có hợp với da không nhé!
"
"Tui dùng phấn phủ bột mà nó cứ bay tứ tung, có cách nào không?","Chào bạn, tình trạng phấn phủ bột bay tứ tung rất phổ biến! Để khắc phục, bạn thử những cách sau nhé:

1. **Chọn cọ phù hợp:** Dùng cọ đầu bằng, sợi mềm, không quá dày.
2. **Lấy phấn vừa đủ:** Gõ nhẹ cọ để loại bỏ phấn thừa trước khi đánh.
3. **Kỹ thuật đánh:** Ấn nhẹ cọ lên da, không quét mạnh tay. Đánh theo chiều lỗ chân lông để phấn bám tốt hơn.
4. **Sử dụng xịt khóa phấn:** Giúp cố định lớp phấn, hạn chế bay.

Nguyên nhân chính là do phấn thừa và kỹ thuật đánh chưa đúng. Chúc bạn thành công!
"
Đi bảo vệ đồ án tốt nghiệp nên makeup sao cho tự tin?,"Chào bạn, để tự tin bảo vệ đồ án, mình gợi ý makeup theo phong cách tự nhiên, thanh lịch nhé:

1. **Chuẩn bị da:** Dưỡng ẩm kỹ để lớp nền mịn màng.
2. **Nền:** Dùng kem nền mỏng nhẹ, che khuyết điểm vừa đủ.
3. **Mắt:** Phấn mắt tone nude hoặc nâu nhạt, kẻ eyeliner mảnh, mascara nhẹ nhàng.
4. **Má:** Phấn má hồng đào hoặc cam đất để khuôn mặt tươi tắn.
5. **Môi:** Son nude hoặc màu hồng pastel.

Lưu ý: tránh makeup quá đậm, tập trung vào sự tươi tắn, rạng rỡ tự nhiên để gây ấn tượng tốt với hội đồng nhé!
"
Bà có bao giờ dùng phấn mắt làm bột kẻ mày chưa?,"Chào bạn,

Tôi đã từng sử dụng phấn mắt để thay thế bột kẻ mày trong nhiều trường hợp. Đây là một mẹo nhỏ khá hiệu quả, đặc biệt khi bạn không có sẵn sản phẩm chuyên dụng. 

**Cách thực hiện:** Chọn phấn mắt có màu gần với màu lông mày tự nhiên của bạn. Dùng cọ đầu vát nhỏ, lấy một lượng phấn vừa đủ và tô nhẹ nhàng theo dáng mày mong muốn. Ưu điểm là phấn mắt thường mềm mịn, dễ tán và tạo hiệu ứng tự nhiên. Tuy nhiên, độ bám dính có thể không cao bằng bột kẻ mày chuyên dụng, nên bạn cần dùng thêm gel kẻ mày để cố định.
"
"Tẩy trang dầu xong da vẫn còn cảm giác nhờn rít, là sao?","Chào bạn, việc da vẫn nhờn rít sau khi tẩy trang dầu là khá phổ biến. Nguyên nhân có thể do:

1.  **Dầu tẩy trang chưa được nhũ hóa hoàn toàn:** Bạn cần massage kỹ với nước ấm để dầu hòa tan bụi bẩn và chuyển thành dạng sữa, rồi rửa sạch.
2.  **Sử dụng quá nhiều dầu tẩy trang:** Lượng dầu quá nhiều khó nhũ hóa hết.
3.  **Loại dầu tẩy trang không phù hợp:** Một số loại dầu tẩy trang quá đặc hoặc chứa nhiều dầu khoáng có thể để lại cảm giác nhờn.

Hãy thử nhũ hóa kỹ hơn, giảm lượng dầu hoặc đổi sang loại dầu tẩy trang khác nhẹ nhàng hơn nhé!
"
"Tui muốn mua cọ đánh nền cho lớp nền mỏng nhẹ, nên chọn loại nào?","Chào bạn, để có lớp nền mỏng nhẹ tự nhiên, bạn nên chọn cọ đánh nền đầu dẹt hoặc đầu vát, lông mềm mại (lông tổng hợp hoặc lông dê). Cọ đầu dẹt giúp tán đều sản phẩm, còn cọ đầu vát giúp che phủ tốt hơn ở những vùng cần thiết. Lông mềm mại sẽ giúp bạn không gây kích ứng da và tạo hiệu ứng mịn màng, tránh lộ vân cọ. Bạn có thể tham khảo các loại cọ của Real Techniques, Sigma hoặc EcoTools nhé!
"
"Cushion của Lime Crime với Pony Effect, loại nào độc lạ hơn?","Chào bạn,

Về độ độc đáo, cushion Lime Crime có phần nổi bật hơn Pony Effect. Lime Crime nổi tiếng với bao bì hình vỏ sò độc đáo, màu sắc bắt mắt và chất cushion thường có độ che phủ cao, finish lì, phù hợp với những bạn yêu thích phong cách cá tính, nổi loạn. 

Pony Effect cushion vẫn đẹp và chất lượng tốt, nhưng thiết kế và màu sắc có phần an toàn, hướng đến sự thanh lịch, tự nhiên hơn. Vì vậy, nếu bạn tìm kiếm sự khác biệt, Lime Crime là lựa chọn thú vị hơn.
"
"Tui thấy có trend dùng phấn rôm em bé để 'baking' dưới mắt, có an toàn không?","Chào bạn, trend dùng phấn rôm em bé để ""baking"" dưới mắt đang được nhiều người quan tâm. Tuy nhiên, mình không khuyến khích bạn nên thử nhé!

Phấn rôm em bé có chứa bột talc và các thành phần khác có thể gây kích ứng da, đặc biệt là vùng da mỏng manh dưới mắt. Việc sử dụng có thể dẫn đến khô da, mẩn ngứa, thậm chí là viêm nhiễm. Thay vào đó, bạn nên dùng phấn bột chuyên dụng cho trang điểm, có thành phần an toàn và lành tính hơn để đạt hiệu quả tương tự mà không gây hại cho da.
"
Môi bị khô nẻ quanh năm thì nên dùng son gì?,"Chào bạn, với đôi môi khô nẻ quanh năm, bạn nên ưu tiên son dưỡng ẩm sâu và có khả năng phục hồi da. 

**Bước 1:** Chọn son có thành phần như bơ hạt mỡ, dầu jojoba, vitamin E, sáp ong.
**Bước 2:** Tránh son có chứa hương liệu, phẩm màu mạnh, cồn vì chúng làm khô môi hơn.
**Bước 3:** Nên dùng son dưỡng trước khi đánh son màu, và thoa lại thường xuyên trong ngày. 

Son dưỡng có SPF là lựa chọn tốt để bảo vệ môi khỏi tác hại của ánh nắng mặt trời.
"
Son màu đỏ cam có hợp với U40 không hay hơi trẻ quá?,"Chào bạn, son đỏ cam hoàn toàn phù hợp với phụ nữ U40! Màu son này mang đến vẻ tươi trẻ, năng động nhưng vẫn rất sang trọng và thu hút. 

Để hợp nhất, bạn nên chọn sắc đỏ cam có chút trầm ấm, không quá tươi sáng. Chất son lì hoặc satin sẽ giúp màu son lên chuẩn và bền màu hơn. Quan trọng nhất là kết hợp son với kiểu trang điểm tổng thể hài hòa, tập trung vào đôi mắt và da mặt để cân bằng lại nhé!
"
Bà có hay dùng phấn phủ có nhũ nhẹ cho toàn mặt không?,"Chào bạn, với kinh nghiệm trang điểm của mình, tôi không thường xuyên sử dụng phấn phủ có nhũ nhẹ cho toàn mặt. Lý do là vì nhũ có thể làm nổi bật các nếp nhăn và lỗ chân lông, đặc biệt là với những người có làn da không hoàn hảo. Thay vào đó, tôi ưu tiên sử dụng phấn phủ không màu hoặc trong suốt để kiểm soát dầu và làm mịn da. Nếu muốn tạo hiệu ứng glow, tôi sẽ dùng highlighter ở những vị trí cụ thể như gò má, sống mũi, và nhân trung.
"
Làm sao để son không bị dính vào răng khi cười?,"Để son không bị dính vào răng khi cười, bạn có thể thử các cách sau:

1. **Bặm môi giấy:** Sau khi đánh son, bặm nhẹ môi với một tờ giấy ăn để loại bỏ lớp son thừa.
2. **Sử dụng son kem/son tint:** Loại son này bám tốt hơn, ít bị lem hơn so với son thỏi.
3. **Đánh son mỏng:** Đánh lớp son mỏng, đều màu thay vì dày.
4. **Kiểm tra sau khi đánh:** Mở miệng rộng, cười thử để kiểm tra và điều chỉnh nếu cần.
"
"Tui thấy có miếng dán mụn trong suốt, dán rồi makeup lên có lộ không?","Chào bạn, miếng dán mụn trong suốt nếu dùng đúng cách hoàn toàn có thể makeup lên được mà không bị lộ. Bạn nên chọn loại miếng dán siêu mỏng, và dán trước khi đánh kem nền. Sau đó, dùng kem nền che phủ kỹ vùng miếng dán, rồi phủ thêm một lớp phấn để cố định. Nếu cần, bạn có thể dùng thêm che khuyết điểm để tăng độ che phủ nhé!
"
Đi leo núi có cần makeup không? Nếu có thì nên dùng gì?,"Chào bạn, việc makeup khi leo núi là không bắt buộc, nhưng nếu muốn, hãy ưu tiên sự nhẹ nhàng và bảo vệ da. 

**Bước 1:** Dưỡng ẩm kỹ lưỡng với kem dưỡng có SPF để bảo vệ da khỏi nắng và gió.
**Bước 2:** Sử dụng BB cream hoặc cushion mỏng nhẹ thay cho foundation, giúp che phủ nhẹ nhàng và không gây bí da.
**Bước 3:** Kẻ mày tự nhiên, dùng mascara chống thấm nước và son dưỡng có màu.

**Lý do:** Leo núi khiến da đổ mồ hôi nhiều, makeup quá dày dễ làm tắc nghẽn lỗ chân lông.
"
Bà có hay dùng toner pad trước khi makeup không?,"Chào bạn, với kinh nghiệm trang điểm của mình, tôi thường dùng toner pad trước khi makeup, đặc biệt là với những làn da dầu hoặc hỗn hợp thiên dầu. Toner pad giúp làm sạch sâu bụi bẩn, dầu thừa còn sót lại sau bước rửa mặt, cân bằng độ pH cho da và làm dịu da. Nhờ đó, lớp nền sẽ bám tốt hơn, mịn màng hơn và hạn chế tình trạng bí da, gây mụn. Tôi thường chọn các loại toner pad có chứa BHA/AHA để tẩy tế bào chết nhẹ nhàng, giúp da thông thoáng.
"
"Tui kẻ mày hay bị quá tay thành sâu róm, làm sao sửa?","Chào bạn, tình trạng kẻ mày quá tay thành ""sâu róm"" khá phổ biến. Để sửa, bạn có thể dùng:

1. **Chổi đầu vát nhỏ:** Nhúng nhẹ vào kem che khuyết điểm, che đi phần mày bị quá.
2. **Mascara trong suốt:** Chải nhẹ lên phần mày, giúp các sợi mày hòa quyện và mềm mại hơn.
3. **Bút kẻ mày:** Kẻ lại phần bị lỗi, tập trung vào hình dáng tự nhiên của chân mày.

**Lý do:** Kem che khuyết điểm và mascara giúp làm mờ đường kẻ sắc sảo, còn bút kẻ giúp định hình lại. Quan trọng là thao tác nhẹ nhàng để tránh làm lem.
"
"Setting spray của ELF với Milani, loại nào đáng thử hơn?","Chào bạn, cả ELF và Milani đều có setting spray tốt với mức giá phải chăng. Tuy nhiên, **Milani Make It Last Setting Spray** có ưu điểm vượt trội hơn. 

Milani giữ lớp trang điểm bền lâu hơn, kiểm soát dầu tốt hơn và có khả năng làm mịn da, tạo hiệu ứng glow tự nhiên. ELF Power Mist Setting Spray thì nhẹ hơn, phù hợp với da khô, nhưng độ bền không bằng Milani. Vì vậy, nếu bạn cần một sản phẩm giữ lớp trang điểm lâu trôi, Milani là lựa chọn đáng thử hơn.
"
"Tui muốn thử phong cách makeup 'soft girl', có gì đặc trưng?","Chào bạn, phong cách makeup ""soft girl"" tập trung vào vẻ đẹp tự nhiên, trong trẻo và nữ tính. Các đặc trưng chính bao gồm:

1.  **Da:** Ưu tiên lớp nền mỏng nhẹ, căng bóng, tập trung dưỡng ẩm để da khỏe.
2.  **Mắt:** Phấn mắt màu pastel (hồng, cam đào, tím lavender), đánh nhũ nhẹ ở bầu mắt. Kẻ eyeliner mảnh, màu nâu hoặc xám.
3.  **Má:** Sử dụng phấn má hồng dạng kem hoặc phấn, màu hồng đào hoặc cam san hô, đánh cao ở gò má.
4.  **Môi:** Son bóng hoặc son tint màu nude, hồng baby.

Mục tiêu là tạo hiệu ứng ""da ngọc trai"", đôi mắt long lanh và đôi môi căng mọng tự nhiên."
"Mascara mới mở nắp mà đã đặc sệt, có phải bị lỗi không?","Chào bạn, mascara mới mở mà đã đặc sệt thì có thể không hẳn là lỗi, mà do một số nguyên nhân sau:

1. **Không khí:** Khi tiếp xúc với không khí, mascara có thể bị khô nhanh hơn.
2. **Nhiệt độ:** Nhiệt độ cao cũng làm mascara đặc lại.
3. **Thành phần:** Một số loại mascara có công thức đặc hơn để tạo độ dày mi.

Bạn có thể thử nhỏ 1-2 giọt nước muối sinh lý vào tuýp mascara, lắc nhẹ để làm loãng. Nếu tình trạng không cải thiện, có thể mascara đã bị oxy hóa và nên thay mới.
"
Son màu hồng dâu có hợp với da ngăm không?,"Chào bạn,

Son màu hồng dâu có thể hợp với da ngăm, nhưng cần lưu ý chọn đúng tông. Da ngăm thường hợp với các màu hồng dâu có chút undertone ấm (ví dụ: hồng đào, hồng san hô) hơn là hồng dâu quá lạnh. 

**Cách chọn:**

1.  **Thử son:** Tốt nhất là thử trực tiếp lên da tay hoặc môi.
2.  **Ưu tiên chất son:** Son kem lì hoặc son satin sẽ giúp màu son lên chuẩn và bền màu hơn trên da ngăm.
3.  **Kết hợp trang điểm:** Kết hợp với phấn mắt và má hồng tông ấm để tạo sự hài hòa."
Bà có hay dùng kem lót màu vàng không? Nó có tác dụng gì?,"Chào bạn, với kinh nghiệm trang điểm của mình, tôi thường xuyên sử dụng kem lót màu vàng cho những khách hàng có làn da xanh xao hoặc không đều màu. Kem lót màu vàng có tác dụng trung hòa sắc tố da, giúp da trông tươi sáng, rạng rỡ hơn. Đồng thời, nó còn giúp che đi các vết ửng đỏ và làm đều màu da, tạo lớp nền hoàn hảo cho các bước trang điểm tiếp theo.
"
Làm sao để đánh phấn mắt màu khói không bị như gấu trúc?,"Để đánh phấn mắt màu khói không bị lem như gấu trúc, bạn cần thực hiện các bước sau:

1. **Che phủ vùng da mắt:** Dùng kem che khuyết điểm để tạo lớp nền mịn, giúp phấn bám tốt hơn.
2. **Đánh phấn mắt:** Bắt đầu với màu sáng nhất ở hốc mắt, sau đó tăng dần độ đậm về phía đuôi mắt.
3. **Pha trộn kỹ:** Đây là bước quan trọng nhất! Dùng cọ sạch để hòa trộn các màu phấn, tránh đường viền sắc nét.
4. **Khóa phấn:** Dùng phấn mắt màu tối trùng với màu mắt để khóa phấn, hạn chế rơi rụng.
"
"Tui thấy có loại mút tán nền silicon trong suốt, dùng có thích không?","Chào bạn, mút tán nền silicon trong suốt là một lựa chọn khá thú vị! Ưu điểm lớn nhất của loại mút này là giúp tiết kiệm kem nền vì nó không hấp thụ sản phẩm như mút truyền thống. 

**Cách dùng:** Bạn làm ướt mút, vắt khô rồi mới dùng để tán kem nền. Điều này giúp lớp nền mỏng mịn, tự nhiên hơn. Tuy nhiên, một số người thấy mút silicon khó làm sạch hoàn toàn và có thể gây bí da nếu dùng quá nhiều sản phẩm. Bạn có thể thử để xem có hợp với da mình không nhé!
"
"Đi đám cưới bạn ở resort biển, nên mang theo những gì trong túi makeup?","Đi đám cưới ở resort biển, bạn nên ưu tiên makeup nhẹ nhàng, tự nhiên, chống thấm nước. Gợi ý túi makeup cần có:

1.  **Kem chống nắng:** Bảo vệ da khỏi tác hại của ánh nắng mặt trời.
2.  **Kem nền/BB cream:** Che phủ nhẹ nhàng, chọn loại có chỉ số SPF.
3.  **Phấn phủ:** Giữ lớp nền khô ráo.
4.  **Mascara/Chân mày:** Tạo điểm nhấn cho mắt.
5.  **Son dưỡng/Son màu:** Giữ môi ẩm và có màu sắc tươi tắn.
6.  **Phấn má hồng:** Tạo vẻ rạng rỡ.
7.  **Dầu tẩy trang:** Loại bỏ makeup sau một ngày dài.
"
Bà có hay dùng nước hoa hồng dạng xịt (mist) không?,"Chào bạn, với vai trò là chuyên gia trang điểm, tôi rất hay sử dụng nước hoa hồng dạng xịt (mist) trong quy trình của mình. 

**Tại sao?** Vì nước hoa hồng giúp cân bằng độ pH cho da sau khi làm sạch, làm dịu da tức thì và cấp ẩm nhẹ nhàng. Tôi thường dùng sau bước làm sạch và trước khi đánh kem dưỡng hoặc kem nền, giúp lớp trang điểm bám tốt hơn. Ngoài ra, xịt mist trong ngày giúp da tươi mát, đặc biệt khi thời tiết nóng hoặc khi bạn cảm thấy da khô căng.
"
"Tui mới mua cây son kem mà nó khô nhanh quá, chưa kịp tán đã khô rồi.","Chào bạn, son kem khô nhanh là tình trạng khá phổ biến. Để khắc phục, bạn thử những cách sau nhé:

1.  **Lớp lót:** Dưỡng ẩm môi kỹ bằng son dưỡng trước khi đánh son kem.
2.  **Đánh nhanh tay:** Sau khi lấy son, nhanh chóng tán đều trên môi.
3.  **Chia nhỏ:** Lấy một lượng son nhỏ, đánh từng lớp mỏng thay vì một lần dày.
4.  **Sử dụng cọ:** Cọ giúp son tán đều và nhanh hơn so với thoa trực tiếp.

Son kem thường có xu hướng khô nhanh hơn son thỏi, nên thao tác nhanh là yếu tố quan trọng."
"Highlight dạng bột với dạng phấn nén, loại nào lên màu rõ hơn?","Chào bạn,

Về độ lên màu, highlight dạng bột thường rõ hơn so với dạng phấn nén. Lý do là vì bột có chứa nhiều hạt phấn siêu mịn, dễ bám dính và tán đều trên da, tạo hiệu ứng bắt sáng mạnh mẽ. Phấn nén thường chứa nhiều thành phần dưỡng ẩm và chất kết dính hơn, làm giảm độ đậm đặc của hạt phấn, nên hiệu ứng highlight sẽ nhẹ nhàng, tự nhiên hơn. Tuy nhiên, phấn nén dễ sử dụng và kiểm soát lượng sản phẩm hơn.
"
Tui muốn thử makeup tone nâu cam đất mà sợ bị già.,"Chào bạn, hoàn toàn có thể makeup tone nâu cam đất mà không bị già đâu! Bí quyết nằm ở cách bạn điều chỉnh sắc độ và kỹ thuật đánh.

1.  **Chọn màu:** Ưu tiên nâu cam đất có chút sắc cam tươi hoặc đỏ gạch, tránh nâu đất quá trầm.
2.  **Phấn mắt:** Tập trung đánh ở đuôi mắt và hốc mắt, tán đều để tạo chiều sâu, tránh đánh quá dày.
3.  **Son môi:** Chọn son có chất ẩm, đánh lòng môi để tạo hiệu ứng tự nhiên.
4.  **Má hồng:** Sử dụng má hồng cam đào để tăng độ tươi trẻ.

Quan trọng nhất là cân bằng tỷ lệ màu sắc và giữ cho lớp makeup nhẹ nhàng, tự nhiên bạn nhé!
"
"Môi bị khô và có nhiều rãnh, tô son kem lì có bị lộ không?","Chào bạn,

Son kem lì hoàn toàn có thể làm lộ rõ tình trạng khô và rãnh môi. Vì son lì có xu hướng bám chặt vào những vùng da khô, tạo cảm giác bong tróc và làm rãnh môi trông sâu hơn. 

Để khắc phục, bạn nên:

1.  **Tẩy tế bào chết môi:** Loại bỏ da chết, giúp son bám đều hơn.
2.  **Dưỡng ẩm kỹ:** Sử dụng son dưỡng trước khi đánh son kem.
3.  **Chọn son kem có độ ẩm:** Ưu tiên các công thức chứa dầu dưỡng hoặc hyaluronic acid.
"
Phấn phủ kiềm dầu có làm khô da không nếu dùng hàng ngày?,"Chào bạn, câu hỏi rất hay! Phấn phủ kiềm dầu dùng hàng ngày *có thể* gây khô da, nhưng không phải lúc nào cũng vậy. 

**Giải thích:** Phấn phủ kiềm dầu hoạt động bằng cách hấp thụ dầu thừa, đồng thời một số loại có thể hút ẩm từ da. Nếu da bạn vốn đã khô hoặc phấn phủ chứa cồn, bột talc với hàm lượng cao, tình trạng khô da sẽ dễ xảy ra hơn.

**Lời khuyên:**
1. Chọn phấn phủ không chứa talc, có thêm thành phần dưỡng ẩm.
2. Dùng lượng vừa đủ, tập trung vào vùng chữ T.
3. Luôn dưỡng ẩm kỹ trước khi trang điểm.
"
"Tui thấy có mascara 2 đầu, một đầu làm dài, một đầu làm dày, có hiệu quả không?","Chào bạn, mascara 2 đầu với một đầu làm dài và một đầu làm dày thực sự có hiệu quả đó! Đầu làm dài thường có chứa các sợi fiber giúp nối dài mi, còn đầu làm dày chứa nhiều sáp và polymer giúp tăng độ bồm cho mi. 

Bạn nên dùng đầu làm dài trước để tạo khung, sau đó dùng đầu làm dày để ""lấp đầy"" và tăng độ đậm. Cách này giúp mi vừa dài lại vừa dày tự nhiên, không bị vón cục.
"
Làm sao để chọn màu kem che khuyết điểm cho vùng dưới mắt?,"Để chọn màu kem che khuyết điểm cho vùng dưới mắt, bạn nên chọn tông màu sáng hơn màu da 1-2 tông. Điều này giúp làm sáng vùng mắt, che đi quầng thâm và bọng mắt hiệu quả. Nếu quầng thâm của bạn có màu xanh, hãy chọn kem che khuyết điểm có tông màu đào hoặc cam để trung hòa màu sắc. Quan trọng nhất là thử màu trên da trước khi mua để đảm bảo phù hợp nhất.
"
Bà có hay dùng cọ để tán phấn má không hay dùng tay?,"Chào bạn, với kinh nghiệm trang điểm của mình, tôi thường ưu tiên dùng cọ tán phấn má hơn là dùng tay. Cọ giúp kiểm soát lượng phấn tốt hơn, tránh tình trạng má bị quá đậm hoặc không đều màu. Hơn nữa, cọ còn giúp phấn bám da mịn màng, tự nhiên hơn so với việc dùng tay. Tuy nhiên, nếu muốn một vẻ ngoài tự nhiên, nhẹ nhàng, bạn có thể dùng tay vỗ nhẹ để phấn hòa vào da.
"
Đi chơi Noel nên makeup theo tone nào cho ấm áp?,"Để có một makeup tone ấm áp cho dịp Noel, bạn nên tập trung vào các gam màu như đỏ ruby, cam đất, nâu chocolate và vàng gold. 

**Các bước gợi ý:**

1.  **Mắt:** Phủ phấn mắt màu nâu gold hoặc cam đất, nhấn nhá bằng đỏ ruby ở đuôi mắt.
2.  **Má:** Sử dụng phấn má hồng cam đào hoặc hồng đất.
3.  **Môi:** Son đỏ ruby hoặc cam cháy sẽ là lựa chọn hoàn hảo.

Những màu sắc này không chỉ tạo cảm giác ấm áp mà còn rất phù hợp với không khí Giáng sinh.
"
Tẩy trang dạng sáp có cần dùng bông tẩy trang không?,"Chào bạn,

Tẩy trang dạng sáp thường không cần dùng bông tẩy trang. Bạn có thể dùng tay sạch để lấy một lượng sản phẩm vừa đủ, massage nhẹ nhàng lên da khô để làm tan lớp trang điểm và bụi bẩn. Sau đó, dùng khăn mềm ẩm lau sạch. 

Việc không dùng bông tẩy trang giúp giảm ma sát, tránh gây kích ứng da, đặc biệt là với những làn da nhạy cảm. Đồng thời, phương pháp này cũng tiết kiệm và thân thiện với môi trường hơn.
"
"Tui mới uốn mi, có cần thay đổi cách chuốt mascara không?","Chào bạn, việc bạn mới uốn mi có thể cần một chút điều chỉnh trong cách chuốt mascara để giữ dáng mi cong được lâu và tránh làm gãy mi.

**Thay đổi bạn nên thực hiện:**

1.  **Chọn mascara:** Ưu tiên loại mascara có công thức dưỡng mi, không quá nặng.
2.  **Kỹ thuật chuốt:** Chuốt từ chân mi, zíc-zắc nhẹ nhàng để phủ đều mascara và nâng mi. Tránh chuốt quá nhiều lớp, đặc biệt ở phần ngọn mi.
3.  **Thời điểm chuốt:** Đợi mi khô hoàn toàn sau khi uốn rồi mới chuốt mascara.

Việc này giúp mi không bị xẹp và giữ được độ cong tự nhiên."
"Son kem của Fenty Beauty Stunna Lip Paint với Maybelline SuperStay Matte Ink, cái nào lì hơn?","Chào bạn,

Về độ lì, **Maybelline SuperStay Matte Ink** thường được đánh giá lì hơn so với Fenty Beauty Stunna Lip Paint. SuperStay Matte Ink có công thức ""Ink"" giúp bám dính mạnh mẽ, khô nhanh và tạo lớp finish cực kỳ matte. 

Tuy nhiên, Stunna Lip Paint vẫn rất bền màu và có độ lì tốt, nhưng chất son mềm mại hơn, thoải mái hơn trên môi. Nếu bạn ưu tiên độ lì tuyệt đối, giữ màu lâu trôi, SuperStay Matte Ink là lựa chọn tốt hơn.
"
Kem lót màu hồng có tác dụng gì vậy bà?,"Chào bạn, kem lót màu hồng có tác dụng chính là trung hòa các vùng da xỉn màu, đặc biệt là những vùng da có tông vàng hoặc xanh lá cây như bọng mắt, vết thâm nám. Màu hồng là đối lập của màu xanh lá, nên khi thoa lên da sẽ giúp da trông tươi sáng, rạng rỡ hơn. Ngoài ra, kem lót hồng còn giúp làm đều màu da, tạo lớp nền mịn màng cho bước trang điểm tiếp theo.
"
Tui muốn thử makeup kiểu 'Instagram baddie' mà sợ bị lố.,"Chào bạn! ""Instagram baddie"" makeup tập trung vào đường nét sắc sảo và đôi mắt ấn tượng. Để tránh bị lố, bạn nên bắt đầu với lớp nền hoàn hảo, che khuyết điểm kỹ càng. Tiếp theo, tạo khối (contour) nhẹ nhàng dưới gò má, hai bên sống mũi để khuôn mặt thêm góc cạnh. Đừng quên đánh highlight ở những vị trí bắt sáng. Quan trọng nhất là tập trung vào mắt với eyeliner kéo dài và mascara dày mi. Son môi nên chọn tone nude hoặc màu trầm.
"
Mascara không trôi (waterproof) có khó tẩy trang không?,"Chào bạn,

Mascara không trôi thường khó tẩy trang hơn mascara thường, nhưng hoàn toàn có thể tẩy sạch nếu bạn thực hiện đúng cách. 

**Các bước tẩy trang mascara waterproof:**

1.  **Dùng dầu tẩy trang:** Dầu tẩy trang sẽ làm tan mascara hiệu quả.
2.  **Ấm nhẹ:** Nhẹ nhàng massage dầu tẩy trang lên mi mắt, giữ khoảng 20-30 giây.
3.  **Sử dụng bông tẩy trang:** Lau nhẹ nhàng theo chiều lông mi, tránh chà xát mạnh.
4.  **Rửa sạch:** Rửa lại bằng sữa rửa mặt để loại bỏ hoàn toàn dầu tẩy trang.

Lý do cần tẩy trang kỹ là để tránh làm gãy rụng mi và bảo vệ vùng da mắt nhạy cảm."
Phấn má màu hồng cam có hợp với mọi loại da không?,"Không hẳn. Phấn má hồng cam là màu sắc tươi sáng, rất hợp với những nàng da trắng sáng hoặc trung bình, giúp khuôn mặt trông rạng rỡ hơn. Tuy nhiên, với da ngăm đen, màu hồng cam có thể khiến da trông xỉn màu hoặc không tự nhiên. 

Để chọn được màu má phù hợp, bạn nên ưu tiên các tông màu đào, cam đất hoặc hồng san hô. Quan trọng nhất là thử màu trên da để đảm bảo màu sắc hài hòa với tông da của bạn.
"
Làm sao để đánh khối cằm V-line mà không bị giả?,"Để đánh khối cằm V-line tự nhiên, bạn cần:

1. **Chọn sản phẩm:** Phấn khối (contour) màu lạnh, tone trầm hơn da 2-3 bậc.
2. **Xác định vị trí:** Bắt đầu từ dưới tai, vẽ đường khối dọc theo xương hàm, hướng về góc miệng nhưng dừng lại trước.
3. **Tán đều:** Dùng cọ đầu vát tán nhẹ nhàng, hòa quyện đường khối với da, tránh đường nét sắc sảo.
4. **Highlight:** Highlight đường viền cằm để tạo chiều sâu.

**Lý do:** Màu lạnh tạo bóng tự nhiên, tán đều giúp khối không bị vệt, highlight giúp cằm trông thon gọn hơn.
"
Bà có hay dùng chì kẻ mắt màu xám khói không?,"Chào bạn! Với vai trò là chuyên gia trang điểm, tôi rất thích sử dụng chì kẻ mắt màu xám khói. Màu này cực kỳ linh hoạt, phù hợp với nhiều màu mắt và tông da. 

Tôi thường dùng chì xám khói để tạo chiều sâu cho đôi mắt, đặc biệt khi kết hợp với phấn mắt tông nude hoặc nâu. Kẻ mắt xám khói cũng giúp đôi mắt trông mềm mại và cuốn hút hơn so với màu đen quá sắc sảo. Tuy nhiên, cần tán đều để tránh vẻ ngoài nặng nề.
"
"Tui mua nhầm bảng mắt toàn màu nhũ, có cách nào dùng cho ban ngày không?","Chào bạn, hoàn toàn có thể dùng bảng mắt nhũ vào ban ngày! Bí quyết là **tập trung vào lượng dùng và cách tán**. Thay vì đánh full màu nhũ lên bầu mắt, bạn hãy dùng cọ nhỏ đánh nhẹ một chút nhũ ở **đầu mắt hoặc khóe mắt** để tạo điểm nhấn. 

Chọn những màu nhũ **sáng vừa phải** như champagne, hồng ngọc trai thay vì các màu quá nổi bật. **Kết hợp với phấn mắt lì** ở phần còn lại của bầu mắt để cân bằng và giúp đôi mắt trông tự nhiên hơn nhé!
"
Đi ăn cưới người yêu cũ nên makeup sao cho 'chặt chém'?,"Chào bạn, đi ăn cưới người yêu cũ mà muốn ""chặt chém"" thì mình gợi ý makeup theo phong cách quyến rũ, sang trọng nhé!

1.  **Nền:** Chọn foundation che phủ tốt, tạo lớp nền hoàn hảo.
2.  **Mắt:** Tập trung vào mắt với phấn mắt tông ấm (nâu, đồng), đánh nhũ lấp lánh ở bầu mắt và kẻ eyeliner sắc sảo.
3.  **Má:** Tạo khối nhẹ nhàng để gương mặt thon gọn, đánh highlight để có làn da căng bóng.
4.  **Môi:** Son đỏ tươi hoặc màu nude đất quyến rũ.

Mục đích là để bạn tự tin, tỏa sáng và cho người yêu cũ thấy bạn đã ""lên hương"" rồi đó!"
"Tẩy trang xong da bị nổi mẩn đỏ, có phải dị ứng không?","Chào bạn, da nổi mẩn đỏ sau khi tẩy trang có thể do nhiều nguyên nhân, không nhất thiết là dị ứng. Có thể do:

1. **Tẩy trang quá mạnh:** Loại bỏ cả lớp dầu tự nhiên, gây kích ứng.
2. **Thành phần tẩy trang:** Một số thành phần như cồn, hương liệu có thể gây kích ứng da nhạy cảm.
3. **Kỹ thuật tẩy trang:** Chà xát mạnh tay làm tổn thương da.

Để xác định, bạn nên ngừng dùng sản phẩm hiện tại, chuyển sang tẩy trang dịu nhẹ, không cồn. Nếu tình trạng kéo dài, hãy tham khảo bác sĩ da liễu để kiểm tra và có phương pháp điều trị phù hợp.
"
"Tui muốn thử kẻ eyeliner graphic (hình họa), có cần năng khiếu vẽ không?","Chào bạn, không nhất thiết phải có năng khiếu vẽ để kẻ eyeliner graphic đâu! Quan trọng là sự kiên nhẫn và luyện tập. 

**Đây là các bước bạn có thể thử:**

1.  **Phác thảo:** Dùng chì kẻ mắt hoặc eyeliner trắng phác thảo hình dáng mong muốn.
2.  **Đi nét:** Dùng eyeliner nước hoặc gel, kẻ theo đường phác thảo, chia nhỏ thành các đoạn ngắn.
3.  **Điều chỉnh:** Dùng tăm bông xóa các lỗi và điều chỉnh cho sắc nét.

**Lý do:** Kẻ eyeliner graphic cần sự chính xác, không phải tài năng hội họa. Việc phác thảo giúp bạn dễ dàng kiểm soát và sửa lỗi."
Kem lót không màu có tác dụng gì ngoài làm mịn da?,"Kem lót không màu không chỉ giúp làm mịn da mà còn có nhiều công dụng khác. Đầu tiên, nó tạo một lớp nền hoàn hảo giúp lớp nền sau đó bám dính tốt hơn, bền màu hơn. Thứ hai, kem lót giúp kiểm soát dầu thừa, làm mờ lỗ chân lông và các nếp nhăn li ti, từ đó giúp lớp trang điểm trông tự nhiên hơn. Cuối cùng, một số loại kem lót còn chứa các thành phần dưỡng da, bảo vệ da khỏi tác động của mỹ phẩm.
"
Bà có hay dùng cọ để kẻ lông mày không hay dùng chì?,"Chào bạn, với kinh nghiệm trang điểm của mình, tôi thường ưu tiên sử dụng cọ và bột kẻ lông mày hơn là chì. Cọ giúp tạo đường nét lông mày tự nhiên, mềm mại và dễ dàng điều chỉnh độ đậm nhạt. Bột kẻ lông mày cũng giúp lông mày trông dày dặn và tự nhiên hơn so với chì. Tuy nhiên, chì kẻ lông mày vẫn hữu ích để định hình và lấp đầy những vùng lông mày thưa.
"
Làm sao để mi dưới không bị lem mascara khi trời nóng?,"Để tránh mi dưới bị lem mascara khi trời nóng, bạn nên chọn loại mascara chống thấm nước (waterproof). Trước khi đánh, hãy dùng một lớp kem lót mi (primer) để tăng độ bám. Khi đánh mascara, chải kỹ từ chân mi đến ngọn, tránh đánh quá nhiều sản phẩm. Nếu vẫn lo lắng, bạn có thể dùng phấn mắt hoặc phấn rôm cố định lớp mascara đã đánh. Cuối cùng, tránh sờ tay vào mắt trong ngày để giữ cho lớp trang điểm bền vững.
"
Son màu đỏ tươi có hợp với style công sở không?,"Chào bạn,

Son đỏ tươi hoàn toàn có thể hợp với style công sở, nhưng cần lưu ý một số điểm để tạo sự chuyên nghiệp. Hãy chọn sắc đỏ tươi không quá rực, thiên về đỏ cam hoặc đỏ gạch sẽ dễ phối đồ hơn. 

Khi trang điểm, ưu tiên đánh son mỏng, nhẹ nhàng, tránh đánh dày cộp. Kết hợp với makeup mắt và má nhẹ nhàng để cân bằng tổng thể. Son đỏ tươi sẽ giúp bạn trông tươi tắn, tự tin nhưng vẫn đảm bảo sự thanh lịch cần thiết trong môi trường công sở.
"
"Tui dùng phấn phủ rồi mà da vẫn bị bóng ngay vùng mũi, làm sao?","Chào bạn, việc da vẫn bị bóng dầu vùng mũi sau khi dùng phấn phủ khá phổ biến. Để khắc phục, bạn thử những bước sau nhé:

1. **Sử dụng giấy thấm dầu:** Thấm nhẹ dầu thừa trước khi đánh phấn phủ.
2. **Chọn phấn phủ phù hợp:** Ưu tiên phấn phủ dạng bột, kiểm soát dầu tốt, hoặc phấn nén có thành phần khoáng.
3. **Đánh phấn phủ lại:** Sau vài giờ, đặc biệt khi thấy mũi bóng dầu, đánh lại một lớp mỏng.
4. **Sử dụng primer:** Sử dụng primer kiềm dầu trước khi trang điểm giúp kiểm soát dầu suốt cả ngày.
"
Đi chụp ảnh couple ngoại cảnh nên makeup sao cho ăn hình?,"Chào bạn, để makeup ăn hình khi chụp ảnh couple ngoại cảnh, bạn nên ưu tiên sự tự nhiên, tươi tắn nhưng vẫn có chiều sâu.

1.  **Chuẩn bị da:** Dưỡng ẩm kỹ để da căng bóng, mịn màng.
2.  **Makeup nền:** Chọn foundation mỏng nhẹ, che khuyết điểm vừa đủ.
3.  **Tạo khối:** Nhấn nhá nhẹ nhàng để khuôn mặt có đường nét hơn dưới ánh sáng tự nhiên.
4.  **Màu mắt:** Sử dụng tone màu ấm áp như cam đất, nâu tây để đôi mắt trông sâu hơn.
5.  **Son môi:** Chọn son màu nude, hồng đào hoặc cam san hô để khuôn mặt tươi tắn.
6.  **Phấn phủ:** Cố định lớp makeup bằng phấn phủ trong suốt.

Lưu ý: Tránh makeup quá đậm, đặc biệt là phấn má hồng và highlighter."
Bà có bao giờ dùng dầu em bé để tẩy trang không?,"Chào bạn,

Tôi đã từng sử dụng dầu em bé để tẩy trang trong một số trường hợp khẩn cấp, đặc biệt là khi không có sản phẩm tẩy trang chuyên dụng. Dầu em bé có khả năng hòa tan các loại makeup gốc dầu như mascara, son lì khá tốt. Tuy nhiên, cần lưu ý dầu em bé có thể gây bí da và không làm sạch hoàn toàn các tạp chất, nên cần rửa lại bằng sữa rửa mặt sau đó. Đây chỉ là giải pháp tạm thời, không nên lạm dụng.
"
Tẩy trang dạng balm có cần dùng nước ấm để nhũ hóa không?,"Chào bạn,

Tẩy trang dạng balm thường *cần* dùng nước ấm để nhũ hóa, giúp hòa tan hoàn toàn lớp sáp và dầu, từ đó loại bỏ bụi bẩn, makeup hiệu quả. Khi massage balm lên da khô, nó sẽ hòa tan makeup. Sau đó, thêm nước ấm, massage nhẹ nhàng để balm chuyển thành dạng sữa, dễ dàng rửa sạch bằng nước. Việc này giúp tránh tình trạng da bị bí, tắc nghẽn lỗ chân lông.
"
"Tui muốn mua bộ cọ makeup cho người mới bắt đầu, nên chọn lông tự nhiên hay lông nhân tạo?","Chào bạn, với người mới bắt đầu, mình khuyên bạn nên ưu tiên cọ lông nhân tạo nhé. Cọ nhân tạo dễ vệ sinh, khô nhanh và giá cả phải chăng hơn, phù hợp để tập luyện kỹ năng. Lông tự nhiên mềm mại hơn nhưng khó bảo quản và giá thành cao. Bạn có thể bắt đầu với bộ cọ cơ bản gồm cọ nền, cọ phấn phủ, cọ mắt, cọ má hồng và cọ môi là đủ dùng rồi.
"
"Cushion của Sulwhasoo với Ohui, loại nào dưỡng da tốt hơn?","Chào bạn,

Về khả năng dưỡng da, cushion Sulwhasoo thường được đánh giá cao hơn Ohui nhờ chiết xuất thảo dược quý hiếm như Nhân sâm, giúp cấp ẩm, làm dịu và chống lão hóa sâu. Ohui cũng có dưỡng chất nhưng thiên về tái tạo và làm sáng da. 

Nếu da bạn khô, dễ kích ứng hoặc cần chống lão hóa, Sulwhasoo là lựa chọn tốt hơn. Còn nếu da bạn cần phục hồi, làm sáng và đều màu, Ohui sẽ phù hợp hơn.
"
"Tui thấy có trend dùng son bóng không màu phủ lên phấn mắt, có đẹp không?","Chào bạn, trend dùng son bóng không màu lên mắt hiện đang rất được ưa chuộng vì tạo hiệu ứng đôi mắt căng mọng, bắt sáng cực tốt. 

**Cách thực hiện:** Sau khi đánh phấn mắt, bạn dùng cọ nhỏ lấy một lượng son bóng không màu vừa đủ, thoa đều lên bầu mắt.

**Lý do:** Son bóng giúp ""khóa"" phấn mắt, hạn chế tình trạng rơi rụng, đồng thời tăng độ bám màu và tạo chiều sâu cho đôi mắt. Tuy nhiên, bạn nên chọn son bóng không chứa nhũ để tránh gây nặng mắt nhé!
"
Mặt có nhiều tàn nhang thì nên che hết đi hay để tự nhiên?,"Chào bạn, với làn da có tàn nhang, việc che hết hay để tự nhiên phụ thuộc vào sở thích cá nhân và phong cách trang điểm bạn hướng tới. 

*   **Để tự nhiên:** Tàn nhang là nét riêng, thể hiện sự trẻ trung, cá tính. Bạn chỉ cần dưỡng da kỹ, dùng kem chống nắng để bảo vệ và làm đều màu da.
*   **Che bớt:** Nếu muốn che bớt, hãy dùng kem che khuyết điểm màu nude hoặc trùng màu da, chấm nhẹ lên tàn nhang rồi tán đều. Không nên che quá kỹ để tránh làm mất tự nhiên."
Son màu hồng cam đất có làm xỉn da không?,"Chào bạn,

Son màu hồng cam đất có thể làm xỉn da với một số người, nhưng không phải ai cũng vậy. Màu son này có undertone ấm, hợp với những bạn da sáng, trung bình và có undertone ấm. Với da ngăm, màu son này có thể làm da trông xỉn hơn nếu không chọn đúng sắc độ. 

Lời khuyên: Hãy thử son lên cổ tay hoặc bên trong cánh tay để xem màu có hợp với da không trước khi quyết định mua nhé!
"
Bà có hay dùng phấn phủ bột để set toàn bộ mặt không?,"Chào bạn, với kinh nghiệm trang điểm của mình, tôi không thường dùng phấn phủ bột để set toàn bộ mặt. Thay vào đó, tôi ưu tiên sử dụng phấn phủ bột ở vùng chữ T (trán, mũi, cằm) – nơi dễ đổ dầu, để kiểm soát dầu thừa và giúp lớp nền bền vững hơn. 

Việc phủ phấn bột toàn mặt có thể làm da trông khô và mất đi vẻ tự nhiên. Nếu bạn có làn da khô, hãy cân nhắc sử dụng phấn nước hoặc xịt khóa nền thay thế nhé!
"
Làm sao để son tint không bị khô môi và loang lổ?,"Để son tint không bị khô môi và loang lổ, bạn cần chuẩn bị môi kỹ lưỡng trước khi đánh. 

1. **Tẩy tế bào chết:** Loại bỏ da chết giúp son bám đều hơn.
2. **Dưỡng ẩm:** Sử dụng son dưỡng ẩm trước khi đánh son tint khoảng 5-10 phút.
3. **Đánh lớp son mỏng:** Son tint lên màu rất nhanh, đánh nhiều lớp dễ gây khô và loang.
4. **Để son khô hoàn toàn:** Tránh chồng nhiều lớp khi son chưa khô.

Việc dưỡng ẩm là quan trọng nhất để son tint lên màu đẹp và không làm khô môi.
"
"Tui thấy có miếng mút tán nền hình tam giác, dùng có khác gì hình giọt nước không?","Chào bạn, miếng mút tán nền hình tam giác và giọt nước đều dùng để tán kem nền, nhưng có sự khác biệt nhất định. Mút hình tam giác với các cạnh vát giúp bạn dễ dàng tán kem nền vào các vùng khó như khóe mũi, bọng mắt và xung quanh miệng, tạo lớp nền mịn lì, che phủ tốt hơn. Mút giọt nước phù hợp với các bề mặt phẳng lớn như má, trán, giúp tán kem nhanh chóng và đều màu."
Đi prom cuối cấp nên makeup lồng lộn hay nhẹ nhàng?,"Chào bạn, prom cuối cấp là một dịp đặc biệt, nên việc lựa chọn phong cách trang điểm phụ thuộc vào cá tính và sở thích của bạn. Tuy nhiên, mình khuyên bạn nên ưu tiên sự nhẹ nhàng, tinh tế.

**Tại sao?**

*   **Ảnh đẹp tự nhiên:** Trang điểm nhẹ giúp bạn xinh tươi, rạng rỡ trong ảnh kỷ yếu và ảnh chụp cùng bạn bè.
*   **Tự tin:** Khi trang điểm vừa phải, bạn sẽ cảm thấy thoải mái và tự tin hơn là một lớp makeup quá dày.
*   **Tôn vẻ đẹp tự nhiên:** Prom là lúc để bạn tỏa sáng với vẻ đẹp vốn có, thay vì ""biến hình"" quá nhiều.

Bạn có thể tập trung vào làm nổi bật một điểm nhấn như mắt hoặc môi, kết hợp với làn da khỏe khoắn."
Bà có hay dùng sữa rửa mặt tạo bọt sẵn không?,"Chào bạn, với vai trò là chuyên gia trang điểm, tôi không thường xuyên dùng sữa rửa mặt tạo bọt sẵn. Lý do là vì các sản phẩm này thường chứa nhiều chất tạo bọt có thể làm da khô căng, đặc biệt là với những người da nhạy cảm hoặc dễ kích ứng. Thay vào đó, tôi ưu tiên sữa rửa mặt dịu nhẹ, không bọt hoặc tạo bọt ít, kết hợp với việc tạo bọt bằng lưới hoặc tay để kiểm soát lượng bọt và đảm bảo làm sạch da hiệu quả mà không gây hại.
"
"Tui mới xăm lông mày, có cần kiêng makeup gì không?","Chào bạn, sau khi xăm lông mày, việc kiêng makeup rất quan trọng để đảm bảo vết xăm lên màu đẹp và nhanh lành.

**Giai đoạn 1 (7-10 ngày đầu):** Tuyệt đối không trang điểm bất kỳ sản phẩm nào lên vùng lông mày. Điều này giúp tránh nhiễm trùng và giữ cho mực xăm ổn định.

**Giai đoạn 2 (sau 10 ngày):** Bạn có thể bắt đầu sử dụng các sản phẩm trang điểm nhẹ nhàng, tránh chứa cồn và dầu. Ưu tiên các sản phẩm dạng kem hoặc bột mịn, đánh nhẹ nhàng để không làm bong tróc vết xăm.
"
"Highlight dạng kem của Rare Beauty với Glossier, cái nào tự nhiên hơn?","Chào bạn,

Về độ tự nhiên, highlight kem của Rare Beauty có xu hướng tự nhiên hơn so với Glossier. Rare Beauty có kết cấu mịn, dễ tán và cho lớp glow nhẹ nhàng, tiệp da. Glossier thì có xu hướng bóng hơn, đôi khi tạo cảm giác hơi ""ướt"" và nổi bật hơn, phù hợp với những ai thích hiệu ứng highlight rõ ràng. Tuy nhiên, cả hai đều là những lựa chọn tốt, tùy thuộc vào sở thích cá nhân và loại da của bạn.
"
"Tui muốn thử makeup kiểu 'no makeup' makeup look mà da không đều màu, làm sao?","Chào bạn, kiểu trang điểm ""no makeup"" makeup look rất phù hợp để che đi sự không đều màu của da. Đầu tiên, dùng kem lót (primer) giúp làm mịn da và che phủ lỗ chân lông. Tiếp theo, dùng kem nền mỏng, nhẹ (tinted moisturizer hoặc BB cream) để cân bằng màu da, tránh dùng kem nền dày. Cuối cùng, dùng concealer che các vết đỏ hoặc thâm nám, sau đó tán nhẹ nhàng để hòa quyện với kem nền. Đừng quên đánh phấn má hồng nhẹ nhàng để có vẻ ngoài tự nhiên nhé!
"
"Mascara bị lem xuống quầng thâm mắt làm mặt trông càng mệt mỏi, có cách nào không?","Chào bạn, tình trạng mascara lem xuống quầng thâm mắt khiến mặt trông mệt mỏi rất phổ biến. Để khắc phục, bạn có thể thử các bước sau:

1. **Sử dụng kem lót mắt:** Giúp mascara bám tốt hơn, hạn chế lem.
2. **Chọn mascara chống lem:** Ưu tiên loại có thành phần chống thấm nước.
3. **Tập trung chải mi từ chân đến ngọn:** Tránh chải quá nhiều sản phẩm ở đuôi mắt.
4. **Sử dụng bông tăm:** Nếu vẫn lem, dùng bông tăm thấm nhẹ để loại bỏ.

Quan trọng nhất là chọn sản phẩm phù hợp với loại da và kỹ thuật chải mi."
Son màu tím rượu có hợp với đi làm không?,"Chào bạn,

Son màu tím rượu có thể dùng đi làm, nhưng cần lưu ý một chút. Màu son này khá nổi bật và có phần cá tính, nên nếu công việc của bạn yêu cầu sự trang trọng, lịch sự tuyệt đối, hãy chọn sắc tím rượu trầm hơn, hoặc đánh lòng môi để tạo hiệu ứng nhẹ nhàng. Nếu môi trường làm việc thoải mái, bạn có thể tự tin sử dụng màu son này để thể hiện phong cách riêng. Quan trọng là kết hợp với trang điểm tổng thể hài hòa, tự nhiên nhé!
"
Bà có hay dùng kem lót có SPF không? Có thay thế được kem chống nắng không?,"Chào bạn,

Tôi thường khuyên khách hàng nên sử dụng kem lót có SPF, nhưng **không nên thay thế hoàn toàn kem chống nắng**. Kem lót có SPF giúp bảo vệ da nhẹ nhàng hàng ngày, đồng thời làm mịn da và giúp lớp nền bám tốt hơn. Tuy nhiên, chỉ số SPF trong kem lót thường thấp (thường dưới 30) và lượng sản phẩm sử dụng ít, nên không đủ để bảo vệ da toàn diện trước tác hại của ánh nắng mặt trời. 

Vì vậy, hãy luôn sử dụng kem chống nắng chuyên dụng với chỉ số SPF 30 trở lên, thoa đủ lượng và thoa lại sau mỗi 2 tiếng khi ở ngoài trời.
"
Làm sao để phấn mắt nhũ bám chặt hơn và không bị rơi?,"Để phấn mắt nhũ bám chặt hơn và hạn chế rơi rụng, bạn hãy làm theo các bước sau:

1. **Sử dụng kem lót mắt:** Tạo lớp nền bám dính, giúp phấn mắt lên màu chuẩn và lâu trôi.
2. **Thấm phấn mắt:** Thay vì quét trực tiếp, hãy dùng cọ chấm nhẹ phấn mắt lên bầu mắt.
3. **Xịt khóa nền:** Sau khi hoàn thành, xịt một lớp khóa nền mỏng để ""khóa"" phấn mắt lại.

Lý do: Phấn mắt nhũ thường có kết cấu lỏng, dễ rơi. Các bước trên giúp tăng độ bám dính và giữ cho phấn mắt bền màu hơn.
"
"Tui thấy có loại cọ đánh nền hình bàn chải (oval brush), dùng có thích không?","Chào bạn, cọ đánh nền hình bàn chải (oval brush) là một lựa chọn khá tốt nếu bạn muốn một lớp nền mỏng nhẹ, tự nhiên. Cọ này giúp tán đều kem nền nhanh chóng, đặc biệt phù hợp với các loại kem nền lỏng hoặc BB cream. Tuy nhiên, nếu bạn thích lớp nền dày dặn, che phủ hoàn toàn, thì cọ đầu phẳng (flat foundation brush) hoặc mút trang điểm (beauty blender) sẽ phù hợp hơn. Quan trọng là chọn loại cọ phù hợp với loại da và sở thích cá nhân bạn nhé!
"
Đi du lịch châu Âu mùa đông nên mang theo những món makeup nào đặc biệt?,"Đi du lịch châu Âu mùa đông, bạn nên ưu tiên các sản phẩm dưỡng ẩm và đa năng.

1. **Kem nền ẩm:** Chọn loại có độ che phủ vừa phải, giúp da không bị khô bong tróc.
2. **Son dưỡng & son màu:** Môi dễ bị nứt nẻ, son dưỡng là không thể thiếu, kết hợp son màu trầm ấm như đỏ burgundy, nâu đất.
3. **Má hồng kem:** Tạo đôi má ửng hồng tự nhiên, đồng thời cấp ẩm cho da.
4. **Chất tạo khối & highlight:** Định hình khuôn mặt, tạo chiều sâu.
5. **Mascara chống thấm nước:** Đề phòng tuyết hoặc mưa.
"
Bà có hay dùng dầu gấc để dưỡng môi không?,"Chào bạn, với kinh nghiệm trang điểm của mình, tôi rất khuyến khích sử dụng dầu gấc để dưỡng môi. Dầu gấc chứa nhiều vitamin E và beta-carotene, giúp môi mềm mịn, giảm thâm và làm sáng màu môi tự nhiên. 

**Cách dùng:** Thoa một lớp mỏng dầu gấc lên môi trước khi đi ngủ, để qua đêm và rửa sạch vào sáng hôm sau. Bạn có thể dùng hàng ngày để đạt hiệu quả tốt nhất. Tuy nhiên, nếu bạn có làn da nhạy cảm, hãy thử một lượng nhỏ trước để kiểm tra xem có bị kích ứng không nhé.
"
Tui mới mua cây son kem mà màu lên môi không giống màu swatch trên mạng.,"Chào bạn, việc son kem lên môi khác màu swatch trên mạng là tình trạng khá phổ biến. Có một vài lý do:

1.  **Ánh sáng:** Ánh sáng khi swatch và khi dùng khác nhau ảnh hưởng đến màu son.
2.  **Màu da môi:** Màu da môi tự nhiên của mỗi người khác nhau, sẽ làm thay đổi sắc son.
3.  **Độ pH môi:** Độ pH môi cũng có thể tác động đến màu son.

Bạn có thể thử dùng tẩy tế bào chết môi, đánh lớp son mỏng và tô thêm lớp nếu cần để đạt màu ưng ý nhé!
"
"Phấn phủ bột của Laura Mercier với Givenchy Prisme Libre, loại nào đỉnh hơn?","Chào bạn, cả Laura Mercier Translucent Loose Setting Powder và Givenchy Prisme Libre đều là phấn phủ bột đỉnh cao, nhưng phù hợp với các nhu cầu khác nhau.

**Laura Mercier** nổi trội với khả năng kiềm dầu, giữ lớp nền lâu trôi, phù hợp da dầu hỗn hợp và những ai thích lớp finish tự nhiên, trong trẻo.

**Givenchy Prisme Libre** có kết cấu mềm mại hơn, tạo hiệu ứng glowy, nâng tông da nhẹ nhàng. Phù hợp da thường, khô hoặc muốn lớp nền có chút ánh sáng.

Vậy, ""đỉnh"" hơn phụ thuộc vào loại da và sở thích cá nhân của bạn!
"
Tui muốn thử makeup kiểu 'douyin' mà không biết kẻ bọng mắt sao cho tự nhiên.,"Chào bạn! Makeup ""Douyin"" (TikTok Trung Quốc) nổi tiếng với bọng mắt căng bóng, tự nhiên. Để kẻ bọng mắt kiểu này, bạn cần:

1.  **Chọn phấn/kem highlight:** Tone màu champagne hoặc ngọc trai sẽ phù hợp.
2.  **Xác định vị trí:** Kẻ đường highlight ngay dưới bọng mắt, hơi cong theo đường bọng mắt tự nhiên.
3.  **Tán đều:** Dùng cọ nhỏ hoặc ngón tay tán nhẹ nhàng để highlight hòa quyện với da, tránh đường kẻ bị đậm.
4.  **Thêm chút màu mắt:** Có thể dùng chút màu mắt nhũ nhẹ để tăng hiệu ứng căng bóng.

Lý do: Highlight giúp bọng mắt trông đầy đặn hơn, còn màu mắt nhũ tạo chiều sâu, giúp đôi mắt thêm long lanh."
Môi bị lộ vân nhiều thì nên dùng son gì?,"Chào bạn, môi bị lộ vân thường do môi khô và thiếu ẩm. Để khắc phục, bạn nên chọn các loại son có chất dưỡng ẩm cao như son kem lì chứa dầu dưỡng, son tint bóng hoặc son dưỡng có màu. 

**Các bước chuẩn bị và đánh son:**

1.  **Tẩy tế bào chết:** Loại bỏ da chết giúp son lên màu mịn hơn.
2.  **Dưỡng ẩm:** Sử dụng son dưỡng trước khi đánh son màu.
3.  **Che khuyết điểm:** Nếu vân môi quá rõ, dùng che khuyết điểm trước khi đánh son.
4.  **Đánh son:** Chọn màu son tươi sáng, tránh màu tối làm lộ vân.
"
Phấn phủ có màu có làm lớp nền bị dày hơn không?,"Chào bạn, câu hỏi rất hay! Phấn phủ có màu hoàn toàn có thể làm lớp nền trông dày hơn nếu dùng không đúng cách. Lý do là vì phấn phủ thêm một lớp màu và kết cấu lên da. 

Để tránh điều này, bạn nên:

1.  Chọn phấn phủ có màu trùng với màu da hoặc sáng hơn một chút.
2.  Dùng cọ phủ phấn nhẹ nhàng, tập trung vào vùng chữ T (trán, mũi, cằm) để kiểm soát dầu và làm mịn da.
3.  Tránh dùng quá nhiều phấn, đặc biệt là với các loại phấn có độ che phủ cao."
"Tui thấy có mascara 2 đầu, một đầu dưỡng mi, một đầu màu, có nên mua không?","Chào bạn, mascara 2 đầu là lựa chọn khá thông minh đó! Một đầu dưỡng mi sẽ giúp mi mềm mại, khỏe mạnh và chuẩn bị tốt để đón lớp mascara màu. Điều này giúp mi không bị khô xơ, gãy rụng khi dùng mascara thường xuyên. Đầu mascara màu giúp bạn có đôi mắt ấn tượng hơn. Nếu bạn thường xuyên dùng mascara, hoặc có mi yếu thì nên mua nhé!
"
Làm sao để chọn màu son hợp với trang phục?,"Để chọn son hợp trang phục, bạn cần cân nhắc màu sắc chủ đạo của outfit.

1. **Cùng tông màu:** Son cùng tông với trang phục tạo sự hài hòa, ví dụ: đỏ rượu với váy đỏ burgundy.
2. **Màu tương phản:** Nếu trang phục trung tính (đen, trắng, xám), bạn có thể chọn son nổi bật như đỏ, hồng, cam.
3. **Nguyên tắc màu sắc:** Màu da bạn cũng quan trọng. Da sáng hợp nhiều màu, da ngăm nên chọn son ấm như cam đất, nâu.
"
Bà có hay dùng miếng lột mụn đầu đen không? Có làm to lỗ chân lông không?,"Chào bạn, với kinh nghiệm trang điểm của mình, tôi không thường xuyên dùng miếng lột mụn đầu đen. Mặc dù chúng có thể loại bỏ mụn đầu đen nhanh chóng, nhưng việc lột thường xuyên có thể làm tổn thương da và *có thể* làm to lỗ chân lông về lâu dài. Thay vào đó, tôi ưu tiên các phương pháp làm sạch sâu nhẹ nhàng hơn như tẩy tế bào chết hóa học (BHA/AHA) và sử dụng mặt nạ đất sét để kiểm soát dầu thừa, giúp lỗ chân lông thông thoáng tự nhiên.
"
Tẩy trang mắt môi có cay mắt không?,"Chào bạn,

Tẩy trang mắt môi có thể gây cay mắt tùy thuộc vào thành phần và loại sản phẩm. Các sản phẩm chứa cồn, dầu khoáng hoặc hương liệu có thể gây kích ứng và cay mắt hơn. Để giảm thiểu tình trạng này, bạn nên chọn tẩy trang mắt môi dịu nhẹ, không chứa cồn, có thành phần dưỡng ẩm và sử dụng bông tẩy trang mềm mại. Khi tẩy trang, hãy nhắm mắt và thao tác nhẹ nhàng, tránh để sản phẩm chạm trực tiếp vào mắt.
"
"Tui mới mua bảng mắt mà màu lên không đậm như trong bảng, làm sao giờ?","Chào bạn, tình trạng màu mắt không lên đậm như ý muốn khá phổ biến. Có vài nguyên nhân và cách khắc phục:

1.  **Dùng kem lót mắt:** Giúp màu mắt bám tốt hơn, lên chuẩn màu hơn.
2.  **Chọn cọ phù hợp:** Cọ đầu dẹt, lông mềm sẽ giúp lấy và đánh màu tốt hơn.
3.  **Kỹ thuật đánh:** Ấn màu lên mắt thay vì vuốt, đánh lớp mỏng rồi tăng dần độ đậm.
4.  **Chất lượng phấn:** Phấn mắt giá rẻ thường ít pigment, bạn có thể dùng thêm primer chuyên dụng cho mắt."
Đi bar nên makeup mắt khói hay mắt nhũ lấp lánh?,"Chào bạn! Đi bar, mắt khói là lựa chọn an toàn và quyến rũ hơn. Mắt khói tạo chiều sâu, giúp đôi mắt trông sắc sảo dưới ánh đèn bar. Tuy nhiên, nếu bạn muốn nổi bật và cá tính, mắt nhũ lấp lánh cũng rất hợp lý. Lưu ý, nên chọn nhũ có hạt nhỏ, kết hợp với lớp lót nhũ để giữ bền màu và tránh rơi rụng nhé. Quan trọng nhất là bạn cảm thấy tự tin với phong cách mình chọn!
"
Son dưỡng có SPF có cần thiết không?,"Chào bạn, son dưỡng có SPF là một sản phẩm rất đáng cân nhắc! Môi cũng cần được bảo vệ khỏi tác hại của ánh nắng mặt trời giống như da mặt. Tia UV có thể gây thâm môi, khô môi và thậm chí là ung thư môi. 

Son dưỡng có SPF giúp giữ ẩm cho môi đồng thời tạo một lớp bảo vệ, ngăn ngừa các vấn đề trên. Nên chọn son có SPF từ 30 trở lên và thoa lại sau mỗi 2 giờ khi hoạt động ngoài trời.
"
"Tui muốn thử kẻ eyeliner kép (double eyeliner), có khó không?","Chào bạn, kẻ eyeliner kép có thể hơi khó lúc ban đầu, nhưng hoàn toàn có thể tập luyện được!

**Các bước thực hiện:**

1.  **Kẻ eyeliner chính:** Kẻ một đường eyeliner mỏng, sát đường chân mi trên.
2.  **Kẻ eyeliner phụ:** Từ đuôi mắt, kẻ một đường eyeliner nhỏ phía dưới đường đã kẻ, song song và cách khoảng 2-3mm.
3.  **Nối liền:** Nối hai đường kẻ ở góc mắt, tạo thành một đường viền đôi rõ nét.

**Lý do cần tập luyện:** Cần sự ổn tay và canh chỉnh khoảng cách chính xác để eyeliner kép trông tự nhiên, sắc sảo. Hãy bắt đầu với đường kẻ mỏng và từ từ tăng độ dày nhé!
"
"Kem nền bị đổ ra ngoài một ít rồi khô lại ở miệng chai, có nên gạt đi không?","Chào bạn, với kinh nghiệm trang điểm của mình, tôi khuyên bạn **không nên gạt kem nền đã khô ở miệng chai**. Việc này có thể làm lẫn các mảnh vụn khô vào phần kem nền lỏng bên trong, gây ảnh hưởng đến kết cấu và chất lượng sản phẩm. Thay vào đó, bạn nên dùng bông tẩy trang hoặc khăn giấy mềm lau nhẹ nhàng xung quanh miệng chai để giữ vệ sinh và tránh làm bẩn sản phẩm bên trong.
"
Phấn mắt màu xanh mint có hợp với đi học không?,"Chào bạn,

Phấn mắt màu xanh mint có thể dùng đi học, nhưng cần lưu ý một chút để phù hợp. Màu này tươi sáng, trẻ trung, hợp với phong cách trang điểm tự nhiên, trong trẻo. 

Để hợp lý, bạn nên chọn phấn mắt mint pastel, đánh nhẹ nhàng trên bầu mắt, kết hợp với lớp nền và son môi tự nhiên. Tránh đánh quá đậm hoặc kết hợp với các màu sắc quá nổi bật. Như vậy, bạn sẽ có một đôi mắt xinh xắn, tinh tế, phù hợp với môi trường học đường.
"
Bà có hay dùng xịt khoáng sau khi tẩy trang không?,"Chào bạn, với kinh nghiệm trang điểm của mình, tôi *luôn* sử dụng xịt khoáng sau khi tẩy trang. Bước này rất quan trọng để cân bằng lại độ pH cho da sau khi tiếp xúc với các sản phẩm tẩy trang mạnh. Xịt khoáng giúp da dịu mát, giảm kích ứng và chuẩn bị tốt hơn cho các bước dưỡng da tiếp theo, giúp da hấp thụ dưỡng chất hiệu quả hơn. Tôi thường chọn các loại xịt khoáng không chứa cồn để tránh làm khô da.
"
Làm sao để chọn cọ tán phấn phủ không làm trôi lớp nền bên dưới?,"Để chọn cọ tán phấn phủ không làm trôi lớp nền, bạn nên ưu tiên các loại cọ có sợi lông mềm, tơi và không quá dày. Cọ đầu to, lông xốp sẽ giúp phân tán phấn đều hơn, tránh tập trung phấn ở một chỗ gây cakey và làm xê dịch lớp nền. Chất liệu lông tự nhiên hoặc sợi tổng hợp chất lượng cao đều tốt, quan trọng là độ mềm mại để không gây ma sát mạnh lên da.
"
"Tui thấy có loại son thỏi đổi màu theo độ pH của môi, có thật không?","Chào bạn, hoàn toàn có thật nha! Son thỏi đổi màu theo pH môi là một loại son khá phổ biến hiện nay. Son chứa các chất phản ứng với độ pH tự nhiên trên môi, từ đó tạo ra màu sắc khác nhau. 

**Nguyên lý hoạt động:** Môi mỗi người có độ pH riêng, son sẽ ""đọc"" độ pH này và điều chỉnh sắc tố màu. Thông thường, son sẽ cho màu hồng hoặc đỏ tự nhiên, nhẹ nhàng. Màu sắc cuối cùng sẽ phụ thuộc vào độ pH và cả màu môi gốc của bạn nữa đó!
"
Đi chơi Halloween nên hóa trang thành nhân vật gì cho ấn tượng?,"Để có một diện mạo Halloween ấn tượng, bạn có thể hóa trang thành búp bê ma Chucky hoặc Annabelle. Trang điểm theo phong cách búp bê với làn da trắng bệch, đôi mắt to tròn nhấn nhá đường eyeliner đen đậm và đôi môi đỏ tươi. Thêm chút vết nứt trên da bằng màu đỏ và đen để tăng thêm phần rùng rợn. Trang phục đi kèm là váy áo búp bê cũ kỹ hoặc đồng phục học sinh dính máu sẽ hoàn thiện vẻ ngoài đáng sợ này.
"
"Kem chống nắng hóa học với vật lý, loại nào tốt hơn cho da mụn?","Chào bạn, với da mụn, kem chống nắng vật lý (chứa Zinc Oxide và Titanium Dioxide) thường được ưu tiên hơn kem chống nắng hóa học. Vì các khoáng chất này ít gây kích ứng, dị ứng, và không hấp thụ vào da, giảm nguy cơ bít tắc lỗ chân lông - nguyên nhân chính gây mụn. 

Tuy nhiên, kem chống nắng hóa học có ưu điểm là texture nhẹ, thẩm thấu tốt hơn. Nếu chọn dùng, hãy ưu tiên các sản phẩm ""non-comedogenic"" (không gây mụn) và kết hợp tẩy trang kỹ lưỡng.
"
"Tui mới tập kẻ mày mà hay bị lệch, nhìn mặt bị xếch lên.","Chào bạn, việc kẻ mày bị lệch là tình trạng rất phổ biến khi mới tập. Để khắc phục, bạn nên thực hiện từng bước thật chậm và cẩn thận:

1.  **Xác định điểm bắt đầu, đỉnh và cuối chân mày:** Dùng bút chì kẻ nhẹ nhàng để đánh dấu.
2.  **Kẻ phần thân mày:** Bắt đầu từ điểm đầu, vẽ những đường nhỏ, nhẹ nhàng theo chiều lông mày mọc.
3.  **Kiểm tra độ cân đối:** So sánh hai bên thường xuyên để đảm bảo hình dáng cân đối, tránh kẻ quá đậm hoặc quá dài.

Lý do mặt bạn trông xếch có thể do phần đuôi mày quá cao. Hãy chú ý kéo dài đuôi mày hơi chếch xuống để tạo sự cân bằng nhé!"
"Setting spray của Skindinavia với Ben Nye Final Seal, cái nào giữ makeup lâu hơn cho sân khấu?","Chào bạn,

Để giữ lớp trang điểm lâu hơn trên sân khấu, **Ben Nye Final Seal** sẽ là lựa chọn tốt hơn so với Skindinavia Setting Spray. Lý do là vì Ben Nye Final Seal có khả năng khóa lớp trang điểm mạnh mẽ hơn, tạo một lớp màng bảo vệ vững chắc, chống thấm nước và mồ hôi – những yếu tố thường gặp trên sân khấu. Skindinavia phù hợp với trang điểm hàng ngày, còn Ben Nye chuyên dụng cho các buổi biểu diễn, quay phim, nơi cần độ bền cao.
"
Tui muốn thử makeup kiểu 'e-girl' mà không muốn kẻ eyeliner quá đậm.,"Chào bạn! Để có makeup kiểu ""e-girl"" mà vẫn giữ được sự nhẹ nhàng, bạn có thể thử những cách sau:

1.  **Màu mắt:** Chọn phấn mắt màu pastel hoặc nhũ nhẹ, tập trung vào vùng đuôi mắt.
2.  **Eyeliner:** Dùng eyeliner màu nâu hoặc xám, kẻ một đường mỏng sát đường mi trên, chỉ nhấn nhá ở đuôi mắt.
3.  **Mascara:** Chải mascara để làm dày và dài mi.
4.  **Má hồng:** Đánh má hồng màu hồng đào hoặc cam đào lên vùng gò má.
5.  **Son môi:** Chọn son bóng hoặc son tint màu hồng hoặc cam.

Chúc bạn thành công!"
"Mascara bị khô queo rồi, ngâm nước nóng có cứu được không?","Chào bạn,

Ngâm mascara bị khô vào nước nóng **không** phải là một giải pháp tốt và thậm chí có thể gây hại. Nước nóng có thể làm thay đổi công thức, khiến mascara vón cục, dễ gây nhiễm khuẩn và kích ứng mắt. 

Thay vào đó, bạn có thể thử nhỏ 1-2 giọt dung dịch nước muối sinh lý hoặc dung dịch dưỡng ẩm mắt vào tuýp mascara, sau đó xoay nhẹ nhàng để làm mềm. Tuy nhiên, nếu mascara đã quá khô, tốt nhất là nên thay mới để đảm bảo an toàn cho mắt nhé!
"
Son màu hồng san hô có làm da bị vàng hơn không?,"Chào bạn,

Son màu hồng san hô có thể làm da trông xỉn màu hơn với một số người, đặc biệt là những bạn có tông da vàng ấm. Màu hồng san hô chứa sắc cam, nếu không hợp với undertone da, có thể làm da trông vàng hơn. Tuy nhiên, nếu bạn chọn được sắc hồng san hô có chút sắc hồng tím, hoặc kết hợp với lớp nền và phấn má có tông màu lạnh, bạn vẫn có thể sử dụng được màu son này mà không lo bị xỉn da.
"
Bà có hay dùng primer làm sáng da (brightening primer) không?,"Chào bạn, với vai trò là chuyên gia trang điểm, tôi thường xuyên sử dụng brightening primer trong quy trình trang điểm của mình, đặc biệt khi muốn có một lớp nền rạng rỡ. Primer này giúp làm đều màu da, che đi các vết ửng đỏ và làm sáng những vùng da xỉn màu. Điều này không chỉ giúp lớp nền sau đó bám tốt hơn mà còn tạo hiệu ứng glow tự nhiên, khỏe khoắn cho làn da. Tôi khuyên bạn nên chọn loại primer phù hợp với tông da và loại da của mình để đạt hiệu quả tốt nhất.
"
"Làm sao để đánh phấn mắt không bị hai mảng màu riêng biệt, không hòa quyện?","Để phấn mắt hòa quyện, tránh bị hai mảng màu riêng biệt, bạn cần chú ý các bước sau:

1. **Chấm màu:** Thay vì quét trực tiếp, hãy chấm từng lớp phấn mỏng lên bầu mắt.
2. **Blending (tạo chuyển màu):** Dùng cọ blending (cọ đầu mềm, xù) tán đều đường giao giữa hai màu theo chuyển động tròn hoặc qua lại nhẹ nhàng.
3. **Xây dựng sắc độ:** Tăng dần lượng phấn, đừng tập trung quá nhiều phấn vào một vùng.
4. **Kiểm tra:** Nhìn từ nhiều góc độ để đảm bảo màu đã hòa quyện tự nhiên.
"
"Tui thấy có loại mút tán nền khô và ướt riêng, có cần thiết không?","Chào bạn, việc có mút tán nền khô và ướt riêng là rất cần thiết để đạt hiệu quả trang điểm tốt nhất. Mút khô phù hợp với phấn bột, giúp lớp nền mịn lì, tự nhiên. Còn mút ướt dùng với kem nền lỏng, giúp lớp nền mỏng nhẹ, căng bóng, hạn chế vệt và tiết kiệm sản phẩm. Việc sử dụng đúng loại mút sẽ giúp bạn có một lớp nền hoàn hảo.
"
Đi du lịch bụi nên mang theo những món makeup nào cho gọn nhẹ nhất?,"Đi du lịch bụi, ưu tiên sự gọn nhẹ và đa năng bạn nhé! Mình gợi ý:

1.  **BB Cream/CC Cream:** Vừa dưỡng ẩm, vừa che phủ nhẹ nhàng, thay thế kem nền và kem che khuyết điểm.
2.  **Phấn má hồng 2 trong 1:** Chọn loại có thể dùng làm phấn mắt.
3.  **Mascara:** Giúp đôi mắt trông tươi tỉnh hơn.
4.  **Son dưỡng có màu:** Thay thế son môi và giúp môi không bị khô.
5.  **Chì kẻ mày:** Định hình khuôn mày nhanh chóng.

Nhớ chọn các sản phẩm mini size hoặc dùng sample để tiết kiệm diện tích nhé!
"
Bà có hay dùng toner dạng pad để lau mặt thay rửa mặt buổi sáng không?,"Chào bạn, với kinh nghiệm trang điểm của mình, tôi thường khuyên các khách hàng nên sử dụng toner dạng pad để lau mặt thay rửa mặt vào buổi sáng. Việc này giúp làm sạch nhẹ nhàng lớp bụi bẩn tích tụ qua đêm, đồng thời cân bằng độ pH cho da mà không gây khô căng như rửa mặt trực tiếp. Đặc biệt, với những làn da nhạy cảm hoặc đang điều trị, toner pad là lựa chọn lý tưởng để tránh kích ứng.
"
"Tui mới mua cây son kem mà nó dính kinh khủng, có cách nào khắc phục không?","Chào bạn, son kem dính thường do lớp son quá dày hoặc thành phần dưỡng ẩm cao. Để khắc phục, bạn thử những cách sau nhé:

1.  **Tẩy tế bào chết môi:** Loại bỏ da chết giúp son bám tốt hơn.
2.  **Dùng son lót:** Tạo lớp nền mịn, giúp son không bị ""trôi"" và giảm dính.
3.  **Lấy son vừa đủ:** Chấm nhẹ son lên môi, tránh bôi trực tiếp quá nhiều.
4.  **Dùng giấy thấm dầu:** Sau khi đánh son, thấm nhẹ để loại bỏ lớp son thừa.

Chúc bạn thành công!
"
Highlight dạng lỏng có khó tán hơn dạng bột không?,"Chào bạn,

Highlight dạng lỏng thường khó tán đều hơn highlight dạng bột, đặc biệt với người mới bắt đầu. Lý do là vì chất lỏng dễ bị vón cục nếu không dùng cọ/mút phù hợp và kỹ thuật tán nhanh tay. Highlight bột dễ len lỏi vào các đường nét hơn, cho hiệu ứng mịn màng tự nhiên. Tuy nhiên, highlight lỏng lại cho lớp glow ẩm mọng, căng bóng hơn, phù hợp với da khô hoặc kiểu trang điểm ""dewy skin"".
"
Tui muốn thử makeup tone xanh navy mà sợ bị dừ.,"Chào bạn, hoàn toàn có thể makeup tone xanh navy mà không bị dừ đâu! Bí quyết nằm ở cách bạn điều chỉnh sắc độ và kết hợp màu.

1.  **Chọn màu navy trầm ấm:** Thay vì xanh navy quá sáng, hãy chọn màu có chút ánh tím hoặc xám để mềm mại hơn.
2.  **Tập trung vào mắt:** Phủ màu navy ở phần đuôi mắt và hốc mắt, tán đều để tạo chiều sâu.
3.  **Kết hợp với màu trung tính:** Đừng quên dùng phấn mắt màu nude hoặc nâu để làm dịu và cân bằng.
4.  **Son môi tươi tắn:** Chọn son hồng đào hoặc cam san hô để khuôn mặt trông trẻ trung hơn."
Môi dày thì có nên tô son full môi không hay chỉ nên tô lòng môi?,"Với môi dày, bạn hoàn toàn có thể tô son full môi, nhưng cách tô sẽ quyết định vẻ ngoài cuối cùng. 

*   **Tô full môi:** Phù hợp với phong cách quyến rũ, hiện đại. Nên chọn son màu trầm, matte hoặc kem để ""thu nhỏ"" môi.
*   **Tô lòng môi:** Tạo hiệu ứng đôi môi căng mọng tự nhiên, trẻ trung. Phù hợp với các màu son tươi sáng, bóng.

Lời khuyên: Dùng cọ hoặc son thoa trực tiếp, đánh đều để son lên màu mịn màng.
"
Phấn phủ không màu có thật sự không làm thay đổi màu nền không?,"Chào bạn, câu hỏi rất hay! Phấn phủ không màu **không** thực sự giữ nguyên màu nền 100%, mà có tác dụng **điều chỉnh và làm hài hòa** màu sắc. 

Phấn phủ không màu thường chứa các hạt phấn siêu mịn, giúp làm mờ lỗ chân lông và kiểm soát dầu. Khi thoa, nó sẽ làm **giảm độ bóng** của nền, từ đó làm **nhạt đi một chút** màu nền ban đầu. Tuy nhiên, sự thay đổi này rất nhẹ và thường giúp lớp nền trông tự nhiên hơn, không bị ""tách lớp"" hay quá dày.
"
"Tui thấy có mascara có đầu cọ hình xoắn ốc, công dụng gì vậy?","Chào bạn, đầu cọ mascara xoắn ốc có nhiều công dụng lắm đó! Thiết kế này giúp len lỏi vào từng gốc mi, kể cả những sợi mi nhỏ nhất, giúp làm dày và cong mi hiệu quả hơn so với cọ thẳng truyền thống. 

Đặc biệt, cọ xoắn ốc còn giúp tách mi rất tốt, tránh tình trạng mi bị vón cục, cho đôi mắt trông to và long lanh hơn. Nếu bạn muốn mi dày, cong và tơi, hãy thử mascara có đầu cọ này nhé!
"
Làm sao để chọn màu phấn má hồng cho da ngăm không bị tối mặt?,"Chào bạn! Với làn da ngăm, việc chọn phấn má hồng cần lưu ý để tránh làm da bị ""dìm"" màu. Hãy ưu tiên các tông màu ấm như cam đào, hồng san hô hoặc nâu đào. Những màu này sẽ giúp da trông tươi sáng và khỏe khoắn hơn. Tránh các màu quá sáng hoặc lạnh như hồng baby, tím, vì chúng có thể khiến da trông xám xịt và thiếu sức sống. Quan trọng là thử màu lên da trước khi quyết định mua nhé!
"
Bà có hay dùng cọ để tán kem lót không hay dùng tay?,"Chào bạn, với kinh nghiệm trang điểm của mình, tôi thường ưu tiên dùng cọ để tán kem lót. Cọ giúp kem lót được phân bố đều hơn trên da, đặc biệt là những vùng khó tán như cánh mũi hay khóe mắt. Việc này giúp lớp nền sau đó mịn màng và bám dính tốt hơn. Tuy nhiên, nếu bạn thích cảm giác nhanh chóng và tự nhiên, dùng tay cũng được, nhưng cần đảm bảo tay sạch và tán đều nhé!
"
Đi xem ca nhạc EDM nên makeup sao cho 'cháy'?,"Để makeup ""cháy"" khi đi xem EDM, bạn nên tập trung vào đôi mắt lấp lánh và đôi môi nổi bật.

1.  **Mắt:** Dùng phấn mắt màu neon hoặc nhũ ánh kim, tán đậm và kéo dài ra ngoài. Đừng ngại thử các màu sắc táo bạo như xanh, hồng, tím. Kẻ eyeliner mắt mèo sắc sảo và gắn mi giả dày dặn.
2.  **Môi:** Chọn son màu đậm như đỏ, cam, hoặc tím. Bạn có thể thêm chút nhũ lên môi để tăng hiệu ứng.
3.  **Da:** Giữ lớp nền nhẹ nhàng, tập trung vào highlight để tạo hiệu ứng glow."
"Tui mới duỗi tóc, có cần makeup khác đi không?","Chào bạn! Duỗi tóc giúp khuôn mặt trông sáng và gọn gàng hơn, nên bạn có thể điều chỉnh makeup để cân bằng lại nhé.

1.  **Nền:** Chọn foundation mỏng nhẹ, tập trung làm đều màu da thay vì quá dày.
2.  **Mắt:** Nhấn nhá mắt nhẹ nhàng với phấn mắt tông nude hoặc nâu, tránh màu quá đậm.
3.  **Má:** Sử dụng blush hồng đào hoặc cam san hô để tạo vẻ tươi tắn.
4.  **Môi:** Son môi màu nude, hồng baby hoặc cam đất sẽ rất hợp với tóc duỗi.

Lý do: Tóc duỗi đã là điểm nhấn rồi, makeup nhẹ nhàng sẽ giúp tổng thể hài hòa hơn."
"Son kem của Colourpop với Kylie Cosmetics, bà thấy hãng nào chất lượng ổn định hơn?","Chào bạn, với kinh nghiệm trang điểm của mình, tôi thấy ColourPop có chất lượng ổn định hơn Kylie Cosmetics về son kem. ColourPop nổi tiếng với công thức mềm mại, dễ tán, độ bám tốt và bảng màu đa dạng, giá cả phải chăng. Trong khi đó, Kylie Cosmetics đôi khi gặp vấn đề về độ ổn định của chất lượng giữa các lô sản xuất, một số màu có thể bị khô hoặc bột. Tuy nhiên, Kylie vẫn có những màu son độc đáo và bao bì sang trọng.
"
Kem lót nâng tone có cần chọn theo undertone da không?,"Chào bạn, câu hỏi rất hay! Kem lót nâng tone **cần** chọn theo undertone da để đạt hiệu quả tốt nhất. 

*   **Undertone da ấm** (vàng, đào): Chọn kem lót màu đào, cam hoặc vàng để trung hòa da xỉn màu, giúp da sáng bừng.
*   **Undertone da lạnh** (hồng, tím): Chọn kem lót màu tím, hồng để làm sáng và đều màu da.
*   **Undertone da trung tính**: Bạn may mắn có thể dùng được nhiều loại kem lót khác nhau.

Việc chọn đúng undertone giúp kem lót phát huy tối đa khả năng nâng tone và giúp lớp nền sau đó lên màu chuẩn hơn."
Bà có hay dùng cọ để tán phấn mắt không hay dùng ngón tay?,"Chào bạn, với kinh nghiệm trang điểm của mình, tôi thường ưu tiên sử dụng cọ tán phấn mắt hơn là dùng ngón tay. Cọ giúp kiểm soát lượng phấn tốt hơn, tránh tình trạng phấn vón cục hoặc lên màu quá đậm. Hơn nữa, cọ còn giúp tán phấn đều và mịn hơn, đặc biệt là ở vùng hốc mắt. Tuy nhiên, với những màu phấn mắt có kết cấu kem hoặc muốn tạo hiệu ứng nhanh, tôi cũng có thể dùng ngón tay để điểm nhẹ.
"
Làm sao để mi giả không bị bong ở hai đầu mắt?,"Để mi giả không bị bong ở hai đầu mắt, bạn cần thực hiện các bước sau:

1. **Làm sạch mi mắt:** Loại bỏ dầu thừa và bụi bẩn để keo dính tốt hơn.
2. **Sử dụng keo dính mi chất lượng:** Chọn loại keo chuyên dụng, không gây kích ứng.
3. **Bôi keo mỏng, đều:** Tập trung vào phần đầu và cuối mi, chờ keo khô se lại (khoảng 30 giây).
4. **Dán mi cẩn thận:** Nhấn chặt mi vào đường chân mi, đặc biệt ở hai đầu.
5. **Sử dụng kẹp mi:** Giúp mi thật và mi giả hòa quyện vào nhau, tăng độ bám dính.
"
Son màu hồng đất có hợp với đi học không?,"Chào bạn, son màu hồng đất hoàn toàn phù hợp để đi học! Đây là một màu son rất nhẹ nhàng, tự nhiên, không quá nổi bật nhưng vẫn giúp bạn trông tươi tắn hơn. 

Để phù hợp nhất, bạn nên chọn những tông hồng đất trầm ấm, không quá sáng. Có thể đánh son lòng môi hoặc full môi tùy theo sở thích. Màu son này dễ kết hợp với nhiều loại trang phục và không gây cảm giác quá ""màu mè"" trong môi trường học đường.
"
Tui dùng phấn phủ kiềm dầu mà sao da vẫn bị khô ở hai bên má?,"Chào bạn, việc da bị khô dù dùng phấn phủ kiềm dầu là tình trạng khá phổ biến. Nguyên nhân có thể do:

1. **Phấn phủ quá khô:** Một số phấn phủ kiềm dầu có thể chứa nhiều thành phần hút dầu, gây mất nước trên da.
2. **Chuẩn bị da chưa đủ ẩm:** Nếu da bạn vốn đã khô, việc chỉ dùng phấn phủ sẽ không đủ để giữ ẩm.
3. **Kỹ thuật đánh phấn:** Đánh phấn quá nhiều hoặc chà xát mạnh có thể làm da bị khô.

**Lời khuyên:**
*   Chọn phấn phủ có chứa thành phần dưỡng ẩm.
*   Sử dụng kem dưỡng ẩm phù hợp trước khi đánh phấn.
*   Đánh phấn nhẹ nhàng theo chiều lỗ chân lông."
Đi phỏng vấn tiếp viên hàng không nên makeup như thế nào?,"Chào bạn, để có một lớp trang điểm phù hợp khi phỏng vấn tiếp viên hàng không, bạn nên ưu tiên vẻ ngoài chuyên nghiệp, tươi tắn và tự nhiên.

1.  **Nền:** Chọn kem nền mỏng nhẹ, che khuyết điểm vừa đủ.
2.  **Mắt:** Phấn mắt tông màu nude hoặc nâu nhạt, kẻ eyeliner mảnh và mascara.
3.  **Má:** Sử dụng phấn má hồng nhẹ nhàng để tạo vẻ tươi tắn.
4.  **Môi:** Son môi màu nude hoặc hồng đào tự nhiên.

Tránh trang điểm quá đậm, màu sắc lòe loẹt. Mục tiêu là tôn lên vẻ đẹp tự nhiên và thể hiện sự chỉn chu."
Bà có bao giờ dùng son môi hết hạn để làm gì khác không?,"Chào bạn, với kinh nghiệm trang điểm của mình, tôi đã từng tận dụng son môi hết hạn theo nhiều cách. Đầu tiên, son môi cũ có thể được làm sạch và dùng làm chất dưỡng ẩm cho môi, giúp môi mềm mại hơn. Tiếp theo, phần sáp son còn lại có thể được dùng để làm mềm các vùng da khô ráp như khuỷu tay, đầu gối. Cuối cùng, màu son có thể được trộn với vaseline để tạo màu má hồng tự nhiên.
"
Tẩy trang dạng nước có cần nhũ hóa không?,"Chào bạn, câu hỏi rất hay! Tẩy trang dạng nước **cần** nhũ hóa, đặc biệt là với các sản phẩm chứa dầu khoáng, sáp, hoặc các thành phần không hòa tan trong nước. 

**Tại sao?** Vì các thành phần này không thể bị nước cuốn trôi hoàn toàn. Quá trình nhũ hóa giúp phá vỡ liên kết giữa dầu và bụi bẩn với da, biến chúng thành dạng nhũ tương (giống sữa) để dễ dàng rửa sạch bằng nước. Nếu không nhũ hóa kỹ, bạn sẽ để lại cặn trên da, gây bít tắc lỗ chân lông.
"
"Tui muốn mua cọ che khuyết điểm nốt mụn, nên chọn đầu cọ như thế nào?","Chào bạn, để che khuyết điểm nốt mụn hiệu quả, bạn nên chọn cọ có đầu nhỏ, dẹt và lông mềm, dày đặc. Đầu cọ nhỏ giúp bạn tập trung che phủ chính xác lên nốt mụn, tránh làm lem sản phẩm ra vùng da xung quanh. Lông mềm mại sẽ không gây kích ứng da mụn nhạy cảm, còn lông dày đặc giúp lấy đủ lượng sản phẩm và tán đều."
"Cushion của IOPE với Hera, loại nào lâu trôi hơn?","Chào bạn,

Về độ bền của cushion, **Hera Black Cushion** thường được đánh giá cao hơn IOPE. Hera có khả năng bám da tốt hơn nhờ công thức chứa nhiều thành phần khóa ẩm và kiểm soát dầu, giúp lớp nền không bị xuống tông hay trôi khi tiếp xúc với mồ hôi và bã nhờn. 

Tuy nhiên, IOPE Air Cushion cũng rất tốt, đặc biệt phù hợp với da khô hoặc da thường. Để tăng độ bền cho cả hai loại, bạn nên dùng thêm phấn phủ và xịt khóa nền nhé!
"
"Tui thấy có trend dùng kem đánh răng để làm khô cồi mụn, có nên không?","Chào bạn,

Việc dùng kem đánh răng để làm khô cồi mụn là một ""mẹo"" có từ lâu nhưng **không được khuyến khích** bởi các chuyên gia trang điểm và da liễu. Kem đánh răng chứa các thành phần như baking soda, hydrogen peroxide và cồn có thể gây kích ứng, làm đỏ rát, thậm chí bào mòn da, đặc biệt với da nhạy cảm. 

Thay vào đó, bạn nên sử dụng các sản phẩm chuyên trị mụn có chứa salicylic acid hoặc benzoyl peroxide. Nếu muốn ""khử trùng"" nhanh, có thể dùng chấm gel lô hội hoặc tinh dầu tràm trà.
"
Mắt bị thâm quầng và có bọng mắt thì che khuyết điểm sao?,"Chào bạn, với tình trạng mắt thâm quầng và có bọng mắt, bạn cần che khuyết điểm theo các bước sau:

1. **Dùng kem che khuyết điểm màu cam/đào:** Trung hòa sắc tố thâm bằng màu đối lập.
2. **Tán đều:** Dùng cọ hoặc ngón tay nhẹ nhàng tán đều kem lên vùng thâm quầng, tránh kéo da.
3. **Che phủ bằng kem che khuyết điểm màu da:** Lớp này giúp màu da đều hơn.
4. **Cố định bằng phấn phủ:** Giúp lớp che khuyết điểm bền lâu, tránh bị lem.

Lưu ý: Chọn kem có kết cấu lỏng nhẹ để tránh làm lộ nếp nhăn và bọng mắt.
"
Son màu cam neon có hợp với da trắng không?,"Chào bạn,

Son màu cam neon hoàn toàn có thể hợp với da trắng, nhưng cần lưu ý một chút. Da trắng thường dễ nổi bật, nên cam neon có thể tạo hiệu ứng tươi sáng, trẻ trung. Tuy nhiên, nếu da quá trắng xanh, nên chọn sắc cam neon có chút undertone ấm (ví dụ: cam san hô neon) để tránh làm da trông xỉn màu. Bạn cũng có thể cân nhắc kết hợp với trang điểm mắt nhẹ nhàng để son là điểm nhấn.
"
Bà có hay dùng phấn phủ bột để 'set' mascara không?,"Chào bạn, với vai trò là chuyên gia trang điểm, tôi thường xuyên sử dụng phấn phủ bột để ""set"" mascara, đặc biệt là với những người có hàng mi dầu hoặc dễ bị lem.

**Các bước thực hiện:**

1.  **Chuẩn bị:** Sau khi chải mascara, hãy đợi khoảng 5-10 giây cho mascara khô bớt.
2.  **Dùng cọ nhỏ:** Lấy một lượng nhỏ phấn phủ bột lên cọ đầu nhỏ, gõ nhẹ để loại bỏ phần phấn thừa.
3.  **""Set"" mi:** Nhẹ nhàng phủ phấn lên hàng mi trên và dưới.

**Lý do:** Phấn phủ giúp khóa lớp mascara, ngăn ngừa tình trạng vón cục, lem và giúp mi cong lâu hơn.
"
Làm sao để son kem lì không bị lộ vân môi quá nhiều?,"Để son kem lì không bị lộ vân môi, bạn cần chuẩn bị môi kỹ lưỡng:

1. **Tẩy tế bào chết môi:** Loại bỏ da chết giúp bề mặt môi mịn màng hơn.
2. **Dưỡng ẩm:** Sử dụng son dưỡng trước khi đánh son kem để làm mềm môi.
3. **Che khuyết điểm:** Dùng che khuyết điểm màu nude thoa lên môi, làm đều màu và lấp đầy rãnh vân.
4. **Đánh son mỏng lớp:** Đánh lớp son mỏng, đều và dùng cọ tán nhẹ để son bám đều hơn.
"
"Tui thấy có miếng dán giữ phấn mắt không bị rơi, dùng có tiện không?","Chào bạn, miếng dán giữ phấn mắt (eyeshadow primer tape) rất tiện lợi đó! Chúng giúp phấn mắt bám tốt hơn, lên màu chuẩn hơn và ngăn ngừa tình trạng phấn rơi vào nếp gấp mắt. 

**Cách dùng:**
1. Làm sạch và khô vùng da mắt.
2. Dán miếng dán lên toàn bộ bầu mắt hoặc chỉ vùng cần giữ phấn.
3. Tiếp tục trang điểm mắt như bình thường.

Miếng dán này đặc biệt hữu ích cho những người có da dầu hoặc muốn trang điểm mắt lâu trôi."
Đi picnic cuối tuần nên makeup sao cho tươi tắn mà không bị 'ố dề'?,"Chào bạn, để có lớp makeup tươi tắn cho buổi picnic mà không bị ""ố dề"", bạn nên ưu tiên sự nhẹ nhàng, tự nhiên.

1.  **Dưỡng ẩm:** Bước quan trọng nhất, giúp lớp nền bám tốt hơn.
2.  **Kem chống nắng:** Bảo vệ da khỏi tác hại của ánh nắng.
3.  **Nền mỏng nhẹ:** Dùng BB cream hoặc cushion, đánh nhẹ nhàng.
4.  **Má hồng tone cam đào:** Tạo vẻ tươi tắn.
5.  **Son tint/son dưỡng:** Giữ môi ẩm và có màu sắc tự nhiên.

Tránh dùng phấn phủ quá nhiều và chọn các sản phẩm chống nước để giữ lớp makeup lâu trôi nhé!
"
Bà có hay dùng dầu dừa để tẩy trang mắt môi không?,"Chào bạn, với kinh nghiệm trang điểm của mình, tôi không thường xuyên dùng dầu dừa để tẩy trang mắt môi. Dù dầu dừa có khả năng hòa tan makeup, nhưng kết cấu đặc của nó có thể gây kích ứng mắt, đặc biệt với những người có da nhạy cảm. Hơn nữa, dầu dừa có thể để lại cặn bóng nhờn, khó làm sạch hoàn toàn. Tôi ưu tiên các sản phẩm tẩy trang chuyên dụng, dịu nhẹ và hiệu quả hơn cho vùng da nhạy cảm này.
"
"Tui mới mua cây chì kẻ mày mà nó cứng quá, khó lên màu.","Chào bạn, chì kẻ mày mới mua bị cứng là tình trạng khá phổ biến. Để khắc phục, bạn thử làm theo các bước sau nhé:

1. **Gọt chì:** Gọt chì thật sắc để lộ phần đầu chì mới.
2. **Ấm chì:** Dùng bật lửa hơ nhẹ phần đầu chì trong vài giây (cẩn thận không làm chảy chì). Hoặc bạn có thể dùng tay xoa nhẹ để làm ấm.
3. **Kiểm tra:** Thử lại trên da, chì sẽ mềm và lên màu dễ dàng hơn.

Lý do chì cứng là do sáp trong chì bị đông lại, làm ấm sẽ giúp sáp mềm ra."
"Setting spray của Morphe với NYX, loại nào xịt ra sương mịn hơn?","Chào bạn,

Về độ mịn của sương xịt, **NYX Professional Makeup Setting Spray** thường được đánh giá cao hơn so với Morphe Setting Spray. NYX tạo ra những hạt sương cực nhỏ, phân tán đều và nhanh chóng trên da, giúp lớp trang điểm mịn màng, tự nhiên và không bị vón cục. 

Morphe Setting Spray có thể có hạt phun lớn hơn một chút, đôi khi gây cảm giác hơi ẩm ướt nếu xịt quá gần. Tuy nhiên, cả hai đều là lựa chọn tốt để khóa lớp trang điểm.
"
"Tui muốn thử makeup phong cách 'fairycore', có gì đặc trưng?","Chào bạn! Phong cách ""fairycore"" (makeup nàng tiên) tập trung vào vẻ đẹp tự nhiên, mơ màng và thần tiên. Đặc trưng của nó là:

1.  **Da trong trẻo:** Dùng kem nền mỏng nhẹ, tập trung dưỡng ẩm để da căng bóng tự nhiên.
2.  **Màu mắt pastel:** Ưu tiên các màu hồng, tím lavender, xanh mint nhạt, đánh nhũ nhẹ để đôi mắt lấp lánh.
3.  **Má hồng ửng:** Chọn má hồng tone hồng đào hoặc cam đào, đánh nhẹ nhàng để tạo vẻ ửng hồng tự nhiên.
4.  **Son môi trong trẻo:** Son tint hoặc son dưỡng có màu hồng baby, cam san hô.
5.  **Điểm nhấn:** Thêm đá lấp lánh nhỏ hoặc sticker hình hoa lá để tăng thêm vẻ ""tiên""."
"Mascara bị lem ra mi trên khi chuốt, làm sao để không bị vậy?","Chào bạn, tình trạng mascara bị lem mi trên rất phổ biến. Để khắc phục, bạn hãy thử những cách sau:

1. **Làm sạch mi:** Dùng bông tăm thấm dầu tẩy trang nhẹ nhàng làm sạch mi trước khi chuốt.
2. **Chuốt mascara từ chân mi:** Zic-zac nhẹ nhàng để mascara bám đều, tránh chuốt quá nhiều sản phẩm.
3. **Sử dụng mascara chống thấm nước:** Loại này bền màu hơn, ít bị lem.
4. **Phấn rôm:** Nhẹ nhàng dùng cọ phết một lớp phấn rôm lên mi dưới để mascara bám vào phấn thay vì da.
"
Son màu đỏ lạnh (blue-based red) có làm răng trắng hơn không?,"Chào bạn, câu hỏi rất hay! Son đỏ lạnh (blue-based red) thực sự có thể giúp răng trông trắng hơn đấy. Màu đỏ lạnh chứa sắc xanh lam, khi lên môi sẽ tạo ra sự tương phản với màu vàng của răng, khiến răng trông sáng và trắng hơn. Tuy nhiên, hiệu quả sẽ khác nhau tùy thuộc vào sắc da và màu răng tự nhiên của mỗi người. Bạn nên thử vài sắc đỏ lạnh khác nhau để tìm ra màu phù hợp nhất nhé!
"
Bà có hay dùng kem lót cho môi (lip primer) không?,"Chào bạn, với vai trò là chuyên gia trang điểm, tôi thường xuyên sử dụng kem lót cho môi (lip primer) trong quy trình trang điểm chuyên nghiệp và khuyên bạn nên dùng nếu muốn có đôi môi hoàn hảo.

**Tại sao nên dùng lip primer?**

*   **Làm mịn bề mặt môi:** Giúp son lên màu đều và không bị lem.
*   **Tăng độ bám màu:** Son giữ được lâu hơn, không cần dặm lại thường xuyên.
*   **Ngăn ngừa son bị trôi:** Đặc biệt quan trọng khi ăn uống.
*   **Dưỡng ẩm:** Một số loại lip primer còn có tác dụng dưỡng môi.

Tôi thường dùng một lượng nhỏ, thoa đều lên môi trước khi đánh son."
Làm sao để đánh phấn mắt không bị vón cục ở đuôi mắt?,"Để tránh phấn mắt bị vón cục ở đuôi mắt, bạn nên đánh phấn từ từ, từng lớp mỏng. Dùng cọ nhỏ, gạt bớt phấn thừa trước khi đánh lên mắt. Đặc biệt, vùng đuôi mắt có nhiều nếp gấp, nên dùng cọ đầu vát nhỏ để tán đều, tránh tập trung quá nhiều phấn. Nếu vẫn bị vón cục, dùng cọ sạch hoặc tăm bông nhẹ nhàng làm mờ phần phấn thừa.
"
"Tui thấy có loại bông phấn cushion hình vuông, dùng có khác gì hình tròn không?","Chào bạn, câu hỏi rất hay! Bông phấn cushion hình vuông và tròn đều có ưu điểm riêng. Bông phấn tròn giúp tán kem nền đều, mỏng nhẹ, phù hợp với các cô nàng thích lớp nền tự nhiên. Còn bông phấn vuông với các cạnh phẳng giúp che phủ tốt hơn ở các vùng khó như cánh mũi, khóe mắt, và tạo đường nét sắc sảo hơn. Bạn có thể thử cả hai để xem loại nào phù hợp với kỹ thuật trang điểm và sở thích của mình nhé!
"
Đi xem mắt crush nên makeup sao cho tự nhiên mà vẫn xinh?,"Chào bạn, để có một lớp trang điểm tự nhiên mà vẫn xinh lung linh khi đi xem mắt crush, bạn hãy thử các bước sau nhé:

1.  **Chuẩn bị da:** Dưỡng ẩm kỹ để da mịn màng.
2.  **Nền:** Dùng BB cream hoặc cushion mỏng nhẹ, che khuyết điểm ở vùng cần thiết.
3.  **Mắt:** Phấn mắt màu nude hoặc nâu nhạt, chuốt mascara nhẹ nhàng.
4.  **Má:** Phấn má hồng đào hoặc cam đất, tán đều.
5.  **Môi:** Son tint hoặc son thỏi màu nude, hồng baby.

**Lý do:** Các màu sắc nhẹ nhàng sẽ giúp bạn trông tươi tắn, tự tin mà không quá cầu kỳ. Quan trọng nhất là hãy là chính mình nhé!
"
Bà có hay dùng nước tẩy trang chiết xuất trà xanh không? Có tốt cho da mụn không?,"Chào bạn, với kinh nghiệm trang điểm của mình, tôi thường xuyên khuyên khách hàng sử dụng nước tẩy trang chiết xuất trà xanh, đặc biệt là với làn da mụn. Trà xanh chứa EGCG, một chất chống oxy hóa mạnh, giúp giảm viêm, kháng khuẩn và kiểm soát dầu thừa – những yếu tố chính gây ra mụn. Tuy nhiên, bạn nên chọn sản phẩm không chứa cồn và kiểm tra kỹ thành phần để tránh gây kích ứng. Tẩy trang trà xanh giúp làm sạch sâu mà vẫn dịu nhẹ, hỗ trợ điều trị và ngăn ngừa mụn hiệu quả.
"
"Tui mới mua cây son thỏi mà nó hơi mềm, dễ bị gãy, có cách nào không?","Chào bạn, son thỏi mềm dễ gãy là tình trạng khá phổ biến, đặc biệt khi thời tiết nóng. Để khắc phục, bạn có thể thử những cách sau:

1. **Bảo quản lạnh:** Để son trong tủ lạnh khoảng 15-20 phút trước khi dùng sẽ giúp son cứng lại.
2. **Sử dụng son từ từ:** Vặn son lên vừa đủ dùng, tránh vặn quá nhiều.
3. **Tránh ánh nắng trực tiếp:** Son dễ bị mềm khi tiếp xúc trực tiếp với ánh nắng.

Chúc bạn giữ được cây son yêu thích nhé!
"
Highlight dạng thỏi có dễ bị cakey không?,"Highlight dạng thỏi hoàn toàn có thể bị cakey nếu dùng không đúng cách. Để tránh tình trạng này, bạn nên:

1. **Dưỡng ẩm kỹ:** Da đủ ẩm là nền tảng để highlight bám tốt, không bị vón cục.
2. **Lấy lượng sản phẩm vừa đủ:** Highlight dạng thỏi thường đậm đặc, nên lấy ít sản phẩm rồi tăng dần.
3. **Tán đều:** Dùng cọ hoặc mút tán nhẹ nhàng, hòa quyện highlight với lớp nền, tránh để vón cục ở một chỗ.
4. **Chọn công thức phù hợp:** Ưu tiên các công thức chứa dưỡng ẩm, tránh các sản phẩm quá khô.
"
Tui muốn thử makeup tone vàng chanh mà sợ bị chói quá.,"Chào bạn, hoàn toàn có thể makeup tone vàng chanh mà không bị chói! Bí quyết là tập trung vào điểm nhấn và cân bằng.

1.  **Chọn phấn mắt:** Bắt đầu với phấn mắt vàng chanh nhạt, tán đều từ hốc mắt lên.
2.  **Tạo chiều sâu:** Thêm chút nâu hoặc cam đất vào đuôi mắt để cân bằng.
3.  **Highlight:** Highlight nhẹ nhàng ở bầu mắt và xương chân mày.
4.  **Màu môi:** Chọn son nude hoặc hồng đào để trung hòa.

Lý do: Vàng chanh là màu sáng, cần kết hợp với màu trung tính để tránh ""dừ"" hoặc quá nổi bật."
Môi có nhiều nếp nhăn thì tô son bóng có làm lộ thêm không?,"Chào bạn,

Son bóng có thể làm lộ rõ nếp nhăn trên môi, đặc biệt nếu môi bạn đã có nhiều nếp nhăn. Lý do là vì son bóng có xu hướng làm nổi bật các đường vân và rãnh trên bề mặt môi. Tuy nhiên, bạn vẫn có thể dùng son bóng nếu chuẩn bị môi kỹ lưỡng:

1.  **Tẩy tế bào chết:** Loại bỏ da chết giúp môi mịn màng hơn.
2.  **Dưỡng ẩm:** Sử dụng son dưỡng trước khi đánh son bóng.
3.  **Chọn son bóng phù hợp:** Ưu tiên các loại son bóng có chất lỏng nhẹ, tránh son bóng quá đặc.
"
Phấn phủ bột khoáng có kiềm dầu tốt bằng phấn phủ thường không?,"Chào bạn,

Phấn phủ bột khoáng thường được đánh giá cao về khả năng kiềm dầu, thậm chí tốt hơn phấn phủ thông thường trong một số trường hợp. Lý do là vì các khoáng chất như Silica, Zinc Oxide trong phấn khoáng có khả năng hấp thụ dầu thừa hiệu quả hơn. Tuy nhiên, hiệu quả còn phụ thuộc vào loại da và thành phần cụ thể của từng sản phẩm. Phấn khoáng phù hợp với da dầu, hỗn hợp thiên dầu, còn phấn thường đa dạng hơn cho nhiều loại da.
"
"Tui thấy có mascara có đầu cọ nhỏ xíu, dùng để làm gì vậy?","Chào bạn, mascara với đầu cọ nhỏ xíu thường được dùng để chuốt mi dưới hoặc mi ở góc mắt. Đầu cọ nhỏ giúp bạn dễ dàng tiếp cận và làm dài, dày mi ở những vị trí khó, tránh tình trạng vón cục hay lem ra vùng da mắt. Ngoài ra, một số người cũng dùng để chuốt những sợi mi tơ để tạo hiệu ứng tự nhiên, không quá nặng nề.
"
Làm sao để chọn màu kem nền online không bị lệch tone?,"Chọn kem nền online không bị lệch tone là một thử thách! Đầu tiên, xác định undertone da (ấm, lạnh, trung tính) bằng cách quan sát màu gân tay. Sau đó, tìm các review, swatch kem nền trên nhiều tông da tương tự bạn. Quan trọng nhất, hãy tận dụng tính năng ""virtual try-on"" (thử ảo) nếu có, hoặc mua sample/tester trước khi quyết định. Đừng ngại hỏi tư vấn từ chuyên viên trang điểm online nhé!
"
Bà có hay dùng cọ để kẻ viền môi không hay dùng chì trực tiếp?,"Chào bạn, với kinh nghiệm trang điểm của mình, tôi thường ưu tiên sử dụng cọ để kẻ viền môi hơn là chì trực tiếp. Cọ giúp bạn kiểm soát đường kẻ tốt hơn, tạo ra những đường nét sắc sảo và tự nhiên hơn, đặc biệt với những đôi môi khó kẻ. Ngoài ra, cọ còn giúp bạn dễ dàng thoa đều màu son, tránh làm lem hoặc nhòe màu. Tuy nhiên, chì kẻ môi vẫn hữu ích để định hình trước khi dùng cọ hoặc khi bạn muốn tạo hiệu ứng môi dày dặn.
"
Đi concert idol nên makeup sao cho nổi bật giữa đám đông?,"Đi concert idol, bạn nên tập trung vào điểm nhấn và độ bền của makeup nhé!

1.  **Nền:** Chọn nền lì, lâu trôi, che phủ tốt để giữ lớp makeup cả đêm.
2.  **Mắt:** Sử dụng phấn mắt lấp lánh, màu sắc nổi bật (như cam đất, hồng, tím) và kẻ eyeliner đậm. Có thể dùng nhũ để tăng hiệu ứng.
3.  **Má:** Đánh highlight để khuôn mặt có chiều sâu và bắt sáng.
4.  **Môi:** Son lì hoặc son tint có màu sắc tươi tắn, phù hợp với concept của idol.
5.  **Khóa lớp:** Xịt khóa makeup để giữ mọi thứ cố định.

Lý do: Ánh đèn sân khấu mạnh nên cần makeup đậm hơn bình thường để đảm bảo vẫn xinh lung linh trong mọi góc chụp!
"
Tẩy trang dầu xong có cần dùng bông tẩy trang lau lại không?,"Chào bạn,

Sau khi tẩy trang bằng dầu, việc dùng bông tẩy trang lau lại là **không bắt buộc, nhưng được khuyến khích** để đảm bảo làm sạch hoàn toàn. Dầu tẩy trang có khả năng hòa tan makeup và bụi bẩn, nhưng vẫn có thể để lại cặn trên da. 

Lau lại bằng bông tẩy trang giúp loại bỏ cặn dầu thừa, mang lại làn da sạch thoáng hơn. Bạn nên chọn bông tẩy trang mềm mại và thao tác nhẹ nhàng, tránh gây kích ứng da.
"
"Tui mới nhuộm tóc màu bạch kim, nên kẻ mày màu gì?","Chào bạn! Với tóc bạch kim, bạn nên chọn kẻ mày màu nâu tro lạnh hoặc xám khói. Màu sắc này sẽ cân bằng với tông màu lạnh của tóc, tránh tạo cảm giác đối lập quá mạnh. 

**Các bước thực hiện:**

1.  Chọn chì kẻ/bút kẻ/phấn kẻ mày phù hợp với màu da và tóc.
2.  Kẻ theo dáng mày tự nhiên, tập trung vào việc lấp đầy các khoảng trống.
3.  Dùng lược chải nhẹ để màu sắc hòa quyện tự nhiên hơn.

Tránh các màu nâu ấm hoặc đen vì sẽ làm khuôn mặt trông cứng nhắc."
"Son kem của MAC Powder Kiss Liquid với YSL Tatouage Couture, loại nào mỏng nhẹ hơn?","Chào bạn,

Về độ mỏng nhẹ, MAC Powder Kiss Liquid Lipcolour có lợi thế hơn YSL Tatouage Couture. MAC có kết cấu lỏng, nhẹ như mousse, mang lại cảm giác thoải mái như không hề thoa son. YSL Tatouage Couture dù cũng mỏng nhẹ nhưng vẫn có độ dày hơn một chút và độ bóng cao hơn, tạo cảm giác ""dày dặn"" hơn trên môi so với MAC. Vì vậy, nếu bạn ưu tiên sự thoải mái, thoáng nhẹ, MAC Powder Kiss Liquid là lựa chọn tốt hơn.
"
Kem lót hiệu chỉnh màu da (color correcting primer) có cần dùng toàn mặt không?,"Không nhất thiết phải dùng kem lót hiệu chỉnh màu da toàn mặt. Bạn chỉ nên tập trung thoa lên vùng da cần che khuyết điểm màu sắc. Ví dụ, kem lót xanh lá cây dành cho vùng da bị ửng đỏ do mụn hoặc rosacea, kem lót đào dành cho vùng da xỉn màu, thiếu sức sống. Thoa đều tay để kem lót hòa quyện với da, tạo lớp nền mịn màng và trung hòa màu da trước khi đánh phấn nền.
"
Bà có hay dùng phấn mắt dạng thỏi không? Có tiện không?,"Chào bạn,

Tôi có sử dụng phấn mắt dạng thỏi và thấy khá tiện lợi. Ưu điểm lớn nhất là dễ dàng mang theo, không cần lo lắng về việc phấn rơi vãi như phấn mắt dạng bột. Chất phấn thường mềm mịn, dễ tán và lên màu chuẩn. Tuy nhiên, bảng màu có thể hạn chế hơn so với phấn mắt dạng bột truyền thống. Nếu bạn thường xuyên di chuyển hoặc thích phong cách trang điểm nhanh gọn, đây là lựa chọn tốt.
"
Làm sao để mi giả không bị nặng trĩu mắt?,"Để mi giả không bị nặng trĩu mắt, bạn cần chọn mi giả phù hợp với dáng mắt và độ dày mi tự nhiên. Cắt tỉa mi giả sao cho vừa với chiều dài mắt, tránh để mi quá dài hoặc quá dày.

Khi dán, sử dụng keo dán mi chất lượng, bôi một lớp mỏng và đều lên mi giả, chờ keo khô se lại rồi mới dán. Dán mi sát chân mi thật, tránh dán quá cao hoặc quá thấp. Cuối cùng, dùng mascara chuốt nhẹ để mi giả hòa quyện với mi thật.
"
Son màu hồng nude có hợp với người môi thâm không?,"Chào bạn,

Son màu hồng nude có thể hợp với người môi thâm, nhưng cần lưu ý một số điểm. Đầu tiên, hãy chọn tông hồng nude có chút sắc ấm (như đào, cam san hô) thay vì hồng nude quá lạnh. Màu ấm sẽ trung hòa sắc tố thâm trên môi, giúp môi trông tươi tắn hơn. 

Thứ hai, nên dùng son kem hoặc son tint có độ che phủ tốt, hoặc lót một lớp kem che khuyết điểm trước khi đánh son để che bớt thâm. Cuối cùng, kết hợp thêm chút son dưỡng để môi mềm mại và lên màu chuẩn hơn.
"
Tui dùng phấn phủ mà sao lớp nền vẫn bị vỡ ở khóe mũi?,"Chào bạn, tình trạng lớp nền bị vỡ ở khóe mũi khi dùng phấn phủ khá phổ biến. Nguyên nhân có thể do vùng này thường khô và có nhiều nếp gấp. Để khắc phục, bạn nên:

1. **Dưỡng ẩm kỹ:** Dùng kem dưỡng ẩm phù hợp cho vùng khóe mũi trước khi trang điểm.
2. **Chọn phấn phủ phù hợp:** Ưu tiên phấn phủ dạng bột mịn, có chứa dưỡng ẩm hoặc phấn nước.
3. **Tán phấn nhẹ nhàng:** Dùng cọ mềm, tán phấn theo chiều xoay tròn, tránh chà xát mạnh.
4. **Sử dụng xịt khóa nền:** Giúp lớp nền bám dính hơn và hạn chế tình trạng vỡ.
"
Đi chụp ảnh kỷ yếu với lớp nên makeup theo phong cách nào?,"Chào bạn, để có makeup đẹp cho buổi chụp ảnh kỷ yếu, mình gợi ý bạn nên ưu tiên phong cách tự nhiên, tươi tắn nhưng vẫn nổi bật.

**Các bước thực hiện:**

1.  **Chuẩn bị da:** Dưỡng ẩm kỹ để da căng mịn.
2.  **Makeup nền:** Dùng kem nền mỏng nhẹ, che khuyết điểm vừa đủ.
3.  **Mắt:** Phấn mắt tone màu pastel hoặc nâu đất, đánh nhẹ nhàng.
4.  **Má:** Hồng đào hoặc cam đất để tạo vẻ khỏe khoắn.
5.  **Môi:** Son nude hoặc màu hồng san hô, đánh lòng môi để tự nhiên.

**Lý do:** Phong cách này giúp bạn xinh tươi trong ảnh mà không bị ""lố"", đồng thời tôn lên nét thanh xuân của tuổi học trò."
Bà có bao giờ dùng phấn rôm để làm khô tóc bết không?,"Chào bạn,

Tôi đã từng nghe về mẹo dùng phấn rôm để làm khô tóc bết và nó khá hiệu quả trong một số trường hợp. Phấn rôm có khả năng hấp thụ dầu thừa, giúp tóc trông phồng và sạch hơn ngay lập tức. 

**Cách thực hiện:** Rắc một lượng nhỏ phấn rôm lên chân tóc bết, dùng lược chải nhẹ nhàng để phấn hòa quyện vào tóc. Lưu ý dùng lượng vừa phải để tránh tóc bị trắng bệch. Đây là giải pháp tạm thời, không thay thế được việc gội đầu.
"
Tẩy trang dạng sữa có làm cay mắt không?,"Chào bạn,

Tẩy trang dạng sữa thường ít gây cay mắt hơn so với các loại tẩy trang khác như dầu hoặc micellar water, vì thành phần của nó dịu nhẹ và ít chứa cồn. Tuy nhiên, vẫn có khả năng gây cay mắt nếu sản phẩm dính trực tiếp vào mắt. 

Để tránh cay mắt, bạn nên:

1.  **Thấm đều** tẩy trang lên bông tẩy trang.
2.  **Nhắm mắt** và nhẹ nhàng lau.
3.  **Tránh miết mạnh** vùng mắt.
4.  **Chọn sản phẩm** có ghi ""không gây cay mắt"" hoặc dành cho mắt nhạy cảm."
Tui muốn mua cọ tán phấn mắt mà không biết chọn loại lông gì.,"Chào bạn, việc chọn cọ tán phấn mắt phù hợp rất quan trọng để có đôi mắt đẹp. Về lông cọ, bạn có hai lựa chọn chính:

*   **Lông tự nhiên (như lông chồn, lông dê):** Mềm mại, bám phấn tốt, dễ tán đều, phù hợp với phấn mắt nhiều chất liệu. Tuy nhiên, giá thành cao và cần vệ sinh kỹ lưỡng.
*   **Lông tổng hợp (nylon, taklon):** Giá rẻ, dễ vệ sinh, không gây kích ứng, phù hợp với phấn mắt dạng kem, lỏng hoặc có nhũ.

Nếu mới bắt đầu, bạn nên thử cọ lông tổng hợp trước nhé!"
"Cushion của April Skin với Clio Kill Cover, loại nào che phủ mụn tốt hơn?","Chào bạn,

Về khả năng che phủ mụn, **Clio Kill Cover** vượt trội hơn **April Skin**. Clio có độ che phủ rất cao, có thể che đi hầu hết các vết mụn đỏ, thâm và lỗ chân lông to. Tuy nhiên, April Skin lại có ưu điểm là mỏng nhẹ, phù hợp với da nhạy cảm và tạo lớp nền tự nhiên hơn. 

Nếu bạn cần che phủ mụn mạnh mẽ, hãy chọn Clio. Nếu bạn ưu tiên sự thoải mái và tự nhiên, April Skin là lựa chọn tốt hơn.
"
"Tui muốn thử makeup kiểu 'goth' một chút mà không quá đáng sợ, làm sao?","Chào bạn! Để có makeup ""goth"" vừa phải, bạn có thể bắt đầu với:

1. **Da:** Dùng kem nền sáng hơn tông da 1-2 bậc để tạo vẻ trắng xanh.
2. **Mắt:** Tập trung vào mắt với phấn mắt đen, xám, tím đậm. Kẻ mắt mèo sắc sảo và chuốt mascara dày.
3. **Môi:** Son môi tối màu như đỏ burgundy, tím đen hoặc nâu sẫm.
4. **Má:** Đánh má hồng màu hồng đào nhạt hoặc bỏ qua bước này để giữ vẻ mặt lạnh lùng.

Lưu ý: Đừng quên tán đều để tránh bị ""dừ"" và điều chỉnh lượng sản phẩm để phù hợp với sở thích nhé!
"
"Mascara bị khô ở phần miệng chai, có nên cạo đi không?","Chào bạn,

Việc mascara bị khô ở miệng chai là tình trạng thường gặp. **Không nên cạo lớp mascara khô này đi.** Lý do là vì việc cạo có thể làm thay đổi kết cấu sản phẩm bên trong, khiến mascara dễ bị vón cục và nhiễm khuẩn hơn. Thay vào đó, bạn có thể dùng khăn giấy thấm nhẹ nhàng phần miệng chai để loại bỏ bớt lớp khô, hoặc sử dụng dung dịch dưỡng ẩm cho mascara (mascara drops) để làm mềm và kéo dài tuổi thọ sản phẩm.
"
Son màu hồng neon có hợp với đi làm không?,"Chào bạn,

Son màu hồng neon là một lựa chọn khá nổi bật và thường phù hợp với các dịp đi chơi, tiệc tùng hơn là môi trường công sở. Tuy nhiên, nếu bạn vẫn muốn sử dụng, hãy cân nhắc một số điều:

1.  **Chọn sắc độ:** Ưu tiên các tông hồng neon nhạt hơn, pastel hoặc có chút dưỡng ẩm để trông tự nhiên hơn.
2.  **Kết hợp trang điểm:** Giữ phần trang điểm mắt và má nhẹ nhàng để cân bằng với màu son nổi bật.
3.  **Ngành nghề:** Nếu công việc của bạn yêu cầu sự chuyên nghiệp tuyệt đối, tốt nhất nên chọn các màu son trung tính."
Bà có hay dùng kem lót dạng xịt không? Có hiệu quả không?,"Chào bạn,

Tôi có sử dụng kem lót dạng xịt và thấy khá hiệu quả, đặc biệt với những người thích trang điểm nhẹ nhàng, tự nhiên. Kem lót dạng xịt giúp cấp ẩm, làm mịn da và khóa lớp trang điểm tốt hơn. 

**Cách dùng:** Xịt đều lên mặt sau khi dưỡng ẩm, trước khi đánh phấn nền.

**Ưu điểm:** Lớp finish mỏng nhẹ, không gây bí da, dễ tán đều.

**Lưu ý:** Chọn loại xịt phù hợp với loại da của bạn để đạt hiệu quả tốt nhất.
"
Làm sao để đánh phấn mắt không bị lem xuống mi dưới khi trời mưa?,"Để phấn mắt không bị lem khi trời mưa, bạn cần chuẩn bị kỹ và đánh phấn đúng cách:

1. **Sử dụng kem lót mắt:** Giúp tạo lớp nền khô thoáng, tăng độ bám cho phấn.
2. **Chọn phấn mắt chống thấm nước:** Ưu tiên các sản phẩm có thành phần chống nước hoặc dạng kem.
3. **Đánh phấn mắt theo lớp mỏng:** Tránh đánh quá dày, dễ bị lem.
4. **Dùng cọ sạch:** Đảm bảo cọ sạch sẽ, không còn cặn phấn thừa.
5. **Phấn phủ mắt:** Cuối cùng, phủ một lớp phấn mắt trong suốt để khóa màu và tăng độ bền.
"
"Tui thấy có loại mút tán nền bằng vải nhung, dùng có tốt không?","Chào bạn, mút tán nền bằng vải nhung hiện đang được nhiều người ưa chuộng vì khả năng tạo lớp nền mịn lì, tự nhiên. So với mút thường, mút nhung giúp hạn chế lượng sản phẩm bị hút, tiết kiệm hơn và dễ dàng kiểm soát độ dày của lớp nền. Tuy nhiên, bạn cần làm ẩm mút trước khi dùng và vệ sinh kỹ sau mỗi lần sử dụng để đảm bảo vệ sinh và độ bền của mút nhé!
"
Đi tiệc cuối năm của công ty nên makeup sao cho vừa đẹp vừa chuyên nghiệp?,"Để có lớp trang điểm vừa đẹp vừa chuyên nghiệp cho tiệc cuối năm công ty, bạn nên ưu tiên sự tinh tế.

1.  **Nền:** Chọn kem nền có độ che phủ vừa phải, tán đều để có lớp nền mịn màng, tự nhiên.
2.  **Mắt:** Phấn mắt tông màu trung tính (nâu, beige) hoặc màu ánh kim nhẹ nhàng. Kẻ eyeliner mảnh, tránh đường kẻ quá đậm.
3.  **Má:** Sử dụng phấn má hồng màu đào hoặc hồng san hô để tạo vẻ tươi tắn.
4.  **Môi:** Son môi màu nude, hồng đất hoặc đỏ cam trầm.
5.  **Hoàn thiện:** Phấn phủ để giữ lớp trang điểm lâu trôi.

"
Bà có hay dùng mật ong để dưỡng môi không?,"Chào bạn, với kinh nghiệm trang điểm của mình, tôi hoàn toàn khuyên dùng mật ong để dưỡng môi. Mật ong là một thành phần tự nhiên tuyệt vời, có khả năng giữ ẩm sâu, làm mềm môi và giúp môi không bị khô nứt. 

**Cách dùng:** Thoa một lớp mật ong mỏng lên môi trước khi đi ngủ, để qua đêm rồi rửa sạch vào sáng hôm sau. Bạn có thể kết hợp mật ong với vài giọt chanh để tẩy tế bào chết nhẹ nhàng, giúp môi mịn màng hơn.
"
"Tui mới mua cây son kem mà nó có mùi hơi hắc, có sao không?","Chào bạn, son kem mới mua mà có mùi hắc thì không nên dùng nhé! Mùi hắc thường là dấu hiệu của các hóa chất không tốt, có thể gây kích ứng môi hoặc thậm chí là ảnh hưởng đến sức khỏe. 

Bạn nên kiểm tra kỹ hạn sử dụng, nguồn gốc sản phẩm. Nếu không chắc chắn, tốt nhất là ngừng sử dụng và liên hệ với nơi bán để được hỗ trợ đổi trả hoặc hoàn tiền. Đừng tiếc một thỏi son mà ảnh hưởng đến sức khỏe của bản thân nhé!
"
"Phấn phủ bột của Chanel Poudre Universelle Libre với Guerlain Météorites, loại nào cho hiệu ứng da đẹp hơn?","Chào bạn, cả Chanel Poudre Universelle Libre và Guerlain Météorites đều là phấn phủ cao cấp, nhưng cho hiệu ứng da khác nhau.

**Chanel** phù hợp da dầu, hỗn hợp thiên dầu, giúp kiểm soát dầu tốt, mịn da và che phủ lỗ chân lông. Hiệu ứng da sẽ lì, tự nhiên.

**Guerlain Météorites** thiên về dưỡng da, tạo hiệu ứng glow (tỏa sáng) nhẹ nhàng, làm da căng mọng, hồng hào. Phù hợp da khô, thường hoặc da cần thêm sức sống.

Để da đẹp hơn, hãy chọn loại phù hợp với loại da và mong muốn của bạn nhé!
"
"Tui muốn thử makeup kiểu 'scene queen' hồi xưa, có gì đặc trưng?","Chào bạn, makeup ""scene queen"" những năm 2000s rất đặc trưng và nổi bật!

**Đặc điểm chính:**

1.  **Mắt:** Phấn mắt màu đen/xám khói đậm, vẽ eyeliner đen dày cả trên và dưới, thường kéo dài. Có thể thêm màu sắc nổi bật như hồng, tím.
2.  **Môi:** Son bóng hoặc son thỏi màu đậm, thường là hồng baby, đỏ hoặc tím.
3.  **Má:** Phấn má hồng đậm, đánh cao lên gò má.
4.  **Da:** Thường dùng phấn nền dày để che phủ hoàn toàn, tạo lớp nền trắng sáng.

**Lý do:** Phong cách này thể hiện sự nổi loạn, cá tính mạnh mẽ của giới trẻ thời đó."
Môi bị bong tróc vảy thì có nên dùng tay bóc không?,"Tuyệt đối không nên dùng tay bóc vảy môi bị bong tróc! Việc này có thể gây tổn thương da, dẫn đến chảy máu, nhiễm trùng và làm chậm quá trình phục hồi. Thay vào đó, hãy tập trung dưỡng ẩm sâu cho môi bằng son dưỡng ẩm giàu vitamin E, bơ hạt mỡ hoặc dầu thực vật. Bạn có thể thoa son dưỡng thường xuyên trong ngày và trước khi đi ngủ để giúp môi mềm mại và tự bong tróc nhẹ nhàng.
"
Phấn phủ có chống nắng có làm trắng mặt không?,"Chào bạn,

Phấn phủ có chống nắng **không trực tiếp làm trắng da** như các sản phẩm trị nám, trắng da chuyên dụng. Tuy nhiên, phấn phủ giúp **che phủ các vết thâm nám, tàn nhang**, từ đó tạo cảm giác da sáng hơn. 

Quan trọng hơn, phấn phủ chống nắng giúp **bảo vệ da khỏi tác hại của tia UV**, ngăn ngừa sạm nám và lão hóa, gián tiếp giúp da giữ được vẻ trắng sáng tự nhiên. Hãy chọn phấn phủ có chỉ số SPF phù hợp với thời gian hoạt động ngoài trời nhé!
"
"Tui thấy có mascara có đầu cọ hình răng lược, công dụng gì vậy?","Chào bạn, mascara với đầu cọ hình răng lược có công dụng chính là giúp chải chuốt và tách từng sợi mi cực kỳ hiệu quả. Thiết kế này giúp loại bỏ vón cục, mang lại hàng mi cong, dài và tơi hơn, tránh tình trạng mi bị dính vào nhau. Đặc biệt phù hợp với những bạn có mi ngắn, thưa hoặc hay bị vón cục khi dùng mascara thông thường.
"
Làm sao để chọn màu kem lót hiệu chỉnh màu da cho đúng?,"Để chọn kem lót hiệu chỉnh màu da đúng, bạn cần xác định vấn đề da trước. 

*   **Da xỉn màu/thiếu sức sống:** Chọn kem lót màu hồng đào hoặc cam đào để tăng độ sáng.
*   **Da bị đỏ/vùng da bị kích ứng:** Kem lót màu xanh lá cây sẽ trung hòa sắc đỏ.
*   **Da có nhiều vết thâm nám/tàn nhang:** Kem lót màu tím hoặc vàng giúp che mờ các đốm nâu.

Luôn thử kem lót lên vùng da nhỏ trước khi sử dụng toàn mặt để đảm bảo màu sắc phù hợp.
"
Bà có hay dùng miếng pad tẩy tế bào chết hóa học không?,"Chào bạn, với vai trò là chuyên gia trang điểm, tôi thường xuyên sử dụng pad tẩy tế bào chết hóa học (chemical exfoliation pads) trong quy trình chăm sóc da của mình. Chúng giúp loại bỏ tế bào chết nhẹ nhàng mà không gây kích ứng như tẩy tế bào chết vật lý, từ đó giúp da mịn màng, hấp thụ dưỡng chất tốt hơn và lớp trang điểm lên đều, đẹp hơn. Tôi dùng khoảng 1-2 lần/tuần, tùy thuộc vào loại da và sản phẩm.
"
"Tẩy trang xong da bị khô và ngứa, là sao?","Chào bạn, da khô và ngứa sau khi tẩy trang là dấu hiệu cho thấy bạn đang gặp một trong các vấn đề sau:

1. **Sản phẩm tẩy trang quá mạnh:** Có thể sản phẩm chứa cồn hoặc chất tẩy rửa mạnh, làm mất đi lớp dầu tự nhiên của da.
2. **Da thiếu ẩm:** Tẩy trang có thể loại bỏ cả dầu tự nhiên, khiến da bị khô.
3. **Dị ứng:** Bạn có thể bị dị ứng với một thành phần trong sản phẩm tẩy trang.

**Lời khuyên:**
*   Chọn tẩy trang dịu nhẹ, không cồn.
*   Sử dụng thêm toner dưỡng ẩm sau khi tẩy trang.
*   Nếu tình trạng kéo dài, hãy tham khảo ý kiến bác sĩ da liễu."
"Tui mới mua bảng mắt mà có mấy ô màu kim loại đẹp quá, dùng sao cho không bị già?","Chào bạn! Màu mắt kim loại rất đẹp nhưng dễ khiến khuôn mặt trông lớn tuổi nếu dùng không đúng cách. Để khắc chế điều này, bạn nên:

1.  **Chọn màu:** Ưu tiên các tông màu kim loại trầm ấm như đồng, vàng đồng thay vì bạc hay vàng quá sáng.
2.  **Cách đánh:** Đánh tập trung vào vùng giữa mí mắt, tránh đánh full bầu mắt. Có thể dùng cọ nhỏ để đánh highlight ở khóe mắt dưới.
3.  **Kết hợp:** Kết hợp màu kim loại với các màu trung tính như nâu, be để cân bằng và tạo chiều sâu cho đôi mắt."
Đi xem kịch nói nên makeup thế nào cho phù hợp không khí?,"Đi xem kịch nói, bạn nên ưu tiên trang điểm tự nhiên, thanh lịch để tôn lên vẻ đẹp mà không quá nổi bật, gây phân tâm cho người khác.

1.  **Nền:** Dùng kem nền nhẹ nhàng, che khuyết điểm vừa đủ.
2.  **Mắt:** Phấn mắt màu nude hoặc nâu nhạt, kẻ mắt mảnh.
3.  **Má:** Phấn má hồng đào hoặc cam đất nhẹ nhàng.
4.  **Môi:** Son môi màu nude, hồng pastel hoặc đỏ cam dịu.

Lý do: Ánh sáng sân khấu có thể làm trang điểm đậm bị ""dừ"" hoặc lòe loẹt. Trang điểm tự nhiên giúp bạn tự tin và hòa nhập vào không khí buổi diễn.
"
Son dưỡng có vị ngọt có tốt không?,"Son dưỡng có vị ngọt thường chứa các chất tạo ngọt nhân tạo như saccharin hoặc đường. Về cơ bản, chúng không gây hại, nhưng có thể kích thích thèm ăn và không thực sự mang lại lợi ích cho môi. Một số người có thể bị dị ứng với các thành phần này. Tốt nhất nên chọn son dưỡng không màu, không mùi và không vị, tập trung vào các thành phần dưỡng ẩm như sáp ong, dầu jojoba, bơ hạt mỡ để môi luôn khỏe mạnh.
"
"Tui muốn thử kẻ eyeliner mắt ướt (glossy eyeliner), dùng sản phẩm gì?","Chào bạn, để có eyeliner mắt ướt (glossy eyeliner) đang rất thịnh hành, bạn có thể dùng kết hợp các sản phẩm sau:

1.  **Kẻ mắt nước/gel:** Chọn loại có màu sắc yêu thích.
2.  **Phấn mắt nhũ:** Chọn màu trùng hoặc tương đồng với kẻ mắt.
3.  **Dầu dưỡng mắt/son dưỡng:** Dùng cọ nhỏ tán nhẹ dầu dưỡng lên trên lớp kẻ mắt và phấn nhũ.

**Lý do:** Dầu dưỡng giúp tạo hiệu ứng bóng mượt, ""ướt át"" cho đôi mắt, kết hợp với phấn nhũ sẽ tăng thêm độ bắt sáng và thu hút."
"Kem nền bị không khí vào làm khô một phần ở miệng chai, có ảnh hưởng chất lượng không?","Chào bạn, việc kem nền bị không khí tiếp xúc làm khô một phần ở miệng chai là điều khá phổ biến. Về chất lượng, ảnh hưởng không đáng kể nếu bạn xử lý đúng cách. Phần kem bị khô có thể làm thay đổi kết cấu một chút, nhưng không làm ảnh hưởng đến thành phần chính. Bạn có thể gạt bỏ phần kem đã khô trước khi sử dụng. Tuy nhiên, để bảo quản tốt nhất, hãy đậy kín nắp sau mỗi lần dùng và bảo quản nơi thoáng mát.
"
Phấn mắt màu cam neon có hợp với đi tiệc hồ bơi không?,"Chào bạn,

Phấn mắt màu cam neon hoàn toàn có thể hợp với tiệc hồ bơi! Màu sắc tươi sáng này sẽ nổi bật dưới ánh nắng mặt trời và tạo nên vẻ ngoài rạng rỡ, vui tươi. Tuy nhiên, để tránh bị ""lố"", bạn nên kết hợp với lớp nền nhẹ nhàng và son môi nude hoặc màu cam nhạt. Bạn cũng có thể thử đánh lòng mắt để tạo điểm nhấn tinh tế hơn nhé.
"
Bà có hay dùng xịt khoáng trà xanh không? Có giúp giảm mụn không?,"Chào bạn, với kinh nghiệm trang điểm của mình, tôi thường xuyên sử dụng xịt khoáng trà xanh cho khách hàng và bản thân. Xịt khoáng trà xanh có chứa chất chống oxy hóa từ trà xanh, giúp làm dịu da, giảm kích ứng và kiểm soát dầu thừa. 

Về việc giảm mụn, xịt khoáng trà xanh có thể hỗ trợ làm giảm sưng viêm nhẹ và ngăn ngừa mụn tái phát nhờ khả năng kháng khuẩn. Tuy nhiên, đây không phải là giải pháp điều trị mụn chuyên sâu, bạn nên kết hợp với các sản phẩm trị mụn chuyên biệt khác để đạt hiệu quả tốt nhất.
"
Làm sao để chọn cọ tán phấn nền không bị hút quá nhiều sản phẩm?,"Để chọn cọ tán phấn nền không bị hút quá nhiều sản phẩm, bạn nên ưu tiên các loại cọ làm từ sợi tổng hợp (synthetic) thay vì sợi tự nhiên. Sợi tổng hợp ít hấp thụ phấn nền hơn, giúp bạn kiểm soát lượng sản phẩm tốt hơn và tránh lãng phí.

Ngoài ra, hãy chọn cọ có độ dày và độ mềm vừa phải. Cọ quá dày sẽ lấy nhiều phấn nền, còn cọ quá mềm sẽ khó tán đều. Nên thử cọ trên tay trước khi mua để cảm nhận độ ăn phấn.
"
"Tui thấy có loại son thỏi có nhiều màu trong một cây, dùng có tiện không?","Chào bạn, son thỏi nhiều màu trong một cây khá tiện lợi đó! Loại son này thường có thiết kế xoay hoặc chia ngăn, giúp bạn dễ dàng thay đổi màu son mà không cần mang theo nhiều thỏi. 

Tuy nhiên, cần lưu ý là chất lượng và độ lên màu của từng màu trong một cây son có thể khác nhau. Nếu bạn thích sự đa dạng và thường xuyên thay đổi màu son thì đây là lựa chọn tốt, còn nếu ưu tiên chất lượng tuyệt đối thì nên chọn son đơn màu nhé.
"
"Đi ra mắt gia đình người yêu nên makeup sao cho hiền lành, dễ thương?","Chào bạn, để có một lớp trang điểm hiền lành, dễ thương khi đi gặp gia đình người yêu, bạn nên tập trung vào sự tự nhiên nhé.

1.  **Nền:** Dùng kem nền mỏng nhẹ, che khuyết điểm vừa đủ.
2.  **Mắt:** Phấn mắt màu hồng đào, cam đất hoặc nâu nhạt. Kẻ mắt mảnh, dùng mascara nhẹ nhàng.
3.  **Má:** Chọn phấn má hồng tone đào hoặc hồng baby, đánh nhẹ nhàng lên gò má.
4.  **Môi:** Son bóng hoặc son tint màu hồng san hô, cam nude sẽ tạo vẻ ngọt ngào.

Tránh makeup quá đậm, tập trung vào đôi mắt và đôi môi tươi tắn là đủ rồi bạn nhé!"
"Kem chống nắng dạng sữa với dạng kem, loại nào thấm nhanh hơn?","Chào bạn, với câu hỏi về việc kem chống nắng dạng sữa hay kem, loại nào thấm nhanh hơn, câu trả lời là **kem chống nắng dạng sữa thường thấm nhanh hơn**.

**Lý do:** Kết cấu của kem chống nắng dạng sữa lỏng nhẹ, chứa nhiều nước hơn, dễ dàng phân tán và hấp thụ vào da mà không để lại cảm giác bết dính. Trong khi đó, kem chống nắng dạng kem đặc hơn, cần nhiều thời gian hơn để làm ấm và thẩm thấu hoàn toàn vào da. Tuy nhiên, điều này còn phụ thuộc vào công thức và thành phần cụ thể của từng sản phẩm.
"
Tui mới tập kẻ mày mà hay bị đuôi mày quá dài hoặc quá cụp.,"Chào bạn, việc tập kẻ mày cần sự kiên nhẫn! Để khắc phục đuôi mày quá dài/cụp, bạn thử cách này nhé:

1. **Xác định 3 điểm:** Đầu mày (chữ A), đỉnh mày (chữ C), đuôi mày (chữ D). Nối A-C-D tạo khung mày.
2. **Kẻ từ 1/3 trong:** Bắt đầu kẻ từ 1/3 trong của mày, tập trung vào độ đậm nhạt.
3. **Điều chỉnh đuôi:** Kẻ nhẹ nhàng đến điểm D, tuyệt đối không kéo dài quá. Nếu quá dài, dùng tăm bông xóa bớt.
4. **Kiểm tra:** Nhìn thẳng, đảm bảo đuôi mày không bị cụp xuống.

Chúc bạn thành công!
"
"Setting spray của Too Faced Hangover Rx với Urban Decay De-Slick, loại nào hợp da khô hơn?","Chào bạn, với làn da khô, **Too Faced Hangover Rx** sẽ là lựa chọn tốt hơn so với Urban Decay De-Slick. Hangover Rx chứa các thành phần dưỡng ẩm như hyaluronic acid và chiết xuất dưa chuột, giúp cấp nước và làm dịu da, đồng thời khóa lớp trang điểm. Ngược lại, De-Slick tập trung kiểm soát dầu, có thể làm da khô hơn. Vì vậy, Hangover Rx sẽ giúp lớp trang điểm bền lâu mà không gây mất nước cho da khô.
"
"Tui muốn thử makeup kiểu 'art hoe', có gì đặc trưng?","Chào bạn, makeup ""art hoe"" tập trung vào sự sáng tạo và thể hiện cá tính qua màu sắc nổi bật, đường nét phóng khoáng. Đặc trưng nhất là:

1.  **Màu sắc:** Sử dụng bảng màu đa dạng, từ pastel đến neon, thường kết hợp tương phản.
2.  **Đường nét:** Vẽ eyeliner graphic (kẻ mắt hình học), highlight lấp lánh, và sticker trang trí.
3.  **Má hồng:** Thường đánh má hồng cao, đậm để tạo vẻ tươi trẻ, ""ngây thơ"".
4.  **Son môi:** Son bóng hoặc son nhuộm màu độc đáo.

Quan trọng nhất là đừng ngại thử nghiệm và phá cách!
"
"Mascara bị khô ngay cả khi chưa mở nắp, có phải hàng cũ không?","Chào bạn, mascara bị khô dù chưa mở nắp không nhất thiết là hàng cũ. Nguyên nhân có thể do:

1. **Không khí lọt vào:** Nắp không kín hoàn toàn, không khí xâm nhập và làm khô mascara.
2. **Thay đổi nhiệt độ:** Nhiệt độ cao hoặc thay đổi nhiệt độ đột ngột có thể làm mascara đặc lại.
3. **Thành phần:** Một số thành phần trong mascara dễ bị oxy hóa, gây khô.

Để khắc phục, bạn có thể thử nhỏ 1-2 giọt nước muối sinh lý vào tuýp mascara và lắc nhẹ. Nếu tình trạng không cải thiện, tốt nhất nên thay mới để đảm bảo an toàn cho mắt.
"
Son màu hồng tím có làm da bị xỉn không?,"Chào bạn,

Son màu hồng tím có thể làm da trông xỉn màu hơn, đặc biệt với những bạn da ngăm hoặc da có undertone vàng. Màu son này có xu hướng làm nổi bật các vết ửng đỏ trên da, tạo cảm giác da không đều màu. Tuy nhiên, nếu bạn yêu thích tông màu này, hãy chọn những thỏi son có kết cấu ẩm mịn, nhiều dưỡng và kết hợp với lớp nền hoàn hảo để trung hòa sắc tố da nhé!
"
Bà có hay dùng kem lót làm mờ lỗ chân lông (pore blurring primer) không?,"Chào bạn, với vai trò là chuyên gia trang điểm, tôi thường xuyên sử dụng kem lót làm mờ lỗ chân lông, đặc biệt là cho những khách hàng có lỗ chân lông to hoặc da không đều texture. Kem lót này giúp lấp đầy lỗ chân lông, tạo bề mặt da mịn màng hơn, giúp lớp nền sau đó bám tốt và không bị ""bám"" vào lỗ chân lông, từ đó giúp lớp trang điểm trông tự nhiên và bền lâu hơn. Tuy nhiên, cần chọn loại phù hợp với loại da để tránh gây bí tắc lỗ chân lông.
"
Làm sao để đánh phấn mắt màu pastel lên màu rõ mà không bị bợt?,"Để phấn mắt pastel lên màu rõ và không bị bợt, bạn cần chuẩn bị kỹ phần nền mắt. Đầu tiên, dùng kem lót mắt (eye primer) để tạo bề mặt mịn và khóa màu. Tiếp theo, chọn phấn mắt nền (base shadow) màu trắng hoặc nude gần với màu da để làm nổi bật màu pastel. Cuối cùng, dùng cọ mềm, đánh phấn pastel theo từng lớp mỏng, tăng dần độ đậm để đạt hiệu quả tốt nhất.
"
"Tui thấy có loại mút tán nền mini, dùng để làm gì vậy?","Chào bạn, mút tán nền mini (beauty blender mini) rất đa năng đó! Em nó thường được dùng để:

1.  **Che khuyết điểm:** Do kích thước nhỏ, mút mini giúp bạn tán kem che khuyết điểm ở vùng mắt, mũi, các vết mụn nhỏ một cách chính xác, không bị lem.
2.  **Tán highlight/contour:** Tạo hiệu ứng bắt sáng, tạo khối nhẹ nhàng, tự nhiên ở những vùng nhỏ trên khuôn mặt.
3.  **Sửa lỗi makeup:** Dùng để sửa những đường kẻ mắt, son môi bị lem.

Mút mini giúp lớp makeup mỏng mịn, không gây cakey và tiết kiệm sản phẩm hơn so với dùng tay hoặc cọ lớn.
"
Đi event ra mắt sách của bạn thân nên makeup sao cho tinh tế?,"Chào bạn, để makeup cho buổi ra mắt sách của bạn thân mà vẫn tinh tế, mình gợi ý các bước sau nhé:

1.  **Chuẩn bị da:** Dưỡng ẩm kỹ để lớp nền mịn màng.
2.  **Nền:** Chọn foundation mỏng nhẹ, che khuyết điểm vừa đủ.
3.  **Mắt:** Phấn mắt tone nude hoặc hồng đào, đánh nhẹ nhàng. Kẻ eyeliner mảnh và chuốt mascara.
4.  **Má:** Phấn má hồng tone đào hoặc cam đất, tạo gò má nhẹ nhàng.
5.  **Môi:** Son nude hoặc hồng baby, đánh lòng môi để tự nhiên.

Lưu ý: Ưu tiên sự tự nhiên, tránh makeup quá đậm để không làm phân tâm người khác."
Bà có hay dùng nước hoa hồng không cồn không?,"Chào bạn, với vai trò là chuyên gia trang điểm, tôi rất hay sử dụng nước hoa hồng không cồn trong quy trình chăm sóc da và chuẩn bị lớp nền trang điểm. Nước hoa hồng không cồn giúp cân bằng độ pH, làm dịu da và cấp ẩm nhẹ nhàng, đặc biệt phù hợp với da nhạy cảm. Sau khi rửa mặt, tôi dùng bông tẩy trang thoa đều nước hoa hồng lên da, giúp da mềm mại và dễ ăn phấn hơn, từ đó lớp trang điểm sẽ mịn màng và bền lâu hơn.
"
"Tui mới mua cây son kem mà nó trôi nhanh quá, uống nước cũng mất màu.","Chào bạn, son kem dễ trôi là tình trạng khá phổ biến. Để khắc phục, bạn thử những cách sau nhé:

1.  **Tẩy tế bào chết môi:** Giúp son bám tốt hơn.
2.  **Dưỡng ẩm môi:** Môi mềm mịn sẽ giữ màu son lâu hơn.
3.  **Lót son:** Sử dụng lớp lót son trước khi đánh son kem.
4.  **Đánh son nhiều lớp mỏng:** Thay vì một lớp dày, hãy đánh 2-3 lớp mỏng, dùng khăn giấy thấm bớt giữa các lớp.
5.  **Hạn chế ăn uống:** Sau khi đánh son, tránh ăn uống dầu mỡ ngay lập tức.

Chúc bạn có đôi môi xinh xắn!
"
Highlight dạng gel có bị dính không?,"Chào bạn,

Highlight dạng gel có thể bị dính, nhưng không phải lúc nào cũng vậy. Độ dính phụ thuộc vào công thức và thành phần của sản phẩm. Một số loại highlight gel chứa nhiều silicone có thể gây cảm giác dính, đặc biệt là trên da dầu. Tuy nhiên, các sản phẩm chất lượng tốt thường có kết cấu nhẹ, nhanh khô và không gây khó chịu. Để tránh dính, bạn nên dùng một lượng nhỏ và tán đều.
"
Tui muốn thử makeup tone xám bạc mà sợ bị như robot.,"Chào bạn, mình hiểu nỗi lo của bạn! Tone xám bạc rất dễ khiến gương mặt trông lạnh lẽo, thiếu sức sống nếu không đánh đúng cách. Để tránh bị như robot, bạn cần:

1. **Dùng phấn má hồng:** Thêm chút hồng đào hoặc cam đào lên gò má để ""hâm nóng"" khuôn mặt.
2. **Tập trung vào mắt:** Đánh nhũ mắt lấp lánh ở giữa bầu mắt, tránh đánh lan rộng.
3. **Son môi:** Chọn son màu hồng san hô, nude đào hoặc đỏ cam để cân bằng.
4. **Đừng quên highlight:** Highlight nhẹ ở gò má, sống mũi, nhân trung để tạo chiều sâu.
"
"Môi trên dày hơn môi dưới, có cách nào makeup cho hài hòa không?","Chào bạn, với đôi môi trên dày hơn môi dưới, bạn có thể tạo sự cân bằng bằng cách:

1. **Che phủ viền môi:** Dùng kem che khuyết điểm làm mờ nhẹ viền môi trên, đặc biệt là phần giữa môi.
2. **Tô son môi dưới:** Tập trung tô son đậm hơn ở môi dưới, có thể dùng son bóng để tạo hiệu ứng đầy đặn.
3. **Tạo khối:** Dùng phấn tạo khối tối màu nhẹ nhàng dưới môi dưới để tạo cảm giác môi dưới đầy đặn hơn.

Mục đích là làm ""thu nhỏ"" môi trên và ""mở rộng"" môi dưới, giúp khuôn mặt cân đối hơn.
"
Phấn phủ có chỉ số SPF có cần thoa lại thường xuyên như kem chống nắng không?,"Chào bạn,

Phấn phủ có SPF có thể giúp bảo vệ da nhưng **không** nên thay thế hoàn toàn kem chống nắng. Chỉ số SPF trong phấn phủ thường thấp hơn và lượng sản phẩm thoa mỏng hơn, dẫn đến khả năng bảo vệ không tối ưu. 

Bạn vẫn cần thoa lại phấn phủ có SPF sau mỗi 2-3 giờ, đặc biệt nếu bạn đổ mồ hôi nhiều hoặc hoạt động ngoài trời. Tuy nhiên, tốt nhất vẫn là sử dụng kem chống nắng chuyên dụng trước khi trang điểm và thoa lại sau mỗi 2 giờ để đảm bảo hiệu quả bảo vệ da tốt nhất.
"
"Tui thấy có mascara làm dài mi (lengthening mascara), có làm mi bị nặng không?","Chào bạn, câu hỏi rất hay! Mascara làm dài mi thường có chứa các sợi polymer nhỏ hoặc sáp microcrystalline để ""nối dài"" mi. Điều này có thể khiến mi cảm thấy nặng hơn một chút so với mascara thông thường, đặc biệt nếu bạn chải nhiều lớp. Tuy nhiên, các công thức hiện đại thường được cải tiến để giữ độ nhẹ, kết hợp với các thành phần dưỡng mi, giúp mi không bị quá tải và vẫn giữ được độ cong tự nhiên. Bạn nên chọn loại mascara có chứa dầu dưỡng hoặc vitamin để giảm thiểu tình trạng nặng mi nhé!
"
Làm sao để chọn màu phấn mắt hợp với màu mắt tự nhiên của mình?,"Để chọn phấn mắt hợp với màu mắt tự nhiên, bạn cần xác định tông màu mắt của mình trước.

*   **Mắt nâu:** Hợp với hầu hết các màu, đặc biệt là vàng đồng, cam đất, tím plum và xanh rêu.
*   **Mắt xanh:** Phấn mắt màu cam, nâu đồng, vàng cát sẽ làm mắt nổi bật. Tránh màu xanh dương cùng tông.
*   **Mắt xanh lá cây:** Màu tím, nâu, đào và đồng sẽ tôn lên sắc xanh lá.
*   **Mắt xám:** Phấn mắt màu xám khói, hồng đào, tím lavender sẽ làm đôi mắt thêm sâu và cuốn hút.

Hãy thử nghiệm để tìm ra màu sắc phù hợp nhất với bạn nhé!
"
Bà có hay dùng cọ để tán son thỏi không hay tô trực tiếp?,"Chào bạn, với kinh nghiệm trang điểm của mình, tôi thường ưu tiên dùng cọ để tán son thỏi hơn là tô trực tiếp. Việc dùng cọ giúp son lên màu chuẩn hơn, dễ dàng kiểm soát lượng son và tạo đường viền môi sắc nét. Đặc biệt, cọ giúp son bám lâu hơn và không bị lem, đặc biệt là với những loại son có chất lì. Tuy nhiên, nếu bạn thích phong cách tự nhiên, tô trực tiếp vẫn là một lựa chọn nhanh chóng và tiện lợi.
"
Đi bar rooftop buổi tối nên makeup sao cho sang chảnh?,"Để có makeup sang chảnh khi đi bar rooftop buổi tối, bạn nên tập trung vào đôi mắt và đôi môi.

1.  **Mắt:** Chọn phấn mắt tông màu tối như nâu, đen, hoặc tím, tán nhũ để tạo chiều sâu. Kẻ eyeliner sắc sảo và chuốt mascara dày mi.
2.  **Da:** Đảm bảo lớp nền hoàn hảo, che khuyết điểm kỹ càng và đánh highlight ở gò má, sống mũi.
3.  **Môi:** Son đỏ đậm hoặc màu burgundy sẽ giúp bạn nổi bật.

Lý do: Ánh sáng yếu trong bar rooftop cần makeup đậm hơn để khuôn mặt không bị nhợt nhạt."
Tẩy trang dạng khăn ướt có làm khô da không?,"Chào bạn,

Tẩy trang dạng khăn ướt có thể gây khô da, đặc biệt với những loại chứa cồn hoặc chất làm sạch mạnh. Lý do là vì khăn ướt có thể làm mất đi lớp dầu tự nhiên bảo vệ da. Để hạn chế, bạn nên chọn loại không cồn, dịu nhẹ, và sau khi dùng khăn ướt, hãy rửa lại mặt bằng sữa rửa mặt phù hợp để đảm bảo da sạch sâu và được cấp ẩm đầy đủ.
"
"Tui mới làm tóc xoăn xù mì, có cần thay đổi phong cách makeup không?","Chào bạn! Tóc xoăn xù mì rất hợp với phong cách trang điểm tự nhiên, nhẹ nhàng. Thay vì tập trung vào mắt khói hay đường kẻ eyeliner sắc sảo, bạn nên ưu tiên đôi môi căng mọng với son tint hoặc son dưỡng có màu. 

Mascara nhẹ nhàng và phấn má hồng đào sẽ giúp khuôn mặt tươi tắn hơn. Nếu muốn nhấn nhá, hãy dùng chút highlighter ở gò má và sống mũi. Tránh makeup quá dày, sẽ làm mất đi vẻ tự do, phóng khoáng của mái tóc xoăn.
"
"Son kem của Peripera Ink Velvet với Romand Zero Velvet Tint, loại nào bám màu tốt hơn?","Chào bạn,

Về độ bám màu, **Romand Zero Velvet Tint** thường được đánh giá cao hơn **Peripera Ink Velvet**. Romand có công thức với khả năng khóa màu tốt hơn, giúp son bám trên môi lâu hơn, ngay cả khi ăn uống nhẹ. 

Tuy nhiên, Peripera vẫn có độ bám màu khá tốt và nổi tiếng với texture mềm mịn, nhẹ tênh. Nếu bạn ưu tiên cảm giác thoải mái, Peripera là lựa chọn tốt. Còn nếu bạn cần son bám màu lâu, Romand sẽ là lựa chọn lý tưởng hơn.
"
Kem lót làm đều màu da có che được thâm mụn không?,"Chào bạn,

Kem lót làm đều màu da có thể giúp làm mờ nhẹ thâm mụn, nhưng không thể che phủ hoàn toàn. Kem lót hoạt động bằng cách trung hòa sắc tố da, giúp da trông đều màu hơn và làm giảm sự xuất hiện của các đốm đỏ hoặc nâu. Tuy nhiên, thâm mụn thường có màu đậm và cần đến lớp nền hoặc che khuyết điểm để che phủ hoàn toàn. Để đạt hiệu quả tốt nhất, bạn nên sử dụng kem lót sau đó kết hợp với kem nền và che khuyết điểm nhé!
"
Bà có hay dùng ngón tay để tán phấn mắt không?,"Chào bạn, với kinh nghiệm trang điểm của mình, tôi thỉnh thoảng vẫn dùng ngón tay để tán phấn mắt, đặc biệt là với phấn mắt dạng kem hoặc lỏng. Việc dùng ngón tay giúp nhiệt độ da làm phấn mềm và bám dính tốt hơn, tạo hiệu ứng tự nhiên, trong trẻo. Tuy nhiên, với phấn mắt bột, tôi ưu tiên dùng cọ để kiểm soát lượng phấn và tránh rơi vụn, đảm bảo đôi mắt được trang điểm tỉ mỉ và sắc nét hơn.
"
Làm sao để mi giả không bị đâm vào khóe mắt trong?,"Để mi giả không bị đâm vào khóe mắt, bạn cần thực hiện các bước sau:

1. **Cắt tỉa mi:** Cắt bớt phần mi giả thừa ở đầu ngoài và đặc biệt là đầu trong, khoảng 1/3 mi.
2. **Đo và điều chỉnh:** Đo mi giả với chiều dài mắt, điều chỉnh cho vừa vặn.
3. **Dán đúng vị trí:** Dán mi giả cách chân mi thật khoảng 1-2mm, tập trung vào phần giữa mắt trước rồi mới ra hai đầu.
4. **Kiểm tra và chỉnh sửa:** Sau khi dán, kiểm tra kỹ và dùng nhíp chỉnh lại nếu cần.

Việc cắt tỉa và dán sát chân mi sẽ giúp mi giả ôm sát mắt hơn, tránh gây khó chịu.
"
Son màu hồng sen có hợp với người da ngăm không?,"Chào bạn,

Son màu hồng sen có thể hợp với da ngăm, nhưng cần lưu ý chọn đúng tông. Với da ngăm, nên ưu tiên các tông hồng sen có chút ánh cam, đào hoặc tím để trung hòa sắc tố da, giúp da sáng hơn. Tránh các tông hồng sen quá tươi hoặc quá nhạt, vì có thể làm da trông xỉn màu. Bạn có thể thử trước khi mua để đảm bảo màu son phù hợp với màu da của mình nhé!
"
"Tui dùng phấn phủ bột mà sao nó cứ bị bay vào mũi, khó chịu quá.","Chào bạn, việc phấn phủ bột bay vào mũi khi trang điểm khá phổ biến. Để khắc phục, bạn thử áp dụng các bước sau nhé:

1.  **Chọn phấn phủ:** Ưu tiên phấn phủ dạng nén hoặc phấn nước, chúng bám da tốt hơn.
2.  **Dùng cọ phù hợp:** Cọ phủ cần mềm, đầu cọ lớn để tán đều, tránh tập trung phấn một chỗ.
3.  **Tán phấn nhẹ nhàng:** Chấm nhẹ cọ lên da, sau đó tán đều theo chiều từ dưới lên, tránh chà xát mạnh.
4.  **Xịt xịt khoáng:** Sau khi phủ phấn, xịt một lớp sương mù khoáng để khóa lớp trang điểm và giảm tình trạng bay phấn."
Đi họp lớp cũ nên makeup sao cho trẻ trung mà không bị 'cưa sừng làm nghé'?,"Chào bạn, để makeup trẻ trung cho buổi họp lớp mà không bị quá đà, bạn nên tập trung vào sự tươi tắn, tự nhiên.

1.  **Nền:** Chọn kem nền mỏng nhẹ, che khuyết điểm vừa đủ.
2.  **Mắt:** Phấn mắt tone hồng đào, cam đất nhẹ nhàng. Kẻ eyeliner mảnh, tránh đường viền quá đậm.
3.  **Má:** Sử dụng phấn má hồng tone đào hoặc cam san hô, đánh nhẹ nhàng lên gò má.
4.  **Môi:** Son bóng hoặc son tint màu hồng baby, cam san hô sẽ giúp đôi môi căng mọng, trẻ trung.

Tránh các kiểu makeup quá sắc sảo, tập trung vào làm nổi bật những đường nét tự nhiên bạn nhé!
"
Bà có bao giờ dùng baking soda để tẩy tế bào chết môi không?,"Chào bạn, với kinh nghiệm trang điểm của mình, tôi không khuyến khích sử dụng baking soda để tẩy tế bào chết môi. Baking soda có tính kiềm cao, có thể làm mất cân bằng độ pH tự nhiên của môi, gây khô, kích ứng và thậm chí là tổn thương. Thay vào đó, bạn nên chọn các sản phẩm tẩy tế bào chết môi chuyên dụng, chứa các thành phần dưỡng ẩm như đường, mật ong hoặc dầu thực vật để an toàn và hiệu quả hơn.
"
Tẩy trang dầu có cần rửa lại bằng nước lạnh hay nước ấm?,"Chào bạn, với câu hỏi về tẩy trang dầu, mình xin trả lời như sau:

Sau khi sử dụng tẩy trang dầu, bạn **nên rửa lại bằng nước ấm**. Nước ấm giúp lỗ chân lông giãn nở, làm sạch sâu hơn lượng dầu và cặn trang điểm còn sót lại. Việc này ngăn ngừa tình trạng tắc nghẽn lỗ chân lông, gây mụn. Không cần thiết phải dùng nước lạnh vì nước lạnh không có tác dụng làm sạch sâu như nước ấm.
"
Tui muốn mua cọ highlight mà không biết chọn loại nào tốt.,"Chào bạn, để chọn cọ highlight phù hợp, bạn nên ưu tiên các loại cọ đầu vát hoặc đầu tròn nhỏ. Cọ đầu vát giúp highlight chính xác các vùng gò má, sống mũi. Cọ đầu tròn nhỏ phù hợp đánh highlight ở khóe mắt, nhân trung. Chất lông nên chọn lông tổng hợp mềm mại để tránh gây kích ứng da và dễ dàng lấy phấn. Bạn có thể tham khảo các thương hiệu như Real Techniques, E.L.F hoặc Sigma.
"
"Cushion của Jung Saem Mool với YSL Fusion Ink, loại nào mỏng nhẹ hơn?","Chào bạn,

Về độ mỏng nhẹ, **Jung Saem Mool Essential Skin Nude Cushion** thường được đánh giá cao hơn so với **YSL Fusion Ink Cushion**. Jung Saem Mool có kết cấu lỏng, khả năng hòa tan vào da tốt, cho lớp finish tự nhiên, ""da như không trang điểm"". 

YSL Fusion Ink Cushion dù cũng mỏng nhẹ nhưng vẫn có độ che phủ cao hơn, phù hợp với những bạn cần che khuyết điểm nhiều hơn. Nếu bạn ưu tiên sự thoáng nhẹ, Jung Saem Mool sẽ là lựa chọn tốt hơn.
"
"Tui thấy có người dùng kem trị hăm tã của em bé để làm kem lót, có được không?","Chào bạn, việc sử dụng kem trị hăm tã của em bé làm kem lót là một ""mẹo"" làm đẹp đang được chia sẻ trên mạng, nhưng **không được khuyến khích**.

Kem trị hăm chứa các thành phần như Zinc Oxide, có khả năng làm dịu da và kiểm soát dầu. Tuy nhiên, công thức của nó không được thiết kế cho da mặt người lớn, có thể gây bí da, tắc lỗ chân lông và dẫn đến mụn. 

Thay vào đó, bạn nên sử dụng các sản phẩm kem lót chuyên dụng, phù hợp với loại da của mình để đảm bảo an toàn và hiệu quả.
"
Mắt một mí và hơi sụp thì kẻ eyeliner sao cho to tròn hơn?,"Chào bạn, với mắt một mí và hơi sụp, để kẻ eyeliner giúp mắt to tròn hơn, bạn nên thử cách sau:

1.  **Tạo đường kẻ mỏng** ở mí mắt trên, tập trung vào 2/3 đường kẻ ngoài và hơi kéo dài đuôi mắt.
2.  **Tạo điểm nhấn** bằng cách mở rộng đuôi mắt nhẹ nhàng, hướng lên trên.
3.  **Kẻ đường highlight** màu sáng ở đường viền dưới mắt để mở rộng và làm mắt trông long lanh hơn.

Lý do: Đường kẻ mỏng giúp tránh làm mắt trông nặng nề, mở đuôi mắt tạo cảm giác mắt to hơn, highlight giúp mắt sáng và có chiều sâu."
Son màu đỏ cherry có hợp với mọi lứa tuổi không?,"Son đỏ cherry là một màu sắc rất nổi bật và có thể kén người dùng. Tuy nhiên, không phải ai cũng không thể diện được màu son này. Với những cô nàng trẻ trung, đỏ cherry sẽ mang đến vẻ năng động, tươi tắn. Với những người lớn tuổi hơn, cần chọn sắc đỏ cherry trầm hơn, kết hợp trang điểm nhẹ nhàng để tránh vẻ quá lòe loẹt. Quan trọng nhất là tìm được tông đỏ cherry phù hợp với màu da của bạn.
"
Bà có hay dùng phấn phủ để làm dày lông mày không?,"Chào bạn,

Tôi có sử dụng phấn phủ để làm dày lông mày, nhưng không phải lúc nào cũng vậy. Phấn phủ (thường là màu trung tính hoặc sáng hơn lông mày) giúp ""làm phồng"" sợi lông, tạo cảm giác lông mày dày dặn và rõ nét hơn. Tuy nhiên, cần dùng lượng phấn rất ít và tán đều tay để tránh lông mày bị vón cục hoặc trông không tự nhiên. Đây là một mẹo nhỏ hữu ích, đặc biệt với những người có lông mày thưa.
"
Làm sao để son tint không bị đọng ở lòng môi trong?,"Để son tint không bị đọng ở lòng môi, bạn cần chuẩn bị môi kỹ lưỡng trước khi tô. Hãy tẩy tế bào chết nhẹ nhàng, sau đó dưỡng ẩm bằng son dưỡng để bề mặt môi mịn màng. Khi tô son tint, đánh một lớp mỏng và đều lên toàn bộ môi, sau đó dùng tăm bông hoặc cọ nhỏ tán đều phần son ở lòng môi để tránh hiện tượng vón cục và tạo hiệu ứng tự nhiên nhất.
"
"Tui thấy có loại mút tán nền bằng nhung, dùng có thích không?","Chào bạn, mút tán nền nhung hiện đang được nhiều người yêu thích vì khả năng tạo lớp nền mịn lì, tự nhiên. So với mút thường, nhung có bề mặt mềm mại hơn, giúp giảm thiểu tình trạng cakey (mốc da) và bám phấn tốt hơn. Tuy nhiên, nhung có thể hút nhiều sản phẩm hơn, nên bạn cần làm ẩm mút trước khi dùng để tránh lãng phí và dễ dàng tán đều hơn nhé!
"
Đi tiệc sinh nhật bạn thân nên makeup sao cho nổi bật mà không lố?,"Chào bạn, để makeup nổi bật mà không bị lố cho tiệc sinh nhật bạn thân, mình gợi ý các bước sau:

1.  **Nền:** Chọn nền mịn, che phủ vừa phải, tập trung làm đều màu da.
2.  **Mắt:** Phấn mắt tone ấm như cam đất, nâu vàng. Đánh nhũ mắt ở giữa bầu mắt để tạo điểm nhấn.
3.  **Má:** Hồng đào hoặc cam san hô đánh nhẹ nhàng để có vẻ tươi tắn.
4.  **Môi:** Son đỏ cam hoặc hồng đất, đánh lòng môi để tự nhiên hơn.

**Lý do:** Các màu sắc này dễ phối, phù hợp nhiều phong cách và giúp bạn tỏa sáng mà không quá cầu kỳ.
"
Bà có hay dùng nước cân bằng (toner) trước mỗi lần makeup không?,"Chào bạn, với kinh nghiệm trang điểm của mình, tôi luôn sử dụng nước cân bằng (toner) trước khi makeup. Toner giúp làm sạch da hoàn toàn sau khi rửa mặt, loại bỏ cặn bẩn và dầu thừa li ti mà sữa rửa mặt có thể bỏ sót. 

Quan trọng hơn, toner cân bằng độ pH của da, giúp da hấp thụ tốt hơn các sản phẩm dưỡng ẩm và makeup tiếp theo, từ đó giúp lớp nền mịn màng, bám dính và bền vững hơn.
"
"Tui mới mua cây chì kẻ mày mà nó dễ gãy quá, làm sao giờ?","Chào bạn, rất hiểu nỗi lo của bạn khi chì kẻ mày dễ gãy. Để khắc phục tình trạng này, bạn có thể thử các cách sau:

1. **Bảo quản đúng cách:** Đậy nắp chì ngay sau khi dùng, tránh nhiệt độ cao và ánh nắng trực tiếp.
2. **Gọt chì cẩn thận:** Gọt nhẹ nhàng, từ từ để tránh làm gãy lõi chì.
3. **Sử dụng đầu chì ngắn:** Để chì không bị nhô ra quá nhiều, giảm nguy cơ gãy khi va chạm.

Chúc bạn sử dụng chì kẻ mày hiệu quả hơn nhé!
"
"Setting spray của Wet n Wild Photo Focus với Cover FX Mattifying, loại nào kiềm dầu tốt hơn?","Chào bạn,

Về khả năng kiềm dầu, **Cover FX Mattifying Spray** vượt trội hơn **Wet n Wild Photo Focus Setting Spray**. Cover FX chứa các thành phần kiểm soát dầu tốt hơn, giúp da khô ráo, mịn màng lâu hơn. Wet n Wild phù hợp với da thường hoặc khô, giúp lớp trang điểm bám lâu hơn nhưng không quá mạnh trong việc kiềm dầu. Nếu bạn da dầu, Cover FX là lựa chọn tốt hơn.
"
"Tui muốn thử makeup kiểu 'VSCO girl' một chút, có gì cần lưu ý?","Chào bạn! Makeup kiểu ""VSCO girl"" tập trung vào vẻ đẹp tự nhiên, khỏe khoắn. Bạn cần:

1. **Da:** Ưu tiên lớp nền mỏng nhẹ, dùng kem dưỡng ẩm có màu hoặc BB cream.
2. **Mắt:** Mascara trong suốt hoặc nâu nhạt, tránh đánh quá đậm. Có thể dùng phấn mắt màu nude hoặc cam đào.
3. **Má:** Phấn má hồng tone đào hoặc cam san hô, đánh nhẹ nhàng để có vẻ ửng hồng tự nhiên.
4. **Môi:** Son dưỡng ẩm có màu hoặc son tint màu hồng baby.

**Lưu ý:** Đừng quên nhấn mạnh vào đôi môi căng mọng và hàng lông mi cong vút tự nhiên nhé!
"
"Mascara bị lem ra kính cận, có cách nào khắc phục không?","Chào bạn, tình trạng mascara lem ra kính cận rất phổ biến! Để khắc phục, bạn có thể thử các cách sau:

1. **Chọn mascara chống thấm nước:** Loại này ít bị lem hơn khi tiếp xúc với hơi nước từ mắt hoặc mồ hôi.
2. **Chờ mascara khô hẳn:** Sau khi chải, hãy đợi vài phút trước khi đeo kính.
3. **Sử dụng primer cho mi:** Primer giúp mascara bám dính tốt hơn, giảm tình trạng lem.
4. **Điều chỉnh kính:** Đảm bảo kính vừa vặn, không quá sát vào mi mắt.

Chúc bạn thành công!
"
Son màu đỏ đất có làm tối da không?,"Chào bạn,

Son màu đỏ đất có thể làm da trông tối hơn nếu bạn chọn sai tông. Với làn da sáng, đỏ đất sẽ tạo vẻ quyến rũ, sắc sảo. Tuy nhiên, với da ngăm, nên chọn đỏ đất có chút cam hoặc nâu để cân bằng, tránh làm da xỉn màu. Quan trọng nhất là thử son trực tiếp lên da để xem màu có phù hợp với tông da của bạn không nhé!
"
Bà có hay dùng kem lót có chứa vàng 24k không? Có tác dụng gì thật không?,"Chào bạn, với kinh nghiệm trang điểm của mình, tôi có thể chia sẻ về kem lót chứa vàng 24k như sau:

Tôi không thường xuyên sử dụng kem lót vàng 24k vì hiệu quả thực tế không quá vượt trội so với các loại kem lót khác. Vàng 24k có thể mang lại độ glow nhẹ, giúp da trông rạng rỡ hơn, nhưng tác dụng này không đáng kể nếu không kết hợp với các sản phẩm trang điểm khác. 

Kem lót này chủ yếu tập trung vào hiệu ứng làm đẹp tức thì hơn là cải thiện da về lâu dài.
"
Làm sao để đánh phấn mắt không bị bay màu sau vài tiếng?,"Để phấn mắt giữ màu lâu, bạn cần chuẩn bị kỹ và đánh đúng kỹ thuật:

1. **Tạo lớp nền:** Dùng kem lót mắt (eye primer) trước khi đánh phấn. Primer giúp hút dầu, làm mịn da và tăng độ bám của phấn.
2. **Đánh phấn:** Chọn phấn mắt chất lượng tốt, đánh lớp mỏng và build dần.
3. **Khóa màu:** Dùng phấn mắt màu nude hoặc trong suốt đánh nhẹ nhàng lên trên lớp phấn đã đánh để khóa màu.
4. **Xịt khóa:** Xịt nhẹ xịt khóa trang điểm (setting spray) lên vùng mắt.
"
"Tui thấy có loại bông tẩy trang tái sử dụng được, dùng có tốt không?","Chào bạn, bông tẩy trang tái sử dụng là một lựa chọn khá tốt, vừa tiết kiệm chi phí vừa thân thiện với môi trường. Tuy nhiên, bạn cần lưu ý vệ sinh thật kỹ sau mỗi lần dùng bằng xà phòng dịu nhẹ và phơi khô hoàn toàn để tránh vi khuẩn tích tụ. Chất liệu thường là sợi microfiber mềm mại, an toàn cho da, nhưng nếu da bạn quá nhạy cảm, bông tẩy trang dùng một lần vẫn là lựa chọn tốt hơn bạn nhé!
"
Đi xem show thời trang nên makeup sao cho sành điệu?,"Để makeup sành điệu khi đi xem show thời trang, bạn nên tập trung vào đôi mắt và đôi môi.

1.  **Mắt:** Chọn tông màu mắt nổi bật như mắt mèo hoặc smoky eyes với gam màu trầm, kết hợp highlight ở bầu mắt.
2.  **Da:** Trang điểm nền nhẹ nhàng, tự nhiên, làm nổi bật làn da khỏe khoắn.
3.  **Môi:** Son môi màu nude, đỏ gạch hoặc màu berry sẽ là lựa chọn hoàn hảo.
4.  **Má:** Đánh má hồng nhẹ nhàng để tăng thêm vẻ tươi tắn.

Lưu ý: Giữ cho lớp makeup không quá dày, vẫn đảm bảo sự thoải mái và tôn lên cá tính của bạn.
"
Bà có hay dùng sữa ong chúa để đắp mặt nạ không?,"Chào bạn, với vai trò là chuyên gia trang điểm, tôi không thường xuyên sử dụng sữa ong chúa để đắp mặt nạ trực tiếp. Tuy nhiên, tôi đánh giá cao những lợi ích tiềm năng của nó như dưỡng ẩm, làm dịu da và hỗ trợ tái tạo tế bào. 

Thay vào đó, tôi ưu tiên các sản phẩm chăm sóc da đã được nghiên cứu và kiểm nghiệm kỹ lưỡng, có chứa các thành phần hoạt tính mạnh mẽ hơn. Nếu bạn muốn thử sữa ong chúa, hãy đảm bảo nguồn gốc uy tín và thử nghiệm trên một vùng da nhỏ trước khi sử dụng.
"
Tui mới mua cây son tint mà nó làm khô môi kinh khủng.,"Chào bạn, son tint lì thường có xu hướng làm khô môi vì thành phần chứa nhiều pigment và ít dưỡng chất. Để khắc phục, bạn nên:

1. **Tẩy tế bào chết môi:** Loại bỏ da chết giúp son lên màu đều và hạn chế bám vào các khe nứt.
2. **Dưỡng ẩm kỹ:** Bôi son dưỡng trước khi đánh son tint khoảng 10-15 phút.
3. **Chọn son có thành phần dưỡng:** Ưu tiên các loại son tint có thêm dầu dưỡng, vitamin E.
4. **Đánh lớp son mỏng:** Tránh đánh quá dày để môi không bị khô căng.
"
Highlight dạng kem có làm trôi lớp nền bên dưới không?,"Chào bạn,

Highlight dạng kem hoàn toàn có thể làm trôi lớp nền nếu bạn không khéo léo. Nguyên nhân là do chất kem mềm, dễ hòa trộn và có thể ""ăn"" vào lớp nền. Để tránh tình trạng này, bạn nên:

1.  **Chọn highlight kem có công thức phù hợp:** Ưu tiên các sản phẩm có kết cấu nhẹ, không quá ẩm.
2.  **Áp dụng highlight sau khi set phấn:** Điều này giúp tạo lớp bảo vệ cho nền.
3.  **Tán nhẹ nhàng:** Dùng cọ hoặc mút tán đều để highlight hòa quyện với da, không ""kéo"" lớp nền.

"
Tui muốn thử makeup tone xanh rêu mà sợ bị già.,"Chào bạn, hoàn toàn có thể makeup tone xanh rêu mà không bị già đâu! Bí quyết nằm ở cách chọn màu và kỹ thuật tán.

1.  **Chọn màu:** Ưu tiên xanh rêu trầm ấm, pha chút nâu đất thay vì xanh rêu quá sáng.
2.  **Tập trung vào mắt:** Sử dụng phấn mắt xanh rêu tán đều từ hốc mắt lên, kết hợp với nâu đất để tạo chiều sâu.
3.  **Son môi:** Chọn son nude, hồng đào hoặc cam đất để cân bằng.
4.  **Má hồng:** Phấn má hồng đào nhẹ nhàng sẽ giúp khuôn mặt tươi tắn hơn.

Quan trọng nhất là tán đều tay để màu lên tự nhiên nhé!"
Môi bị lệch (một bên cao một bên thấp) thì kẻ viền môi sao cho cân?,"Chào bạn, với đôi môi bị lệch, việc kẻ viền môi cần sự tỉ mỉ để tạo sự cân đối. 

**Bước 1:** Xác định điểm cao thấp của môi.
**Bước 2:** Kẻ viền môi bên thấp cao hơn một chút so với viền môi tự nhiên, kéo dài đường cong nhẹ nhàng.
**Bước 3:** Kẻ viền môi bên cao thấp xuống một chút, tạo sự cân bằng.
**Bước 4:** Tô son đều, tập trung vào phần viền đã kẻ để che đi sự khác biệt.

Mục đích là tạo ảo giác về một đường viền môi cân xứng hơn.
"
"Phấn phủ bột với phấn phủ nén, loại nào dễ mang theo hơn?","Chào bạn, với câu hỏi về việc mang theo phấn phủ, **phấn phủ nén** chắc chắn dễ dàng hơn.

**Lý do:** Phấn phủ nén được đóng gói trong hộp nhỏ gọn, có kèm gương và bông phấn, rất tiện lợi bỏ túi. Trong khi đó, phấn phủ bột thường đựng trong lọ lớn hơn, dễ bị đổ và cần thêm dụng cụ (cọ) để sử dụng, gây bất tiện khi di chuyển. Vì vậy, phấn nén là lựa chọn lý tưởng cho những chuyến đi hoặc khi cần trang điểm nhanh chóng.
"
"Tui thấy có mascara có đầu cọ hình cầu (ball-tip), dùng để làm gì?","Chào bạn, đầu cọ hình cầu (ball-tip) của mascara có nhiều công dụng lắm đó! Đầu tiên, nó giúp bạn dễ dàng làm cong và dày mi ở những vùng khó tiếp cận như mi góc mắt và mi dưới. Thiết kế này cũng giúp tránh vón cục và tạo lớp phủ đều hơn. Ngoài ra, bạn có thể dùng đầu cọ này để chuốt mi theo chiều zig-zag, giúp mi trông tự nhiên và không bị dính vào nhau.
"
"Làm sao để chọn màu phấn mắt cho người mới tập makeup, dễ phối?","Chào bạn, với người mới bắt đầu, nên ưu tiên các bảng phấn mắt có tone màu trung tính, dễ phối như: nâu, be, cam đất. Những màu này phù hợp với nhiều màu da và phong cách trang điểm. 

**Cách chọn:**

1.  **Chọn bảng có ít nhất 3-4 màu:** Để tạo chiều sâu cho mắt.
2.  **Ưu tiên các màu matte:** Dễ tán và tự nhiên hơn.
3.  **Thử màu trên da:** Đảm bảo màu hợp với tông da của bạn.

Bạn có thể bắt đầu với một lớp màu be/nâu nhạt làm base, sau đó dùng màu nâu đậm hơn để tạo chiều sâu cho hốc mắt.
"
Bà có hay dùng cọ để lấy kem nền từ chai không hay đổ trực tiếp ra tay/mút?,"Chào bạn, với kinh nghiệm trang điểm của mình, tôi luôn ưu tiên dùng cọ để lấy kem nền từ chai. Việc này giúp kiểm soát lượng sản phẩm tốt hơn, tránh lãng phí và đảm bảo vệ sinh hơn so với việc đổ trực tiếp ra tay hoặc mút. Cọ cũng giúp kem nền được lấy đều và dễ dàng tán lên da, mang lại lớp nền mỏng mịn, tự nhiên hơn.
"
Đi hẹn hò lần đầu nên makeup đậm hay nhạt?,"Chào bạn, với buổi hẹn hò đầu tiên, nên ưu tiên makeup nhẹ nhàng, tự nhiên bạn nhé!

**Các bước gợi ý:**

1.  **Chuẩn bị da:** Dưỡng ẩm kỹ để lớp nền mịn màng.
2.  **Nền:** Dùng BB cream hoặc foundation mỏng nhẹ, che khuyết điểm vừa đủ.
3.  **Mắt:** Phấn mắt tone màu nude hoặc nâu nhạt, chuốt mascara.
4.  **Má:** Phấn má hồng tone đào hoặc cam đất nhẹ nhàng.
5.  **Môi:** Son tint hoặc son thỏi màu nude, hồng baby.

**Lý do:** Makeup quá đậm có thể tạo cảm giác ""diễn"", không chân thật. Nhẹ nhàng sẽ giúp bạn tự tin, thoải mái và để lại ấn tượng tốt về sự tinh tế."
Tẩy trang dầu có cần thiết phải dùng cho da khô không?,"Chào bạn,

Với da khô, tẩy trang dầu hoàn toàn có thể là một lựa chọn tốt, thậm chí là cần thiết. Dầu có khả năng hòa tan các sản phẩm trang điểm gốc dầu hiệu quả hơn nước, giúp làm sạch sâu mà không gây khô da. 

Tuy nhiên, cần chọn loại dầu tẩy trang phù hợp, ưu tiên các thành phần dưỡng ẩm như dầu jojoba, dầu argan. Sau khi tẩy trang dầu, bạn nên dùng sữa rửa mặt dịu nhẹ để loại bỏ hoàn toàn cặn dầu và bụi bẩn, tránh gây bí lỗ chân lông.
"
"Tui mới cắt tóc tém, có cần makeup cá tính hơn không?","Chào bạn! Tóc tém mang đến vẻ mạnh mẽ, cá tính rồi, nên việc makeup ""cá tính hơn"" hay không phụ thuộc vào phong cách bạn muốn thể hiện. 

Nếu bạn thích sự nổi bật, hãy thử nhấn nhá mắt với eyeliner sắc sảo, màu mắt đậm hoặc son môi rực rỡ. Còn nếu bạn muốn giữ vẻ tự nhiên, hãy tập trung vào làn da khỏe khoắn với kem nền nhẹ nhàng, má hồng đào và son dưỡng. Quan trọng là bạn cảm thấy tự tin với diện mạo của mình!
"
"Son kem của Ofélia Starlight Velvet Lipstick với Bbia Last Velvet Lip Tint, loại nào chất son thích hơn?","Chào bạn,

Về chất son, Ofélia Starlight Velvet Lipstick thiên về chất kem lì mịn, độ ẩm cao hơn, giúp môi trông căng mọng, ít lộ vân môi. Bbia Last Velvet Lip Tint lại có chất son lỏng nhẹ, finish lì mịn hơn, bám màu tốt nhưng có thể hơi khô nếu môi bạn vốn đã khô. 

Tóm lại, nếu bạn thích son dưỡng ẩm, căng mọng, Ofélia sẽ là lựa chọn tốt hơn. Còn Bbia phù hợp với những bạn thích son lì, lâu trôi.
"
Kem lót có silicon có làm lớp nền trông mịn hơn không?,"Chào bạn, câu hỏi rất hay!

Đúng vậy, kem lót chứa silicon thường giúp lớp nền trông mịn màng hơn. Silicon có khả năng lấp đầy các lỗ chân lông và nếp nhăn nhỏ, tạo bề mặt da phẳng mịn. Điều này giúp kem nền bám tốt hơn, che phủ đều hơn và hạn chế tình trạng cakey (mốc da). Tuy nhiên, nếu da bạn dễ bị bí tắc lỗ chân lông, hãy chọn loại kem lót có silicon nhẹ hoặc cân nhắc sử dụng kem lót gốc nước.
"
Bà có hay dùng phấn mắt màu trắng để làm highlight xương chân mày không?,"Chào bạn,

Tôi thường xuyên sử dụng phấn mắt màu trắng (hoặc các tông màu nude sáng) để highlight xương chân mày, đặc biệt là với các cô dâu hoặc khi trang điểm theo phong cách tự nhiên, thanh lịch. 

**Cách thực hiện:**
1. Dùng cọ nhỏ, lấy một lượng phấn vừa đủ.
2. Thoa nhẹ nhàng dưới chân mày, tập trung vào vùng xương gồ cao nhất.
3. Tán đều để phấn hòa quyện với da, tránh đường phấn bị rõ ràng.

**Lý do:** Phấn mắt trắng giúp vùng chân mày trông cao và rõ hơn, mở rộng đôi mắt, tạo cảm giác trẻ trung và tươi tắn.
"
Làm sao để mi giả không bị rơi khi đi bơi (nếu bắt buộc phải gắn)?,"Để mi giả không bị rơi khi bơi, bạn cần chọn loại mi giả waterproof (chống nước) và keo dán mi chuyên dụng, có khả năng bám dính tốt trong môi trường ẩm ướt.

**Các bước thực hiện:**

1.  Làm sạch mi mắt, loại bỏ dầu thừa.
2.  Thoa một lớp keo mỏng lên mi giả, đợi khô se.
3.  Dán mi giả sát chân mi, nhấn nhẹ để mi giả bám dính hoàn toàn.
4.  Thoa thêm một lớp keo mỏng lên đường viền mi giả để tăng độ bám.

Tuy nhiên, tốt nhất nên hạn chế đeo mi giả khi bơi để tránh làm mắt bị kích ứng.
"
Son màu hồng baby có hợp với người da vàng không?,"Chào bạn,

Son màu hồng baby hoàn toàn có thể hợp với người da vàng, nhưng cần lưu ý một chút. Với làn da vàng, nên chọn các tông hồng baby có chút ánh cam đào hoặc san hô để da trông tươi tắn hơn. Tránh các màu hồng baby quá nhạt, có undertone xanh vì có thể khiến da trông xỉn màu. Bạn có thể thử trước khi mua để đảm bảo màu son phù hợp với sắc da của mình nhé!
"
Tui dùng phấn phủ mà sao vẫn bị bóng dầu ở trán sau vài tiếng?,"Chào bạn, việc phấn phủ không kiểm soát được dầu ở trán sau vài tiếng là tình trạng khá phổ biến. Có một vài nguyên nhân và cách khắc phục như sau:

1.  **Chọn phấn phủ:** Bạn nên chọn phấn phủ dạng bột mịn, có chứa thành phần kiểm soát dầu (silica, zinc oxide).
2.  **Kỹ thuật đánh phấn:** Dùng cọ lớn, đánh phấn theo chiều lỗ chân lông để khóa dầu hiệu quả hơn.
3.  **Sử dụng giấy thấm dầu:** Thấm dầu trước khi đánh phấn phủ lại.
4.  **Primer:** Sử dụng primer kiểm soát dầu trước khi đánh nền để tăng độ bám và hạn chế dầu."
Đi dự tiệc cưới ở nhà hàng sang trọng nên makeup thế nào?,"Để makeup dự tiệc cưới ở nhà hàng sang trọng, bạn nên ưu tiên vẻ đẹp tinh tế, sang trọng và bền màu.

1.  **Chuẩn bị da:** Dưỡng ẩm kỹ để lớp nền mịn màng.
2.  **Nền:** Chọn foundation lì, che phủ tốt nhưng vẫn tự nhiên.
3.  **Mắt:** Phấn mắt tông màu ấm như nâu, đồng hoặc champagne. Đừng quên kẻ mắt và mascara.
4.  **Má:** Sử dụng phấn má hồng màu đào hoặc hồng san hô để tạo vẻ tươi tắn.
5.  **Môi:** Son màu nude, hồng đất hoặc đỏ cam là lựa chọn an toàn và thanh lịch.
6.  **Khóa lớp:** Dùng xịt khóa nền để giữ lớp makeup bền lâu."
Bà có bao giờ dùng chanh để trị thâm mụn không?,"Chào bạn, với kinh nghiệm trang điểm và chăm sóc da của mình, tôi không khuyến khích sử dụng chanh trực tiếp lên vùng da bị thâm mụn. Chanh chứa axit citric có thể giúp làm sáng da, nhưng đồng thời gây kích ứng, bỏng rát, đặc biệt là trên da đang tổn thương do mụn. 

Thay vào đó, bạn nên ưu tiên các sản phẩm chứa thành phần như vitamin C, niacinamide, hoặc AHA/BHA với nồng độ phù hợp để điều trị thâm mụn an toàn và hiệu quả hơn. Luôn nhớ bảo vệ da bằng kem chống nắng hàng ngày nhé!
"
Tẩy trang dạng sữa có cần massage lâu không?,"Chào bạn, với tẩy trang dạng sữa, bạn không cần massage quá lâu. Hãy nhẹ nhàng massage theo chuyển động tròn đều trong khoảng 30-60 giây để làm tan lớp trang điểm và bụi bẩn. Việc massage quá mạnh hoặc quá lâu có thể gây kích ứng da, đặc biệt là với những làn da nhạy cảm. Sau đó, rửa sạch lại với nước ấm và tiếp tục các bước chăm sóc da khác.
"
"Tui muốn mua cọ đánh khối cho mặt, nên chọn đầu cọ như thế nào?","Chào bạn, để chọn cọ đánh khối phù hợp, bạn nên ưu tiên các loại cọ đầu vát xéo. Đầu cọ vát giúp bạn dễ dàng xác định đường đánh khối, tạo hiệu ứng ốm mặt và đường nét rõ ràng hơn. Lông cọ nên mềm mại, vừa đủ độ cứng để dễ dàng tán đều sản phẩm, tránh gây vệt. Kích thước cọ vừa phải, không quá to cũng không quá nhỏ để phù hợp với các đường nét trên khuôn mặt bạn nhé!
"
"Cushion của Lancôme Teint Idole Ultra Wear với Dior Forever Perfect Cushion, loại nào bền màu hơn?","Chào bạn,

Về độ bền màu, **Lancôme Teint Idole Ultra Wear Cushion** thường được đánh giá cao hơn một chút so với Dior Forever Perfect Cushion. Lancôme có công thức chống thấm nước và mồ hôi tốt hơn, giúp lớp nền bám dính lâu hơn, đặc biệt trong điều kiện thời tiết nóng ẩm hoặc da dầu. Tuy nhiên, Dior vẫn có độ bền màu tốt và finish đẹp tự nhiên hơn. Lựa chọn cuối cùng phụ thuộc vào loại da và sở thích cá nhân của bạn.
"
Kem lót màu xanh lá có che được hoàn toàn mụn đỏ không?,"Chào bạn,

Kem lót màu xanh lá cây có thể giúp che mụn đỏ, nhưng không thể che hoàn toàn 100%. Màu xanh lá là màu đối lập của màu đỏ, nên khi thoa lên vùng da mụn, nó sẽ trung hòa sắc tố đỏ, làm mụn trông bớt đỏ và hòa quyện với màu da hơn. Tuy nhiên, độ che phủ còn phụ thuộc vào mức độ đỏ của mụn và loại kem lót bạn sử dụng. Để đạt hiệu quả tốt nhất, bạn nên dùng thêm kem che khuyết điểm sau khi dùng kem lót.
"
Bà có hay dùng phấn mắt nước không? Có dễ bị lem không?,"Chào bạn, với kinh nghiệm trang điểm của mình, tôi thỉnh thoảng sử dụng phấn mắt nước, đặc biệt khi muốn tạo điểm nhấn mạnh mẽ cho đôi mắt. Phấn mắt nước có ưu điểm là dễ tán và lên màu chuẩn.

Tuy nhiên, phấn mắt nước có thể bị lem nếu da mắt bạn dầu hoặc bạn chớp mắt nhiều. Để khắc phục, bạn nên dùng kem lót mắt trước khi đánh phấn, và chọn phấn mắt nước có công thức chống lem. Thêm một lớp phấn bột nhẹ nhàng cũng giúp giữ phấn mắt lâu trôi hơn.
"
Làm sao để mi giả không bị xô lệch khi đeo kính?,"Để mi giả không bị xô lệch khi đeo kính, bạn cần lưu ý một số bước sau:

1. **Chọn mi giả phù hợp:** Ưu tiên mi giả mảnh, nhẹ và có độ cong tự nhiên. Mi dày và nặng dễ chạm kính gây xô lệch.
2. **Dán mi cẩn thận:** Dán sát chân mi, đảm bảo keo khô hoàn toàn trước khi đeo kính.
3. **Điều chỉnh kính:** Đảm bảo kính không quá sát mắt, có khoảng trống nhỏ để mi giả không bị chạm vào.
4. **Sử dụng mascara:** Chuốt nhẹ mascara sau khi dán mi để mi giả hòa quyện với mi thật, tăng độ bám.
"
Son màu hồng cam có hợp với người răng không được trắng lắm không?,"Chào bạn,

Son màu hồng cam có thể hợp với người răng không trắng lắm, nhưng cần lưu ý chọn đúng tông. Các tông hồng cam đào hoặc san hô sẽ giúp trung hòa sắc tố vàng trên răng, tạo cảm giác răng sáng hơn. Tránh các tông hồng cam quá tươi hoặc neon vì có thể làm răng trông xỉn màu hơn. Bạn nên thử son trước khi mua để đảm bảo màu son hài hòa với màu da và răng của mình nhé!
"
Tui dùng phấn phủ mà sao vẫn bị hiện tượng nền bị loang lổ ở vùng má?,"Chào bạn, hiện tượng nền bị loang lổ ở vùng má khi dùng phấn phủ thường do một số nguyên nhân sau:

1.  **Lớp nền quá dày:** Phấn phủ không thể bám tốt trên lớp nền dày, dẫn đến tình trạng vón cục và loang lổ.
2.  **Phấn phủ không phù hợp:** Chọn phấn phủ không tương thích với loại da hoặc lớp nền.
3.  **Kỹ thuật đánh phấn phủ:** Đánh phấn phủ quá mạnh tay hoặc không đều tay.

**Cách khắc phục:** Dùng lớp nền mỏng, chọn phấn phủ phù hợp và đánh nhẹ nhàng theo chiều tản sáng. Bạn có thể dùng cọ để đánh phấn phủ thay vì bông phấn để kiểm soát lượng phấn tốt hơn."
"Đi dự lễ tốt nghiệp của em trai nên makeup sao cho chững chạc, ra dáng chị cả?","Chào bạn, để có vẻ ngoài chững chạc, ra dáng chị cả khi dự lễ tốt nghiệp của em trai, bạn nên tập trung vào sự tinh tế và thanh lịch.

1.  **Nền:** Chọn kem nền có độ che phủ vừa phải, kết hợp phấn phủ để tạo lớp nền mịn lì, không quá bóng.
2.  **Mắt:** Sử dụng phấn mắt tông màu nâu tây, cam đất hoặc xám tro. Vẽ eyeliner mảnh, không quá đậm.
3.  **Má:** Đánh má hồng màu hồng đào hoặc cam san hô để khuôn mặt tươi tắn.
4.  **Môi:** Chọn son màu nude, hồng đất hoặc đỏ cam trầm.

Tránh các kiểu makeup quá cầu kỳ, tập trung vào sự tự nhiên và thanh lịch."
Bà có bao giờ dùng bột nghệ để đắp mặt nạ không?,"Chào bạn, với kinh nghiệm trang điểm và chăm sóc da của mình, tôi đã từng sử dụng bột nghệ để đắp mặt nạ. Nghệ chứa curcumin, một chất chống oxy hóa mạnh, giúp làm sáng da, giảm viêm và mờ thâm nám. Tuy nhiên, cần lưu ý bột nghệ có thể gây vàng da tạm thời và có thể gây kích ứng với một số loại da nhạy cảm. Vì vậy, nên thử nghiệm trên một vùng da nhỏ trước khi sử dụng toàn mặt và kết hợp với các nguyên liệu khác như sữa chua hoặc mật ong để tăng hiệu quả và giảm tác dụng phụ.
"
Tẩy trang dạng sữa có cần dùng cho da dầu mụn không?,"Chào bạn,

Tẩy trang dạng sữa **có thể** dùng được cho da dầu mụn, nhưng cần chọn loại phù hợp. Ưu tiên sản phẩm có thành phần dịu nhẹ, không gây bí lỗ chân lông như dầu khoáng, cồn. 

**Lý do:** Sữa tẩy trang giúp làm sạch lớp trang điểm nhẹ nhàng, không gây ma sát mạnh như dầu tẩy trang, hạn chế kích ứng cho da mụn. Tuy nhiên, cần rửa lại bằng sữa rửa mặt để đảm bảo loại bỏ hoàn toàn cặn bẩn.
"
"Tui muốn mua cọ tán phấn mắt để blend màu, nên chọn đầu cọ như thế nào?","Chào bạn, để blend phấn mắt hiệu quả, bạn nên chọn cọ tán phấn mắt có đầu cọ tròn, mềm mại và vừa phải. Kích thước cọ nên tương đối lớn, không quá nhỏ để dễ dàng thao tác trên bầu mắt và giúp màu phấn hòa quyện đều hơn. Lông cọ tự nhiên hoặc sợi tổng hợp chất lượng tốt đều được, quan trọng là độ mềm mại để tránh gây kích ứng da và giúp blend màu mượt mà.
"
"Cushion của Bobbi Brown Skin Foundation Cushion Compact với Giorgio Armani My Armani To Go Cushion, loại nào cho hiệu ứng da tự nhiên hơn?","Chào bạn,

Để có hiệu ứng da tự nhiên nhất, **Bobbi Brown Skin Foundation Cushion Compact** sẽ là lựa chọn tốt hơn. Bobbi Brown nổi tiếng với các sản phẩm tập trung vào vẻ đẹp tự nhiên, lớp nền mỏng nhẹ, che phủ vừa phải và giúp da trông như da thật. 

Giorgio Armani My Armani To Go Cushion có độ che phủ cao hơn và mang lại lớp nền hoàn hảo, mịn màng hơn, nhưng đôi khi có thể làm mất đi vẻ tự nhiên của da.
"
"Tui thấy có người dùng aspirin nghiền nát để trị mụn, có nên không?","Chào bạn, việc dùng aspirin nghiền nát để trị mụn là một phương pháp có thể hiệu quả với một số người, nhưng cần thận trọng. Aspirin chứa axit salicylic, có tác dụng làm sạch lỗ chân lông và giảm viêm. Tuy nhiên, aspirin có thể gây kích ứng da, đặc biệt với da nhạy cảm. 

**Cách thực hiện (nếu muốn thử):** Nghiền 1-2 viên aspirin với vài giọt nước, bôi lên nốt mụn, để 10-15 phút rồi rửa sạch. **Lưu ý:** Không dùng thường xuyên, không bôi lên diện rộng và luôn thử trên vùng da nhỏ trước. Tốt nhất, bạn nên tham khảo ý kiến bác sĩ da liễu.
"
Mắt sưng húp do khóc nhiều thì makeup sao cho đỡ lộ?,"Chào bạn, mắt sưng húp sau khi khóc sẽ khiến việc trang điểm trở nên khó khăn hơn. Dưới đây là các bước giúp bạn che đi tình trạng này:

1. **Làm dịu sưng:** Chườm lạnh khoảng 5-10 phút.
2. **Che khuyết điểm:** Chọn kem che khuyết điểm màu đào hoặc cam để trung hòa màu xanh tím của bầm. Thoa nhẹ nhàng, tập trung vào vùng dưới mắt.
3. **Phấn phủ:** Dùng phấn phủ trong suốt để cố định lớp che khuyết điểm và tránh tạo vệt.
4. **Tạo khối:** Đánh khối nhẹ nhàng ở hốc mắt để tạo chiều sâu, giúp mắt trông to hơn và bớt sưng.
"
Son màu cam đất có làm mặt bị già đi không?,"Chào bạn,

Son màu cam đất có thể khiến khuôn mặt trông già hơn nếu không được sử dụng đúng cách. Màu son này có xu hướng làm nổi bật các nếp nhăn và đường nét trên môi, đặc biệt với những người có làn da khô hoặc nhiều nếp nhăn. 

Tuy nhiên, bạn có thể khắc phục bằng cách:
1. **Tẩy tế bào chết và dưỡng ẩm môi:** Giúp môi mềm mịn.
2. **Chọn tông cam đất phù hợp:** Ưu tiên các tông sáng hơn nếu bạn có làn da nhạt màu.
3. **Kết hợp với trang điểm tự nhiên:** Tập trung vào đôi mắt và má hồng để cân bằng.
"
Bà có hay dùng phấn phủ bột có chiết xuất từ gạo không?,"Chào bạn, với vai trò là chuyên gia trang điểm, tôi rất hay sử dụng phấn phủ bột có chiết xuất từ gạo. Lý do là vì phấn gạo có khả năng kiềm dầu tốt, giúp lớp nền bền vững hơn mà vẫn giữ được độ tự nhiên cho da. Hơn nữa, phấn gạo còn có khả năng làm mịn da, che phủ lỗ chân lông nhẹ nhàng, tạo cảm giác da mềm mại và không bị cakey. Đây là lựa chọn tuyệt vời cho những người có làn da dầu hoặc hỗn hợp thiên dầu.
"
Làm sao để son bóng không bị dính tóc khi gió thổi?,"Để son bóng không bị dính tóc khi có gió, bạn có thể thử các cách sau:

1. **Sử dụng son bóng có kết cấu đặc hơn:** Son bóng dạng gel hoặc son tint bóng sẽ bám dính tốt hơn, ít bị gió thổi bay.
2. **Đánh lớp son mỏng:** Đánh quá nhiều son sẽ dễ bị lem và dính tóc.
3. **Chờ son khô hoàn toàn:** Sau khi đánh, hãy mím môi nhẹ nhàng và chờ vài phút cho son khô bớt trước khi ra ngoài.
4. **Sử dụng xịt khóa trang điểm:** Xịt một lớp nhẹ lên môi sau khi đánh son sẽ giúp giữ son lâu trôi và hạn chế dính tóc.
"
"Tui thấy có loại mút tán nền hình giọt nước có thêm mặt vát, dùng có đa năng hơn không?","Chào bạn, mút tán nền hình giọt nước có mặt vát đúng là đa năng hơn đó! Mặt tròn giúp tán kem nền đều khắp mặt, còn mặt vát thì dùng để che khuyết điểm ở vùng khó như bọng mắt, sống mũi, hoặc các vết mụn nhỏ. Góc vát giúp bạn tán kem chính xác hơn, không bị lem ra ngoài, cho lớp nền tự nhiên, mịn màng. Bạn nên dùng mặt vát khi cần độ che phủ cao ở những vùng cụ thể nhé!
"
Đi bar với hội bạn thân nên makeup sao cho 'chất chơi'?,"Để có makeup ""chất chơi"" khi đi bar với bạn bè, bạn nên tập trung vào mắt và môi.

1.  **Mắt:** Sử dụng phấn mắt nhũ ánh kim (màu đồng, vàng, hoặc tím) để tạo điểm nhấn lấp lánh. Kẻ eyeliner mắt mèo sắc sảo hoặc dùng chì đen xám tán nhạt để tạo chiều sâu.
2.  **Môi:** Son lì màu đậm (đỏ rượu, cam đất, hoặc nâu đất) sẽ giúp bạn nổi bật.
3.  **Da:** Đừng quên lớp nền mịn lì, che khuyết điểm kỹ càng và highlight nhẹ nhàng để có vẻ ngoài rạng rỡ."
"Bà có hay dùng toner pad hai mặt (một mặt sần, một mặt mịn) không?","Chào bạn, với vai trò là chuyên gia trang điểm, tôi rất hay sử dụng toner pad hai mặt trong quy trình chăm sóc da và trang điểm của mình. Mặt sần giúp tẩy tế bào chết nhẹ nhàng, làm sạch sâu lỗ chân lông, đặc biệt hữu ích trước khi trang điểm để lớp nền mịn màng hơn. Mặt mịn dùng để cân bằng độ pH, cấp ẩm và làm dịu da sau khi dùng mặt sần hoặc sau khi trang điểm, giúp da căng bóng và tươi tắn.
"
"Tui mới mua cây chì kẻ mắt mà nó lem kinh khủng, có cách nào cứu không?","Chào bạn, chì kẻ mắt dễ lem là nỗi khổ của nhiều người! Để ""cứu"" em nó, bạn thử những cách sau nhé:

1. **Lót phấn mắt:** Trước khi kẻ, hãy đánh một lớp phấn mắt cùng tông màu lên bầu mắt. Phấn mắt sẽ tạo độ bám, giúp chì bám tốt hơn.
2. **Kẻ lớp mỏng:** Đừng kẻ quá đậm ngay từ đầu. Kẻ nhiều lớp mỏng sẽ giúp chì khô nhanh hơn, hạn chế lem.
3. **Dùng chì waterproof:** Nếu có điều kiện, bạn nên đầu tư chì kẻ mắt waterproof.
4. **Chấm phấn:** Sau khi kẻ, dùng cọ nhỏ chấm nhẹ phấn mắt lên đường kẻ để ""khóa"" chì.

Chúc bạn thành công!
"
Setting spray không cồn có giữ makeup tốt bằng loại có cồn không?,"Setting spray không cồn và có cồn đều có khả năng giữ lớp trang điểm, nhưng cơ chế hoạt động và hiệu quả có khác biệt. Setting spray có cồn thường khô nhanh hơn, tạo lớp màng khóa makeup tức thì, phù hợp với da dầu. Tuy nhiên, cồn có thể làm khô da. Setting spray không cồn thường chứa các thành phần dưỡng ẩm, giữ cho da căng mọng, phù hợp với da khô hoặc nhạy cảm, nhưng thời gian khô có thể lâu hơn một chút.
"
"Tui muốn thử makeup kiểu 'vintage Hollywood', có gì đặc trưng?","Chào bạn, makeup kiểu ""Vintage Hollywood"" rất quyến rũ và có những đặc trưng riêng:

1.  **Da hoàn hảo:** Tập trung vào lớp nền mịn màng, che phủ tốt, tạo vẻ ngoài không tì vết.
2.  **Mắt khói:** Sử dụng phấn mắt tối màu (đen, nâu, xám) tạo chiều sâu, nhấn nhá bằng eyeliner cánh cong.
3.  **Lông mày cong:** Vẽ lông mày cao, cong vút, tạo vẻ biểu cảm.
4.  **Son đỏ:** Son đỏ tươi hoặc đỏ cam là ""vũ khí"" không thể thiếu, đánh hình trái tim hoặc bo cong.
5.  **Má hồng:** Thêm chút má hồng hồng đào để tăng vẻ tươi tắn.

"
"Mascara bị lem khi ngáp chảy nước mắt, làm sao giờ?","Chào bạn, mascara bị lem khi khóc hoặc ngáp là tình trạng khá phổ biến. Để khắc phục, bạn có thể thử các bước sau:

1. **Chọn mascara chống nước:** Loại này bền hơn, ít bị lem hơn khi tiếp xúc với nước mắt.
2. **Lớp lót:** Sử dụng base mascara trước khi đánh mascara thường để tạo lớp màng bảo vệ.
3. **Chải mascara vừa đủ:** Tránh chải quá nhiều lớp, gây nặng mi và dễ lem.
4. **Phấn bột:** Nhẹ nhàng phủ một lớp phấn bột lên mi sau khi chải mascara để hút dầu và giữ mi khô ráo.
"
Son màu đỏ thuần có hợp với mọi sự kiện không?,"Son đỏ thuần là một lựa chọn tuyệt vời nhưng không phải lúc nào cũng phù hợp với mọi sự kiện. Với các buổi tiệc tối, sự kiện quan trọng, son đỏ thuần sẽ giúp bạn nổi bật và tự tin. Tuy nhiên, với những sự kiện ban ngày, trang phục giản dị hoặc môi trường công sở, một tông đỏ trầm hơn hoặc màu nude có thể là lựa chọn tinh tế hơn. Quan trọng là cân nhắc tổng thể trang phục và hoàn cảnh để có vẻ ngoài hài hòa nhất.
"
Bà có hay dùng kem lót có chứa vitamin C không?,"Chào bạn, với vai trò là chuyên gia trang điểm, tôi rất hay sử dụng kem lót có chứa vitamin C, đặc biệt là với những khách hàng có làn da xỉn màu hoặc cần nâng tông da nhẹ nhàng. Vitamin C là một chất chống oxy hóa mạnh, giúp bảo vệ da khỏi tác hại của gốc tự do, đồng thời kích thích sản xuất collagen, làm sáng da. Kem lót chứa vitamin C giúp lớp nền mịn màng hơn, bám dính tốt hơn và có tác dụng dưỡng da trong quá trình trang điểm.
"
Làm sao để đánh phấn mắt không bị bột bay vào mắt gây cộm?,"Để tránh phấn mắt rơi vào mắt gây cộm, bạn nên làm theo các bước sau:

1. **Sử dụng primer mắt:** Primer giúp tạo lớp nền bám dính, khóa phấn và giảm thiểu tình trạng rơi rụng.
2. **Chọn phấn mắt chất lượng:** Phấn mắt tốt thường ít bột hơn.
3. **Gõ nhẹ cọ:** Trước khi đánh, gõ nhẹ cọ để loại bỏ phấn thừa.
4. **Đánh nhẹ nhàng:** Đừng ấn mạnh cọ lên bầu mắt, hãy đánh nhẹ nhàng theo từng lớp mỏng.
5. **Sử dụng cọ phù hợp:** Chọn cọ mềm, dầy dặn để kiểm soát lượng phấn tốt hơn.
"
"Tui thấy có loại bông tẩy trang bằng vải muslin, dùng có tốt không?","Chào bạn, bông tẩy trang muslin là một lựa chọn rất tốt đó! Chúng được làm từ vải cotton dệt thưa, siêu mềm mịn và thân thiện với da. 

**Ưu điểm:**

*   **Tẩy trang hiệu quả:** Loại bỏ lớp trang điểm nhẹ nhàng, kể cả mascara chống thấm nước.
*   **Tái sử dụng:** Có thể giặt và dùng lại nhiều lần, tiết kiệm và thân thiện môi trường.
*   **Làm sạch sâu:** Giúp loại bỏ bụi bẩn và tế bào chết trên da.
*   **Phù hợp da nhạy cảm:** Ít gây kích ứng hơn bông tẩy trang thông thường.

**Cách dùng:** Làm ướt bông muslin với nước ấm, sau đó dùng để lau nhẹ nhàng lên mặt."
Đi xem concert rock nên makeup sao cho ngầu?,"Để có makeup ngầu đi concert rock, bạn nên tập trung vào mắt và môi.

1.  **Mắt:** Sử dụng phấn mắt màu tối như đen, xám, hoặc tím than, tán đậm và smoky. Kẻ eyeliner đen sắc sảo, có thể vẽ mắt mèo hoặc kéo dài.
2.  **Môi:** Son màu đậm như đỏ burgundy, nâu đất, hoặc đen tuyền sẽ tạo điểm nhấn mạnh mẽ.
3.  **Da:** Giữ lớp nền nhẹ nhàng, tự nhiên, tập trung làm nổi bật đường nét khuôn mặt bằng contour và highlight.

Lý do: Phong cách này giúp bạn trông cá tính, mạnh mẽ và phù hợp với không khí sôi động của concert rock."
Bà có hay dùng dầu tràm trà để chấm mụn không?,"Chào bạn, với kinh nghiệm trang điểm và chăm sóc da của mình, tôi có thể chia sẻ về việc dùng dầu tràm trà để chấm mụn.

Dầu tràm trà có tính kháng khuẩn, kháng viêm rất tốt, nên thường được dùng để hỗ trợ trị mụn. Tuy nhiên, dầu tràm trà rất đậm đặc, nên *phải* pha loãng với dầu nền (như dầu jojoba, dầu hạnh nhân) trước khi dùng. Thoa trực tiếp có thể gây kích ứng da. Tôi thường khuyên khách hàng dùng tỉ lệ 1-2 giọt dầu tràm trà với 10ml dầu nền, chấm nhẹ lên nốt mụn.
"
"Tui mới mua cây son thỏi mà nó bị đổ mồ hôi (có những giọt dầu nhỏ trên bề mặt), có sao không?","Chào bạn, son thỏi bị đổ mồ hôi (xuất hiện giọt dầu) là hiện tượng khá phổ biến, đặc biệt khi thời tiết nóng ẩm. Điều này xảy ra do sự thay đổi nhiệt độ khiến sáp trong son bị mềm và tách dầu ra. 

Bạn đừng quá lo lắng, son vẫn có thể sử dụng được. Tuy nhiên, nên dùng khăn giấy thấm nhẹ dầu trước khi tô để đảm bảo màu son lên chuẩn và không bị lem. Nếu tình trạng này xảy ra thường xuyên, bạn nên bảo quản son ở nơi khô ráo, thoáng mát, tránh ánh nắng trực tiếp nhé!
"
"Highlight dạng kem với dạng lỏng, loại nào dễ bị trôi hơn?","Chào bạn, với kinh nghiệm trang điểm của mình, tôi nhận thấy highlight dạng lỏng thường dễ bị trôi hơn so với dạng kem. Lý do là vì kết cấu lỏng nhẹ, chứa nhiều thành phần dưỡng ẩm, dễ hòa tan với dầu tự nhiên trên da và mồ hôi. Trong khi đó, highlight kem có kết cấu đặc hơn, bám dính tốt hơn, và thường chứa các thành phần giúp tăng độ bền màu, giúp giữ highlight lâu trôi hơn. Tuy nhiên, độ bền còn phụ thuộc vào chất lượng sản phẩm và cách bạn khóa lớp trang điểm.
"
Tui muốn thử makeup tone xanh coban mà sợ bị chóe.,"Chào bạn, mình hiểu nỗi lo của bạn! Màu xanh coban rất đẹp nhưng dễ làm da bị ""dừ"" nếu không đánh đúng cách.

**Bước 1:** Chọn phấn mắt có tông xanh coban vừa phải, đừng quá đậm.
**Bước 2:** Đánh lớp nền và phấn mắt màu nude/nâu nhạt trước để làm nền.
**Bước 3:** Tập trung đánh xanh coban ở đuôi mắt và hốc mắt, tán đều.
**Bước 4:** Sử dụng eyeliner đen hoặc nâu để cân bằng.
**Bước 5:** Đừng quên mascara và son môi màu nude/hồng đào để hoàn thiện!

Lý do: Màu nude giúp làm mềm mại, eyeliner và son môi giúp cân bằng lại tổng thể, tránh bị ""chóe""."
Môi bị viền thâm thì có nên dùng chì kẻ môi màu sáng hơn không?,"Chào bạn,

Với môi bị viền thâm, việc dùng chì kẻ môi màu sáng hơn **không** phải lúc nào cũng là giải pháp tốt. Thay vào đó, bạn nên chọn chì kẻ môi có màu tương đồng hoặc tối hơn màu môi tự nhiên một chút. Lý do là vì chì sáng hơn sẽ làm nổi bật sự khác biệt màu sắc, khiến viền môi trông rõ hơn và thậm chí còn tối hơn.

**Cách thực hiện:**

1.  Sử dụng chì kẻ môi màu nude hoặc màu gần với màu da môi.
2.  Kẻ viền môi thật cẩn thận, sau đó dùng cọ tán đều để tạo hiệu ứng mềm mại, tự nhiên.
3.  Sử dụng son dưỡng để làm mềm môi trước khi đánh son màu."
"Phấn phủ bột với phấn phủ nén, loại nào cho hiệu ứng mịn lì hơn?","Chào bạn,

Để có hiệu ứng mịn lì, **phấn phủ bột** thường được ưu tiên hơn phấn phủ nén. Lý do là vì phấn bột có kết cấu siêu mịn, dễ dàng len lỏi vào lỗ chân lông, giúp kiểm soát dầu tốt và tạo lớp finish mờ mịn tự nhiên. 

Phấn nén thường chứa nhiều thành phần dưỡng ẩm hơn, nên độ lì sẽ không bằng phấn bột. Tuy nhiên, phấn nén tiện lợi để mang theo và dặm lại trong ngày.
"
"Tui thấy có mascara có đầu cọ xoay được, công dụng gì vậy?","Chào bạn, mascara có đầu cọ xoay được có công dụng chính là giúp làm cong mi từ gốc đến ngọn một cách dễ dàng và nhanh chóng hơn. Khi chuốt, bạn chỉ cần xoay nhẹ đầu cọ để mi được nâng và cong tự nhiên. Thiết kế này đặc biệt hữu ích cho những bạn có mi thẳng hoặc muốn tạo hiệu ứng mi cong vút mà không cần dùng đến kẹp mi."
Làm sao để chọn màu son cho người da ngăm không bị chìm nghỉm?,"Chào bạn! Với làn da ngăm, việc chọn son cần lưu ý để tránh bị ""chìm nghỉm"". Hãy ưu tiên các tông màu ấm như đỏ cam, cam đất, nâu đất, hoặc hồng đất. Những màu này sẽ làm da bạn tươi sáng hơn. Tránh các màu son quá nhạt như nude, hoặc quá tối như burgundy, vì chúng có thể làm da trông xỉn màu. Bạn có thể thử son có chút ánh nhũ để đôi môi thêm căng mọng và thu hút.
"
Bà có hay dùng cọ để tán kem dưỡng ẩm không?,"Chào bạn, với kinh nghiệm trang điểm của mình, tôi không thường xuyên dùng cọ để tán kem dưỡng ẩm. Thay vào đó, tôi ưu tiên tán kem bằng tay, bởi nhiệt độ từ tay giúp kem thẩm thấu tốt hơn vào da. Tuy nhiên, nếu bạn thích sử dụng cọ, hãy chọn loại cọ đầu bằng, mềm mại để tránh gây kích ứng da. Quan trọng nhất là đảm bảo kem được tán đều và nhẹ nhàng.
"
Đi đám cưới ở bãi biển nên makeup sao cho không bị 'lạc quẻ'?,"Đi đám cưới ở bãi biển, bạn nên ưu tiên makeup nhẹ nhàng, tự nhiên để phù hợp với không khí thoải mái và tránh bị ""lạc quẻ"".

1.  **Dưỡng ẩm:** Bước quan trọng nhất để lớp nền không bị cakey dưới trời nắng.
2.  **Nền:** Chọn kem nền/BB cream mỏng nhẹ, chống nước, độ che phủ vừa phải.
3.  **Mắt:** Phấn mắt màu nude, nâu đồng hoặc cam đào. Mascara chống thấm nước.
4.  **Má:** Hồng đào hoặc cam san hô để tươi tắn.
5.  **Môi:** Son dưỡng có màu hoặc son tint nhẹ nhàng.

Tránh makeup quá đậm, đặc biệt là phấn má và son môi.
"
Tẩy trang dầu có làm rụng mi thật không?,"Chào bạn, đây là một câu hỏi rất hay và nhiều người quan tâm!

Tẩy trang dầu **không trực tiếp** làm rụng mi thật, nhưng có thể góp phần gây rụng nếu sử dụng **không đúng cách**. Dầu tẩy trang có khả năng làm tan chảy các loại makeup waterproof, kể cả mascara. Khi tẩy trang, nếu bạn chà xát quá mạnh, đặc biệt là vùng mắt nhạy cảm, sẽ làm yếu chân mi và khiến mi dễ rụng hơn. 

**Lời khuyên:** Hãy dùng tẩy trang dầu thật nhẹ nhàng, kết hợp với massage theo chuyển động tròn và dùng bông tẩy trang mềm mại. Sau đó, rửa lại bằng sữa rửa mặt dịu nhẹ để loại bỏ hoàn toàn dầu thừa.
"
"Tui mới nhuộm tóc màu xám khói, có cần thay đổi màu lens không?","Chào bạn! Với mái tóc màu xám khói đầy cá tính, việc thay đổi màu lens có thể giúp đôi mắt bạn nổi bật hơn đó. Mình gợi ý bạn nên thử các màu lens sau:

1.  **Xám:** Tông xuyệt tông với màu tóc, tạo hiệu ứng ""mắt khói"" bí ẩn.
2.  **Xanh dương/xanh lá:** Tạo sự tương phản nhẹ nhàng, giúp đôi mắt thêm phần long lanh.
3.  **Nâu:** Màu trung tính, phù hợp với mọi phong cách, giúp đôi mắt trông tự nhiên hơn.

Bạn nên ưu tiên các màu sắc có tone màu lạnh để hài hòa với màu tóc xám khói nhé!
"
"Son kem của Huda Beauty Liquid Matte với Anastasia Beverly Hills Liquid Lipstick, loại nào khô nhanh hơn?","Chào bạn,

Về độ khô nhanh, **Anastasia Beverly Hills Liquid Lipstick** thường khô nhanh hơn so với **Huda Beauty Liquid Matte**. Lý do là công thức của ABH có xu hướng đặc hơn và chứa ít thành phần dưỡng ẩm hơn, giúp son set nhanh chóng trên môi. Huda Beauty Liquid Matte có kết cấu mềm mại hơn, chứa nhiều dầu hơn nên cần thời gian lâu hơn để khô hoàn toàn, đổi lại mang lại cảm giác thoải mái hơn trên môi.
"
Kem lót có màu có làm thay đổi màu sắc của kem nền không?,"Chào bạn,

Kem lót có màu hoàn toàn có thể ảnh hưởng đến màu sắc của kem nền. Kem lót màu giúp trung hòa sắc tố da, tạo lớp nền đồng đều hơn. Ví dụ, kem lót màu xanh lá cây sẽ che đi mẩn đỏ, kem lót màu tím giúp da sáng hơn. 

Khi chọn kem nền, bạn cần lưu ý màu sắc của kem lót đã sử dụng để đảm bảo kem nền lên màu chuẩn và đẹp nhất. Nếu không, màu kem nền có thể bị lệch hoặc không tự nhiên.
"
Bà có hay dùng phấn mắt dạng gel không? Có dễ bị vón cục không?,"Chào bạn, với kinh nghiệm trang điểm của mình, tôi có sử dụng phấn mắt dạng gel. Ưu điểm lớn nhất của phấn mắt gel là độ bám cao, màu sắc lên chuẩn và dễ tán đều, đặc biệt phù hợp với các kiểu trang điểm mắt khói hoặc cần sự bền màu.

Tuy nhiên, phấn mắt gel có thể bị vón cục nếu dùng lượng sản phẩm quá nhiều hoặc chất lượng phấn không tốt. Để tránh điều này, bạn nên lấy một lượng nhỏ sản phẩm, tán đều trước khi thoa lên mắt và sử dụng cọ chất lượng tốt.
"
Làm sao để mi giả không bị bung keo ở giữa ngày?,"Để mi giả không bị bung keo giữa ngày, bạn cần chuẩn bị kỹ lưỡng và thực hiện đúng kỹ thuật:

1. **Làm sạch mi mắt:** Loại bỏ dầu thừa và trang điểm để keo bám tốt hơn.
2. **Chọn keo phù hợp:** Ưu tiên keo mi chuyên dụng, độ bám cao và khô nhanh.
3. **Bôi keo đều:** Lớp keo mỏng, đều trên mi giả, chờ khô se trước khi gắn.
4. **Gắn mi cẩn thận:** Dùng nhíp kẹp mi giả, đặt sát chân mi thật, ấn nhẹ nhàng.
5. **Kiểm tra kỹ:** Đảm bảo mi giả dính đều, không bị hở ở góc mắt.
"
Son màu hồng đất có hợp với phong cách cá tính không?,"Chào bạn,

Son màu hồng đất hoàn toàn có thể hợp với phong cách cá tính! Thay vì chọn những tông hồng đất quá ngọt ngào, hãy ưu tiên các sắc độ trầm, có chút nâu gạch hoặc cam đất. 

Khi kết hợp với trang điểm mắt sắc sảo (eyeliner, mắt khói) và phong cách thời trang mạnh mẽ (áo da, quần jeans rách), son hồng đất sẽ tạo nên sự cân bằng thú vị, vừa nữ tính vừa cá tính. Quan trọng là bạn cần chọn đúng sắc độ và cách phối đồ phù hợp.
"
Tui dùng phấn phủ kiềm dầu mà sao vẫn bị bóng ở vùng chữ U (hai bên má và cằm)?,"Chào bạn, việc phấn phủ kiềm dầu mà vẫn bị bóng vùng chữ U rất phổ biến. Nguyên nhân có thể do:

1.  **Lượng phấn:** Bạn dùng quá ít phấn, chưa đủ để ""khóa"" dầu. Thử tăng nhẹ lượng phấn phủ, tập trung vùng chữ U.
2.  **Kỹ thuật đánh:** Đánh phấn theo chiều xoa tròn nhẹ nhàng, đừng miết mạnh làm phấn bị vón cục, giảm hiệu quả.
3.  **Loại phấn:** Phấn không đủ khả năng kiềm dầu với làn da bạn. Hãy chọn phấn phủ có thành phần kiểm soát dầu tốt hơn.
4.  **Chăm sóc da:** Da không đủ ẩm, dễ tiết dầu hơn. Đừng quên dưỡng ẩm đầy đủ trước khi trang điểm nhé!"
Đi phỏng vấn xin thực tập nên makeup sao cho gây thiện cảm?,"Chào bạn, để gây thiện cảm trong buổi phỏng vấn thực tập, nên ưu tiên trang điểm tự nhiên, thanh lịch.

1.  **Chuẩn bị da:** Dưỡng ẩm kỹ để da căng mịn.
2.  **Nền:** Dùng kem nền mỏng nhẹ, che khuyết điểm vừa đủ.
3.  **Mắt:** Phấn mắt màu nude hoặc nâu nhạt, chuốt mascara nhẹ nhàng.
4.  **Má:** Hồng đào hoặc cam đất, tán đều để có vẻ ngoài tươi tắn.
5.  **Môi:** Son nude hoặc màu hồng pastel.

Tránh makeup quá đậm, màu sắc lòe loẹt. Mục tiêu là tôn lên vẻ ngoài chỉn chu, chuyên nghiệp và thiện cảm."
Bà có bao giờ dùng bia để gội đầu không?,"Chào bạn, với kinh nghiệm trang điểm và chăm sóc tóc của mình, tôi xin chia sẻ về việc dùng bia để gội đầu.

Thực tế, nhiều người đã sử dụng bia để gội đầu vì protein và vitamin B trong bia được cho là giúp tóc bóng mượt và chắc khỏe hơn. Tuy nhiên, đường và cồn trong bia có thể gây bết dính và làm khô tóc. 

Nếu bạn muốn thử, hãy dùng bia đen không đường, xả kỹ sau khi gội và chỉ nên dùng 1-2 lần/tháng.
"
Tẩy trang dạng sữa có cần dùng bông tẩy trang không?,"Chào bạn,

Tẩy trang dạng sữa hoàn toàn không bắt buộc phải dùng bông tẩy trang. Bạn có thể trực tiếp thoa đều sữa tẩy trang lên da khô, massage nhẹ nhàng để làm tan lớp trang điểm và bụi bẩn, sau đó rửa lại bằng nước ấm. 

Tuy nhiên, nếu bạn thích, vẫn có thể dùng bông tẩy trang để lau nhẹ nhàng sau khi massage, giúp loại bỏ hoàn toàn cặn bẩn. Điều này đặc biệt hữu ích nếu bạn trang điểm đậm.
"
"Tui muốn mua cọ tán kem nền cho lớp nền che phủ cao, nên chọn loại nào?","Chào bạn, để tán kem nền che phủ cao, bạn nên chọn cọ đầu bằng, lông dày và mềm mại. Cọ đầu bằng giúp bạn dễ dàng kiểm soát lượng kem nền và tán đều trên da. Lông dày và mềm mại giúp kem nền hòa quyện vào da, không gây vệt hay lộ vân kem. Một số lựa chọn tốt là cọ Real Techniques Expert Foundation Brush hoặc Sigma Flat Kabuki Brush.
"
"Cushion của Clio Kill Cover Founwear Cushion XP với Espoir Pro Tailor Be Glow Cushion, loại nào cho da dầu mụn tốt hơn?","Chào bạn, với da dầu mụn, Clio Kill Cover Founwear Cushion XP sẽ là lựa chọn tốt hơn Espoir Pro Tailor Be Glow Cushion.

**Lý do:** Clio có độ che phủ cao, khả năng kiểm soát dầu tốt và chứa thành phần giúp kháng khuẩn, giảm viêm cho mụn. Espoir thiên về dưỡng ẩm, tạo độ glow, phù hợp với da khô hoặc thường hơn. Da dầu mụn cần kiểm soát dầu và làm dịu mụn trước, sau đó mới đến các bước dưỡng ẩm.
"
"Tui muốn thử makeup kiểu 'bratz doll', có gì đặc trưng?","Chào bạn, makeup kiểu ""bratz doll"" rất nổi bật với đôi mắt to tròn, hàng mi dày và đôi môi căng mọng. Các bước chính gồm:

1.  **Mắt:** Vẽ eyeliner dày, kéo dài, thường màu đen hoặc nâu. Đánh phấn mắt nhũ, màu sắc tươi sáng như hồng, tím, xanh.
2.  **Má:** Đánh highlight lên gò má cao để tạo vẻ bầu bĩnh.
3.  **Môi:** Sử dụng son bóng hoặc son kem màu nude, hồng baby, hoặc các màu nổi bật.

Điểm nhấn là sự kết hợp màu sắc táo bạo và kỹ thuật đánh khối để tạo hiệu ứng 3D."
"Mascara bị dính nước mưa lem hết ra mặt, có cách nào lau sạch nhanh không?","Chào bạn, mascara bị lem khi gặp nước mưa rất khó chịu đúng không? Đừng lo, mình có cách xử lý nhanh đây:

1. **Tuyệt đối không dụi mắt:** Dụi sẽ làm lem nặng hơn và có thể gây kích ứng.
2. **Dùng bông tăm khô:** Nhẹ nhàng thấm bớt mascara đã lem.
3. **Nước micellar:** Thấm nước micellar lên bông tăm khác và lau nhẹ nhàng theo chiều lông mi. Nước micellar có khả năng hòa tan mascara, giúp làm sạch dễ dàng hơn.
4. **Lau lại bằng khăn sạch:** Cuối cùng, dùng khăn sạch thấm lại vùng da vừa lau để loại bỏ hoàn toàn cặn mascara.

Chúc bạn thành công!
"
Son màu hồng tím nhạt có hợp với đi học không?,"Chào bạn,

Son màu hồng tím nhạt hoàn toàn phù hợp để đi học! Đây là một màu son nhẹ nhàng, nữ tính, tạo cảm giác tươi trẻ và không quá nổi bật. Màu son này giúp bạn trông có sức sống hơn mà vẫn đảm bảo sự thanh lịch, phù hợp với môi trường học đường. Bạn có thể chọn chất son lì hoặc son tint để giữ màu lâu hơn trong suốt buổi học nhé.
"
Bà có hay dùng kem lót có chứa vàng thật không? Có tác dụng gì đặc biệt?,"Chào bạn, với kinh nghiệm trang điểm của mình, tôi có sử dụng kem lót chứa vàng thật trong một số trường hợp đặc biệt. Vàng 24K trong kem lót có tác dụng giúp làm sáng da tức thì, tăng độ bám cho lớp nền và tạo hiệu ứng glow tự nhiên, khỏe khoắn. 

Tuy nhiên, không phải ai cũng cần dùng loại kem lót này. Nếu bạn đã có làn da khỏe và đủ ẩm, kem lót thông thường cũng đủ hiệu quả. Kem lót có vàng thường phù hợp với da xỉn màu hoặc cần một chút ""thần thái"" cho trang điểm dự tiệc.
"
Làm sao để đánh phấn mắt không bị lem xuống vùng quầng thâm làm nó càng rõ hơn?,"Để tránh phấn mắt làm quầng thâm thêm rõ, bạn cần chuẩn bị kỹ và đánh phấn đúng cách:

1. **Che khuyết điểm:** Dùng che khuyết điểm màu cam đào trung hòa sắc tố thâm trước khi đánh phấn.
2. **Phấn lót mắt:** Thoa phấn lót mắt giúp khóa màu và hạn chế lem.
3. **Đánh phấn mắt:** Tập trung đánh phấn ở hốc mắt, tránh lan xuống vùng dưới.
4. **Phấn bột:** Dặm phấn bột dưới mắt để hút dầu và cố định phấn.
"
"Tui thấy có loại mút tán nền hình kim cương, dùng có khác gì không?","Chào bạn, mút tán nền hình kim cương có sự khác biệt so với mút tròn truyền thống đó! Thiết kế đa diện của mút kim cương giúp bạn dễ dàng tán đều kem nền vào các vùng khó như khóe mũi, bọng mắt và xung quanh miệng. 

Điểm cộng nữa là mút kim cương thường có độ nảy tốt hơn, giúp lớp nền mỏng mịn, tự nhiên và không bị cakey. Tuy nhiên, bạn cần làm sạch mút thường xuyên để tránh tích tụ vi khuẩn nhé!
"
Đi tiệc tất niên công ty nên makeup sao cho vừa sang vừa không bị 'dừ'?,"Chào bạn, để có makeup vừa sang trọng lại trẻ trung cho tiệc tất niên, bạn nên tập trung vào những điểm sau:

1. **Nền:** Chọn nền có độ che phủ vừa phải, ưu tiên các sản phẩm dưỡng ẩm để da căng bóng tự nhiên.
2. **Mắt:** Sử dụng phấn mắt tông ấm như cam đất, nâu vàng. Hạn chế màu tối quá mức. Đừng quên kẻ eyeliner mảnh và mascara.
3. **Má:** Tạo khối nhẹ nhàng và đánh má hồng đào hoặc cam san hô để khuôn mặt tươi tắn.
4. **Môi:** Son đỏ cam hoặc hồng đất là lựa chọn an toàn, giúp bạn nổi bật mà không bị quá ""dừ"".
"
Bà có hay dùng yến mạch để rửa mặt không?,"Chào bạn, với kinh nghiệm trang điểm của mình, tôi thấy yến mạch là một lựa chọn tuyệt vời để rửa mặt, đặc biệt với làn da nhạy cảm hoặc dễ kích ứng. Yến mạch có chứa avenanthramides, một chất chống viêm và làm dịu da rất tốt. 

**Cách thực hiện:** Trộn yến mạch xay mịn với nước ấm, tạo thành hỗn hợp sệt. Thoa nhẹ nhàng lên mặt theo chuyển động tròn, sau đó rửa sạch. Yến mạch giúp làm sạch da nhẹ nhàng, loại bỏ tế bào chết và giảm kích ứng, cho làn da mềm mại và khỏe mạnh.
"
"Tui mới mua cây son kem mà nó có mùi hóa học nồng nặc, có nên dùng không?","Chào bạn, với một thỏi son kem có mùi hóa học nồng nặc, mình khuyên bạn **không nên sử dụng**. Mùi hương này có thể là dấu hiệu của các thành phần hóa chất độc hại, có thể gây kích ứng môi, dị ứng hoặc thậm chí ảnh hưởng đến sức khỏe lâu dài. 

Dù son có màu đẹp hay chất lượng tốt đến đâu, sức khỏe vẫn là ưu tiên hàng đầu. Bạn nên liên hệ với nơi mua để đổi trả hoặc khiếu nại sản phẩm nhé.
"
"Phấn phủ bột của RCMA No-Color Powder với Coty Airspun Loose Face Powder, loại nào dùng thích hơn?","Chào bạn,

RCMA No-Color Powder và Coty Airspun Loose Face Powder đều là phấn phủ bột phổ biến, nhưng có sự khác biệt. RCMA trong suốt, lý tưởng cho mọi tông da và không gây trắng mặt ảo. Coty có màu, phù hợp với da sáng đến trung bình, giúp kiểm soát dầu tốt hơn.

Nếu bạn cần phấn phủ đa năng, không màu, RCMA là lựa chọn tốt hơn. Nếu da bạn dầu và thuộc tông sáng, Coty sẽ hiệu quả hơn trong việc kiềm dầu và làm mịn da.
"
"Tui muốn thử makeup kiểu 'dark fairy', có gì đặc trưng?","Chào bạn, makeup ""dark fairy"" (tiên hắc ám) rất thú vị! Đặc trưng của kiểu makeup này là sự kết hợp giữa vẻ đẹp huyền bí, ma mị và chút u tối. 

**Các bước chính:**

1.  **Da:** Nền da trắng xanh hoặc xám nhẹ, tạo cảm giác lạnh lẽo.
2.  **Mắt:** Phấn mắt tối màu (đen, tím đậm, xanh rêu), đánh nhũ hoặc đá lấp lánh. Kẻ mắt mèo sắc sảo.
3.  **Môi:** Son đỏ đậm, burgundy hoặc đen.
4.  **Điểm nhấn:** Thêm các chi tiết như đá quý dán lên mặt, lông mi giả dài và đậm.

Mục đích là tạo nên vẻ đẹp khác thường, bí ẩn như những sinh vật trong thế giới cổ tích đen tối."
Môi bị khô và hay liếm môi thì nên dùng son gì cho đỡ trôi?,"Chào bạn, với môi khô và hay liếm môi, bạn nên ưu tiên son dưỡng có thành phần cấp ẩm như hyaluronic acid, sáp ong, dầu thực vật (jojoba, argan...). Sau đó, bạn có thể dùng thêm lớp son màu có chất dưỡng ẩm, texture mềm mịn như son kem lì hoặc son tint bóng. Tránh son lì hoàn toàn vì sẽ làm môi khô hơn. Việc hạn chế liếm môi cũng rất quan trọng để son bám lâu hơn bạn nhé!
"
Phấn phủ có màu có làm lớp makeup bị dày hơn không nếu dặm lại nhiều lần?,"Chào bạn, câu hỏi rất hay! Đúng là phấn phủ có màu nếu dặm lại nhiều lần có thể khiến lớp makeup trông dày hơn. Lý do là vì phấn phủ có màu sẽ tạo thêm lớp phủ, che đi độ tự nhiên của da. Thay vì dặm lại nhiều lần, bạn nên dùng phấn phủ trong suốt để khóa lớp makeup và kiểm soát dầu thừa. Nếu cần thiết, hãy dặm phấn có màu thật nhẹ nhàng ở những vùng da dễ bị bóng dầu.
"
"Tui thấy có mascara có đầu cọ hình cầu gai, công dụng gì vậy?","Chào bạn, mascara với đầu cọ hình cầu gai có công dụng chính là tạo hiệu ứng dày và tơi mi, giúp mi trông tự nhiên hơn. Các gai nhỏ trên đầu cọ sẽ giúp tách từng sợi mi, tránh tình trạng mi bị vón cục. Đồng thời, chúng cũng len lỏi vào từng góc mi, giúp phủ đều mascara từ chân đến ngọn, cho đôi mắt thêm thu hút. Đây là lựa chọn tốt cho những bạn muốn mi dày nhưng không thích mi quá nặng nề.
"
"Làm sao để chọn màu kem lót cho da bị vàng vọt, thiếu sức sống?","Chào bạn, với làn da vàng vọt, thiếu sức sống, bạn nên chọn kem lót có tông màu hồng đào hoặc tím nhạt. Những tông màu này sẽ giúp trung hòa sắc tố vàng, làm da sáng hơn và tươi tắn hơn. 

**Các bước chọn kem lót:**

1.  **Xác định tông da:** Da bạn thiên vàng, xanh hoặc cam?
2.  **Chọn màu:** Hồng đào cho da vàng, tím nhạt cho da xanh, cam đào cho da cam.
3.  **Thử kem lót:** Thoa lên vùng da cổ tay để xem màu có phù hợp không.

Chúc bạn tìm được kem lót ưng ý!
"
Bà có hay dùng bông tẩy trang tái sử dụng bằng sợi micro-fiber không?,"Chào bạn, với kinh nghiệm trang điểm của mình, tôi rất thích sử dụng bông tẩy trang tái sử dụng làm từ sợi micro-fiber. Chúng mềm mại, thấm hút tốt hơn bông tẩy trang thông thường, giúp loại bỏ lớp trang điểm hiệu quả mà không gây kích ứng da. Quan trọng hơn, việc tái sử dụng giúp giảm thiểu rác thải, thân thiện với môi trường và tiết kiệm chi phí về lâu dài. Tôi thường giặt chúng bằng nước ấm và xà phòng dịu nhẹ sau mỗi lần sử dụng.
"
Tẩy trang dạng sữa có cần dùng khi chỉ bôi kem dưỡng có màu không?,"Chào bạn,

Hoàn toàn nên dùng tẩy trang dạng sữa ngay cả khi bạn chỉ bôi kem dưỡng có màu. Kem dưỡng có màu dù mỏng nhẹ vẫn chứa sắc tố và dầu, có thể làm tắc nghẽn lỗ chân lông nếu không được làm sạch kỹ. Tẩy trang sữa giúp loại bỏ lớp kem dưỡng, bụi bẩn và dầu thừa nhẹ nhàng mà không gây kích ứng, chuẩn bị cho da hấp thụ tốt các sản phẩm dưỡng tiếp theo. Đừng bỏ qua bước này để duy trì làn da khỏe mạnh nhé!
"
"Tui mới mua bảng mắt mà có mấy ô màu xanh da trời nhạt, khó dùng quá.","Chào bạn, màu xanh da trời nhạt tuy khó dùng nhưng rất đẹp đó! Để dùng hiệu quả, bạn thử những cách sau nhé:

1.  **Lót mắt:** Dùng phấn mắt màu nude hoặc trắng làm lót giúp màu xanh lên chuẩn hơn.
2.  **Đánh lót:** Đánh màu xanh da trời nhạt lên 2/3 bầu mắt, tập trung vào phần giữa.
3.  **Tạo chiều sâu:** Dùng màu xanh đậm hơn (nếu có) hoặc màu tím/xám đánh vào hốc mắt để tạo chiều sâu.
4.  **Nhũ:** Thêm chút nhũ mắt để đôi mắt thêm lấp lánh.

Màu xanh da trời hợp với tông da lạnh và kiểu trang điểm trẻ trung, năng động đó!"
Đi cafe sách một mình nên makeup thế nào cho thư thái?,"Đi cafe sách một mình, bạn nên ưu tiên vẻ ngoài tự nhiên, thư thái.

1.  **Dưỡng ẩm:** Bước quan trọng để da căng mọng, khỏe khoắn.
2.  **Kem nền/BB cream:** Chọn loại mỏng nhẹ, che phủ vừa phải.
3.  **Má hồng:** Tone đào hoặc hồng baby nhẹ nhàng tạo vẻ tươi tắn.
4.  **Mascara:** Chuốt nhẹ để mở rộng đôi mắt.
5.  **Son dưỡng/son tint:** Màu nude hoặc hồng san hô giúp đôi môi căng mọng, tự nhiên.

Tránh makeup quá đậm, tập trung vào sự thoải mái và vẻ đẹp tự nhiên của bạn.
"
Son dưỡng có màu có làm môi bị phụ thuộc không?,"Chào bạn, đây là một câu hỏi rất phổ biến! Son dưỡng có màu **có thể** gây phụ thuộc, nhưng không phải lúc nào cũng vậy.

**Giải thích:** Một số son dưỡng có màu chứa các thành phần làm bóng, căng mọng môi tạm thời (như menthol, camphor). Khi ngừng dùng, môi có thể cảm thấy khô ráp hơn bình thường, tạo cảm giác như ""phụ thuộc"". Tuy nhiên, đây không phải là nghiện mà là do môi đã quen với độ ẩm và sự bóng bẩy.

**Lời khuyên:** Chọn son dưỡng có màu chứa thành phần dưỡng ẩm tốt (vitamin E, bơ hạt mỡ) và sử dụng kết hợp với son dưỡng không màu để giảm thiểu tình trạng này.
"
"Tui muốn thử kẻ eyeliner mắt khói kiểu 'slept-in makeup' (trang điểm như vừa ngủ dậy), làm sao?","Chào bạn, kiểu eyeliner mắt khói ""slept-in makeup"" rất trendy hiện nay! Để thực hiện, bạn cần:

1. **Kẻ eyeliner:** Chọn bút chì hoặc gel liner màu đen/nâu đậm. Kẻ một đường eyeliner mỏng sát đường mi trên, hơi lem nhẹ ở đuôi mắt.
2. **Tạo hiệu ứng nhòe:** Dùng bông tăm hoặc cọ nhỏ tán nhẹ đường eyeliner đã kẻ, tạo độ nhòe tự nhiên.
3. **Hoàn thiện:** Có thể dùng thêm chút phấn mắt tối màu để tăng độ sâu cho mắt.

Mục đích là tạo cảm giác đôi mắt đã được trang điểm từ đêm hôm trước và hơi nhòe đi sau một giấc ngủ."
"Kem nền bị đổi màu sau một thời gian mở nắp, dù chưa hết hạn, là sao?","Chào bạn, hiện tượng kem nền bị đổi màu dù chưa hết hạn là do quá trình oxy hóa. Khi tiếp xúc với không khí, các thành phần trong kem nền (như dầu, vitamin) sẽ phản ứng với oxy, dẫn đến sự thay đổi sắc tố. 

Để hạn chế, bạn nên:
1. Đậy kín nắp sau mỗi lần dùng.
2. Tránh dùng tay trực tiếp lấy kem, nên dùng spatula hoặc pump.
3. Bảo quản nơi khô ráo, thoáng mát, tránh ánh nắng trực tiếp.
"
Phấn mắt màu xanh rêu có hợp với đi tiệc công ty không?,"Chào bạn,

Phấn mắt màu xanh rêu có thể phù hợp với tiệc công ty, nhưng cần cân nhắc kỹ. Màu này khá độc đáo và nổi bật, nên sẽ hợp hơn nếu tiệc có phong cách trẻ trung, hiện đại. 

Để đảm bảo hợp lý, bạn nên:

1.  **Chọn tông xanh rêu trầm ấm:** Tránh xanh rêu quá sáng hoặc neon.
2.  **Kết hợp với trang điểm tối giản:** Tập trung vào mắt, giữ phần còn lại của khuôn mặt nhẹ nhàng.
3.  **Sử dụng kỹ thuật blending:** Giúp màu mắt hòa quyện tự nhiên, tránh bị ""đơ"".

"
Bà có hay dùng xịt khoáng có chứa Probiotics không? Có tốt cho da không?,"Chào bạn, với kinh nghiệm trang điểm của mình, tôi rất hay sử dụng xịt khoáng chứa Probiotics cho khách hàng và bản thân. Probiotics giúp cân bằng hệ vi sinh vật trên da, tăng cường hàng rào bảo vệ, làm dịu da nhạy cảm và giảm viêm. 

Xịt khoáng Probiotics đặc biệt tốt cho da đang gặp vấn đề về mụn, kích ứng hoặc sau các liệu trình điều trị. Tuy nhiên, cần chọn sản phẩm từ thương hiệu uy tín để đảm bảo chất lượng và hiệu quả.
"
Làm sao để chọn cọ tán phấn tạo khối không bị lấy quá nhiều sản phẩm làm mặt bị tối sầm?,"Để chọn cọ tán phấn tạo khối không bị ""dính"" quá nhiều sản phẩm, bạn nên ưu tiên các loại cọ có:

1.  **Lông mềm, thưa:** Lông mềm giúp tán đều, còn lông thưa hạn chế việc ""gom"" phấn.
2.  **Hình dáng vát xéo:** Cọ vát xéo giúp bạn dễ dàng xác định vị trí tạo khối và kiểm soát lượng sản phẩm.
3.  **Kích thước vừa phải:** Cọ quá to dễ lấy nhiều phấn, còn quá nhỏ sẽ khó tán đều.

Hãy thử gạt nhẹ cọ lên mu bàn tay để kiểm tra độ ""ăn phấn"" trước khi dùng lên mặt nhé!
"
"Tui thấy có loại son thỏi có hai màu khác nhau ở hai đầu, dùng có tiện không?","Chào bạn, son thỏi hai màu là một lựa chọn khá tiện lợi và đa năng đó! 

**Ưu điểm:** Bạn có thể thay đổi màu son dễ dàng mà không cần mang theo nhiều thỏi. Thường một đầu sẽ là màu nude/base, đầu còn lại là màu đậm hơn để tạo hiệu ứng ombre hoặc tô điểm.

**Cách dùng:** Bạn có thể dùng riêng từng màu, hoặc mix cả hai để tạo màu sắc độc đáo. Tuy nhiên, chất son hai đầu đôi khi không đồng đều, bạn nên thử trước nhé!
"
"Đi họp phụ huynh cho con nên makeup sao cho lịch sự, gần gũi?","Chào bạn, để có một lớp trang điểm lịch sự, gần gũi khi đi họp phụ huynh, bạn nên ưu tiên vẻ tự nhiên.

1.  **Chuẩn bị da:** Dưỡng ẩm kỹ để da căng mịn.
2.  **Nền:** Dùng BB cream hoặc cushion mỏng nhẹ, che khuyết điểm vừa đủ.
3.  **Màu mắt:** Chọn tone màu trung tính như nâu, cam đất, hoặc hồng đào.
4.  **Má hồng:** Tô nhẹ nhàng để có gò má ửng hồng tự nhiên.
5.  **Son:** Chọn son nude, hồng baby hoặc cam san hô.

Tránh makeup quá đậm, tập trung vào sự tươi tắn, gọn gàng."
Kem chống nắng dạng thỏi có cần tẩy trang không?,"Chào bạn,

Kem chống nắng dạng thỏi thường chứa các thành phần dưỡng ẩm và tạo màng bảo vệ, nên **có** cần tẩy trang để làm sạch hoàn toàn. Việc chỉ rửa mặt bằng sữa rửa mặt có thể không loại bỏ hết lớp kem, dẫn đến tắc nghẽn lỗ chân lông và gây mụn.

**Bước tẩy trang:** Dùng dầu tẩy trang hoặc nước micellar để làm tan kem chống nắng, sau đó rửa lại bằng sữa rửa mặt để loại bỏ cặn bẩn. Điều này giúp da sạch sâu và khỏe mạnh.
"
Tui mới tập kẻ mày mà hay bị đầu mày quá vuông hoặc quá đậm.,"Chào bạn, việc kẻ mày mới tập thường gặp tình trạng này. Để khắc phục, bạn nên:

1. **Chọn bút/phấn kẻ mày:** Nên chọn màu gần màu tóc và chất liệu dễ tán.
2. **Xác định hình dáng:** Dùng cọ vẽ nhẹ khung mày, tập trung vào phần đuôi và nâng dần về đầu.
3. **Tô nhẹ nhàng:** Tô từng lớp mỏng, bắt đầu từ 2/3 chiều dài mày, sau đó tô nhẹ phần đầu.
4. **Dùng cọ tán:** Tán đều để màu mềm mại, tránh đường kẻ sắc nét.

Lý do: Đầu mày quá đậm sẽ tạo cảm giác nặng nề, vuông vức. Tán đều giúp màu hòa quyện tự nhiên hơn."
"Setting spray của Rare Beauty Always An Optimist 4-in-1 Mist với Glow Recipe Watermelon Glow Ultra-Fine Mist, loại nào mùi thơm hơn?","Chào bạn,

Về độ lưu hương và mùi thơm, **Rare Beauty Always An Optimist 4-in-1 Mist** có mùi hương tinh tế, nhẹ nhàng hơn, thiên hướng floral và xạ hương, tạo cảm giác thư giãn. Ngược lại, **Glow Recipe Watermelon Glow Ultra-Fine Mist** có mùi dưa hấu tươi mát, ngọt ngào và rõ rệt hơn, phù hợp với những bạn yêu thích hương trái cây. 

Tóm lại, nếu bạn thích mùi hương dịu nhẹ, Rare Beauty sẽ là lựa chọn tốt hơn. Còn nếu bạn muốn một mùi hương tươi trẻ, tràn đầy năng lượng, Glow Recipe sẽ phù hợp hơn.
"
"Tui muốn thử makeup kiểu 'kawaii' của Nhật, có gì đặc trưng?","Chào bạn! Makeup ""kawaii"" (dễ thương) của Nhật Bản tập trung vào vẻ trong trẻo, ngây thơ. Đặc trưng nhất là:

1.  **Da:** Nền sáng mịn, tự nhiên, ít đánh khối.
2.  **Mắt:** Vẽ mắt to tròn bằng eyeliner, thường là màu nâu hoặc đen, có thể dùng kính áp tròng màu. Mascara chuốt cong mi dưới.
3.  **Má hồng:** Đánh má hồng tròn, cao, màu hồng phấn hoặc đào.
4.  **Môi:** Son tint hoặc son bóng màu hồng baby, cam đào.

Quan trọng là giữ cho lớp makeup nhẹ nhàng, tự nhiên nhất có thể bạn nhé!
"
"Mascara bị lem khi đeo kính râm, nhất là vào mùa hè.","Chào bạn, tình trạng mascara bị lem khi đeo kính râm, đặc biệt vào mùa hè, rất phổ biến. Dưới đây là một số giải pháp:

1. **Chọn mascara chống thấm nước:** Loại này bền hơn, ít bị lem khi tiếp xúc với mồ hôi và dầu nhờn.
2. **Sử dụng primer cho mi:** Primer giúp mascara bám dính tốt hơn, hạn chế lem.
3. **Tránh chải mascara quá nhiều lớp:** Lớp mascara dày dễ bị vón cục và lem hơn.
4. **Chọn kính phù hợp:** Kính có gọng ôm sát mặt có thể làm tăng nhiệt độ và độ ẩm, khiến mascara dễ lem hơn.
"
Son màu đỏ đất có hợp với người da trắng không?,"Chào bạn,

Son màu đỏ đất hoàn toàn có thể hợp với người da trắng, thậm chí rất tôn da nếu chọn đúng tông. Với da trắng, bạn nên ưu tiên các tông đỏ đất thiên cam hoặc nâu tây để tạo sự ấm áp, tươi tắn. Tránh các tông đỏ đất quá sẫm màu hoặc có undertone xanh, vì có thể khiến da trông xỉn màu và thiếu sức sống. Bạn có thể thử trước khi mua để tìm ra màu son phù hợp nhất với mình nhé!
"
Bà có hay dùng kem lót có chứa Ceramides không? Có tác dụng gì?,"Chào bạn, với vai trò là chuyên gia trang điểm, tôi rất hay sử dụng kem lót chứa Ceramides. Ceramides là một loại lipid tự nhiên có trong da, giúp củng cố hàng rào bảo vệ da, giữ ẩm và làm dịu da. 

Kem lót có Ceramides giúp:

1.  **Khóa ẩm:** Ngăn ngừa da mất nước, giúp lớp nền mịn màng hơn.
2.  **Làm dịu da:** Giảm kích ứng, đặc biệt phù hợp với da nhạy cảm.
3.  **Tăng độ bám dính:** Giúp lớp nền bám lâu hơn, không bị cakey.

Đây là một lựa chọn tuyệt vời để chuẩn bị cho lớp trang điểm hoàn hảo và bảo vệ làn da.
"
Làm sao để đánh phấn mắt cho người có mắt lồi không bị trông lồi hơn?,"Chào bạn, với đôi mắt lồi, mục tiêu khi đánh phấn mắt là tạo chiều sâu và làm mắt trông bớt lồi hơn.

**Các bước thực hiện:**

1.  **Chọn màu tối:** Sử dụng phấn mắt màu tối (nâu, xám tro) ở hốc mắt để tạo bóng, làm mắt sâu hơn.
2.  **Đánh tập trung vào hốc mắt:** Tập trung đánh phấn tối vào phần hốc mắt, tán đều ra phía đuôi mắt.
3.  **Tránh highlight:** Hạn chế hoặc không dùng phấn highlight ở bọng mắt và đầu mắt.
4.  **Mascara:** Chuốt mascara cho hàng mi trên, tránh chuốt quá dày ở mi dưới.

"
"Tui thấy có loại mút tán nền hình bánh bao, dùng có khác gì không?","Chào bạn, mút tán nền hình bánh bao (beauty blender) có sự khác biệt rõ rệt so với các loại mút thông thường. Thiết kế đặc biệt với nhiều lỗ khí giúp mút có độ đàn hồi tốt, dễ dàng tạo lớp nền mỏng, mịn tự nhiên như không hề trang điểm. 

Khi dùng ướt, mút sẽ nở ra, hạn chế hấp thụ quá nhiều kem nền, giúp tiết kiệm sản phẩm và tán đều hơn. Quan trọng nhất, mút bánh bao giúp tránh các đường vân khi tán, cho lớp nền hoàn hảo hơn.
"
Đi tiệc công ty theo chủ đề 'Great Gatsby' nên makeup sao cho đúng chất?,"Để makeup đúng chất ""Great Gatsby"", bạn nên tập trung vào phong cách trang điểm lộng lẫy, sang trọng của thập niên 1920.

1.  **Da:** Nền hoàn hảo, mịn màng, hơi sáng.
2.  **Mắt:** Phấn mắt màu tối (đen, xám, nâu) tán đều, nhấn nhá bằng đường kẻ mắt đậm, kéo dài. Có thể đính thêm đá lấp lánh.
3.  **Má:** Hồng đào hoặc cam đào đánh cao, tạo gò má cao.
4.  **Môi:** Son đỏ đậm, vẽ rõ nét.
5.  **Điểm nhấn:** Lông mày vẽ cong, mảnh, tạo vẻ cổ điển."
Bà có hay dùng toner dạng essence không? Có cấp ẩm tốt hơn toner thường không?,"Chào bạn, với kinh nghiệm trang điểm của mình, tôi thường xuyên sử dụng toner dạng essence. So với toner truyền thống, essence toner có kết cấu lỏng nhẹ hơn, giàu thành phần dưỡng ẩm như hyaluronic acid, glycerin, giúp cấp ẩm sâu và lâu dài hơn. 

Toner thường chủ yếu cân bằng pH, còn essence toner vừa cân bằng da, vừa cung cấp độ ẩm, chuẩn bị da tốt hơn cho các bước dưỡng tiếp theo. Vì vậy, nếu da bạn khô hoặc cần thêm ẩm, essence toner là lựa chọn tuyệt vời.
"
"Tui mới mua cây son tint mà nó bị tách thành hai màu, có dùng được không?","Chào bạn, son tint bị tách lớp là tình trạng khá phổ biến, thường do sự khác biệt về trọng lượng phân tử của các thành phần hoặc nhiệt độ bảo quản. Bạn vẫn có thể sử dụng được son nhé!

**Cách khắc phục:**

1.  **Lắc kỹ:** Lắc mạnh son trong vài phút để các thành phần hòa quyện lại.
2.  **Khuấy đều:** Dùng tăm hoặc que nhỏ khuấy nhẹ nhàng để đảm bảo màu sắc đồng nhất.

Nếu son sau khi lắc và khuấy vẫn không đều màu, có thể chất lượng son đã bị ảnh hưởng, bạn nên cân nhắc sử dụng."
Highlight dạng kem có cần dùng trước hay sau phấn phủ?,"Chào bạn, với câu hỏi highlight kem dùng trước hay sau phấn phủ, câu trả lời là **sau phấn phủ** bạn nhé.

**Giải thích:**

1.  **Phấn phủ** giúp khóa lớp nền, tạo bề mặt mịn màng, kiểm soát dầu. Nếu đánh highlight kem trước, phấn phủ sẽ làm giảm hiệu ứng bắt sáng của highlight.
2.  **Highlight kem** nên được đánh sau phấn phủ để bám tốt hơn, lên màu chuẩn hơn và có độ glow tự nhiên, không bị ""vỡ"" lớp trang điểm.

Chúc bạn có lớp trang điểm hoàn hảo!
"
Tui muốn thử makeup tone xám chì mà sợ bị như xác chết.,"Chào bạn, hoàn toàn có thể makeup tone xám chì đẹp mà không bị ""xác chết"" nhé! Bí quyết nằm ở việc cân bằng và tập trung vào những điểm sau:

1.  **Chọn màu xám:** Ưu tiên xám tro, xám khói pha chút tím hoặc nâu để mềm mại hơn.
2.  **Phủ hồng má:** Thêm chút hồng đào hoặc hồng san hô để da có sức sống.
3.  **Tạo khối:** Đừng bỏ qua bước tạo khối nhẹ nhàng để khuôn mặt có chiều sâu.
4.  **Son môi:** Chọn son nude, hồng đất hoặc cam đất để cân bằng.

Quan trọng nhất là đánh lớp nền thật kỹ và blend màu thật đều tay bạn nhé!
"
Môi có nhiều da chết thì có nên dùng son kem lì không?,"Chào bạn, với môi nhiều da chết, việc dùng son kem lì ngay lập tức không được khuyến khích. Son kem lì có xu hướng bám vào các tế bào chết, làm môi trông càng khô bong tróc và dễ lộ vân môi. 

Thay vào đó, bạn nên:

1. **Tẩy tế bào chết cho môi:** 1-2 lần/tuần để loại bỏ da chết.
2. **Dưỡng ẩm môi:** Sử dụng son dưỡng thường xuyên.
3. **Chờ môi mềm mịn:** Sau khi tẩy tế bào chết và dưỡng ẩm, bạn có thể dùng son kem lì, nhưng vẫn nên dùng thêm son dưỡng lót trước khi đánh son.
"
Phấn phủ bột có làm lớp nền bị dày hơn không nếu dùng bông phấn?,"Chào bạn, câu hỏi rất hay!

Phấn phủ bột hoàn toàn có thể làm lớp nền dày hơn nếu dùng bông phấn không đúng cách. Bông phấn có xu hướng ""ăn"" phấn và bạn sẽ vô tình lấy quá nhiều sản phẩm. Thay vào đó, hãy dùng cọ phủ phấn lớn, mềm để lấy một lượng phấn vừa đủ, sau đó tán nhẹ nhàng theo chuyển động xoay tròn hoặc gõ nhẹ để loại bỏ phấn thừa. Điều này giúp lớp nền mỏng nhẹ, tự nhiên hơn.
"
"Tui thấy có mascara có đầu cọ hình ống (tube mascara), công dụng gì vậy?","Chào bạn, mascara đầu cọ hình ống (tube mascara) có công dụng chính là tạo hiệu ứng ""kén"" cho từng sợi mi, giúp mi dài và dày hơn một cách tự nhiên. 

Điểm đặc biệt là lớp ""kén"" này bám chặt vào mi, không dễ lem hay trôi khi tiếp xúc với nước hoặc mồ hôi. Bạn có thể dễ dàng làm sạch bằng nước ấm hoặc nước tẩy trang dịu nhẹ, không cần chà xát mạnh gây rụng mi. Đây là lựa chọn tốt cho những bạn có mi yếu hoặc nhạy cảm.
"
Làm sao để chọn màu phấn mắt cho người có làn da bánh mật không bị chìm?,"Chào bạn! Với làn da bánh mật, việc chọn phấn mắt cần chú trọng sự tương phản để đôi mắt không bị ""chìm"". 

**Bước 1:** Ưu tiên các tông màu ấm như đồng, vàng đồng, cam đất, nâu đỏ. Chúng sẽ làm nổi bật sắc da của bạn.
**Bước 2:** Tránh các màu quá tối hoặc quá nhạt. Màu tối dễ làm mắt trông sâu và nhỏ, màu nhạt lại không đủ nổi bật.
**Bước 3:** Thử nghiệm với các màu jewel tone như xanh ngọc, tím plum để tạo điểm nhấn.
"
"Đi xem nhạc kịch Mamma Mia nên makeup sao cho vui tươi, rực rỡ?","Để makeup vui tươi, rực rỡ khi xem nhạc kịch Mamma Mia, bạn nên tập trung vào đôi mắt và đôi môi:

1.  **Mắt:** Dùng phấn mắt màu xanh dương hoặc tím nhạt, tán đều. Kẻ eyeliner mảnh, thêm mascara để mở to mắt.
2.  **Má:** Đánh má hồng màu cam đào hoặc hồng san hô để tạo vẻ tươi tắn.
3.  **Môi:** Chọn son màu hồng tươi, cam san hô hoặc đỏ cam.

Lý do: Mamma Mia diễn ra ở Hy Lạp, nên màu sắc tươi sáng, rực rỡ sẽ phù hợp với không khí vui vẻ của vở nhạc kịch."
Tẩy trang dầu có làm cay mắt không nếu dính vào mắt?,"Chào bạn,

Tẩy trang dầu có thể gây cay mắt nếu dính vào mắt, mức độ cay tùy thuộc vào thành phần và độ tinh khiết của dầu. Dầu khoáng có thể gây kích ứng hơn so với các loại dầu thực vật như dầu ô liu hay dầu jojoba. 

Để tránh cay mắt, bạn nên:
1. Lấy một lượng vừa đủ tẩy trang ra tay.
2. Nhắm mắt và nhẹ nhàng thoa lên mặt, tránh vùng mắt.
3. Nếu vô tình dính vào mắt, hãy nhắm mắt và rửa sạch bằng nước sạch.
"
"Tui mới nhuộm tóc màu xanh đen, nên kẻ mày màu gì?","Chào bạn, với mái tóc xanh đen cá tính, bạn nên chọn kẻ mày màu nâu tro hoặc xám đen để tạo sự hài hòa. Tránh các màu nâu ấm hoặc đỏ, vì chúng có thể làm khuôn mặt trông ""lệch tông"". Màu lạnh sẽ cân bằng màu tóc và làm nổi bật đường nét khuôn mặt. Bạn có thể thử các sắc thái khác nhau để tìm màu phù hợp nhất với tông da của mình nhé!
"
"Son kem của Smashbox Always On Liquid Lipstick với Kat Von D Everlasting Liquid Lipstick, loại nào lâu trôi hơn?","Chào bạn,

Về độ bền màu, **Kat Von D Everlasting Liquid Lipstick** thường được đánh giá cao hơn **Smashbox Always On Liquid Lipstick**. Lý do là công thức của Kat Von D có khả năng bám dính tốt hơn, tạo lớp finish ""matte"" hoàn toàn và ít bị lem hơn khi ăn uống. Tuy nhiên, Smashbox vẫn có độ bền khá tốt và chất son mềm mại hơn, thoải mái hơn trên môi. Để tăng độ bền màu cho cả hai loại, bạn nên tẩy tế bào chết môi trước khi đánh và dùng son lót.
"
Kem lót màu hồng có làm da bị hồng hào quá không?,"Chào bạn,

Kem lót màu hồng có thể làm da hồng hào hơn, nhưng không nhất thiết gây ""quá"" hồng. Kem lót hồng thường phù hợp với da xanh xao, thiếu sức sống hoặc da có undertone lạnh. Nó giúp trung hòa sắc tố vàng, làm da tươi tắn hơn. 

Tuy nhiên, nếu da bạn vốn đã hồng hào hoặc có undertone ấm, dùng kem lót hồng có thể khiến da trông ửng đỏ. Hãy thử một lượng nhỏ trước để xem da phản ứng thế nào nhé!
"
Bà có hay dùng phấn mắt dạng kem lỏng không? Có dễ bị lem không?,"Chào bạn, tôi có sử dụng phấn mắt dạng kem lỏng và rất thích vì độ bám màu tốt, dễ tán và cho hiệu ứng đôi mắt có chiều sâu. Về vấn đề lem, phấn mắt kem lỏng có thể bị lem nếu da mắt bạn quá dầu hoặc không được cố định bằng phấn bột. Để tránh điều này, bạn nên dùng kem lót mắt, đánh phấn bột lên trên sau khi phấn mắt đã khô và sử dụng mascara chống thấm nước.
"
Làm sao để mi giả không bị cảm giác như có gì đó nặng trĩu trên mắt?,"Để mi giả không gây cảm giác nặng nề, bạn cần chọn mi giả phù hợp với mắt mình - không quá dày hoặc quá dài. Quan trọng nhất là sử dụng keo dán mi chất lượng, bôi một lớp mỏng và đều lên viền mi, tránh bôi quá nhiều. Đảm bảo mi giả được gắn sát chân mi thật, không bị kênh hoặc cộm. Cuối cùng, hãy dùng mascara để hòa trộn mi thật và mi giả, tạo cảm giác tự nhiên và nhẹ nhàng hơn.
"
Son màu hồng dâu có hợp với người răng hơi ngả vàng không?,"Chào bạn,

Son màu hồng dâu có thể hợp với người răng hơi ngả vàng, nhưng cần lưu ý chọn đúng tông. Hồng dâu có undertone ấm (vàng hoặc cam) sẽ giúp trung hòa sắc vàng của răng, tạo cảm giác răng trắng hơn. Tuy nhiên, tránh các màu hồng dâu quá tươi hoặc có undertone lạnh (xanh) vì có thể làm răng trông xỉn màu hơn. Bạn nên thử son trước khi mua để đảm bảo màu sắc phù hợp với màu da và răng của mình nhé!
"
Tui dùng phấn phủ mà sao lớp nền vẫn bị mốc ở vùng trán?,"Chào bạn, tình trạng phấn phủ mà lớp nền vẫn bị mốc ở vùng trán rất phổ biến. Nguyên nhân có thể do:

1.  **Da trán khô:** Vùng trán thường khô hơn các vùng khác, phấn phủ hút ẩm làm lộ rõ da chết.
2.  **Phấn phủ không phù hợp:** Chọn phấn phủ quá khô hoặc không đủ ẩm.
3.  **Thoa phấn phủ quá nhiều:** Lớp phấn dày dễ gây mốc.
4.  **Không dưỡng ẩm kỹ:** Da thiếu ẩm từ trước khi trang điểm.

**Cách khắc phục:** Dưỡng ẩm kỹ trước khi trang điểm, chọn phấn phủ có độ ẩm, dùng cọ đánh phấn nhẹ nhàng và tập trung vào vùng chữ T."
Đi dự tiệc cuối năm ở một villa sang trọng nên makeup thế nào?,"Để makeup dự tiệc cuối năm ở villa sang trọng, bạn nên ưu tiên vẻ đẹp tinh tế, sang trọng.

1.  **Chuẩn bị da:** Dưỡng ẩm kỹ để lớp nền mịn màng.
2.  **Nền:** Chọn foundation có độ che phủ vừa phải, tán đều.
3.  **Mắt:** Phấn mắt tông màu champagne, nâu đồng hoặc tím plum sẽ rất hợp. Đừng quên kẻ eyeliner mảnh và mascara.
4.  **Má:** Sử dụng phấn má hồng màu đào hoặc hồng san hô để tạo vẻ tươi tắn.
5.  **Môi:** Son kem hoặc son lì màu đỏ rượu, hồng đất hoặc nude sang trọng.

Lưu ý: Tập trung vào một điểm nhấn (mắt hoặc môi) để tránh quá lòe loẹt.
"
Bà có bao giờ dùng bột trà xanh để đắp mặt nạ không?,"Chào bạn, với kinh nghiệm trang điểm và chăm sóc da của mình, tôi đã từng sử dụng bột trà xanh để đắp mặt nạ và thấy khá hiệu quả. Trà xanh giàu chất chống oxy hóa, giúp làm dịu da, giảm viêm và hỗ trợ trị mụn. 

**Cách thực hiện:** Trộn 1-2 thìa cà phê bột trà xanh với sữa chua không đường hoặc mật ong, đắp lên mặt khoảng 15-20 phút rồi rửa sạch. Bạn nên dùng 2-3 lần/tuần để thấy rõ kết quả. Tuy nhiên, hãy thử nghiệm trên một vùng da nhỏ trước để đảm bảo không bị kích ứng nhé!
"
Tẩy trang dạng sữa có cần dùng khi chỉ ở nhà không makeup không?,"Chào bạn, câu hỏi rất hay! Ngay cả khi không trang điểm, tẩy trang dạng sữa vẫn rất cần thiết khi ở nhà. Trong ngày, bụi bẩn, dầu thừa và các tác nhân môi trường tích tụ trên da. Tẩy trang sữa giúp làm sạch nhẹ nhàng những tạp chất này, ngăn ngừa lỗ chân lông tắc nghẽn, giảm nguy cơ mụn và giúp da thông thoáng, khỏe mạnh hơn. Đây là bước chuẩn bị quan trọng cho các bước dưỡng da tiếp theo.
"
"Tui muốn mua cọ tán kem che khuyết điểm cho vùng dưới mắt, nên chọn loại nào?","Chào bạn, để tán kem che khuyết điểm vùng dưới mắt, bạn nên chọn cọ có các đặc điểm sau:

1.  **Hình dáng:** Cọ đầu bằng, nhỏ và hơi vát nhẹ giúp dễ dàng thao tác ở vùng da mỏng manh này.
2.  **Lông cọ:** Lông tổng hợp mềm mại, dày dặn sẽ giúp kem hòa quyện vào da, không gây kích ứng.
3.  **Kích thước:** Chọn loại vừa phải, không quá to để tránh làm lem kem sang các vùng khác.

Một số lựa chọn tốt: Real Techniques Setting Brush, E.L.F. Concealer Brush hoặc Sigma F80 Flat Kabuki Brush."
"Cushion của Dior Prestige Le Cushion Teint de Rose với Cle de Peau Beaute Radiant Cushion Foundation, loại nào dưỡng da tốt hơn?","Chào bạn,

Về khả năng dưỡng da, **Cle de Peau Beaute Radiant Cushion Foundation** vượt trội hơn so với Dior Prestige Le Cushion Teint de Rose. Cle de Peau tập trung vào việc cải thiện và duy trì độ ẩm sâu, làm sáng da và hỗ trợ chống lão hóa nhờ phức hợp Illuminating Complex EX. 

Dior Prestige Le Cushion Teint de Rose vẫn có dưỡng, nhưng thiên về làm dịu và tăng độ đàn hồi cho da với chiết xuất hoa hồng. Nếu bạn ưu tiên dưỡng ẩm, làm sáng và chống lão hóa chuyên sâu, Cle de Peau là lựa chọn tốt hơn.
"
"Tui thấy có người dùng kem dưỡng ẩm có màu thay kem nền, có ổn không?","Chào bạn, việc dùng kem dưỡng ẩm có màu thay kem nền hoàn toàn ổn, thậm chí còn rất tốt cho da! Kem dưỡng ẩm có màu thường mỏng nhẹ, cấp ẩm tốt hơn, giúp da khỏe hơn so với kem nền. 

Tuy nhiên, độ che phủ của kem dưỡng ẩm có màu sẽ nhẹ hơn. Nếu bạn cần che khuyết điểm nhiều, bạn có thể dùng thêm concealer ở những vùng cần thiết sau khi dùng kem dưỡng ẩm có màu nhé."
Mắt một mí lót thì có nên dán mí trước khi makeup không?,"Chào bạn, với mắt một mí lót, việc dán mí trước khi trang điểm là **hoàn toàn nên** và rất có lợi.

**Tại sao?** Vì dán mí sẽ tạo hình dáng mắt hai mí rõ ràng hơn, giúp bạn dễ dàng đánh phấn mắt, kẻ eyeliner và chuốt mascara hiệu quả hơn. Nếu trang điểm trước rồi mới dán mí, lớp makeup có thể bị lem hoặc không đều màu.

**Lưu ý:** Chọn loại miếng dán mí phù hợp với dáng mắt và kỹ thuật dán mí sao cho tự nhiên nhất nhé!
"
Son màu cam tươi có hợp với đi làm văn phòng không?,"Chào bạn, son màu cam tươi hoàn toàn có thể dùng đi làm văn phòng, nhưng cần lưu ý một chút nhé.

**Bước 1:** Chọn sắc cam phù hợp. Cam tươi quá rực rỡ có thể không phù hợp, hãy ưu tiên các tông cam đào, cam san hô hoặc cam đất.
**Bước 2:** Đánh son mỏng nhẹ. Layer son mỏng để tạo vẻ tự nhiên, không quá nổi bật.
**Bước 3:** Kết hợp với trang điểm tự nhiên. Son cam tươi sẽ đẹp nhất khi đi cùng lớp nền nhẹ nhàng và mắt trang điểm đơn giản.

Lý do: Màu cam tươi sáng giúp bạn trông năng động, tươi tắn nhưng vẫn đảm bảo sự chuyên nghiệp nếu được sử dụng khéo léo.
"
Bà có hay dùng phấn phủ bột có chứa silica không?,"Chào bạn, với vai trò là chuyên gia trang điểm, tôi thường xuyên sử dụng phấn phủ bột có chứa silica trong công việc. Silica giúp kiểm soát dầu thừa hiệu quả, làm mờ lỗ chân lông và tạo hiệu ứng mịn màng cho da. Tuy nhiên, tôi sẽ cân nhắc loại da của khách hàng: da khô hoặc nhạy cảm cần phấn phủ ít silica hoặc kết hợp các thành phần dưỡng ẩm để tránh tình trạng cakey hoặc mất nước.
"
Làm sao để son kem lì không bị khô và tạo thành mảng trên môi?,"Để son kem lì không bị khô và mảng, bạn cần chuẩn bị môi kỹ lưỡng:

1. **Tẩy tế bào chết:** Loại bỏ da chết giúp son bám đều hơn.
2. **Dưỡng ẩm:** Sử dụng son dưỡng trước khi đánh son kem.
3. **Đánh lớp mỏng:** Đánh son kem thành nhiều lớp mỏng thay vì một lớp dày.
4. **Để khô tự nhiên:** Tránh chớp môi quá nhiều khi son chưa khô.

Việc này giúp son lên màu mịn, không bị bong tróc và giữ được độ ẩm cần thiết cho môi.
"
"Tui thấy có loại mút tán nền hình giọt nước mini, dùng để làm gì?","Chào bạn, mút tán nền hình giọt nước mini rất đa năng đó! Em nó thường được dùng để tán kem che khuyết điểm, highlight lỏng hoặc kem màu mắt ở những vùng nhỏ như bọng mắt, khóe mũi, hoặc vùng da có khuyết điểm cần che phủ kỹ càng. 

Hình dáng nhỏ gọn giúp bạn dễ dàng thao tác chính xác, không làm lem màu sang vùng da khác, đồng thời tạo lớp nền mỏng mịn, tự nhiên hơn so với dùng ngón tay hoặc cọ lớn.
"
Đi tiệc cưới bạn thân tổ chức ở biển nên makeup sao cho không bị trôi mà vẫn đẹp?,"Chào bạn, để makeup đẹp mà không trôi khi dự tiệc cưới ở biển, bạn cần lưu ý các bước sau:

1.  **Chuẩn bị da:** Dưỡng ẩm kỹ, dùng kem chống nắng.
2.  **Kiềm dầu:** Thoa primer giúp lớp nền bám tốt hơn.
3.  **Nền:** Chọn foundation chống nước, độ che phủ vừa phải, đánh mỏng lớp.
4.  **Chống thấm nước:** Dùng phấn phủ dạng bột hoặc xịt khóa nền.
5.  **Mắt & môi:** Chọn màu sắc tươi sáng, dùng eyeliner/mascara waterproof, son lì hoặc son tint.

Lý do: Biển có độ ẩm cao và dễ gây trôi makeup, nên ưu tiên các sản phẩm chống nước và khóa lớp nền kỹ."
Bà có hay dùng toner pad có chứa PHA không? Có dịu nhẹ hơn AHA/BHA không?,"Chào bạn, với kinh nghiệm trang điểm và chăm sóc da, tôi có sử dụng toner pad chứa PHA và rất thích hợp với những làn da nhạy cảm. PHA có phân tử lớn hơn AHA/BHA nên thẩm thấu chậm hơn, ít gây kích ứng, từ đó dịu nhẹ hơn. AHA/BHA tập trung vào tẩy tế bào chết sâu, còn PHA vừa tẩy tế bào chết vừa cấp ẩm, phù hợp với da cần phục hồi và làm dịu. Tuy nhiên, hiệu quả tẩy tế bào chết của PHA sẽ nhẹ nhàng hơn.
"
"Tui mới mua cây chì kẻ mắt mà nó quá mềm, dễ bị gãy và lem.","Chào bạn, chì kẻ mắt quá mềm dễ gãy và lem là tình trạng khá phổ biến. Để khắc phục, bạn thử các cách sau nhé:

1. **Bảo quản:** Cất chì kẻ mắt ở nơi khô ráo, thoáng mát, tránh ánh nắng trực tiếp.
2. **Gọt chì:** Gọt chì cẩn thận, không gọt quá sắc để tránh gãy.
3. **Kỹ thuật kẻ:** Kẻ mắt nhẹ nhàng, tránh ấn mạnh. Có thể dùng phấn mắt cùng màu cố định sau khi kẻ.
4. **Sử dụng kem lót:** Thoa kem lót mắt trước khi kẻ giúp chì bám dính hơn, hạn chế lem.
"
Setting spray có làm lớp makeup bị bóng hơn không?,"Chào bạn, câu hỏi rất hay! Setting spray không nhất thiết làm lớp makeup bị bóng hơn, mà còn tùy thuộc vào loại setting spray bạn dùng và loại da của bạn.

*   **Setting spray có chứa dưỡng ẩm:** Nếu da bạn khô, loại này giúp makeup bám lâu hơn nhưng có thể tăng độ bóng nhẹ.
*   **Setting spray dạng matte:** Dành cho da dầu, giúp kiểm soát dầu thừa và làm mờ bóng.
*   **Kỹ thuật dùng:** Xịt quá nhiều hoặc quá gần mặt cũng có thể làm lớp makeup bị bóng.

Lời khuyên: Chọn setting spray phù hợp với loại da và xịt cách mặt khoảng 20-30cm để có hiệu quả tốt nhất."
"Tui muốn thử makeup kiểu 'steampunk', có gì đặc trưng?","Chào bạn, makeup steampunk rất thú vị! Đặc trưng nhất là kết hợp giữa phong cách Victoria cổ điển và yếu tố công nghiệp, máy móc. 

**Các bước chính:**

1.  **Da:** Nền da sáng, mịn, có thể dùng phấn trắng nhẹ.
2.  **Mắt:** Phấn mắt tông nâu, đồng, hoặc xám khói. Vẽ eyeliner đậm, có thể kéo dài và nhấn nhá bằng chi tiết bánh răng, ốc vít nhỏ.
3.  **Môi:** Son đỏ đậm hoặc màu burgundy.
4.  **Điểm nhấn:** Vẽ thêm các chi tiết máy móc bằng eyeliner hoặc sơn chuyên dụng lên mặt, thái dương.

Mục đích là tạo vẻ đẹp cổ điển nhưng mạnh mẽ, có chút ""dị""."
Son màu đỏ rượu có hợp với mọi tone da không?,"Son đỏ rượu không hẳn hợp với mọi tone da, nhưng là màu son rất dễ diện và có nhiều sắc thái phù hợp. 

*   **Da sáng:** Đỏ rượu tươi sáng, thiên hồng sẽ làm da thêm rạng rỡ.
*   **Da trung bình:** Đỏ rượu trầm hơn, pha chút nâu sẽ tạo vẻ ấm áp, quyến rũ.
*   **Da ngăm:** Nên chọn đỏ rượu đậm, có undertone xanh để làm nổi bật làn da và tránh bị ""xịt màu"".

Quan trọng là thử son để tìm ra sắc đỏ rượu phù hợp nhất với bạn!
"
Bà có hay dùng kem lót có chứa chiết xuất cam thảo không? Có tác dụng gì?,"Chào bạn, với vai trò là chuyên gia trang điểm, tôi thường khuyên dùng kem lót chứa chiết xuất cam thảo, và bản thân tôi cũng sử dụng. Chiết xuất cam thảo có khả năng làm sáng da, giảm thâm nám và làm đều màu da. Đồng thời, nó còn giúp làm dịu da, giảm kích ứng, đặc biệt phù hợp với những làn da nhạy cảm. Kem lót có cam thảo giúp lớp nền mịn màng, bám dính tốt hơn và tăng hiệu quả của các bước trang điểm sau.
"
"Làm sao để đánh phấn mắt cho người có mí mắt không đều (bên có mí, bên không)?","Chào bạn, với tình trạng mí mắt không đều, chúng ta cần tạo sự cân bằng bằng phấn mắt.

1. **Tạo dáng:** Dùng phấn màu trung tính đánh đều lên toàn bộ bầu mắt.
2. **Đánh nhấn:** Tập trung đánh phấn tối màu hơn vào mí mắt có mí rõ hơn để tạo chiều sâu.
3. **Tạo mí giả:** Dùng cọ nhỏ đánh phấn tối màu dọc theo đường mí mắt không có mí, hơi kéo dài ra ngoài để tạo hiệu ứng mí mắt.
4. **Tán đều:** Tán kỹ phần viền phấn để không bị lộ ranh giới.

Mục đích là làm cho cả hai bên mắt trông cân đối và hài hòa hơn.
"
"Tui thấy có loại bông tẩy trang hình chữ nhật, dùng có khác gì hình tròn không?","Chào bạn, bông tẩy trang hình chữ nhật và hình tròn đều có công dụng tương tự nhau là làm sạch da. Tuy nhiên, bông hình chữ nhật có ưu điểm là diện tích bề mặt lớn hơn, giúp bạn lau sạch nhanh chóng và tiết kiệm số lượng bông sử dụng. Đặc biệt, thiết kế này phù hợp để tẩy trang mắt, dễ dàng ôm sát và loại bỏ lớp trang điểm một cách hiệu quả hơn so với bông tròn.
"
Đi xem concert của Taylor Swift nên makeup sao cho 'Swiftie' chính hiệu?,"Để có makeup ""Swiftie"" chính hiệu đi concert Taylor Swift, bạn nên tập trung vào vẻ tươi trẻ, lấp lánh và chút retro nhé!

1.  **Nền:** Chọn nền nhẹ nhàng, tự nhiên, che phủ vừa phải.
2.  **Mắt:** Phấn mắt màu pastel hoặc nhũ vàng/bạc, vẽ eyeliner mỏng và mascara.
3.  **Má:** Má hồng đào hoặc cam san hô để khuôn mặt ửng hồng.
4.  **Môi:** Son đỏ tươi hoặc hồng baby, có thể thêm chút son bóng.
5.  **Điểm nhấn:** Đừng quên highlight vùng gò má, sống mũi và nhân trung để bắt sáng!

Lý do: Phong cách của Taylor thường tươi sáng, nữ tính và có chút hoài cổ."
Bà có hay dùng nước ép dưa chuột để làm toner không?,"Chào bạn, với kinh nghiệm trang điểm của mình, tôi không thường xuyên sử dụng nước ép dưa chuột làm toner. Dù dưa chuột có tính cấp ẩm, làm dịu da tốt, nhưng nước ép dưa chuột tươi không ổn định, dễ bị oxy hóa và nhiễm khuẩn. 

Thay vào đó, tôi ưu tiên các toner có chứa thành phần dưa chuột đã được xử lý, kết hợp với các hoạt chất khác để tăng hiệu quả và đảm bảo an toàn cho da. Bạn có thể cân nhắc sử dụng các sản phẩm toner có chiết xuất dưa chuột từ các thương hiệu uy tín.
"
"Tui mới mua cây son thỏi mà nó bị gãy ngang thân, có nối lại được không?","Chào bạn, rất tiếc khi cây son thỏi của bạn bị gãy! Hoàn toàn có thể nối lại son được đó. Bạn có thể dùng bật lửa hơ nhẹ phần thân son bị gãy (khoảng 5-10 giây mỗi bên) để làm chảy nhẹ lớp sáp, sau đó ghép chúng lại và giữ chặt trong vài giây cho son đông lại. Lưu ý hơ nhanh tay để tránh làm son bị biến dạng nhé. Cách này giúp son tạm thời sử dụng được, nhưng độ chắc chắn không bằng son nguyên vẹn.
"
"Highlight dạng phấn với dạng kem, loại nào dễ bị bay màu hơn?","Chào bạn, với kinh nghiệm trang điểm của mình, tôi nhận thấy highlight dạng phấn thường dễ bị bay màu hơn so với dạng kem. Lý do là vì phấn có kết cấu nhẹ, dễ bị thấm hút bởi dầu trên da và lớp trang điểm nền. Trong khi đó, highlight kem bám dính tốt hơn vào da, đặc biệt là với những công thức chứa silicone, giúp giữ màu lâu hơn và tạo hiệu ứng glow tự nhiên. Tuy nhiên, độ bền màu còn phụ thuộc vào chất lượng sản phẩm và loại da nữa nhé!
"
Tui muốn thử makeup tone hồng neon mà sợ bị chóe quá.,"Chào bạn, mình hiểu nỗi lo của bạn! Tone hồng neon rất nổi bật, dễ bị ""chóe"" nếu không khéo. Để khắc phục, bạn nên:

1. **Chọn màu hồng phù hợp:** Thay vì hồng neon quá chói, hãy chọn hồng baby, hồng san hô hoặc hồng đào.
2. **Kết hợp với màu trung tính:** Đôi mắt dùng màu nude, nâu, hoặc xám. Son môi chọn màu nude, hồng pastel.
3. **Tập trung vào một điểm nhấn:** Chỉ nên nhấn nhá mắt hoặc môi bằng hồng neon, tránh dùng cả hai cùng lúc.
4. **Đánh nhẹ tay:** Phủ nhẹ nhàng để màu không quá đậm.

Chúc bạn thành công với makeup tone hồng neon nhé!
"
Môi bị khô và nứt ở khóe miệng thì tô son sao cho không bị lem?,"Chào bạn, với môi khô nứt ở khóe miệng, việc tô son cần cẩn thận để tránh lem.

**Bước 1:** Tẩy tế bào chết nhẹ nhàng và dưỡng ẩm môi kỹ lưỡng bằng son dưỡng.
**Bước 2:** Dùng chì kẻ môi để viền rõ, đặc biệt ở khóe miệng, tạo ""hàng rào"" ngăn son lem.
**Bước 3:** Tô son từ giữa môi ra ngoài, tránh tô trực tiếp vào vùng nứt.
**Bước 4:** Dặm lại bằng khăn giấy để loại bỏ son thừa.

Việc dưỡng ẩm và kẻ viền môi là chìa khóa để son bám tốt và không bị lem.
"
Phấn phủ bột có làm lớp nền bị xỉn màu vào cuối ngày không?,"Chào bạn, câu hỏi rất hay! Đúng là phấn phủ bột có thể khiến lớp nền bị xỉn màu theo thời gian, đặc biệt với da khô hoặc da trưởng thành. Lý do là vì phấn phủ bột có xu hướng hút dầu và làm mất đi độ ẩm tự nhiên của da, khiến lớp nền bị ""ăn"" vào da và oxy hóa. 

Để hạn chế tình trạng này, bạn nên:
1. Chọn phấn phủ bột có chứa thành phần dưỡng ẩm.
2. Sử dụng lượng phấn vừa đủ, tập trung vào vùng chữ T.
3. Ưu tiên phấn phủ trong suốt (translucent) thay vì phấn màu.
"
"Tui thấy có mascara có đầu cọ hình chữ Z, công dụng gì vậy?","Chào bạn, mascara với đầu cọ hình chữ Z (hay còn gọi là brush hình zig-zag) có công dụng chính là giúp chải đều và tách từng sợi mi, tránh tình trạng mi bị vón cục. Thiết kế này cho phép bạn tiếp cận được cả những sợi mi nhỏ, khó thấy ở góc mắt và mi dưới. Kết quả là bạn sẽ có hàng mi trông dày, dài và cong tự nhiên hơn, không bị nặng nề hay giả tạo.
"
Làm sao để chọn màu son cho người da vàng không bị trông mệt mỏi?,"Chào bạn! Với làn da vàng, việc chọn son cần lưu ý để tránh trông xỉn màu, mệt mỏi. 

**Bước 1:** Ưu tiên các tông ấm như cam san hô, hồng đào, đỏ cam. Những màu này sẽ làm da sáng hơn.
**Bước 2:** Tránh son quá tối hoặc có undertone lạnh (tím, xanh) vì sẽ làm da trông xám xịt.
**Bước 3:** Son nude nên chọn màu có chút cam hoặc đào để không ""dìm"" da.
**Lý do:** Màu ấm trung hòa sắc tố vàng của da, tạo hiệu ứng tươi tắn, rạng rỡ.
"
Bà có hay dùng cọ để tán kem mắt không hay dùng ngón tay út?,"Chào bạn, với kinh nghiệm trang điểm của mình, tôi thường ưu tiên dùng cọ tán kem mắt hơn là ngón tay út. Cọ giúp kiểm soát lượng kem tốt hơn, tránh tình trạng kem bị vón cục hoặc quá nhiều ở một vùng. Hơn nữa, cọ còn giúp tán kem đều và mịn hơn, đặc biệt là ở vùng da mắt nhạy cảm. Tuy nhiên, nếu bạn thích cảm giác ấm áp từ ngón tay và muốn kem hòa quyện tốt với da, dùng ngón tay út cũng là một lựa chọn chấp nhận được.
"
Đi đám cưới bạn thân là người Hoa nên makeup sao cho hợp văn hóa?,"Chào bạn, để makeup phù hợp cho đám cưới bạn thân người Hoa, bạn nên ưu tiên sự tươi tắn, rạng rỡ và tránh các màu sắc quá nổi bật.

1.  **Nền:** Chọn nền mịn, che phủ tốt nhưng vẫn tự nhiên.
2.  **Mắt:** Phấn mắt màu hồng đào, cam đất hoặc nâu nhạt. Kẻ mắt mảnh, không quá dài.
3.  **Má:** Hồng đào nhẹ nhàng để tạo vẻ phúc hậu.
4.  **Môi:** Son màu hồng san hô hoặc đỏ cam tươi tắn.

Tránh makeup quá cầu kỳ, lấp lánh vì văn hóa Hoa đề cao sự tinh tế, nhẹ nhàng."
Tẩy trang dầu có làm cay mắt nếu mở mắt khi đang nhũ hóa không?,"Chào bạn,

Tẩy trang dầu có thể gây cay mắt nếu mở mắt khi đang nhũ hóa, nhưng mức độ cay sẽ tùy thuộc vào loại dầu và độ nhạy cảm của mắt bạn. Lý do là vì dầu tẩy trang có thể hòa tan dầu tự nhiên trên bề mặt mắt, gây kích ứng.

Để tránh cay mắt, bạn nên:

1.  **Nhắm mắt kín** trong quá trình massage và nhũ hóa.
2.  **Sử dụng tẩy trang chuyên dụng cho mắt** nếu cần thiết.
3.  **Rửa lại mắt bằng nước sạch** ngay sau khi tẩy trang.
"
"Tui mới nhuộm tóc màu đỏ rượu, nên kẻ mày màu gì?","Chào bạn! Với tóc màu đỏ rượu đầy cá tính, mình khuyên bạn nên chọn kẻ mày màu nâu lạnh hoặc nâu tro. Màu này sẽ cân bằng được sự ấm áp của tóc đỏ, tránh làm tổng thể khuôn mặt bị ""lệch tông"". 

Nếu bạn thích phong cách sắc sảo hơn, có thể thử màu xám nâu. Tuyệt đối tránh các màu nâu ấm hoặc đỏ, vì sẽ khiến lông mày trông không tự nhiên và ""đụng"" với màu tóc.
"
"Son kem của Colourpop Lux Liquid Lip với Maybelline Sensational Liquid Matte, loại nào chất son mịn hơn?","Chào bạn,

Về độ mịn của son kem, **ColourPop Lux Liquid Lip** thường được đánh giá cao hơn **Maybelline Sensational Liquid Matte**. ColourPop có chất son lỏng, nhẹ, dễ tán và finish mịn lì như nhung, tạo cảm giác thoải mái trên môi. 

Trong khi đó, Maybelline có texture đặc hơn, có thể hơi dính và dễ bị vón cục nếu không tán nhanh tay. Tuy nhiên, Maybelline lại có độ bám màu tốt hơn một chút.
"
Kem lót màu be có tác dụng gì đặc biệt không?,"Kem lót màu be có nhiều tác dụng đặc biệt, đặc biệt với những người có làn da không đều màu hoặc xỉn màu. Đầu tiên, nó giúp trung hòa các sắc tố đỏ hoặc tím trên da, tạo lớp nền sáng và tươi tắn hơn. Thứ hai, kem lót be có thể che đi nhẹ các vết thâm nám, lỗ chân lông to, giúp da mịn màng hơn trước khi đánh phấn nền. Cuối cùng, nó còn giúp lớp nền bám lâu hơn.
"
Bà có hay dùng phấn mắt dạng bột lỏng (loose pigment) không? Có khó dùng không?,"Chào bạn, tôi có sử dụng phấn mắt dạng bột lỏng (loose pigment) trong các buổi trang điểm chuyên nghiệp và cá nhân. Phấn mắt này có độ bám màu cao, khả năng lên màu chuẩn và tạo hiệu ứng lấp lánh độc đáo.

Tuy nhiên, phấn mắt bột lỏng có thể hơi khó dùng với người mới bắt đầu. Bạn cần dùng cọ chuyên dụng, ""gắp"" lượng phấn vừa đủ và đánh nhẹ lên mắt để tránh rơi vãi. Nên dùng kem lót mắt trước khi đánh để phấn bám tốt hơn.
"
Làm sao để mi giả không bị cảm giác như sắp rơi ra?,"Để mi giả bám dính tốt và không bị cảm giác sắp rơi, bạn cần thực hiện các bước sau:

1. **Uốn mi:** Uốn mi thật trước khi dán mi giả để mi thật hòa quyện với mi giả.
2. **Bôi keo:** Bôi một lớp keo mỏng, đều lên viền mi giả, đợi keo hơi khô (khoảng 30 giây) để tăng độ dính.
3. **Dán mi:** Căn chỉnh mi giả sát chân mi thật, dùng nhíp hoặc tăm bông ấn nhẹ để mi giả bám dính hoàn toàn.
4. **Kết hợp mascara:** Chuốt nhẹ mascara để mi thật và mi giả hòa quyện vào nhau, tăng độ tự nhiên và chắc chắn.
"
Son màu hồng phấn có hợp với người răng không được trắng lắm không?,"Chào bạn,

Son màu hồng phấn có thể ""kén"" một chút với những bạn răng không trắng. Màu son này có xu hướng làm nổi bật sự ố vàng của răng. Tuy nhiên, bạn vẫn có thể dùng được nếu:

1.  **Chọn tông hồng có chút tím:** Hồng tím sẽ trung hòa sắc vàng trên răng.
2.  **Sử dụng kem che khuyết điểm:** Che nhẹ khuyết điểm răng trước khi đánh son.
3.  **Kết hợp với lớp son lót:** Giúp son lên màu chuẩn và giảm bám vào răng.

Quan trọng nhất là bạn tự tin với lựa chọn của mình nhé!
"
Tui dùng phấn phủ mà sao vẫn bị hiện tượng nền bị mốc ở hai bên cánh mũi?,"Chào bạn, hiện tượng nền bị mốc ở hai bên cánh mũi khi dùng phấn phủ rất phổ biến. Nguyên nhân thường do vùng này da khô và có nhiều nếp gấp. Để khắc phục, bạn nên:

1. **Dưỡng ẩm kỹ:** Dưỡng ẩm đầy đủ trước khi trang điểm.
2. **Chọn phấn phủ phù hợp:** Ưu tiên phấn phủ dạng bột mịn, có chứa dưỡng ẩm hoặc phấn nước.
3. **Tập trung đánh phấn:** Đánh phấn phủ nhẹ nhàng, tập trung vào vùng chữ T, tránh đánh quá nhiều ở hai bên cánh mũi.
4. **Sử dụng cọ mềm:** Cọ mềm giúp phấn phủ bám đều hơn, không gây mốc.
"
"Đi dự tiệc sinh nhật con của sếp nên makeup sao cho thân thiện, dễ mến?","Chào bạn, để có một lớp trang điểm thân thiện, dễ mến khi dự tiệc sinh nhật con sếp, bạn nên ưu tiên sự tự nhiên.

1.  **Nền:** Dùng kem nền mỏng nhẹ, che khuyết điểm vừa đủ.
2.  **Mắt:** Phấn mắt màu hồng đào, cam đất hoặc nâu nhạt. Kẻ mắt mảnh, dùng mascara nhẹ nhàng.
3.  **Má:** Hồng đào hoặc cam san hô để tạo vẻ tươi tắn.
4.  **Môi:** Son màu hồng nude, cam san hô hoặc đỏ cam tươi tắn.

Tránh makeup quá đậm, tập trung vào sự tươi tắn, rạng rỡ để tạo thiện cảm nhé!
"
Bà có bao giờ dùng bột cám gạo để rửa mặt không?,"Chào bạn, với kinh nghiệm trang điểm và chăm sóc da của mình, tôi đã từng sử dụng bột cám gạo để rửa mặt và thấy khá hiệu quả. Cám gạo chứa nhiều vitamin và khoáng chất, giúp làm sạch nhẹ nhàng, loại bỏ tế bào chết và làm sáng da. Tuy nhiên, cần lưu ý chọn loại cám gạo nguyên chất, không pha trộn, và không nên lạm dụng vì có thể gây khô da. Rửa mặt với cám gạo 2-3 lần/tuần là phù hợp.
"
"Tui muốn mua cọ tán phấn mắt để nhấn đuôi mắt (outer V), nên chọn loại nào?","Chào bạn, để nhấn đuôi mắt (outer V) hiệu quả, bạn nên chọn cọ tán phấn mắt đầu vát, nhỏ và mềm mại. Cọ đầu vát giúp bạn dễ dàng tạo hình chữ V sắc nét. Kích thước nhỏ giúp kiểm soát lượng phấn tốt hơn, tránh lem. Chất lông mềm mại giúp phấn lên màu đều và không gây kích ứng da. Bạn có thể tham khảo các loại cọ của Real Techniques hoặc Sigma.
"
"Cushion của Shiseido Synchro Skin Self-Refreshing Cushion Compact với Estee Lauder Double Wear Cushion BB, loại nào kiềm dầu và che phủ tốt hơn?","Chào bạn,

Về khả năng kiềm dầu và che phủ, Shiseido Synchro Skin Cushion Compact vượt trội hơn Estee Lauder Double Wear Cushion BB. Shiseido có công nghệ ""Synchro Skin"" giúp điều chỉnh lượng dầu thừa theo cơ địa da, giữ lớp nền khô thoáng lâu hơn. 

Về độ che phủ, Shiseido có độ che phủ tầm trung đến cao, đủ để che các vết đỏ, lỗ chân lông, trong khi Estee Lauder thiên về che phủ nhẹ nhàng, tự nhiên hơn. Nếu da bạn dầu và cần che phủ tốt, Shiseido là lựa chọn tốt hơn.
"
"Tui muốn thử makeup kiểu 'pastel goth', có gì khác 'goth' thường?","Chào bạn, ""pastel goth"" là một nhánh của phong cách goth, nhưng mềm mại và nữ tính hơn. Goth truyền thống thường dùng màu đen chủ đạo, nhấn mạnh sự u ám, bí ẩn. Còn pastel goth kết hợp màu đen với các tông pastel như hồng, xanh dương, tím nhạt. 

Để makeup pastel goth, bạn vẫn dùng mắt đen, eyeliner đậm, nhưng thêm màu pastel vào mắt hoặc má. Son môi có thể là đen, hoặc các màu pastel tối như mauve (hồng tím). Quan trọng là tạo sự tương phản giữa tối và sáng, u ám và ngọt ngào.
"
"Mascara bị khô và đầu cọ dính đầy mascara cục, làm sao làm sạch?","Chào bạn, tình trạng mascara bị khô và vón cục rất phổ biến. Để làm sạch, bạn có thể áp dụng các bước sau:

1. **Ngâm đầu cọ trong nước ấm:** Nước ấm giúp làm mềm mascara.
2. **Dùng tăm bông hoặc kim:** Nhẹ nhàng loại bỏ các cục mascara khô bám trên đầu cọ.
3. **Lau sạch bằng khăn giấy:** Loại bỏ hoàn toàn cặn mascara.
4. **Thêm vài giọt dung dịch dưỡng ẩm cho mắt:** Giúp mascara không bị khô nhanh.

Việc vệ sinh thường xuyên giúp mascara bền lâu và đảm bảo an toàn cho mắt.
"
Son màu hồng trà sữa có hợp với đi làm hàng ngày không?,"Chào bạn,

Son màu hồng trà sữa hoàn toàn phù hợp để đi làm hàng ngày! Đây là một màu son rất nhẹ nhàng, tự nhiên, tạo cảm giác tươi tắn, thanh lịch mà không quá nổi bật. Màu son này dễ dàng phối hợp với nhiều trang phục công sở khác nhau, từ áo sơ mi, chân váy đến vest. 

Để hoàn thiện, bạn nên chọn chất son mềm mịn, không quá bóng để giữ vẻ chuyên nghiệp. Nếu muốn, bạn có thể kết hợp thêm chút son dưỡng để đôi môi luôn căng mọng.
"
Bà có hay dùng kem lót có chứa SPF cao (50+) không? Có cần dùng thêm KCN không?,"Chào bạn, với vai trò chuyên gia trang điểm, tôi thường khuyên các khách hàng nên ưu tiên kem lót có SPF, nhưng **không nên quá phụ thuộc vào chỉ số SPF trên kem lót**. SPF 50+ trong kem lót giúp bảo vệ da ở mức độ nhất định, nhưng lượng kem lót sử dụng thường ít, không đủ để đạt hiệu quả KCN tối ưu. 

**Do đó, vẫn cần dùng thêm kem chống nắng (KCN) chuyên dụng** với lượng đủ (khoảng 1/4 thìa cà phê cho mặt) trước khi đánh kem lót để đảm bảo bảo vệ da toàn diện trước tác hại của tia UV.
"
Làm sao để đánh phấn mắt không bị lem khi đeo kính cận?,"Để đánh phấn mắt không bị lem khi đeo kính cận, bạn cần lưu ý các bước sau:

1. **Sử dụng phấn mắt chất lượng:** Chọn phấn mắt lì hoặc có ít nhũ, bám tốt.
2. **Che phủ vùng da mắt:** Dùng kem lót mắt (eye primer) để tạo lớp nền bám dính, chống thấm mồ hôi.
3. **Đánh phấn mắt gần chân mi:** Tập trung phấn mắt vào vùng gần chân mi trên, tránh đánh quá cao.
4. **Sử dụng mascara chống thấm nước:** Giúp hạn chế lem khi kính chạm vào mi.
5. **Thấm dầu thường xuyên:** Dùng giấy thấm dầu để loại bỏ dầu thừa trên vùng mắt.
"
"Tui thấy có loại mút tán nền hình quả bơ, dùng có khác gì không?","Chào bạn, mút tán nền hình quả bơ đang rất được ưa chuộng vì thiết kế độc đáo và công dụng đặc biệt đó! So với mút tán nền hình trứng thông thường, quả bơ có phần đầu nhọn và vát giúp dễ dàng tán kem nền vào các vùng khó như khóe mũi, bọng mắt. Phần thân tròn giúp tán nhanh chóng trên diện tích lớn. Chất liệu mút cũng mềm mại, cho lớp nền mịn lì, tự nhiên hơn. Bạn nên dùng mút này khi muốn có lớp nền hoàn hảo, chuyên nghiệp nhé!
"
Đi tiệc sinh nhật sếp nên makeup sao cho vừa đẹp vừa không bị quá lố?,"Chào bạn, để makeup đi tiệc sinh nhật sếp vừa đẹp, vừa lịch sự, bạn nên ưu tiên phong cách trang điểm tự nhiên, tinh tế.

1.  **Chuẩn bị da:** Dưỡng ẩm kỹ để lớp nền mịn màng.
2.  **Nền:** Chọn foundation/BB cream mỏng nhẹ, che khuyết điểm vừa đủ.
3.  **Mắt:** Phấn mắt tone màu trung tính (nâu, cam đất), kẻ eyeliner mảnh, mascara nhẹ nhàng.
4.  **Má:** Phấn má hồng tone đào hoặc hồng san hô, đánh nhẹ nhàng.
5.  **Môi:** Son màu nude, hồng baby hoặc đỏ cam tươi tắn.

Tránh makeup quá đậm, đặc biệt là phần mắt và môi. Quan trọng nhất là sự tự tin và nụ cười!
"
Bà có hay dùng mặt nạ giấy có chứa collagen không?,"Chào bạn, với vai trò là chuyên gia trang điểm, tôi rất hay sử dụng mặt nạ giấy chứa collagen. Collagen là protein tự nhiên giúp tăng độ đàn hồi và giữ ẩm cho da. Việc sử dụng mặt nạ collagen thường xuyên (2-3 lần/tuần) giúp da căng bóng, giảm nếp nhăn và cải thiện kết cấu da. Đây là bước chuẩn bị quan trọng trước khi trang điểm, giúp lớp nền mịn màng và bám dính tốt hơn.
"
"Tui mới mua cây son kem mà nó bị tách lớp dầu ra, có dùng được nữa không?","Chào bạn, son kem bị tách lớp dầu là tình trạng khá phổ biến. Bạn vẫn có thể sử dụng được, nhưng cần trộn đều son lại trước khi dùng bằng tăm hoặc que sạch. 

Nguyên nhân tách lớp thường do sự thay đổi nhiệt độ hoặc thành phần son không ổn định. Trộn đều giúp son đồng nhất màu và chất lại, nhưng nếu tình trạng này xảy ra liên tục, có lẽ bạn nên cân nhắc ngừng sử dụng để đảm bảo an toàn cho môi nhé.
"
"Phấn phủ bột của Pat McGrath Labs Skin Fetish: Sublime Perfection Setting Powder với Natasha Denona Invisible HD Face Powder, loại nào xịn hơn?","Chào bạn, cả hai loại phấn phủ này đều rất tốt và được đánh giá cao. Tuy nhiên, **Pat McGrath Labs Skin Fetish** có lẽ ""xịn"" hơn một chút về độ mịn và khả năng làm mờ lỗ chân lông, cho lớp nền hoàn hảo, đặc biệt khi chụp ảnh. **Natasha Denona** thiên về khả năng kiềm dầu tốt hơn, phù hợp với da dầu nhiều hơn. Lựa chọn cuối cùng phụ thuộc vào loại da và nhu cầu cá nhân của bạn.
"
"Tui muốn thử makeup kiểu 'alien' (người ngoài hành tinh) cho cosplay, có gì đặc trưng?","Chào bạn, makeup ""alien"" rất thú vị! Đặc trưng của kiểu makeup này là màu sắc nổi bật, khác thường như xanh lá, tím, bạc, hoặc kết hợp chúng. Bạn có thể dùng phấn mắt, son môi, hoặc thậm chí sơn body để tạo hiệu ứng da màu. 

Thêm các chi tiết như đính đá, kim tuyến, vẽ đường nét hình học sắc sảo, hoặc sử dụng lens mắt đặc biệt để tăng tính ""ngoài hành tinh"". Đừng ngại sáng tạo và phá cách nhé!
"
Môi bị khô quanh năm thì có nên dùng son gió không?,"Chào bạn, với đôi môi khô quanh năm, việc dùng son gió cần cân nhắc. Son gió (lip tint) thường có xu hướng làm khô môi hơn các loại son dưỡng hoặc son kem ẩm. 

**Lời khuyên:**

1.  **Tẩy tế bào chết:** Loại bỏ da chết giúp son lên màu tốt hơn và giảm tình trạng bong tróc.
2.  **Dưỡng ẩm:** Bắt buộc dùng son dưỡng trước khi đánh son gió.
3.  **Chọn loại son gió:** Ưu tiên các công thức có thành phần dưỡng ẩm như hyaluronic acid, vitamin E.
4.  **Cấp ẩm thường xuyên:** Đánh son dưỡng sau khi son gió phai màu."
"Làm sao để chọn màu kem lót cho da bị sạm, không đều màu?","Chào bạn, với làn da sạm màu và không đều màu, bạn nên chọn kem lót có tông màu đào hoặc cam san hô. Những tông màu này sẽ giúp trung hòa các đốm đen, quầng thâm và làm sáng da tổng thể. 

Đặc biệt, ưu tiên các sản phẩm có chứa thành phần dưỡng sáng, giúp cải thiện sắc tố da theo thời gian. Tránh kem lót màu tím hoặc xanh lá cây vì có thể làm da trông xám xịt hơn.
"
Bà có hay dùng bông tẩy trang tái sử dụng bằng sợi tre không?,"Chào bạn, với vai trò là chuyên gia trang điểm, tôi rất ủng hộ việc sử dụng bông tẩy trang tái sử dụng làm từ sợi tre. Chúng là lựa chọn tuyệt vời vì thân thiện với môi trường, mềm mại với da và có khả năng tẩy trang hiệu quả. 

Tôi thường dùng chúng để tẩy trang mắt, thoa toner hoặc đắp mặt nạ. Sau khi sử dụng, tôi sẽ giặt sạch bằng xà phòng dịu nhẹ và phơi khô để tái sử dụng nhiều lần, giúp tiết kiệm chi phí và giảm thiểu rác thải.
"
