Question,Answer
Làm sao nhận diện chai tẩy trang dạng sữa?,"Chai tẩy trang dạng sữa thường có kết cấu lỏng nhẹ, màu trắng đục hoặc ngà. Bao bì thường ghi rõ ""makeup remover"", ""cleansing milk"" hoặc ""lait démaquillant"". Khi lắc, sản phẩm không bị tách lớp như dầu. Chất sữa dễ dàng tán đều trên da, làm mềm và loại bỏ makeup nhẹ nhàng."
Cách chọn son môi cho buổi tiệc cuối năm?,"Để chọn son cho tiệc cuối năm, hãy cân nhắc trang phục và tông da. Da sáng hợp đỏ tươi, cam đất; da trung bình hợp hồng đất, đỏ cherry; da ngăm hợp đỏ nâu, tím berry. Son kem lì hoặc son satin giúp bền màu, sang trọng. Đừng ngại thử các màu son có ánh nhũ để tăng thêm vẻ lấp lánh cho buổi tiệc nhé!"
Tại sao cần dùng cọ sạch để thoa kem che khuyết điểm?,"Sử dụng cọ sạch khi thoa kem che khuyết điểm rất quan trọng vì: * **Vệ sinh:** Cọ bẩn chứa vi khuẩn, gây mụn và kích ứng da. * **Độ chính xác:** Cọ sạch giúp tán kem đều, không bị vón cục, che phủ khuyết điểm hiệu quả hơn. * **Màu sắc chuẩn:** Cọ bẩn có thể làm thay đổi màu kem, ảnh hưởng đến kết quả trang điểm."
Hộp phấn phủ dạng lỏng có đặc điểm gì?,"Phấn phủ dạng lỏng là kết hợp giữa phấn và kem nền, mang lại lớp nền mịn lì, tự nhiên. Ưu điểm nổi bật là khả năng che phủ tốt, kiềm dầu hiệu quả và dễ dàng tán đều trên da. Sản phẩm thường phù hợp với mọi loại da, đặc biệt là da dầu và hỗn hợp, giúp lớp trang điểm bền lâu."
Cách chọn cọ để tán phấn mắt nhũ lỏng?,"Để tán phấn mắt nhũ lỏng, nên chọn cọ đầu dẹt, nhỏ và dày đặc lông. Chất lông tổng hợp (synthetic) sẽ giúp nhũ bám tốt hơn, không bị hút vào lông tự nhiên. Cọ cần đủ cứng cáp để lấy và truyền nhũ, nhưng vẫn mềm mại để không gây kích ứng da mắt."
Làm sao nhận diện lọ kem dưỡng mắt?,"Kem dưỡng mắt thường có kết cấu nhẹ, mịn hơn kem dưỡng da mặt. Bao bì thường nhỏ, có vòi bơm hoặc nắp xoay để dễ dàng lấy lượng sản phẩm vừa đủ. Thành phần chính bao gồm các hoạt chất chống lão hóa, cấp ẩm và làm sáng vùng da mắt mỏng manh. Hãy tìm các ký hiệu như ""Eye Cream"" hoặc ""Eye Contour"" trên sản phẩm."
Cách tạo makeup cho buổi đi dạo phố?,"Để có makeup tự nhiên cho buổi đi dạo phố, hãy ưu tiên sự nhẹ nhàng. Sử dụng kem nền mỏng, che khuyết điểm ở vùng cần thiết. Phấn má hồng tone đào hoặc cam đất giúp khuôn mặt tươi tắn. Kẻ mắt mảnh, mascara nhẹ nhàng và son dưỡng/son tint màu tự nhiên là hoàn hảo. Đừng quên kem chống nắng nhé!"
Tại sao cần dùng son dưỡng có SPF cho môi?,"Son dưỡng có SPF rất cần thiết để bảo vệ môi khỏi tác hại của ánh nắng mặt trời. Môi mỏng manh, dễ bị cháy nắng, khô ráp và lão hóa sớm. SPF trong son dưỡng giúp ngăn ngừa các dấu hiệu này, giảm nguy cơ ung thư da môi và giữ cho đôi môi luôn mềm mại, khỏe mạnh."
Cọ tán phấn má hồng dạng lớn có đặc điểm gì?,"Cọ tán phấn má hồng dạng lớn có lông mềm mại, đầu cọ xù xì và kích thước lớn. Thiết kế này giúp lấy lượng phấn vừa đủ, tán đều phấn má hồng trên gò má một cách nhanh chóng, tạo hiệu ứng má ửng hồng tự nhiên, nhẹ nhàng. Cọ phù hợp với phấn má hồng dạng bột và cả dạng kem."
Kỹ thuật makeup 'bold red' là gì?,"Kỹ thuật ""bold red"" là xu hướng trang điểm tập trung vào đôi môi đỏ rực rỡ, là điểm nhấn chính của toàn bộ gương mặt. Làn da thường được giữ tự nhiên, trong trẻo với lớp nền mỏng nhẹ, đôi mắt trang điểm tối giản (thường chỉ dùng mascara) để làm nổi bật sắc đỏ quyền lực của son môi."
Làm sao nhận diện chai xịt dưỡng da dạng dầu?,"Để nhận diện chai xịt dưỡng da dạng dầu, bạn hãy chú ý các điểm sau: * **Kết cấu:** Lớp xịt thường đặc hơn, có cảm giác nhờ rít nhẹ khi xịt lên da. * **Thành phần:** Tìm các thành phần dầu như dầu argan, dầu jojoba, dầu hạt nho... * **Màu sắc:** Một số sản phẩm có màu vàng nhạt hoặc trong suốt, hơi đục. * **Nhãn mác:** Thường"
Cách chọn phấn mắt cho buổi đi hẹn sáng?,"Để có đôi mắt tươi tắn cho buổi hẹn sáng, hãy ưu tiên các tông màu trung tính, nhẹ nhàng như hồng đào, cam đất, hoặc nâu nhạt. Chất phấn mịn, dễ tán là lựa chọn tốt. Tránh các màu quá đậm hoặc nhũ quá nhiều để tránh vẻ nặng nề. Bạn có thể kết hợp 2-3 màu để tạo chiều sâu nhẹ nhàng cho đôi mắt."
Tại sao cần dùng kem lót cho vùng chữ T?,"Kem lót cho vùng chữ T (trán, mũi, cằm) rất cần thiết vì đây là khu vực dễ đổ dầu, bóng nhờn và có lỗ chân lông to. Kem lót giúp: * **Kiểm soát dầu:** Giữ cho lớp nền không bị trôi, bền màu hơn. * **Làm mịn da:** Che phủ lỗ chân lông, tạo bề mặt mịn màng cho lớp nền. * **Tăng độ bám:** Giúp phấn nền bám"
Cọ tán phấn mắt dạng blending có đặc điểm gì?,"Cọ tán phấn mắt dạng blending có lông mềm mại, thường hình tròn hoặc hình oval, đầu cọ xù xì. Thiết kế này giúp hòa trộn các màu phấn mắt một cách tự nhiên, không để đường viền sắc nét. Cọ blending lý tưởng để tạo chiều sâu cho mắt và làm mờ các cạnh phấn, mang đến đôi mắt có chiều sâu và cuốn hút."
Kỹ thuật makeup 'pastel dream' là gì?,"""Pastel dream"" là xu hướng trang điểm sử dụng các gam màu pastel nhẹ nhàng, mơ màng như hồng, xanh lavender, đào... Kỹ thuật này tập trung vào đôi mắt với phấn mắt ombre mềm mại, đôi khi thêm chút nhũ. Gương mặt thường được trang điểm tự nhiên, trong trẻo với má hồng phớt và son môi tone nude hoặc hồng pastel."
Làm sao nhận diện hộp phấn mắt dạng gel?,"Hộp phấn mắt dạng gel thường có kết cấu đặc hơn phấn bột, gần như sáp hoặc kem. Chúng thường được đựng trong lọ thủy tinh nhỏ hoặc hộp nhựa với nắp đậy kín. Khi chạm vào, bạn sẽ cảm nhận được độ ẩm và mịn màng, khác với phấn mắt khô ráo, tơi xốp. Màu sắc thường đậm đà, sắc nét hơn."
Tại sao cần dùng tẩy trang mắt chuyên dụng?,"Tẩy trang mắt chuyên dụng cần thiết vì vùng da mắt mỏng manh và nhạy cảm hơn các vùng khác. Mascara, eyeliner chống thấm nước rất khó làm sạch bằng sữa rửa mặt thông thường, dễ gây thâm, nếp nhăn. Tẩy trang mắt giúp loại bỏ hoàn toàn makeup, nhẹ nhàng làm sạch, bảo vệ vùng da này khỏe mạnh."
Cọ tán kem nền dạng vát có đặc điểm gì?,"Cọ tán kem nền dạng vát có thiết kế đầu cọ nghiêng, giúp dễ dàng che phủ các vùng khó như quanh mũi, mắt và các khuyết điểm nhỏ. Cọ phù hợp với cả kem nền lỏng và kem nền đặc, cho lớp nền mịn màng, tự nhiên và kiểm soát lượng sản phẩm tốt hơn so với các loại cọ khác."
Làm sao nhận diện lọ nước tẩy trang dạng bọt?,"Nước tẩy trang dạng bọt thường có kết cấu lỏng, khi ấn vòi sẽ tạo ra lớp bọt mịn, dày. Bao bì thường ghi rõ ""foam cleanser"" hoặc ""bọt"". Khi sử dụng, bạn sẽ cảm nhận sự nhẹ nhàng, làm sạch sâu mà không gây khô da. Hãy chú ý thành phần có chứa các chất tạo bọt như Cocamidopropyl Betaine."
Cách chọn son môi cho buổi tiệc ngoài bãi biển?,"Để chọn son môi cho tiệc ngoài bãi biển, ưu tiên các màu tươi sáng, rực rỡ như cam san hô, hồng đào, hoặc đỏ cam. Chất son nên là lì hoặc bán lì, có khả năng chống nước và bền màu tốt. Tránh các màu quá tối hoặc bóng, vì chúng dễ bị lem và không phù hợp với không khí mùa hè. Đừng quên thoa son dưỡng trước"
Tại sao cần dùng kem dưỡng da trước primer?,"Kem dưỡng da là bước nền quan trọng trước primer. Nó cung cấp độ ẩm, làm mềm da và giúp làm dịu các vấn đề như khô, bong tróc. Primer sẽ bám tốt hơn trên bề mặt da được dưỡng ẩm, giúp lớp nền mịn màng, bền vững và tránh tình trạng cakey (mốc da)."
Cọ tán phấn mắt dạng góc có đặc điểm gì?,"Cọ tán phấn mắt dạng góc có lông cọ vát chéo, tạo hình góc cạnh. Cọ này lý tưởng để tán phấn vào hốc mắt, tạo chiều sâu và đường nét sắc sảo. Bạn có thể dùng để đánh phấn highlight đường chân mày hoặc tạo đường viền mắt dưới một cách chính xác."
Kỹ thuật makeup 'dewy summer' là gì?,"""Dewy summer"" là kỹ thuật trang điểm tạo hiệu ứng làn da căng bóng, ẩm mượt tự nhiên như sương sớm. Bí quyết nằm ở việc dưỡng ẩm kỹ lưỡng, dùng kem nền mỏng nhẹ, kết hợp highlighter ở gò má, sống mũi, và nhân trung. Thêm chút son dưỡng hoặc son bóng để hoàn thiện vẻ ngoài tươi trẻ, rạng rỡ."
Làm sao nhận diện chai xịt dưỡng da ban ngày?,"Chai xịt dưỡng da ban ngày thường có các đặc điểm sau: * **Bao bì:** Thường trong suốt hoặc màu sáng, thiết kế tươi mát. * **Nhãn mác:** Ghi rõ ""dưỡng ẩm"", ""cấp nước"", ""phục hồi"" hoặc ""cho ban ngày"". * **Kết cấu:** Dạng lỏng, nhẹ, dễ thẩm thấu, không gây nhờn dính. * **Thành phần:** Chứa vitamin, chất chống oxy hóa, hoặc SPF (chỉ số chống nắng)."
Cách tạo makeup cho buổi đi xem kịch?,"Để makeup đi xem kịch, hãy ưu tiên vẻ tự nhiên, tinh tế. Nền mịn, nhẹ nhàng; mắt đánh màu trung tính như nâu, cam đất, hoặc chút shimmer. Kẻ mắt mảnh, mascara nhẹ nhàng để mở rộng đôi mắt. Son môi màu nude, hồng đào hoặc đỏ cam trầm là lựa chọn phù hợp. Đừng quên chút má hồng để khuôn mặt tươi tắn!"
Tại sao cần dùng son dưỡng ban ngày có màu?,"Son dưỡng có màu ban ngày vừa giúp dưỡng ẩm, bảo vệ môi khỏi tác động của thời tiết, vừa mang đến sắc màu tự nhiên, tươi tắn. Đây là lựa chọn lý tưởng cho những ngày bạn muốn trang điểm nhẹ nhàng, không cần tô son lì cầu kỳ mà vẫn có đôi môi căng mọng, khỏe mạnh."
Cọ tán phấn highlighter dạng lớn có đặc điểm gì?,"Cọ tán phấn highlighter dạng lớn thường có lông mềm mại, xốp và đầu cọ vát tròn hoặc xéo. Kích thước lớn giúp tán đều highlighter trên diện rộng như gò má, xương ức, tạo hiệu ứng glow tự nhiên, nhanh chóng. Chất lông mềm tránh gây kích ứng, phù hợp với cả da nhạy cảm."
Làm sao nhận diện hộp phấn phủ dạng cream?,"Hộp phấn phủ dạng cream thường có kết cấu mềm mịn, ẩm ướt hơn so với phấn bột. Bạn có thể nhận diện bằng cách: * **Quan sát:** Phấn có vẻ đặc, không khô ráo. * **Chạm:** Khi lấy phấn bằng ngón tay, phấn bám nhẹ, không bay phấn. * **Đóng gói:** Thường được đựng trong hộp kín, có thể có miếng mút hoặc bông phấn đi kèm."
Cách chọn phấn mắt cho buổi tiệc tối công ty?,"Để chọn phấn mắt cho tiệc tối công ty, ưu tiên các màu trung tính như nâu đồng, vàng đồng, hoặc xám tro. Bạn có thể thêm chút nhũ để tăng vẻ lấp lánh. Tránh các màu quá sặc sỡ. Quan trọng nhất là chọn màu phù hợp với màu da và trang phục để tạo sự hài hòa, tinh tế."
Tại sao cần dùng tẩy trang môi chuyên dụng?,"Sử dụng tẩy trang môi chuyên dụng quan trọng vì son môi, đặc biệt là son lì, chứa nhiều sắc tố và dầu khó làm sạch bằng sữa rửa mặt thông thường. Tẩy trang môi giúp loại bỏ hoàn toàn son, ngăn ngừa thâm môi, khô môi và hỗ trợ phục hồi làn môi mềm mại, khỏe mạnh. Đồng thời, nó chuẩn bị cho môi hấp thụ tốt hơn các"
Cọ tán phấn má hồng dạng vát nhỏ có đặc điểm gì?,"Cọ tán phấn má hồng vát nhỏ có lông mềm, đầu cọ vát chéo giúp dễ dàng xác định vị trí và tạo khối cho gò má. Thiết kế này phù hợp để đánh phấn má hồng một cách chính xác, tạo đường nét sắc sảo, đặc biệt lý tưởng cho những người có khuôn mặt nhỏ hoặc thích phong cách trang điểm tự nhiên, tinh tế."
Kỹ thuật makeup 'vibrant coral' là gì?,"Kỹ thuật makeup ""vibrant coral"" tập trung vào việc sử dụng tông màu san hô rực rỡ trên đôi mắt, má và môi. Màu san hô mang đến vẻ tươi trẻ, năng động và tràn đầy sức sống. Kỹ thuật này thường kết hợp với lớp nền nhẹ nhàng, nhấn nhá hàng mi cong và đôi môi căng mọng để tạo nên diện mạo rạng rỡ, phù hợp với mùa"
Làm sao nhận diện lọ kem dưỡng da dạng gel?,"Kem dưỡng da dạng gel thường có kết cấu trong suốt, lỏng nhẹ, mát lạnh khi thoa. Thành phần chính là nước, glycerin hoặc các chất tạo gel khác, ít dầu. Khi dốc ngược lọ, gel sẽ chảy dễ dàng hơn kem đặc. Thường được đóng gói trong lọ hoặc tuýp kín, dùng cho da dầu, hỗn hợp thiên dầu hoặc da nhạy cảm."
Tại sao cần dùng kem lót mắt cho phấn mắt lì?,"Kem lót mắt là bước quan trọng trước khi đánh phấn mắt lì vì vùng da mắt mỏng manh, dễ bị khô và xuất hiện nếp nhăn. Kem lót giúp: * **Tạo lớp nền mịn màng:** Phấn mắt lì bám dính tốt hơn, lên màu chuẩn. * **Ngăn ngừa phấn mắt vón cục:** Giúp tán phấn dễ dàng, không bị lem. * **Giữ màu bền lâu:** Phấn mắt không bị"
Cọ tán phấn tạo khối dạng tròn nhỏ có đặc điểm gì?,"Cọ tán phấn tạo khối dạng tròn nhỏ có lông mềm, đầu cọ nhỏ gọn, hình tròn. Thiết kế này giúp dễ dàng xác định vị trí và tán đều phấn tạo khối ở những vùng nhỏ như xương gò má, sống mũi, hoặc đường viền hàm. Cọ phù hợp với cả phấn kem và phấn bột, cho hiệu ứng tự nhiên, sắc nét."
Làm sao nhận diện chai xịt cố định makeup dạng matte?,"Để nhận diện xịt cố định makeup dạng matte, hãy chú ý các điểm sau: * **Kết cấu:** Xịt matte thường lỏng, nhẹ và không gây dính. * **Thành phần:** Tìm các thành phần kiểm soát dầu như Silica, Zinc PCA. * **Hiệu ứng:** Sau khi xịt, da sẽ khô ráo, mịn lì, giảm bóng dầu rõ rệt. * **Nhãn sản phẩm:** Thường ghi rõ ""Matte"", ""Oil Control"" hoặc ""Long-lasting""."
Cách chọn son môi cho buổi tiệc sinh nhật bạn thân?,"Để chọn son cho tiệc sinh nhật bạn thân, hãy cân nhắc: * **Màu sắc:** Tông da bạn và trang phục. Da sáng hợp đỏ tươi, cam; da ngăm hợp hồng đất, nâu. * **Loại son:** Son kem lì bền màu, son bóng tạo hiệu ứng căng mọng. * **Sở thích:** Ưu tiên màu bạn tự tin nhất! Quan trọng nhất là bạn cảm thấy thoải mái và xinh đẹp"
Tại sao cần dùng mặt nạ giấy trước makeup?,"Mặt nạ giấy trước makeup giúp cấp ẩm sâu, làm dịu da và cải thiện kết cấu da ngay lập tức. Da đủ ẩm sẽ giúp lớp nền mịn màng, bám tốt hơn, tránh tình trạng cakey hay bong tróc. Đồng thời, mặt nạ còn giúp làm giảm đỏng, cho lớp makeup tự nhiên và bền màu hơn."
Cọ tán phấn mắt dạng lông dài có đặc điểm gì?,"Cọ tán phấn mắt lông dài có sợi lông mềm mại, dài và xoe rộng. Thiết kế này giúp dễ dàng lấy và tán đều phấn, đặc biệt phù hợp với các kỹ thuật blending (tạo chuyển màu) và tán phấn trên diện tích rộng như bầu mắt. Cọ lông dài cho hiệu ứng màu sắc nhẹ nhàng, tự nhiên."
Kỹ thuật makeup 'glam rock' là gì?,"Makeup ""glam rock"" lấy cảm hứng từ phong cách thập niên 70, nổi bật với sự lấp lánh, mạnh mẽ và phá cách. Kỹ thuật này tập trung vào mắt với phấn mắt đậm (thường là màu đen, bạc, hoặc xanh lam) tán rộng, kết hợp eyeliner mèo sắc sảo và nhiều nhũ. Son môi thường là màu đậm, và đôi khi có thêm đá lấp lánh trên mặt."
Làm sao nhận diện lọ nước tẩy trang dạng lỏng?,"Nước tẩy trang dạng lỏng thường có kết cấu trong suốt, lỏng nhẹ như nước. Bao bì thường là chai nhựa có vòi nhấn hoặc nắp lật. Khi lắc, bạn sẽ thấy sản phẩm sánh nhẹ, không đặc quánh như kem tẩy trang. Một số loại có thể chứa dầu, nhưng vẫn dễ dàng hòa tan khi thoa lên da."
Tại sao cần dùng kem dưỡng da ban ngày có vitamin E?,"Vitamin E trong kem dưỡng da ban ngày là một chất chống oxy hóa mạnh mẽ, giúp bảo vệ da khỏi tác hại của các gốc tự do từ ô nhiễm, tia UV và các yếu tố môi trường khác. Điều này giúp làm chậm quá trình lão hóa, giảm nếp nhăn và duy trì độ ẩm, cho làn da khỏe mạnh và tươi trẻ suốt cả ngày."
Cọ tán kem che khuyết điểm dạng nhỏ có đặc điểm gì?,"Cọ tán kem che khuyết điểm dạng nhỏ có đầu cọ nhỏ, dẹt hoặc tròn, lông cọ mềm mại và dày đặc. Thiết kế này giúp dễ dàng che phủ các vùng da nhỏ như quầng thâm mắt, mụn, vết thâm một cách chính xác, không gây cakey. Cọ phù hợp với kem che khuyết điểm dạng lỏng hoặc kem."
Làm sao nhận diện hộp phấn mắt dạng mousse?,"Hộp phấn mắt dạng mousse thường có kết cấu mềm mịn, ẩm ướt hơn so với phấn bột thông thường. Khi chạm vào, bạn sẽ cảm nhận được độ bông xốp, dễ tán. Bao bì thường ghi rõ ""mousse eyeshadow"" hoặc mô tả kết cấu kem. Màu sắc thường đậm đà, bám dính tốt và cho lớp finish lì hoặc bóng nhẹ."
Cách chọn phấn mắt cho buổi tiệc brunch?,"Để chọn phấn mắt cho buổi tiệc brunch, hãy ưu tiên các tông màu nhẹ nhàng, tự nhiên như hồng đào, cam đất, hoặc nâu nhạt. Bạn có thể thêm chút ánh nhũ vàng hoặc đồng để đôi mắt thêm tươi sáng. Tránh các màu quá đậm hoặc quá tối để phù hợp với không khí buổi sáng và tạo vẻ ngoài thanh lịch, rạng rỡ."
Tại sao cần dùng tẩy trang dạng dầu cho makeup chống nước?,"Tẩy trang dạng dầu hiệu quả với makeup chống nước vì dầu hòa tan dầu. Sản phẩm này giúp phá vỡ các thành phần chống nước trong mỹ phẩm như mascara, kem nền, son lì, từ đó làm mềm và loại bỏ chúng dễ dàng hơn mà không gây kích ứng da. Dầu tẩy trang cũng giúp làm sạch sâu lỗ chân lông, loại bỏ bụi bẩn và bã nhờn."
Cọ tán phấn phủ dạng lỏng nhỏ có đặc điểm gì?,"Cọ tán phấn phủ dạng lỏng nhỏ có đầu cọ dẹt, lông mềm và dày đặc. Thiết kế này giúp dễ dàng lấy và tán đều lượng phấn phủ lỏng vừa đủ, tập trung vào các vùng da cần che phủ như quầng thâm mắt, vết đỏ hoặc mụn. Cọ tạo lớp nền mỏng nhẹ, tự nhiên, không gây cakey."
"Kỹ thuật makeup 'smokey teal' là gì?"",""Smokey teal dùng phấn mắt xanh lam tán khói kết hợp son nude tạo mắt cuốn hút.""
Làm sao nhận diện chai xịt dưỡng da dạng gel?""","Smokey teal là kỹ thuật trang điểm mắt sử dụng phấn mắt màu xanh teal (xanh ngọc lam) tán đều, tạo hiệu ứng khói mềm mại, thường kết hợp với son môi màu nude để làm nổi bật đôi mắt. Kỹ thuật này mang đến vẻ đẹp cuốn hút, bí ẩn và hiện đại."
Cách tạo makeup cho buổi đi chơi tối với bạn bè?,"Để có makeup đi chơi tối với bạn bè, hãy tập trung vào đôi mắt và môi. Sử dụng phấn mắt tông ấm như nâu, đồng hoặc cam đất, kết hợp eyeliner và mascara. Đừng quên chút highlight ở bầu mắt và sống mũi. Son môi màu đỏ, hồng đất hoặc cam cháy sẽ hoàn thiện vẻ ngoài cuốn hút. Đừng quên lớp nền nhẹ nhàng, tự nhiên nhé!"
Tại sao cần dùng son dưỡng có màu vào buổi sáng?,"Son dưỡng có màu buổi sáng giúp cấp ẩm, bảo vệ môi khỏi tác động của thời tiết và ánh nắng mặt trời. Màu sắc nhẹ nhàng giúp đôi môi trông tươi tắn, rạng rỡ tự nhiên mà không cần trang điểm quá cầu kỳ. Đây là bước chuẩn bị lý tưởng trước khi đánh son màu, giúp son lên màu chuẩn và bền hơn."
Cọ tán phấn mắt dạng lông ngắn có đặc điểm gì?,"Cọ tán phấn mắt lông ngắn có thiết kế đầu cọ nhỏ gọn, lông cọ dày, ngắn và thường được làm từ sợi tổng hợp hoặc lông tự nhiên mềm mại. Cọ này lý tưởng để tán phấn mắt tập trung vào vùng mắt, tạo chiều sâu, hoặc đánh phấn mắt nhũ. Chúng giúp kiểm soát lượng phấn tốt và dễ dàng blend màu."
Làm sao nhận diện lọ kem chống nắng dạng cream?,"Kem chống nắng dạng cream thường có kết cấu đặc, mịn màng, dễ dàng thoa đều trên da và tạo cảm giác dưỡng ẩm. Bạn có thể nhận biết qua bao bì ghi rõ ""cream"", ""lotion"" (nếu đặc hơn) hoặc ""moisturizer with SPF"". Thường phù hợp với da khô, da thường và những ai thích cảm giác ẩm mịn khi dùng."
Tại sao cần dùng kem lót cho da nhạy cảm?,"Kem lót là bước quan trọng cho da nhạy cảm vì nó tạo lớp bảo vệ, giảm ma sát trực tiếp giữa da và mỹ phẩm, hạn chế kích ứng. Kem lót giúp làm dịu, cấp ẩm, che phủ lỗ chân lông và các vết đỏ, giúp lớp nền mịn màng, bám tốt hơn mà không gây khó chịu. Chọn loại không chứa hương liệu, cồn và paraben nhé!"
"Cọ tán phấn mắt dạng lông tôm,mềm mại có đặc điểm gì?"" ""Cọ tôm mềm có đầu tròn lông siêu mịn dài 10-15 cm giúp tán phấn đều.""""","Cọ tán phấn mắt dạng lông tôm mềm mại có đặc điểm nổi bật là đầu cọ tròn, lông siêu mịn và dài (10-15cm). Thiết kế này giúp tán phấn mắt đều, nhẹ nhàng, không gây kích ứng da. Cọ phù hợp để tạo hiệu ứng chuyển màu mềm mại, đặc biệt lý tưởng cho các kiểu trang điểm mắt tự nhiên hoặc smoky mắt."
Kỹ thuật makeup 'pink sunset' là gì?,"""Pink sunset"" là kỹ thuật trang điểm lấy cảm hứng từ vẻ đẹp hoàng hôn, tập trung vào các tông màu hồng, cam đào và tím. Kỹ thuật này thường sử dụng phấn má hồng và phấn mắt với sắc thái chuyển màu mềm mại, tạo hiệu ứng đôi gò má ửng hồng tự nhiên và đôi mắt lấp lánh như ánh hoàng hôn."
Làm sao nhận diện chai tẩy trang dạng gel bọt?,"Để nhận diện tẩy trang dạng gel bọt, bạn hãy chú ý: * **Kết cấu:** Gel đặc, trong suốt. Khi xoa nhẹ sẽ tạo bọt mịn. * **Thành phần:** Thường chứa các chất tạo bọt (như cocamidopropyl betaine) và dịu nhẹ. * **Bao bì:** Thường là tuýp hoặc chai pump, ghi rõ ""gel tạo bọt"" hoặc ""foam cleanser"". * **Công dụng:** Phù hợp da dầu, hỗn hợp thiên dầu, làm"
Cách tạo makeup cho buổi đi ăn trưa với đồng nghiệp?,"Để có makeup phù hợp cho buổi ăn trưa với đồng nghiệp, hãy ưu tiên vẻ ngoài tự nhiên, tươi tắn. * **Nền:** Kem nền nhẹ nhàng hoặc BB cream, che khuyết điểm ở vùng cần thiết. * **Mắt:** Phấn mắt màu nude hoặc nâu nhạt, chuốt mascara. * **Má:** Phấn má hồng tone đào hoặc cam đất. * **Môi:** Son dưỡng hoặc son tint màu nhẹ nhàng. Tránh makeup"
Tại sao cần dùng mặt nạ dưỡng da ban ngày?,"Mặt nạ dưỡng da ban ngày giúp bảo vệ da khỏi tác động từ môi trường như ô nhiễm, tia UV và bụi bẩn. Chúng cung cấp độ ẩm tức thì, làm dịu da bị kích ứng và tăng cường hiệu quả của các sản phẩm dưỡng da khác. Một số loại còn có chức năng làm sáng da, chống lão hóa, giúp da khỏe mạnh và rạng rỡ hơn."
Cọ tán phấn highlighter dạng lông tôm có đặc điểm gì?,"Cọ tán phấn highlighter lông tôm có sợi lông mềm mại, xù xì như lông tôm gà. Đặc điểm này giúp lấy và tán đều lượng highlighter vừa đủ, cho hiệu ứng glow tự nhiên, không bị vón cục. Cọ thường được dùng để đánh highlight lên gò má, sống mũi, nhân trung và bầu mắt."
Làm sao nhận diện lọ nước tẩy trang dạng micellar gel?,"Nước tẩy trang dạng micellar gel thường có kết cấu đặc hơn nước micellar thông thường, gần như gel lỏng. Khi xoa nhẹ, bạn sẽ thấy sản phẩm không tạo bọt nhiều mà giúp hòa tan makeup và bụi bẩn. Thành phần chính vẫn là các micelle, nhưng được bổ sung thêm dưỡng chất giúp làm mềm da và dịu nhẹ hơn."
Tại sao cần dùng tẩy trang mắt môi chuyên dụng?,"Da vùng mắt và môi mỏng manh, nhạy cảm hơn các vùng khác trên mặt. Tẩy trang mắt môi chuyên dụng có công thức dịu nhẹ, loại bỏ hiệu quả mascara, son lì, kẻ mắt chống thấm nước mà không gây kích ứng, khô da. Sử dụng tẩy trang thông thường có thể làm tổn thương, gây thâm nám, nếp nhăn sớm."
Cọ tán phấn má hồng dạng lông tôm nhỏ có đặc điểm gì?,"Cọ tán phấn má hồng lông tôm nhỏ có sợi lông mềm mại, xù xì như lông tôm, giúp lấy và tán phấn một cách tự nhiên, nhẹ nhàng. Kích thước nhỏ gọn phù hợp đánh phấn má hồng highlight ở gò má, tạo khối hoặc tán phấn mắt cho vùng mắt nhỏ. Cọ giúp kiểm soát lượng phấn tốt, tránh gây vón cục."
Kỹ thuật makeup 'vibrant sunset' là gì?,"""Vibrant Sunset"" là kỹ thuật trang điểm lấy cảm hứng từ vẻ đẹp hoàng hôn rực rỡ. Kỹ thuật này tập trung vào việc chuyển màu mắt từ tông ấm như cam, hồng, đỏ, tím, tạo hiệu ứng gradient mềm mại. Thường kết hợp với highlight bắt sáng và đôi môi màu nude hoặc cam san hô để cân bằng tổng thể."
Làm sao nhận diện chai xịt dưỡng da dạng mịn?,"Để nhận diện xịt dưỡng da dạng mịn, hãy chú ý đến: * **Kết cấu:** Dạng phun sương cực nhỏ, mịn như hơi sương, không gây ướt dính. * **Độ bám:** Hạt xịt bám đều lên da, tạo cảm giác ẩm mượt tức thì. * **Thành phần:** Ưu tiên các sản phẩm chứa glycerin, hyaluronic acid, hoặc các chiết xuất tự nhiên cấp ẩm. * **Nhãn mác:** Tìm các từ"
Cách tạo makeup cho buổi đi chơi công viên nước?,"Để có makeup bền đẹp khi đi công viên nước, ưu tiên sự tối giản và chống nước. Dùng kem nền/BB cream chống nước, phấn phủ dạng bột kiềm dầu. Kẻ mắt và mascara chống thấm nước là ""must-have"". Son dưỡng có màu hoặc son tint sẽ giúp đôi môi tươi tắn. Đừng quên thoa kem chống nắng kỹ lưỡng!"
Tại sao cần dùng kem dưỡng da ban đêm có retinol?,"Kem dưỡng da ban đêm có retinol giúp tái tạo da, kích thích sản xuất collagen, giảm nếp nhăn và cải thiện kết cấu da. Retinol hoạt động hiệu quả nhất vào ban đêm vì da hấp thụ tốt hơn khi không tiếp xúc với ánh nắng mặt trời. Tuy nhiên, cần sử dụng từ từ và kết hợp kem chống nắng vào buổi sáng để tránh kích ứng."
Cọ tán phấn tạo khối dạng lông tôm lớn có đặc điểm gì?,"Cọ tán phấn tạo khối dạng lông tôm lớn có sợi lông mềm mại, xốp, thường làm từ sợi tổng hợp hoặc lông tự nhiên. Thiết kế đầu cọ vát xéo, lớn giúp dễ dàng lấy và tán đều phấn tạo khối trên diện tích rộng như gò má, đường chân tóc. Cọ phù hợp tạo khối nhẹ nhàng, tự nhiên, không gây vệt."
Làm sao nhận diện lọ kem dưỡng da dạng mousse?,"Kem dưỡng da dạng mousse thường có kết cấu nhẹ, bông xốp như kem đánh bông. Khi lấy ra, bạn sẽ thấy một lượng lớn bọt khí mịn. Chất kem dễ dàng tán đều trên da, thấm nhanh và không gây cảm giác nhờn dính. Bao bì thường có ghi rõ ""mousse"" hoặc ""whipped cream""."
Cách chọn phấn mắt cho buổi đi ăn tối lãng mạn?,"Để buổi tối lãng mạn thêm phần quyến rũ, hãy chọn phấn mắt với tông màu ấm áp như nâu đồng, đào, hoặc tím plum. Nếu bạn thích phong cách tinh tế, hãy dùng phấn mắt màu champagne hoặc hồng nhạt. Đừng quên tán đều và kết hợp với chút nhũ để đôi mắt thêm lấp lánh nhé!"
Tại sao cần dùng tẩy trang dạng bọt cho da dầu?,"Tẩy trang bọt là lựa chọn lý tưởng cho da dầu vì khả năng làm sạch sâu vượt trội. Bọt khí len lỏi vào lỗ chân lông, loại bỏ hiệu quả bụi bẩn, dầu thừa và cặn mỹ phẩm. Đồng thời, công thức thường chứa các thành phần kiểm soát dầu, giúp da thông thoáng, ngăn ngừa mụn và se khít lỗ chân lông."
Cọ tán phấn mắt dạng lông tôm lớn có đặc điểm gì?,"Cọ tán phấn mắt dạng lông tôm lớn có lông mềm mại, xốp, thường được làm từ sợi tổng hợp hoặc lông tự nhiên. Thiết kế đầu cọ tròn, to giúp tán đều phấn trên toàn bộ bầu mắt nhanh chóng, tạo hiệu ứng chuyển màu nhẹ nhàng, tự nhiên. Cọ phù hợp để đánh phấn chuyển tiếp hoặc phủ màu cơ bản."
Làm sao nhận diện chai xịt cố định makeup dạng dewy?,"Để nhận diện xịt cố định makeup dạng dewy, hãy chú ý đến các yếu tố sau: * **Kết cấu:** Dạng xịt lỏng, nhẹ, không gây cảm giác dính. * **Thành phần:** Chứa các chất dưỡng ẩm như glycerin, hyaluronic acid, hoặc các loại dầu thực vật. * **Hiệu ứng:** Khi xịt, da sẽ có vẻ căng bóng, ẩm mượt tự nhiên, không bị khô căng. * **Nhãn sản phẩm:**"
Cách tạo makeup cho buổi đi xem phim buổi tối?,"Để có makeup tối giản cho buổi xem phim, hãy tập trung vào làn da khỏe khoắn. Sử dụng kem nền nhẹ, che khuyết điểm ở vùng cần thiết. Đánh má hồng đào hoặc cam đất, thoa son dưỡng hoặc son tint màu tự nhiên. Chuốt mascara nhẹ nhàng và có thể thêm chút phấn mắt nhũ để đôi mắt thêm long lanh."
Tại sao cần dùng son dưỡng có vitamin E?,"Son dưỡng có vitamin E rất cần thiết vì vitamin E là chất chống oxy hóa mạnh mẽ, giúp bảo vệ môi khỏi tác hại của môi trường như nắng, gió và ô nhiễm. Nó giúp môi mềm mại, giảm thâm, ngăn ngừa nứt nẻ và hỗ trợ tái tạo tế bào, cho đôi môi luôn khỏe mạnh và căng mọng."
Cọ tán phấn highlighter dạng lông tôm nhỏ có đặc điểm gì?,"Cọ tán phấn highlighter lông tôm nhỏ có sợi lông mềm mại, tơi xốp và đầu cọ nhỏ, vát nhẹ. Thiết kế này giúp lấy lượng phấn vừa đủ, tán đều highlighter lên các điểm cao trên khuôn mặt (gò má, sống mũi, nhân trung,...) một cách chính xác, tạo hiệu ứng glow tự nhiên, tinh tế, không bị vón cục hay quá lấp lánh."
Kỹ thuật makeup 'bold coral' là gì?,"""Bold coral"" là kỹ thuật trang điểm tập trung vào sắc cam san hô rực rỡ, tạo diện mạo tươi tắn, tràn đầy năng lượng. Kỹ thuật này thường sử dụng phấn má hồng, son môi và đôi khi là phấn mắt màu cam san hô đậm. Để cân bằng, nên kết hợp với lớp nền nhẹ nhàng và mắt trang điểm tối giản."
Làm sao nhận diện lọ nước tẩy trang dạng dầu gel?,"Nước tẩy trang dạng dầu gel thường có kết cấu đặc hơn dầu tẩy trang truyền thống, gần như gel nhưng vẫn chứa dầu. Khi xoa lên da, bạn sẽ thấy nó tan chảy thành dạng dầu lỏng, giúp hòa tan makeup và bụi bẩn hiệu quả. Thành phần thường có dầu khoáng, dầu thực vật và chất làm đặc để tạo gel."
Cách chọn son môi cho buổi tiệc ngoài trời ban ngày?,"Để chọn son môi cho tiệc ngoài trời ban ngày, ưu tiên các màu tươi sáng, tự nhiên như hồng san hô, cam đào hoặc đỏ cam. Chất son nên là lì hoặc bán lì để bền màu, tránh son bóng dễ bị lem. Nên chọn son có chứa SPF để bảo vệ môi khỏi tác hại của ánh nắng mặt trời."
Tại sao cần dùng mặt nạ dưỡng da ban đêm?,"Mặt nạ dưỡng da ban đêm là bước bổ sung dưỡng chất thiết yếu, giúp phục hồi da trong lúc ngủ. Khi da được nghỉ ngơi, khả năng hấp thụ dưỡng chất tăng cao, giúp tái tạo tế bào, cấp ẩm sâu và làm dịu da. Sử dụng mặt nạ đêm giúp da căng bóng, mịn màng và khỏe mạnh hơn vào buổi sáng."
Cọ tán phấn má hồng dạng lông tôm lớn có đặc điểm gì?,"Cọ tán phấn má hồng lông tôm lớn có kích thước lớn, lông mềm mại, xốp và thường được làm từ sợi tổng hợp hoặc lông tự nhiên. Cọ giúp tán phấn má hồng đều, nhẹ nhàng trên diện tích rộng như gò má, tạo hiệu ứng má ửng tự nhiên, phù hợp với phong cách trang điểm trong trẻo, thanh lịch."
Làm sao nhận diện chai xịt dưỡng da dạng dầu nhẹ?,"Để nhận diện xịt dưỡng da dạng dầu nhẹ, hãy chú ý đến kết cấu: sản phẩm thường lỏng, trong suốt hoặc hơi đục, không gây cảm giác nhờn dính khi xịt lên da. Thành phần chính thường chứa các loại dầu thực vật như jojoba, argan, hoặc squalane. Kiểm tra bao bì với các từ khóa như ""dạng dầu"", ""nhẹ"", ""không gây nhờn""."
Cách tạo makeup cho buổi đi chơi công viên ban ngày?,"Để có makeup tự nhiên cho buổi đi chơi công viên, ưu tiên sự nhẹ nhàng, tươi tắn. 1. **Kem dưỡng ẩm + kem chống nắng** là bước quan trọng. 2. **BB cream/ phấn nước** mỏng nhẹ thay thế foundation. 3. **Má hồng tone cam đào** tạo vẻ khỏe khoắn. 4. **Son dưỡng/ son tint** màu tươi tắn. 5. **Chân mày** vẽ tự nhiên. 6. **Mascarra** chống thấm nước. Tránh"
Tại sao cần dùng tẩy trang dạng gel cho da nhạy cảm?,"Tẩy trang dạng gel lý tưởng cho da nhạy cảm vì kết cấu dịu nhẹ, không chứa dầu, giúp làm sạch sâu mà không gây kích ứng. Gel thường giàu thành phần dưỡng ẩm, làm dịu da, tránh tình trạng khô căng, đỏ rát sau khi tẩy trang. Đồng thời, công thức gel ít gây ma sát, bảo vệ hàng rào bảo vệ da mỏng manh."
Cọ tán phấn tạo khối dạng lông tôm nhỏ có đặc điểm gì?,"Cọ tán phấn tạo khối dạng lông tôm nhỏ có sợi lông mềm mại, tơi xốp và đầu cọ vát tròn hoặc hơi xéo. Thiết kế này giúp dễ dàng lấy lượng phấn vừa đủ, tán đều và chính xác đường tạo khối, đặc biệt phù hợp với các đường nét nhỏ trên khuôn mặt như xương gò má, sống mũi, hoặc đường viền hàm."
Làm sao nhận diện lọ kem dưỡng da dạng dầu?,"Kem dưỡng da dạng dầu thường có kết cấu lỏng, nhẹ, dễ dàng tán đều trên da và thẩm thấu nhanh, không để lại cảm giác nhờn dính. Thành phần chính sẽ chứa các loại dầu như jojoba, argan, hoặc dầu khoáng. Bạn có thể kiểm tra bằng cách lấy một lượng nhỏ ra tay, nếu thấy dầu tách lớp hoặc bóng nhờn thì đó là kem dưỡng dạng dầu."
Cách chọn phấn mắt cho buổi đi chơi tối?,"Để chọn phấn mắt cho buổi đi chơi tối, hãy ưu tiên các màu đậm, có ánh nhũ hoặc shimmer như: nâu đồng, tím, xanh navy, đen. Bạn có thể kết hợp 2-3 màu để tạo chiều sâu. Đừng quên dùng phấn lót mắt để màu lên chuẩn và bền hơn. Nếu muốn đơn giản, chỉ cần một màu nhũ trên bầu mắt là đủ nổi bật rồi!"
Tại sao cần dùng son dưỡng trước son tint?,"Son dưỡng tạo một lớp nền ẩm mượt, giúp son tint lên màu chuẩn hơn, tránh tình trạng bong tróc, khô môi. Đồng thời, son dưỡng bảo vệ môi khỏi tác động gây hại từ son tint, đặc biệt là các thành phần có thể làm khô môi. Việc này giúp đôi môi luôn căng mọng, khỏe mạnh."
Cọ tán phấn mắt dạng lông tôm siêu nhỏ có đặc điểm gì?,"Cọ tán phấn mắt dạng lông tôm siêu nhỏ có sợi lông mềm mại, dày đặc và đầu cọ nhỏ gọn. Thiết kế này giúp dễ dàng lấy và tán đều phấn mắt vào các vùng khó, như hốc mắt, đường mi dưới. Cọ phù hợp để tạo hiệu ứng chuyển màu, nhấn nhá hoặc tán phấn highlight cho mắt."
Làm sao nhận diện lọ nước tẩy trang dạng micellar bọt?,"Nước tẩy trang micellar bọt thường có kết cấu lỏng, trong suốt, khi lắc nhẹ sẽ thấy bọt khí nhỏ li ti. Bao bì thường ghi rõ ""micellar foam"" hoặc ""bọt micellar"". Khi dùng, bạn sẽ cảm nhận được bọt mịn, nhẹ nhàng làm sạch da mà không gây khô căng. Hãy kiểm tra thành phần, nên có các chất hoạt động bề mặt dịu nhẹ."
Tại sao cần dùng kem dưỡng da ban ngày có vitamin C?,"Kem dưỡng da ban ngày có Vitamin C rất cần thiết vì nó là một chất chống oxy hóa mạnh mẽ, giúp bảo vệ da khỏi tác hại của gốc tự do từ ánh nắng mặt trời và ô nhiễm môi trường. Vitamin C còn kích thích sản xuất collagen, làm sáng da, giảm thâm nám và cải thiện kết cấu da, mang lại làn da khỏe mạnh và rạng"
Cọ tán phấn má hồng dạng lông tôm siêu nhỏ có đặc điểm gì?,"Cọ tán phấn má hồng lông tôm siêu nhỏ có sợi lông mềm mại, tơi xốp, thường làm từ sợi tổng hợp chất lượng cao. Thiết kế nhỏ gọn, đầu cọ vát nhẹ giúp dễ dàng lấy lượng phấn vừa đủ và tán đều trên gò má, tạo hiệu ứng má ửng hồng tự nhiên, nhẹ nhàng. Cọ phù hợp với phấn má hồng dạng bột và các sản phẩm"
"Kỹ thuật makeup 'smokey navy' là gì?"",""Smokey navy dùng phấn mắt xanh navy tán khói kết hợp son nude tạo mắt sâu sắc.""
Làm sao nhận diện chai xịt cố định makeup dạng glow?""","Smokey navy là kỹ thuật trang điểm mắt sử dụng phấn mắt màu xanh navy (xanh đậm) tán đều, tạo hiệu ứng khói, giúp đôi mắt trông sâu và cuốn hút hơn. Thường kết hợp với son môi màu nude để cân bằng và làm nổi bật đôi mắt. Chai xịt cố định makeup dạng glow thường có các hạt lấp lánh siêu nhỏ bên trong, khi xịt sẽ tạo"
Tại sao cần dùng tẩy trang dạng dầu nhẹ cho da khô?,"Tẩy trang dạng dầu nhẹ nhàng loại bỏ lớp trang điểm, bụi bẩn và bã nhờn mà không làm mất đi dầu tự nhiên của da. Với da khô, việc này rất quan trọng để tránh tình trạng da bị căng khô, bong tróc. Dầu hòa tan dầu, giúp làm sạch sâu mà vẫn giữ ẩm, cho da mềm mại và đủ ẩm sau khi tẩy trang."
Cọ tán phấn trang điểm tạo khối dạng lông tôm siêu nhỏ có đặc điểm gì?,"Cọ tán phấn tạo khối lông tôm siêu nhỏ có sợi lông mảnh, mềm và dày đặc. Thiết kế này giúp lấy lượng phấn vừa đủ, tán đều và chính xác đường khối, tạo hiệu ứng tự nhiên, sắc nét. Cọ phù hợp với phấn highlight, contour, đặc biệt lý tưởng cho những đường nét nhỏ như sống mũi, khóe mắt."
Kỹ thuật makeup 'pastel sunset' là gì?,"""Pastel sunset"" là kỹ thuật trang điểm lấy cảm hứng từ vẻ đẹp hoàng hôn với tông màu pastel nhẹ nhàng. Kỹ thuật này tập trung vào việc chuyển màu từ hồng đào, cam san hô, tím lavender trên bầu mắt, tạo hiệu ứng gradient mềm mại. Thường kết hợp với highlight lấp lánh và đôi môi trong trẻo để hoàn thiện vẻ ngoài mơ màng, nữ tính."
Làm sao nhận diện lọ kem dưỡng da dạng nhẹ?,"Kem dưỡng da dạng nhẹ thường có kết cấu lỏng, dễ dàng thẩm thấu vào da mà không gây cảm giác nhờn dính. Thành phần chính là nước, glycerin, hyaluronic acid, phù hợp với da dầu, hỗn hợp hoặc trong mùa hè. Bạn có thể kiểm tra bằng cách lấy một lượng nhỏ ra tay, nếu kem tan nhanh và không để lại vệt bóng là dạng nhẹ."
Cách tạo makeup cho buổi đi chơi công viên giải trí tối?,"Để có makeup phù hợp đi công viên giải trí tối, ưu tiên sự tự nhiên, bền lâu. Dùng kem nền nhẹ, phấn phủ kiềm dầu. Mắt nên đánh màu trung tính, có thể thêm chút nhũ lấp lánh. Mascara chống thấm nước là lựa chọn tốt. Son môi tươi tắn, bền màu. Đừng quên kem chống nắng nếu có ánh đèn!"
Tại sao cần dùng mặt nạ dưỡng da có collagen?,"Collagen là protein thiết yếu giúp da săn chắc, đàn hồi. Khi tuổi tác tăng, lượng collagen tự nhiên giảm, dẫn đến da chảy xệ, xuất hiện nếp nhăn. Mặt nạ collagen bổ sung collagen trực tiếp, giúp cải thiện độ đàn hồi, làm mờ nếp nhăn, dưỡng ẩm và tái tạo da, mang lại làn da căng bóng, trẻ trung."
Cọ tán phấn highlighter dạng lông tôm siêu nhỏ có đặc điểm gì?,"Cọ tán phấn highlighter lông tôm siêu nhỏ có sợi lông mảnh, mềm mại và dày đặc. Thiết kế này giúp lấy lượng phấn vừa đủ, tán đều và chính xác trên các vùng gồ ghề như gò má, sống mũi, nhân trung, tạo hiệu ứng bắt sáng tự nhiên, tinh tế. Cọ phù hợp với phấn highlighter dạng bột nén hoặc lỏng."
Cách chọn phấn mắt cho buổi đi ăn trưa ngoài trời?,"Để chọn phấn mắt cho buổi đi ăn trưa ngoài trời, ưu tiên các màu trung tính, tự nhiên như nâu, cam đất, hoặc hồng đào. Chất phấn lì hoặc satin sẽ bền màu hơn dưới ánh nắng. Tránh các màu quá sặc sỡ hoặc nhũ quá nhiều vì có thể bị ""lố"" khi chụp ảnh ngoài trời. Đừng quên dùng kem lót mắt để tăng độ bám màu nhé!"
Tại sao cần dùng tẩy trang dạng micellar nhẹ cho da nhạy cảm?,"Tẩy trang micellar nhẹ dịu với da nhạy cảm vì chứa các hạt micelle siêu nhỏ, ""hút"" bụi bẩn, dầu thừa mà không cần chà xát mạnh. Công thức này thường không chứa cồn, hương liệu, chất tạo màu, giảm thiểu kích ứng. Đồng thời, micellar water giúp cân bằng độ pH, làm dịu da và chuẩn bị cho các bước dưỡng tiếp theo."
Cọ tán phấn phủ dạng lông tôm siêu nhỏ có đặc điểm gì?,"Cọ tán phấn phủ lông tôm siêu nhỏ có sợi lông cực kỳ mềm mại, tơi và nhỏ, giúp lấy lượng phấn vừa đủ, tán đều trên da một cách tự nhiên, không gây cakey. Cọ phù hợp với phấn phủ dạng bột mịn, đặc biệt lý tưởng để đánh phấn phủ dưới mắt và các vùng da nhỏ, khó tiếp cận."
Kỹ thuật makeup 'smokey violet' là gì?,"Smokey violet là kỹ thuật trang điểm mắt tập trung vào sắc tím huyền bí. Bắt đầu với phấn mắt tím nhạt làm lớp nền, sau đó tăng dần độ đậm với các tông tím đậm hơn ở đuôi mắt. Kỹ thuật này thường kết hợp với eyeliner đen và mascara để tạo chiều sâu, giúp đôi mắt trở nên quyến rũ và thu hút."
Làm sao nhận diện lọ nước tẩy trang dạng dầu nhẹ?,"Nước tẩy trang dạng dầu nhẹ thường có kết cấu lỏng, dễ dàng thoa đều trên da mà không gây cảm giác nhờn dính. Khi lắc nhẹ, sản phẩm sẽ hòa tan nhanh chóng, không bị tách lớp rõ rệt. Thành phần thường chứa các loại dầu thực vật như dầu jojoba, dầu argan, và có thêm các chất làm mềm da."
Cách tạo makeup cho buổi đi chơi bãi biển ban ngày?,"Makeup đi biển ban ngày nên ưu tiên nhẹ nhàng, tự nhiên. Dùng kem chống nắng là bước quan trọng nhất. Tiếp theo, thoa kem nền mỏng, che khuyết điểm ở vùng cần thiết. Đánh má hồng tone cam đào, mắt dùng màu nude hoặc pastel, chuốt mascara chống thấm nước. Son dưỡng có màu hoặc son tint là lựa chọn hoàn hảo. Đừng quên xịt khóa makeup để giữ"
Tại sao cần dùng kem dưỡng da ban ngày có peptide?,"Kem dưỡng da ban ngày có peptide rất cần thiết vì peptide là các chuỗi amino acid, ""viên gạch"" xây dựng protein như collagen và elastin. Sử dụng peptide giúp kích thích sản xuất collagen, cải thiện độ đàn hồi, làm giảm nếp nhăn và bảo vệ da khỏi tác động của môi trường như ô nhiễm, tia UV, giúp da khỏe mạnh và trẻ trung hơn."
Cọ tán phấn má hồng dạng lông tôm siêu nhỏ nhẹ có đặc điểm gì?,"Cọ tán phấn má hồng lông tôm siêu nhỏ, nhẹ có sợi lông mềm mại, tơi xốp, giúp lấy lượng phấn vừa đủ và tán đều trên da. Thiết kế nhỏ gọn, linh hoạt, dễ dàng tạo khối, highlight hoặc tán phấn trong những vùng khó tiếp cận như dưới mắt, sống mũi. Cọ phù hợp với phấn má hồng dạng bột và các sản phẩm highlight."
Kỹ thuật makeup 'coral sunrise' là gì?,"""Coral Sunrise"" là kỹ thuật trang điểm lấy cảm hứng từ bình minh trên biển, tập trung vào tông màu san hô ấm áp và cam đào. Kỹ thuật này nhấn mạnh vào đôi má ửng hồng tự nhiên, đôi mắt với chút shimmer cam, và đôi môi căng mọng màu san hô. Mục tiêu là tạo vẻ ngoài tươi tắn, rạng rỡ và tràn đầy sức sống."
Làm sao nhận diện chai xịt cố định makeup dạng nhẹ?,"Để nhận diện xịt cố định makeup dạng nhẹ, hãy chú ý đến kết cấu. Sản phẩm thường lỏng, trong suốt, không gây cảm giác dính hay nặng mặt. Thành phần thường chứa nước, glycerin, hoặc các chiết xuất thực vật. Khi xịt, bạn sẽ cảm thấy sương mịn, nhanh khô và không làm thay đổi lớp makeup."
Cách chọn son môi cho buổi tiệc tối lãng mạn?,"Để chọn son cho buổi tiệc tối lãng mạn, hãy ưu tiên các màu trầm ấm, quyến rũ như đỏ rượu, hồng đất, cam đất hoặc nude đào. Chất son lì hoặc satin sẽ giúp son lâu trôi và tạo hiệu ứng bờ môi căng mọng. Lưu ý, màu son nên hài hòa với tông da và trang phục bạn mặc nhé!"
Tại sao cần dùng tẩy trang dạng bọt nhẹ cho da nhạy cảm?,"Tẩy trang bọt nhẹ lý tưởng cho da nhạy cảm vì chúng làm sạch hiệu quả mà không gây kích ứng. Bọt giúp loại bỏ bụi bẩn, dầu thừa và trang điểm nhẹ nhàng, không cần chà xát mạnh. Công thức dịu nhẹ, không cồn, không hương liệu giúp giảm thiểu nguy cơ đỏng, khô rát, phù hợp với làn da dễ kích ứng."
Cọ tán phấn mắt dạng lông tôm siêu cực nhỏ có đặc điểm gì?,"Cọ tán phấn mắt dạng lông tôm siêu cực nhỏ có sợi lông mảnh, mềm mại và dày đặc. Thiết kế nhỏ gọn giúp dễ dàng thao tác trong các chi tiết nhỏ như hốc mắt, đường mi dưới. Cọ phù hợp để tán phấn highlight, tạo chiều sâu cho mắt hoặc blend màu chuyển tiếp một cách chính xác và tự nhiên."
Làm sao nhận diện lọ kem dưỡng da dạng bọt?,"Kem dưỡng da dạng bọt thường có kết cấu nhẹ, xốp như mây. Khi ấn nhẹ lên da sẽ thấy bọt mịn tan ra, thẩm thấu nhanh, không gây nhờn dính. Bao bì thường ghi rõ ""foam"", ""mousse"" hoặc ""whipped cream"". Thành phần có thể chứa các chất tạo bọt như isobutane, propane."
Tại sao cần dùng son dưỡng có SPF cho buổi sáng?,"Son dưỡng có SPF bảo vệ môi khỏi tác hại của tia UV, ngăn ngừa thâm môi, nứt nẻ và lão hóa sớm. Môi rất nhạy cảm và dễ bị tổn thương bởi ánh nắng mặt trời. Sử dụng son dưỡng có SPF hàng ngày là biện pháp đơn giản để giữ đôi môi khỏe mạnh, căng mọng và tươi tắn."
Cọ tán phấn highlighter dạng lông tôm siêu cực nhỏ có đặc điểm gì?,"Cọ tán phấn highlighter lông tôm siêu nhỏ có sợi lông mảnh, mềm mại và dày đặc. Thiết kế nhỏ gọn giúp lấy lượng phấn vừa đủ, dễ dàng tán đều highlighter lên các điểm cao trên khuôn mặt như gò má, sống mũi, nhân trung, tạo hiệu ứng bắt sáng tự nhiên, tinh tế và không bị vón cục."
Kỹ thuật makeup 'vibrant coral sunrise' là gì?,"""Vibrant Coral Sunrise"" là kỹ thuật trang điểm lấy cảm hứng từ bình minh rực rỡ với tông cam san hô chủ đạo. Kỹ thuật này tập trung vào đôi mắt với phấn mắt cam san hô, hồng đào, và chút ánh nhũ. Gò má ửng hồng tự nhiên, son môi cam san hô hoặc hồng nude hoàn thiện vẻ ngoài tươi trẻ, tràn đầy năng lượng."
Làm sao nhận diện chai xịt dưỡng da dạng bọt nhẹ?,"Để nhận diện xịt dưỡng da dạng bọt nhẹ, hãy chú ý đến: * **Kết cấu:** Khi xịt, sản phẩm tạo ra lớp bọt mịn, nhỏ li ti, tan nhanh trên da. * **Thành phần:** Thường chứa các chất tạo bọt nhẹ nhàng, không gây kích ứng. * **Nhãn mác:** Ghi rõ ""foam"", ""bọt"", hoặc ""mousse"" trên bao bì. * **Cảm giác:** Da sau khi xịt sẽ ẩm mượt, không"
Cách chọn phấn mắt cho buổi đi ăn sáng ngoài trời?,"Để chọn phấn mắt cho buổi đi ăn sáng ngoài trời, ưu tiên các màu sắc tự nhiên, nhẹ nhàng như: nâu đất, cam đào, hồng san hô. Chất phấn lì hoặc satin sẽ bền màu hơn dưới ánh nắng. Tránh các màu quá sặc sỡ hoặc nhũ quá nhiều. Bạn có thể dùng một lớp màu base sáng để tăng độ bám và làm nổi bật màu mắt."
Tại sao cần dùng tẩy trang dạng dầu bọt cho da dầu?,"Tẩy trang dạng dầu bọt là lựa chọn lý tưởng cho da dầu vì khả năng ""hút"" dầu thừa, bụi bẩn, kem chống nắng hiệu quả mà không gây khô da. Khi tiếp xúc với nước, dầu sẽ chuyển thành bọt mịn, dễ dàng rửa sạch, giúp lỗ chân lông thông thoáng, ngăn ngừa mụn và duy trì độ ẩm cân bằng cho da."
Cọ tán phấn phủ dạng lông tôm siêu cực nhỏ có đặc điểm gì?,"Cọ tán phấn phủ lông tôm siêu nhỏ có sợi lông siêu mềm, tơi và nhỏ li ti. Cọ giúp lấy lượng phấn vừa đủ, tán đều phấn phủ lên da một cách mỏng nhẹ, tự nhiên, không gây cakey. Đặc biệt phù hợp với phấn phủ dạng bột và các vùng da nhỏ như khóe mũi, bọng mắt."
Làm sao nhận diện lọ nước tẩy trang dạng bọt nhẹ nhẹ?,"Để nhận diện nước tẩy trang dạng bọt nhẹ, hãy chú ý đến kết cấu. Khi lắc nhẹ, sản phẩm sẽ tạo bọt mịn, nhỏ li ti, không quá đặc hay xốp. Thành phần thường chứa các chất tạo bọt dịu nhẹ như coco-glucoside, decyl glucoside. Chất lỏng trong suốt hoặc hơi đục, không gây cảm giác nhờn dính sau khi sử dụng."
Tại sao cần dùng kem dưỡng da ban ngày có niacinamide?,"Niacinamide trong kem dưỡng da ban ngày rất cần thiết vì nó giúp củng cố hàng rào bảo vệ da, giảm kích ứng từ môi trường như ô nhiễm và tia UV. Đồng thời, niacinamide còn giúp kiểm soát dầu thừa, thu nhỏ lỗ chân lông, làm đều màu da và giảm thâm nám, mang lại làn da khỏe mạnh, tươi sáng suốt cả ngày."
Cọ tán phấn má hồng dạng lông tôm siêu cực nhỏ có đặc điểm gì?,"Cọ tán phấn má hồng lông tôm siêu nhỏ có sợi lông mềm mại, tơi xốp và cực kỳ dày đặc. Thiết kế nhỏ gọn giúp dễ dàng lấy lượng phấn vừa đủ, tán đều phấn lên da một cách tự nhiên, tạo hiệu ứng má ửng hồng nhẹ nhàng, tinh tế. Cọ phù hợp với phấn má hồng dạng bột và các kỹ thuật trang điểm lòng má."
Kỹ thuật makeup 'smokey coral sunrise' là gì?,"""Smokey coral sunrise"" là kỹ thuật trang điểm mắt kết hợp giữa tông cam san hô ấm áp và hiệu ứng mắt khói. Bắt đầu với phấn mắt cam san hô làm base, sau đó tăng dần độ đậm với các tông màu cam đất, nâu đồng ở đuôi mắt. Thêm chút highlight màu champagne ở khóe mắt và đường chân mày để tạo hiệu ứng rạng rỡ như bình"
Làm sao nhận diện chai xịt cố định makeup dạng ultra matte?,"Chai xịt cố định makeup ultra matte thường có các đặc điểm sau: * **Kết cấu:** Dạng lỏng, trong suốt, không cồn. * **Mùi:** Thường không mùi hoặc mùi nhẹ, không gây khó chịu. * **Hiệu ứng:** Khi xịt, tạo lớp finish lì mịn, kiểm soát dầu tốt, không gây bóng nhờn. * **Nhãn mác:** Ghi rõ ""Ultra Matte"", ""Matte Finish"" hoặc ""Oil Control""."
Cách chọn son môi cho buổi tiệc tối ngoài bãi biển?,"Buổi tiệc tối trên bãi biển, hãy chọn son môi có màu sắc tươi tắn, nổi bật như đỏ cam, hồng san hô hoặc cam đất. Chất son nên là lì hoặc bán lì để bền màu, hạn chế lem khi ăn uống và có ánh nhẹ để đôi môi căng mọng dưới ánh đèn. Tránh các màu quá tối hoặc quá nhạt."
Tại sao cần dùng tẩy trang dạng micellar bọt nhẹ cho da khô?,"Tẩy trang micellar bọt nhẹ lý tưởng cho da khô vì nó làm sạch bụi bẩn, dầu thừa và trang điểm hiệu quả mà không gây khô căng. Các phân tử micelle nhẹ nhàng loại bỏ tạp chất, trong khi công thức bọt giúp giữ ẩm, không làm mất đi lớp dầu tự nhiên của da. Điều này giúp da mềm mại, mịn màng và đủ ẩm sau khi làm"
Cọ tán phấn mắt dạng lông tôm siêu cực nhỏ nhẹ có đặc điểm gì?,"Cọ tán phấn mắt dạng lông tôm siêu cực nhỏ nhẹ có sợi lông siêu mảnh, mềm mại và dày đặc. Thiết kế nhỏ gọn giúp dễ dàng thao tác trong các chi tiết nhỏ như hốc mắt, đường mi dưới. Cọ phù hợp để tán phấn highlight, phấn nhũ hoặc tạo hiệu ứng ombre tinh tế, giúp đôi mắt trông sâu và sắc sảo hơn."
Kỹ thuật makeup 'bold coral sunrise' là gì?,"""Bold Coral Sunrise"" là xu hướng trang điểm nổi bật với đôi mắt ấn tượng. Kỹ thuật này tập trung vào việc sử dụng phấn mắt màu cam san hô đậm, tán đều từ hốc mắt lên đến đuôi mắt, tạo hiệu ứng rạng rỡ như bình minh. Thường kết hợp với má hồng và son môi cùng tông để tạo sự hài hòa, tươi trẻ."
Làm sao nhận diện lọ kem dưỡng da dạng bọt mịn?,"Để nhận diện kem dưỡng da dạng bọt mịn, bạn hãy chú ý đến kết cấu. Khi ấn nhẹ, kem sẽ chuyển thành lớp bọt bông xốp, mềm mại và tan nhanh trên da. Thành phần thường chứa các chất tạo bọt dịu nhẹ, không gây kích ứng. Bao bì thường ghi rõ ""foam"", ""mousse"" hoặc ""whipped cream""."
Cách tạo makeup cho buổi đi chơi công viên giải trí ban ngày?,"Để có makeup tươi tắn đi công viên giải trí, ưu tiên sự tự nhiên, lâu trôi. Dùng kem nền mỏng nhẹ, che khuyết điểm vừa đủ. Phấn mắt màu nude hoặc pastel, má hồng đào nhẹ nhàng. Kẻ eyeliner mảnh, mascara chống thấm nước. Son tint hoặc son dưỡng có màu để đôi môi luôn căng mọng. Đừng quên kem chống nắng!"
Tại sao cần dùng son dưỡng có peptide?,"Son dưỡng có peptide giúp môi căng mọng, giảm nếp nhăn và phục hồi tổn thương. Peptide kích thích sản xuất collagen, tăng độ đàn hồi, giúp môi mềm mại, mịn màng hơn. Sử dụng thường xuyên giúp môi khỏe mạnh, tươi tắn và cải thiện sắc tố môi một cách tự nhiên."
Cọ tán phấn highlighter dạng lông tôm siêu cực nhỏ nhẹ có đặc điểm gì?,"Cọ tán phấn highlighter lông tôm siêu nhỏ, nhẹ có sợi lông mảnh, mềm mại và dày đặc. Thiết kế này giúp lấy lượng phấn vừa đủ, tán đều và chính xác trên các điểm cao của khuôn mặt như gò má, sống mũi, nhân trung. Cọ cho hiệu ứng glow tự nhiên, tinh tế, không bị vón cục hay lộ vân cọ."
Kỹ thuật makeup 'soft coral sunrise' là gì?,"""Soft coral sunrise"" là xu hướng trang điểm lấy cảm hứng từ bình minh với tông cam san hô nhẹ nhàng. Kỹ thuật này tập trung vào đôi má ửng hồng tự nhiên, đôi mắt với phấn màu cam đào ấm áp, và đôi môi căng mọng với son bóng cùng tông. Điểm nhấn là lớp nền trong trẻo, khỏe khoắn, tạo hiệu ứng ""da ngọc trai"" rạng rỡ."
Làm sao nhận diện chai xịt dưỡng da dạng mịn siêu nhẹ?,"Để nhận diện xịt dưỡng da dạng mịn siêu nhẹ, hãy chú ý: * **Kết cấu:** Lỏng, nhẹ như nước, không gây dính. * **Nhãn mác:** Thường ghi ""mist"", ""toner mist"", ""dạng xịt"" kèm mô tả ""siêu nhẹ"", ""dưỡng ẩm tức thì"". * **Kiểm tra:** Xịt lên tay, nếu bay hơi nhanh, không để lại lớp màng, là dạng mịn siêu nhẹ."
Cách chọn phấn mắt cho buổi đi ăn tối ngoài trời?,"Để chọn phấn mắt cho buổi đi ăn tối ngoài trời, ưu tiên các tông màu trung tính ấm như nâu đồng, vàng đồng, hoặc cam đất. Những màu này tôn da và phù hợp với ánh đèn vàng của nhà hàng. Bạn có thể thêm chút nhũ nhẹ để đôi mắt thêm lấp lánh, nhưng tránh màu quá sặc sỡ. Đừng quên dùng phấn lót mắt để giữ màu"
Tại sao cần dùng tẩy trang dạng bọt siêu nhẹ cho da nhạy cảm?,"Tẩy trang bọt siêu nhẹ lý tưởng cho da nhạy cảm vì kết cấu nhẹ nhàng, không gây ma sát mạnh, giúp loại bỏ bụi bẩn, makeup hiệu quả mà không làm kích ứng. Công thức thường chứa thành phần dịu nhẹ, không cồn, không hương liệu, giảm thiểu nguy cơ khô da, đỏ rát, phù hợp với làn da dễ nổi mẩn."
Cọ tán phấn phủ dạng lông tôm siêu cực nhỏ nhẹ có đặc điểm gì?,"Cọ tán phấn phủ lông tôm siêu nhỏ, nhẹ có sợi lông mảnh, mềm mại, thường làm từ sợi tổng hợp hoặc lông dê. Cọ giúp lấy lượng phấn vừa đủ, tán đều, mịn màng, không gây cakey, đặc biệt phù hợp với phấn phủ dạng bột và các vùng da nhỏ như dưới mắt, khóe mũi. Tạo lớp finish tự nhiên, nhẹ tênh."
Kỹ thuật makeup 'vibrant rose' là gì?,"Kỹ thuật makeup ""vibrant rose"" tập trung vào sắc hồng tươi tắn, rạng rỡ. Điểm nhấn là đôi má ửng hồng, đôi môi hồng đào hoặc hồng san hô, kết hợp cùng phấn mắt hồng pastel hoặc hồng đất. Lớp nền trong trẻo, tự nhiên để tôn lên vẻ đẹp thanh xuân, nữ tính. Kỹ thuật này phù hợp với nhiều tông da, đặc biệt là da trắng sáng."
Làm sao nhận diện lọ nướcMari tẩy trang dạng mịn nhẹ?,"Để nhận diện nước tẩy trang Micellar Water Bioderma dạng mịn nhẹ (thường gọi là ""nước Micelle""), bạn chú ý: * **Kết cấu:** Lỏng, trong suốt như nước, không gây nhờn dính. * **Bao bì:** Chai nhựa màu xanh nhạt đặc trưng của Bioderma. * **Nhãn:** Ghi rõ ""Créaline H2O"" hoặc ""Sensibio H2O"" tùy loại da. * **Khả năng:** Tẩy trang nhẹ nhàng, không cần rửa lại với nước."
Tại sao cần dùng kem dưỡng da ban ngày có hyaluronic acid?,"Hyaluronic acid (HA) là ""nam châm"" hút ẩm tuyệt vời, giúp da ngậm nước suốt cả ngày. Kem dưỡng da ban ngày chứa HA giúp tăng cường độ ẩm, làm mềm da, giảm nếp nhăn và bảo vệ da khỏi tác động của môi trường như ô nhiễm, tia UV. Da đủ ẩm sẽ giúp lớp trang điểm mịn màng, bám dính tốt hơn."
Cọ tán phấn má hồng dạng lông tôm siêu cực nhỏ nhẹ hơn có đặc điểm gì?,"Cọ tán phấn má hồng lông tôm siêu nhỏ, nhẹ giúp tán phấn cực kỳ tự nhiên, mịn màng. Lông tôm mềm mại, dẻo dai dễ dàng lấy và phân tán lượng phấn vừa đủ, tránh hiện tượng vón cục hay quá tay. Cọ phù hợp với phấn má hồng dạng bột, giúp tạo hiệu ứng đôi má ửng hồng tinh tế."
Kỹ thuật makeup 'smokey coral sunset' là gì?,"""Smokey coral sunset"" là kỹ thuật trang điểm mắt lấy cảm hứng từ vẻ đẹp hoàng hôn. Bắt đầu với tông cam đào làm base, sau đó blend dần các sắc cam đậm, hồng san hô và chút nâu ấm về phía đuôi mắt. Thêm chút nhũ vàng hoặc đồng để tạo hiệu ứng lấp lánh như ánh mặt trời. Kỹ thuật này tạo đôi mắt sâu hút, ấm áp"
Làm sao nhận diện chai xịt cố định makeup dạng ultra glow?,"Chai xịt cố định makeup ultra glow thường có các đặc điểm sau: * **Kết cấu:** Lỏng, nhẹ, dạng sương mịn. * **Thành phần:** Chứa các hạt phấn siêu nhỏ, chất dưỡng ẩm (glycerin, hyaluronic acid) và có thể có thêm các thành phần bắt sáng. * **Hiệu ứng:** Khi xịt, da sẽ có vẻ căng bóng, ẩm mượt và bắt sáng tự nhiên, không gây khô căng. * **Bao"
Cách chọn son môi cho buổi tiệc tối ngoài trời ban đêm?,"Buổi tiệc tối ngoài trời cần son môi nổi bật dưới ánh đèn. Ưu tiên các màu đậm như đỏ ruby, hồng berry, hoặc cam đất. Chất son lì hoặc kem mịn giúp giữ màu lâu và hạn chế lem. Nếu da sáng, bạn có thể thử các tông nude đào. Đừng quên thoa son dưỡng trước để môi mềm mịn nhé!"
Tại sao cần dùng tẩy trang dạng dầu mịn cho da khô?,"Tẩy trang dạng dầu mịn lý tưởng cho da khô vì dầu hòa tan dầu, hiệu quả loại bỏ lớp trang điểm, bụi bẩn và bã nhờn mà không làm mất đi dầu tự nhiên của da. Kết cấu mịn nhẹ nhàng làm sạch sâu, giúp da không bị khô căng, duy trì độ ẩm cần thiết và cảm giác mềm mại sau khi sử dụng."
Kỹ thuật makeup 'bold coral sunset' là gì?,"""Bold coral sunset"" là kỹ thuật trang điểm lấy cảm hứng từ vẻ đẹp hoàng hôn với tông cam san hô rực rỡ. Kỹ thuật này tập trung vào đôi mắt với phấn mắt cam, hồng đào, và nâu đồng, tạo hiệu ứng chuyển màu mềm mại. Gương mặt được nhấn nhá với má hồng cam san hô và son môi cùng tông, mang đến vẻ ngoài tươi tắn, tràn"
Làm sao nhận diện lọ kem dưỡng da dạng mịn siêu nhẹ?,"Kem dưỡng da dạng mịn siêu nhẹ thường có kết cấu lỏng, dễ dàng tán đều trên da mà không gây cảm giác nhờn dính. Khi lấy một lượng nhỏ ra tay, bạn sẽ thấy kem thẩm thấu nhanh, để lại bề mặt da mịn màng, thông thoáng. Thành phần thường chứa nhiều nước, hyaluronic acid hoặc các chất dưỡng ẩm nhẹ."
Cách tạo makeup cho buổi đi chơi công viên ban ngày với bạn bè?,"Để có makeup tự nhiên cho buổi đi chơi công viên, ưu tiên sự nhẹ nhàng, tươi tắn. 1. **Kem dưỡng ẩm + kem chống nắng** là bước quan trọng. 2. **Phấn nền mỏng nhẹ** hoặc **BB cream** giúp che phủ vừa phải. 3. **Má hồng tone cam đào** tạo vẻ khỏe khoắn. 4. **Mascara** làm dài mi, **son dưỡng có màu** hoặc **son tint** nhẹ nhàng. Tránh makeup quá"
Tại sao cần dùng son dưỡng có niacinamide?,"Son dưỡng có niacinamide giúp cải thiện hàng rào bảo vệ da môi, giảm tình trạng khô bong tróc, nứt nẻ. Niacinamide còn có khả năng làm sáng màu môi, giảm thâm, và hỗ trợ làm đầy rãnh môi nhẹ, giúp môi căng mọng, khỏe mạnh hơn. Đây là lựa chọn lý tưởng cho đôi môi nhạy cảm và dễ bị tổn thương."
Cọ tán phấn highlighter dạng lông tôm siêu cực nhỏ nhẹ hơn có đặc điểm gì?,"Cọ tán phấn highlighter lông tôm siêu nhỏ, nhẹ giúp đánh phấn highlight tập trung, chính xác ở những vùng cao như gò má, sống mũi, nhân trung. Lông tôm mềm mại, mịn màng giúp phấn bám đều, không bị vón cục, tạo hiệu ứng glow tự nhiên, tinh tế, phù hợp với makeup hàng ngày và các kiểu trang điểm cầu kỳ."
Kỹ thuật makeup 'soft pink sunset' là gì?,"""Soft pink sunset"" là kỹ thuật trang điểm lấy cảm hứng từ vẻ đẹp hoàng hôn. Tập trung vào các tông màu hồng đào, cam san hô nhẹ nhàng, được blend đều trên bầu mắt và má. Kỹ thuật này tạo hiệu ứng đôi mắt và gò má ửng hồng tự nhiên, mềm mại, mang đến vẻ ngoài tươi trẻ, lãng mạn và nữ tính."
Làm sao nhận diện chai xịt dưỡng da dạng siêu mịn nhẹ?,"Để nhận diện xịt dưỡng da dạng siêu mịn nhẹ, hãy chú ý: * **Kết cấu:** Dạng sương mù cực nhỏ, không gây dính hay nhờn rít. * **Nhãn sản phẩm:** Thường ghi rõ ""siêu mịn"", ""dạng xịt"", ""mist"" hoặc ""micro-mist"". * **Kiểm tra:** Xịt thử lên tay, nếu thấy hạt phun đều, nhỏ và nhanh chóng thấm vào da là đúng loại."
Cách chọn phấn mắt cho buổi đi ăn tối ngoài trời ban ngày?,"Để chọn phấn mắt cho buổi đi ăn tối ngoài trời ban ngày, ưu tiên các tông màu trung tính ấm áp như nâu đồng, đào, hoặc cam đất. Những màu này phù hợp với ánh sáng tự nhiên và tạo chiều sâu cho mắt. Tránh các màu quá sẫm hoặc quá nhũ, vì có thể gây chói mắt dưới ánh nắng. Hoàn thiện với một chút mascara để đôi"
Tại sao cần dùng tẩy trang dạng mịn nhẹ cho da nhạy cảm?,"Da nhạy cảm dễ bị kích ứng bởi các sản phẩm mạnh. Tẩy trang dạng mịn nhẹ, không chứa cồn, dầu khoáng và hương liệu giúp làm sạch lớp trang điểm hiệu quả mà không gây khô căng, đỏ rát. Kết cấu dịu nhẹ này tôn trọng hàng rào bảo vệ da, giảm thiểu nguy cơ kích ứng và duy trì làn da khỏe mạnh."
Cọ tán phấn phủ dạng lông tôm siêu cực nhỏ nhẹ hơn có đặc điểm gì?,"Cọ tán phấn phủ lông tôm siêu nhỏ, nhẹ có sợi lông mảnh, mềm mại và dày đặc. Chúng giúp lấy lượng phấn vừa đủ, tán đều, mịn màng trên da, đặc biệt phù hợp với phấn phủ dạng bột và các vùng da nhỏ như dưới mắt, khóe mũi. Cọ cho lớp nền mỏng nhẹ, tự nhiên, không gây cakey."
Kỹ thuật makeup 'vibrant pink sunset' là gì?,"""Vibrant Pink Sunset"" là kỹ thuật trang điểm lấy cảm hứng từ vẻ đẹp hoàng hôn rực rỡ. Bắt đầu với tông hồng đào ấm áp ở hốc mắt, chuyển dần sang hồng đậm và tím hồng ở đuôi mắt, tạo hiệu ứng ombre mềm mại. Thêm chút nhũ vàng hoặc cam đồng để tăng độ lấp lánh, kết hợp với má hồng và son môi cùng tông để hoàn"
Làm sao nhận diện lọ nước tẩy trang dạng siêu mịn nhẹ?,"Nước tẩy trang siêu mịn nhẹ thường có kết cấu lỏng, trong suốt hoặc hơi đục. Khi lắc nhẹ, bạn sẽ thấy chúng sánh mịn, không gây cảm giác nhờn dính. Thành phần thường chứa các micelle hoặc dầu khoáng nhẹ, cùng các chiết xuất dưỡng ẩm như glycerin, hyaluronic acid. Quan trọng nhất, sản phẩm không gây kích ứng, làm căng rát da sau khi sử dụng."
Tại sao cần dùng kem dưỡng da ban ngày có ceramide?,"Ceramide là ""xi măng"" tự nhiên của da, giúp phục hồi và củng cố hàng rào bảo vệ da. Kem dưỡng da ban ngày chứa ceramide giúp da khỏe mạnh, chống lại tác động từ môi trường như ô nhiễm, tia UV. Đồng thời, ceramide giúp giữ ẩm, làm dịu da, ngăn ngừa mất nước và hỗ trợ các sản phẩm trang điểm lên da tốt hơn."
Cọ tán phấn má hồng dạng lông tôm siêu mịn nhẹ có đặc điểm gì?,"Cọ tán phấn má hồng lông tôm siêu mịn nhẹ có sợi lông cực kỳ mềm mại, tơi xốp, giúp lấy và tán phấn một cách dễ dàng, không gây kích ứng da. Thiết kế đầu cọ vát nhẹ, phù hợp để tạo khối, highlight và tán đều phấn má hồng, mang lại lớp trang điểm tự nhiên, mịn màng, không bị vón cục."
Kỹ thuật makeup 'smokey pink sunrise' là gì?,"""Smokey Pink Sunrise"" là kỹ thuật trang điểm mắt lấy cảm hứng từ bình minh, kết hợp tông hồng đào, cam san hô và chút ánh đồng. Bắt đầu với phấn hồng đào làm base, sau đó blend dần các màu đậm hơn ra góc mắt, tạo hiệu ứng khói nhẹ nhàng. Thêm chút highlight ở khóe mắt và dưới chân mày để đôi mắt thêm bừng sáng."
Làm sao nhận diện chai xịt cố định makeup dạng super matte?,"Chai xịt cố định makeup super matte thường có các đặc điểm sau: * **Kết cấu:** Dạng lỏng, trong suốt, không màu. * **Thành phần:** Chứa các hạt phấn siêu mịn, giúp kiểm soát dầu và làm mờ lỗ chân lông. * **Nhãn mác:** Ghi rõ ""matte"", ""oil control"", ""long-lasting"" hoặc ""super matte"". * **Hiệu ứng:** Khi xịt, da sẽ khô ráo, mịn lì tức thì."
Cách chọn son môi cho buổi tiệc tối ngoài bãi biển ban đêm?,"Buổi tiệc tối ngoài bãi biển cần sự cân bằng giữa nổi bật và tự nhiên. Chọn son màu nude đào, hồng san hô hoặc đỏ cam để tôn da dưới ánh đèn. Chất son nên là lì hoặc bán lì, giúp son lâu trôi và không bị bóng dầu dưới thời tiết ẩm. Tránh các màu quá sẫm hoặc quá nhạt."
Tại sao cần dùng tẩy trang dạng dầu siêu nhẹ cho da dầu?,"Tẩy trang dạng dầu siêu nhẹ lý tưởng cho da dầu vì dầu hòa tan dầu. Chúng loại bỏ hiệu quả lớp trang điểm, kem chống nắng và bã nhờn sâu trong lỗ chân lông mà không gây khô da. Công thức ""siêu nhẹ"" đảm bảo không làm tắc nghẽn lỗ chân lông, giúp duy trì sự cân bằng và kiểm soát dầu thừa."
Cọ tán phấn nhãn mắt sáng tạo dạng lông tôm siêu mịn có đặc điểm gì?,"Cọ tán phấn mắt sáng tạo dạng lông tôm siêu mịn có sợi lông siêu mềm, tơi xốp, giúp lấy và tán phấn mịn màng, không gây kích ứng da. Thiết kế đầu cọ nhỏ, linh hoạt, dễ dàng thao tác trong các chi tiết khó như hốc mắt, đuôi mắt, tạo chiều sâu và hiệu ứng chuyển màu hoàn hảo."
Kỹ thuật makeup 'bold pink sunrise' là gì?,"""Bold Pink Sunrise"" là kỹ thuật trang điểm tập trung vào đôi mắt với tông hồng đậm làm chủ đạo, chuyển sắc từ đậm ở mí mắt dưới, nhạt dần lên trên như bình minh. Kỹ thuật này thường kết hợp với má hồng và son môi cùng tông, tạo diện mạo tươi trẻ, rạng rỡ và nổi bật. Da thường được giữ tự nhiên, trong trẻo."
Làm sao nhận diện lọ kem dưỡng da siêu mịn nhẹ?,"Để nhận diện kem dưỡng siêu mịn nhẹ, hãy chú ý đến kết cấu: kem thường lỏng, dễ dàng tán đều trên da mà không gây cảm giác bí bách. Thành phần thường chứa nhiều nước, hyaluronic acid, hoặc các loại dầu khoáng nhẹ. Bao bì thường ghi rõ ""lightweight"", ""gel-cream"" hoặc ""water-based""."
Tại sao cần dùng son dưỡng có ceramide?,"Son dưỡng có ceramide rất cần thiết vì ceramide là ""xi măng"" tự nhiên của da, giúp phục hồi và củng cố hàng rào bảo vệ môi. Môi vốn dĩ mỏng manh, dễ bị khô, bong tróc. Ceramide giúp khóa ẩm, ngăn ngừa mất nước, làm mềm môi và bảo vệ khỏi tác động từ môi trường, cho đôi môi khỏe mạnh, căng mọng."
Cọ tán phấn highlighter dạng lông mịn siêu nhỏ có đặc điểm gì?,"Cọ tán phấn highlighter lông mịn siêu nhỏ có sợi lông mảnh, mềm mại, thường làm từ sợi tổng hợp hoặc lông tự nhiên cao cấp. Thiết kế nhỏ gọn giúp lấy lượng phấn vừa đủ, tán đều highlighter lên các điểm cao trên khuôn mặt (gò má, sống mũi, nhân trung,...) một cách chính xác, tạo hiệu ứng glow tự nhiên, tinh tế, không bị vón cục."
Kỹ thuật makeup 'soft coral sunset' là gì?,"""Soft coral sunset"" là kỹ thuật trang điểm lấy cảm hứng từ vẻ đẹp hoàng hôn trên biển. Kỹ thuật này tập trung vào các tông màu san hô, cam đào ấm áp trên đôi mắt và má, kết hợp với lớp nền trong trẻo, tự nhiên. Son môi thường là màu nude hoặc hồng đào nhẹ nhàng để hoàn thiện vẻ ngoài tươi tắn, lãng mạn."
Làm sao nhận diện chai xịt dưỡng da siêu mịn?,"Để nhận diện xịt dưỡng da siêu mịn, hãy chú ý đến: * **Kết cấu:** Vòi xịt tạo ra sương mù cực nhỏ, nhẹ tênh khi phun. * **Độ bám:** Làn da cảm thấy ẩm mượt tức thì, không gây dính rít. * **Thành phần:** Ưu tiên sản phẩm chứa các phân tử nước siêu nhỏ, hyaluronic acid, glycerin. * **Nhãn mác:** Tìm các từ khóa như ""micro-mist"", ""ultra-fine spray""."
Cách chọn phấn mắt cho buổi đi ăn tối ngoài trời ban đêm?,"Để chọn phấn mắt cho buổi đi ăn tối ngoài trời ban đêm, ưu tiên các màu trung tính ấm như nâu đồng, vàng đồng, hoặc màu mận. Các màu này dễ phối đồ và nổi bật trong ánh sáng yếu. Bạn có thể thêm chút nhũ để đôi mắt thêm lấp lánh, nhưng tránh các màu quá sáng hoặc quá tối để tránh bị ""dừ"" hoặc khó nhìn."
Tại sao cần dùng tẩy trang dạng siêu mịn cho da nhạy cảm?,"Tẩy trang dạng siêu mịn (micellar water) lý tưởng cho da nhạy cảm vì không chứa cồn, dầu khoáng và hương liệu gây kích ứng. Các phân tử micelle nhẹ nhàng loại bỏ bụi bẩn, makeup mà không cần chà xát mạnh, giúp tránh làm tổn thương hàng rào bảo vệ da, giảm thiểu tình trạng đỏ, ngứa và khô căng."
Cọ tán phấn phủ dạng lông mịn siêu nhỏ có đặc điểm gì?,"Cọ tán phấn phủ lông mịn siêu nhỏ có sợi lông cực kỳ mềm mại, tơi và nhỏ, giúp lấy lượng phấn vừa đủ, tán đều trên da một cách tự nhiên, không gây cakey. Cọ phù hợp với phấn phủ dạng bột mịn, giúp khóa lớp nền, che phủ lỗ chân lông và mang lại lớp finish mịn màng, nhẹ thoáng."
Kỹ thuật makeup 'vibrant coral sunset' là gì?,"""Vibrant Coral Sunset"" là kỹ thuật trang điểm lấy cảm hứng từ vẻ đẹp hoàng hôn biển nhiệt đới. Bắt đầu với phấn mắt màu cam đào, cam san hô làm chủ đạo, chuyển dần sang hồng cam và tím nhẹ ở đuôi mắt. Má hồng cam san hô tươi tắn, son môi cùng tông và chút highlight cam đồng tạo hiệu ứng rạng rỡ, ấm áp."
Làm sao nhận diện lọ nước tẩy trang siêu mịn?,"Để nhận diện nước tẩy trang siêu mịn, hãy chú ý đến kết cấu. Sản phẩm tốt thường trong suốt, lỏng nhẹ như nước, không gây cảm giác nhờn dính. Khi thoa lên da, bạn sẽ thấy khả năng làm sạch nhẹ nhàng, không cần chà xát mạnh. Thành phần thường chứa các micelle hoặc dầu dưỡng giúp hòa tan và loại bỏ makeup hiệu quả."
Cách tạo makeup cho buổi đi ăn trưa ngoài trời với bạn bè?,"Để có makeup tự nhiên cho buổi ăn trưa ngoài trời, hãy ưu tiên sự nhẹ nhàng. Dùng kem nền mỏng, che khuyết điểm ở vùng cần thiết. Phấn má hồng tone đào hoặc cam san hô giúp tươi tắn. Kẻ mắt mảnh, mascara nhẹ nhàng và son dưỡng ẩm hoặc son tint màu nhẹ là đủ. Đừng quên kem chống nắng!"
Tại sao cần dùng kem dưỡng da ban ngày có peptide niacinamide?,"Kem dưỡng da ban ngày chứa peptide và niacinamide rất cần thiết vì chúng kết hợp sức mạnh tái tạo và bảo vệ. Peptide kích thích sản xuất collagen, giúp da săn chắc, giảm nếp nhăn. Niacinamide làm dịu da, giảm đỏ, thu nhỏ lỗ chân lông và tăng cường hàng rào bảo vệ da, chống lại tác hại từ môi trường."
Cọ tán phấn má hồng dạng lông mịn siêu nhỏ có đặc điểm gì?,"Cọ tán phấn má hồng lông mịn siêu nhỏ có sợi lông siêu mềm, nhỏ và dày đặc. Cọ giúp lấy lượng phấn vừa đủ, tán đều phấn lên da một cách tự nhiên, không gây vón cục. Đặc biệt phù hợp với phấn má hồng dạng bột, giúp tạo hiệu ứng má ửng hồng nhẹ nhàng, tinh tế."
Làm sao nhận diện chai xịt cố định makeup siêu mịn?,"Để nhận diện xịt cố định makeup siêu mịn, hãy chú ý: * **Kết cấu:** Vòi xịt tạo sương cực nhỏ, mịn như hơi sương, không gây ướt dính. * **Thành phần:** Ưu tiên các loại chứa glycerin, hyaluronic acid giúp cấp ẩm, không cồn. * **Khả năng:** Xịt sau makeup, lớp nền khô nhanh, mịn màng, không bị cakey hay vón cục. * **Test thử:** Xịt lên tay, cảm"
Cách chọn son môi cho buổi tiệc tối ngoài trời ban ngày?,"Buổi tiệc tối ngoài trời ban ngày cần son môi cân bằng giữa tươi tắn và quyến rũ. Ưu tiên các màu nude đào, hồng san hô, hoặc cam đất. Nếu muốn nổi bật hơn, đỏ cam hoặc hồng berry là lựa chọn tốt. Chất son nên là lì hoặc bán lì để bền màu, tránh son bóng quá dễ bị lem."
Tại sao cần dùng tẩy trang dạng mịn siêu nhẹ cho da dầu?,"Da dầu dễ bị tắc nghẽn lỗ chân lông, dẫn đến mụn. Tẩy trang dạng mịn siêu nhẹ, thường là dầu hoặc gel, giúp làm sạch sâu bụi bẩn, dầu thừa và kem trang điểm mà không gây kích ứng. Kết cấu nhẹ nhàng này không làm tăng tiết dầu, đồng thời duy trì độ ẩm cần thiết, giúp da sạch thoáng và khỏe mạnh."
Cọ tán phấn nhãn mắt sáng tạo dạng mịn siêu nhỏ có đặc điểm gì?,"Cọ tán phấn mắt sáng tạo dạng mịn siêu nhỏ có thiết kế đầu cọ nhỏ, lông cọ mềm mại và dày đặc. Đặc điểm này giúp dễ dàng lấy và tán đều phấn mắt, đặc biệt là phấn nhũ hoặc phấn có kết cấu mịn. Cọ phù hợp để tạo điểm nhấn, đánh highlight hoặc tán phấn ở vùng mắt nhỏ hẹp."
Làm sao nhận diện lọ kem dưỡng da mịn siêu mịn?,"Để nhận diện kem dưỡng da mịn siêu mịn, hãy chú ý đến kết cấu. Kem tốt sẽ mềm mại, tan nhanh trên da, không gây cảm giác nhờn dính. Thành phần thường chứa các chất dưỡng ẩm như hyaluronic acid, glycerin, ceramides. Bao bì thường ghi rõ ""micro-emulsion"" hoặc ""ultra-fine texture"". Thử một lượng nhỏ lên da tay để cảm nhận độ mịn màng nhé!"
Tại sao cần dùng son dưỡng có vitamin B5?,"Son dưỡng có Vitamin B5 (Panthenol) giúp dưỡng ẩm sâu, làm dịu da môi bị khô, nứt nẻ. B5 còn kích thích tái tạo tế bào, hỗ trợ phục hồi môi tổn thương do thời tiết hoặc các tác nhân khác. Sử dụng thường xuyên giúp môi mềm mại, căng mọng và khỏe mạnh hơn, làm nền hoàn hảo cho son màu."
Cọ tán phấn highlighter dạng mịn siêu mịn có đặc điểm gì?,"Cọ tán phấn highlighter dạng mịn siêu mịn thường có sợi lông mềm mại, tơi xốp và đầu cọ nhỏ, vát hoặc tròn. Chất liệu lông phổ biến là sợi tổng hợp hoặc lông tự nhiên cao cấp. Thiết kế này giúp lấy lượng phấn vừa đủ, tán đều, nhẹ nhàng trên da, tạo hiệu ứng glow tự nhiên, không bị vón cục hay lộ vân cọ."
Làm sao nhận diện chai xịt dưỡng da mịn siêu mịn?,"Để nhận diện xịt dưỡng da mịn siêu mịn, hãy chú ý: * **Kết cấu:** Dạng sương mù cực nhỏ, khi xịt lên da cảm thấy ẩm mịn, không gây dính. * **Thành phần:** Ưu tiên các loại chứa hyaluronic acid, glycerin, ceramides, hoặc chiết xuất thực vật dưỡng ẩm. * **Nhãn mác:** Tìm các từ khóa như ""micro-mist"", ""ultra-fine"", ""hydrating mist"". * **Test thử:** Xịt lên tay, quan sát"
Cách chọn phấn mắt cho buổi ăn tối ngoài trời ban ngày?,"Để chọn phấn mắt cho buổi ăn tối ngoài trời ban ngày, ưu tiên các tông màu trung tính ấm áp như nâu đồng, đào, hoặc cam đất. Những màu này phù hợp với ánh sáng tự nhiên và tạo vẻ ngoài tươi tắn, thanh lịch. Tránh các màu quá sẫm hoặc quá nổi bật. Hoàn thiện với một chút highlighter ở khóe mắt để tăng độ sáng."
Tại sao cần dùng tẩy trang siêu nhẹ cho da nhạy cảm?,"Da nhạy cảm dễ bị kích ứng bởi các thành phần mạnh trong tẩy trang thông thường. Tẩy trang siêu nhẹ, không chứa cồn, hương liệu, dầu khoáng giúp làm sạch da dịu êm, không gây khô căng, đỏ rát. Chúng loại bỏ trang điểm hiệu quả mà vẫn bảo vệ hàng rào bảo vệ da, giảm thiểu nguy cơ kích ứng và tổn thương."
Cọ tán phấn phủ dạng mịn siêu mịn có đặc điểm gì?,"Cọ tán phấn phủ dạng mịn siêu mịn thường có sợi lông siêu mềm, tơi và dày đặc. Thiết kế đầu cọ tròn hoặc hơi dẹt, giúp lấy và phân tán lượng phấn vừa đủ, tránh gây cakey. Cọ thích hợp với phấn phủ dạng bột nén hoặc bột rời, mang lại lớp phủ mỏng nhẹ, tự nhiên và không gây kích ứng da."
Kỹ thuật makeup 'vibrant pink sunrise' là gì?,"""Vibrant Pink Sunrise"" là kỹ thuật trang điểm lấy cảm hứng từ bình minh rực rỡ với tông hồng chủ đạo. Bắt đầu với phấn má hồng và phấn mắt màu hồng đào, cam san hô, blend đều lên vùng mắt và gò má. Thêm chút highlight lấp lánh để tạo hiệu ứng bắt sáng, mang đến vẻ tươi trẻ, tràn đầy năng lượng như ánh bình minh."
Làm sao nhận diện lọ nước tẩy trang mịn siêu mịn?,"Để nhận diện nước tẩy trang mịn siêu mịn, hãy chú ý đến kết cấu. Sản phẩm tốt sẽ lỏng nhẹ, trong suốt hoặc hơi đục, không gây cảm giác nhờn dính khi thoa. Thử nhỏ một lượng lên da, nếu dễ dàng hòa tan và loại bỏ makeup mà không cần chà xát mạnh là dấu hiệu của độ mịn cao."
Cách tạo makeup cho buổi đi ăn trưa ngoài trời?,"Để có makeup tự nhiên cho buổi ăn trưa ngoài trời, hãy ưu tiên sự nhẹ nhàng. Dùng kem nền mỏng, che khuyết điểm ở vùng cần thiết. Phấn má hồng tone đào hoặc cam san hô giúp tươi tắn. Kẻ mắt mảnh, mascara nhẹ nhàng và son dưỡng có màu là đủ. Đừng quên kem chống nắng để bảo vệ da nhé!"
Tại sao cần dùng kem dưỡng da ban ngày có vitamin B5?,"Vitamin B5 (Panthenol) trong kem dưỡng da ban ngày giúp cấp ẩm sâu, phục hồi hàng rào bảo vệ da bị tổn thương bởi tác động môi trường như nắng, gió, ô nhiễm. Da được dưỡng ẩm đủ sẽ khỏe mạnh hơn, giảm kích ứng và tăng khả năng chống lại các dấu hiệu lão hóa. Đồng thời, B5 còn hỗ trợ làm dịu da, giảm đỏ và viêm."
Cọ tán phấn má hồng dạng mịn siêu mịn có đặc điểm gì?,"Cọ tán phấn má hồng dạng mịn siêu mịn thường có sợi lông mềm mại, dày đặc và đầu cọ tròn hoặc vát nhẹ. Thiết kế này giúp lấy lượng phấn vừa đủ, tán đều phấn lên da một cách tự nhiên, không gây vón cục hay lộ vân cọ. Cọ phù hợp với phấn má hồng dạng bột mịn, giúp tạo lớp má hồng nhẹ nhàng, tinh tế."
Kỹ thuật makeup 'smokey pink sunset' là gì?,"""Smokey pink sunset"" là kỹ thuật trang điểm mắt lấy cảm hứng từ vẻ đẹp hoàng hôn. Bắt đầu với phấn mắt màu hồng đào ở hốc mắt, sau đó chuyển dần sang màu hồng đậm hơn, tím và kết thúc bằng chút nâu đồng ở đuôi mắt. Kỹ thuật này tạo chiều sâu, đôi mắt lấp lánh và mềm mại, phù hợp với nhiều tông da."
Làm sao nhận diện chai xịt cố định makeup mịn siêu mịn?,"Để nhận diện xịt cố định makeup mịn, siêu mịn, hãy chú ý: * **Kết cấu:** Vòi xịt tạo sương cực nhỏ, không gây ướt dính. * **Thành phần:** Ưu tiên chứa glycerin, hyaluronic acid giúp cấp ẩm, không cồn. * **Độ trong suốt:** Chất lỏng trong suốt, không để lại vệt trắng. * **Cảm giác:** Sau khi xịt, da mịn màng, khô thoáng, makeup bền màu."
Tại sao cần dùng tẩy trang mịn siêu mịn cho da dầu?,"Da dầu dễ bít tắc lỗ chân lông bởi bã nhờn và bụi bẩn. Tẩy trang mịn siêu mịn, thường ở dạng dầu hoặc micellar water, giúp làm sạch sâu mà không gây kích ứng, loại bỏ hoàn toàn tạp chất và lớp trang điểm. Điều này ngăn ngừa mụn, kiểm soát dầu thừa và duy trì làn da thông thoáng, khỏe mạnh."
Cọ tán phấn nhãn mắt sáng tạo mịn siêu mịn có đặc điểm gì?,"Cọ tán phấn mắt sáng tạo mịn siêu mịn thường có các đặc điểm sau: * **Lông cọ:** Mềm mại, dẻo dai, thường làm từ sợi tổng hợp hoặc lông tự nhiên chất lượng cao. * **Hình dáng:** Đầu cọ tròn, dẹt hoặc vát, giúp dễ dàng tán phấn đều và chính xác. * **Kích thước:** Nhỏ gọn, phù hợp với hốc mắt, giúp tạo chiều sâu và đôi mắt"
Kỹ thuật makeup 'bold pink sunset' là gì?,"""Bold pink sunset"" là kỹ thuật trang điểm tập trung vào đôi mắt với tông hồng đậm, chuyển sắc như hoàng hôn. Bắt đầu với hồng đậm gần mi mắt, sau đó hòa dần ra ngoài với các sắc hồng nhạt, cam đào và đôi khi có chút tím. Kỹ thuật này thường kết hợp với lớp nền nhẹ nhàng và đôi môi nude để làm nổi bật đôi mắt."
Làm sao nhận diện lọ kem dưỡng da siêu mịn siêu mịn?,"Để nhận diện kem dưỡng da siêu mịn, hãy chú ý đến kết cấu: kem phải mềm mại, tan nhanh vào da, không để lại vệt trắng. Thành phần thường chứa các chất dưỡng ẩm như hyaluronic acid, glycerin, ceramides. Bao bì thường ghi rõ ""siêu mịn"", ""micro-emulsion"" hoặc ""dành cho da nhạy cảm"". Thử một lượng nhỏ lên da tay để cảm nhận độ mịn màng."
Tại sao cần dùng son dưỡng có hyaluronic acid?,"Son dưỡng có hyaluronic acid (HA) cần thiết vì HA là ""nam châm"" hút ẩm tuyệt vời, giúp môi căng mọng, giảm khô bong tróc. HA còn tạo lớp màng bảo vệ, khóa ẩm từ môi, giúp son màu lên chuẩn hơn và bền màu hơn. Dùng thường xuyên giúp môi khỏe mạnh, mịn màng, ngăn ngừa lão hóa."
Cách tạo makeup cho buổi đi ăn tối lãng mạn?,"Để có makeup cho buổi tối lãng mạn, hãy tập trung vào sự tinh tế. Nền mịn lì, má hồng đào nhẹ nhàng, mắt nhấn nhá bằng tông màu ấm như nâu đồng hoặc champagne. Đừng quên kẻ eyeliner mảnh và mascara để đôi mắt thêm cuốn hút. Son môi đỏ rượu hoặc hồng nude sẽ hoàn thiện vẻ ngoài quyến rũ, tự nhiên."
Lọ son dưỡng dạng hũ có đặc điểm vật lý nào để robot nhận diện?,"Robot có thể nhận diện son dưỡng dạng hũ qua các đặc điểm vật lý sau: * **Hình dạng:** Thường là hình trụ ngắn, miệng hũ tròn hoặc bầu dục. * **Kích thước:** Đường kính và chiều cao cố định, có thể đo bằng cảm biến. * **Vật liệu:** Hũ thường làm từ thủy tinh hoặc nhựa, có độ phản xạ ánh sáng đặc trưng. * **Màu sắc:** Màu sắc"
Kỹ thuật makeup 'cut crease pastel' là gì?,"""Cut crease pastel"" là kỹ thuật trang điểm mắt tạo chiều sâu bằng cách vẽ một đường crease (nếp gấp) rõ nét trên hốc mắt, sau đó tô đầy bằng các màu pastel nhẹ nhàng. Kỹ thuật này giúp đôi mắt trông to hơn, sắc sảo hơn và tạo điểm nhấn ấn tượng, thường được sử dụng trong các dịp đặc biệt hoặc theo phong cách trang điểm cá tính."
Cách chọn son môi cho buổi đi xem hòa nhạc ngoài trời?,"Để chọn son môi cho buổi hòa nhạc ngoài trời, ưu tiên độ bền màu và thoải mái. Son kem lì hoặc son tint là lựa chọn tốt, giữ màu lâu trôi dù vận động. Màu sắc nên tươi tắn, nổi bật dưới ánh đèn sân khấu như đỏ cam, hồng san hô hoặc nude đào. Đừng quên son dưỡng để môi không bị khô."
Tại sao cần dùng kem lót có silicon cho da dầu?,"Kem lót có silicon giúp da dầu kiểm soát dầu thừa hiệu quả nhờ khả năng tạo màng chắn, làm mịn da và lấp đầy lỗ chân lông. Điều này giúp lớp nền (foundation) bám tốt hơn, không bị trôi hoặc xuống tông do dầu, đồng thời hạn chế tình trạng bít tắc lỗ chân lông gây mụn."
Cọ thoa son môi dạng đầu nhỏ có đặc điểm gì?,"Cọ thoa son môi đầu nhỏ có lông cọ mảnh, đầu cọ thon và nhỏ. Thiết kế này giúp bạn dễ dàng xác định đường viền môi, tô son chính xác, đặc biệt phù hợp với các kiểu trang điểm môi phức tạp hoặc khi sử dụng nhiều màu son. Cọ cũng hỗ trợ tạo hiệu ứng ombre môi tự nhiên."
Làm sao nhận diện hộp phấn má hồng dạng bột nén qua hình ảnh 2D?,"Để nhận diện phấn má hồng dạng bột nén qua ảnh 2D, hãy chú ý các điểm sau: * **Hình dáng:** Thường là hộp tròn, vuông hoặc chữ nhật. * **Bề mặt:** Bột mịn, có thể thấy rõ màu sắc (hồng, cam, đào...). * **Chi tiết:** Có thể có họa tiết trang trí, logo thương hiệu và thường đi kèm cọ hoặc gương nhỏ. * **Kết cấu:** Nhìn tổng thể"
Cách tạo makeup cho buổi tiệc sinh nhật ban đêm?,"Để có makeup tiệc sinh nhật đêm lộng lẫy, hãy tập trung vào mắt và môi. Sử dụng phấn mắt nhũ ánh, màu đậm như nâu, tím hoặc xanh, kết hợp eyeliner và mascara. Đừng quên đánh highlight để tạo điểm nhấn. Son môi màu đỏ, hồng đất hoặc cam cháy sẽ hoàn thiện vẻ ngoài quyến rũ. Quan trọng nhất, hãy đảm bảo lớp nền mịn màng, kiểm soát"
Son tint dạng chai có đặc điểm vật lý nào?,"Son tint dạng chai thường có kết cấu lỏng, nhẹ, dễ dàng tán đều trên môi. Màu sắc thường trong trẻo, bóng mượt khi mới thoa, sau đó khô lại thành lớp matte hoặc satin tùy công thức. Bao bì thường là chai thủy tinh hoặc nhựa với cọ đầu dẹt hoặc đầu chổi để lấy sản phẩm."
Tại sao cần dùng xịt cố định makeup dạng dewy cho da khô?,"Xịt cố định makeup dạng dewy lý tưởng cho da khô vì nó bổ sung độ ẩm tức thì, giúp lớp trang điểm không bị cakey hay bong tróc. Các thành phần dưỡng ẩm trong xịt sẽ khóa ẩm, tạo hiệu ứng căng bóng tự nhiên, giúp da trông khỏe mạnh và rạng rỡ hơn suốt cả ngày."
Lọ kem nền dạng chai bơm có đặc điểm gì?,"Kem nền dạng chai bơm thường có kết cấu lỏng nhẹ, dễ dàng tán đều trên da, phù hợp với nhiều loại da, đặc biệt là da thường và da hỗn hợp. Thiết kế chai bơm tiện lợi giúp kiểm soát lượng sản phẩm, vệ sinh và bảo quản tốt hơn so với các dạng kem nền khác."
Cách chọn cọ để thoa phấn mắt dạng kem?,"Để thoa phấn mắt kem, nên chọn cọ đầu bằng, nhỏ và dẹt. Chất liệu lông cọ mềm mại (tổng hợp hoặc tự nhiên) giúp tán đều phấn, tránh làm xê dịch lớp nền. Cọ đầu vát cũng hữu ích để tạo điểm nhấn hoặc đường viền sắc nét. Quan trọng là cọ phải dễ làm sạch để đảm bảo vệ sinh."
Làm sao nhận diện bút kẻ mắt dạng chì gỗ qua hình ảnh?,"Để nhận diện bút kẻ mắt dạng chì gỗ qua hình ảnh, bạn hãy chú ý các điểm sau: * **Hình dáng:** Thường có hình trụ tròn hoặc lục giác, giống bút chì. * **Vỏ:** Làm từ gỗ, có thể được sơn màu hoặc để nguyên màu gỗ. * **Đầu bút:** Thường có hình tròn, bầu hoặc vát, lộ phần chì màu. * **Cấu tạo:** Có thể thấy rõ phần"
Kỹ thuật makeup 'retro wing' là gì?,"Kỹ thuật makeup ""retro wing"" (cánh mắt retro) là kiểu kẻ mắt đặc trưng của những năm 50-60. Đường kẻ mắt được vẽ dày, đậm, kéo dài vượt quá đuôi mắt theo hình cánh chim nhưng có phần cong, mềm mại hơn so với ""cat eye"" hiện đại. Phong cách này tạo đôi mắt sắc sảo, quyến rũ và mang hơi hướng cổ điển."
Cách chọn son môi cho buổi đi công viên giải trí ban ngày?,"Khi đi công viên giải trí ban ngày, ưu tiên son môi thoải mái, lâu trôi và màu sắc tươi tắn. Chọn các chất liệu son như son tint, son kem lì hoặc son dưỡng có màu để giữ màu lâu mà không gây khô môi. Các màu như hồng san hô, cam đào, đỏ cam sẽ phù hợp với không khí vui vẻ, năng động."
Tại sao cần dùng nước tẩy trang dạng micellar cho da nhạy cảm?,"Nước tẩy trang micellar lý tưởng cho da nhạy cảm vì công thức dịu nhẹ, không chứa cồn, dầu khoáng và hương liệu gây kích ứng. Các phân tử micelle ""hút"" bụi bẩn, dầu thừa mà không cần chà xát mạnh, giúp làm sạch sâu mà vẫn giữ được độ ẩm tự nhiên, giảm thiểu tình trạng đỏ, kích ứng cho da."
Hộp phấn mắt dạng palette lớn có đặc điểm vật lý nào?,"Palette phấn mắt lớn thường là hộp vuông hoặc chữ nhật, kích thước đa dạng từ lòng bàn tay đến khổ A4. Bên trong chứa nhiều ô phấn với các màu sắc, chất liệu (nhũ, lì, satin) khác nhau. Chất liệu vỏ phổ biến là nhựa cứng hoặc kim loại, có gương bên trong và thường đi kèm cọ trang điểm."
Cách tạo makeup cho buổi họp mặt gia đình?,"Để có makeup phù hợp buổi họp mặt gia đình, hãy ưu tiên vẻ ngoài tự nhiên, tươi tắn. * **Nền:** Dùng kem nền mỏng nhẹ, che khuyết điểm vừa đủ. * **Mắt:** Phấn mắt màu nude hoặc nâu nhạt, kẻ mắt mảnh. * **Má:** Hồng đào hoặc cam đất nhẹ nhàng. * **Môi:** Son bóng hoặc son kem màu nude, hồng san hô. Tránh makeup quá đậm, tập trung"
Cọ tán phấn phủ dạng kabuki lớn có đặc điểm gì?,"Cọ tán phấn phủ kabuki lớn có đầu cọ tròn, dày, lông mềm và thường được làm từ sợi tổng hợp hoặc lông tự nhiên. Thiết kế này giúp lấy lượng phấn vừa đủ, tán đều trên diện rộng, tạo lớp phủ mịn màng, tự nhiên. Cọ phù hợp với phấn phủ dạng bột, giúp kiểm soát dầu và cố định lớp trang điểm."
Kỹ thuật makeup 'monochrome peach' là gì?,"Kỹ thuật ""monochrome peach"" (đào đơn sắc) là xu hướng trang điểm sử dụng các tông màu đào từ nhạt đến đậm trên toàn bộ khuôn mặt. Bạn dùng phấn má, phấn mắt, son môi và thậm chí cả phấn nền (nếu có) đều thuộc gam đào. Kỹ thuật này tạo vẻ ngoài tươi tắn, trẻ trung và hài hòa, phù hợp với nhiều tông da."
Làm sao nhận diện chai xịt chống nắng dạng sương?,"Chai xịt chống nắng dạng sương thường có vòi xịt phun sương mịn, tạo cảm giác mát lạnh khi xịt lên da. Khi lắc nhẹ, bạn sẽ nghe thấy tiếng lạch cạch của các hạt chống nắng bên trong. Chất lỏng thường trong suốt hoặc hơi đục, dễ dàng trải đều và thấm nhanh vào da mà không gây nhờn dính."
Cách chọn phấn mắt cho buổi tiệc hồ bơi?,"Để chọn phấn mắt cho buổi tiệc hồ bơi, ưu tiên các màu sắc tươi sáng, rực rỡ như xanh dương, xanh lá cây, cam, hoặc hồng. Chất phấn nên là loại chống thấm nước, lâu trôi để tránh lem khi tiếp xúc với nước. Bạn có thể chọn phấn kem hoặc phấn mắt dạng gel để giữ màu tốt hơn. Đừng quên dùng kem lót mắt trước khi trang"
Tại sao cần dùng kem dưỡng ẩm có ceramide trước makeup?,"Ceramide là ""xi măng"" tự nhiên của da, giúp phục hồi và củng cố hàng rào bảo vệ da. Dưỡng ẩm bằng ceramide trước khi makeup giúp da đủ ẩm, mịn màng, giảm tình trạng bong tróc, làm mờ lỗ chân lông và giúp lớp nền bám tốt hơn, bền đẹp hơn suốt cả ngày. Đồng thời, bảo vệ da khỏi tác động của mỹ phẩm."
Cọ tán highlighter dạng đầu vát có đặc điểm gì?,"Cọ tán highlighter đầu vát có lông mềm, đầu cọ vát chéo giúp dễ dàng xác định vị trí đánh highlight. Thiết kế này phù hợp để tán highlighter lên các vùng cao như gò má, sống mũi, nhân trung và đường viền môi trên, tạo hiệu ứng bắt sáng tự nhiên, sắc nét và có chiều sâu."
Làm sao nhận diện lọ tẩy trang dạng gel?,"Lọ tẩy trang dạng gel thường có kết cấu trong suốt hoặc hơi đục, đặc hơn so với dầu tẩy trang nhưng vẫn mềm mại. Chúng thường được đóng trong tuýp hoặc lọ có vòi pump để dễ dàng lấy sản phẩm. Khi thoa lên da, gel sẽ tạo cảm giác mát lạnh, nhẹ nhàng làm tan chảy makeup."
Cách tạo makeup cho buổi đi xem phim tối?,"Để có makeup tối giản cho buổi xem phim, bạn nên tập trung vào làn da khỏe khoắn. Sử dụng kem nền nhẹ, che khuyết điểm ở vùng cần thiết. Đừng quên chút má hồng đào tự nhiên và son dưỡng môi. Nếu muốn, hãy thêm một lớp mascara để đôi mắt trông to hơn. Quan trọng nhất là giữ cho lớp makeup thật nhẹ nhàng, thoải mái!"
Tại sao cần dùng cọ sạch để thoa kem nền?,"Cọ sạch là yếu tố then chốt để có lớp nền hoàn hảo. Cọ bẩn chứa vi khuẩn, dầu thừa và cặn kem cũ, gây bít tắc lỗ chân lông, dẫn đến mụn. Hơn nữa, cọ sạch giúp kem nền tán đều, mịn màng, không bị vón cục hay loang lổ, đảm bảo lớp nền tự nhiên và bền đẹp."
Hộp phấn tạo khối dạng bột rời có đặc điểm gì?,"Phấn tạo khối dạng bột rời thường có kết cấu mịn, dễ tán và kiểm soát lượng sản phẩm. Chúng phù hợp với mọi loại da, đặc biệt là da dầu vì khả năng hút dầu tốt. Màu sắc đa dạng, từ tông lạnh để tạo chiều sâu đến tông ấm để sưởi ấm khuôn mặt, giúp định hình và tạo đường nét sắc sảo."
Cách chọn son môi cho buổi đi dạo phố tối?,"Để chọn son cho buổi đi dạo phố tối, ưu tiên các màu sắc tự nhiên nhưng vẫn nổi bật. Son nude, hồng đào, cam đất hoặc đỏ gạch là những lựa chọn an toàn và dễ phối đồ. Chất son nên mềm mịn, có dưỡng ẩm để đôi môi không bị khô. Tránh các màu quá sặc sỡ hoặc bóng loáng, sẽ không phù hợp với không khí thoải"
Làm sao nhận diện cây mascara cong mi qua hình ảnh?,"Để nhận diện mascara cong mi qua hình ảnh, hãy chú ý các điểm sau: * **Hình dáng bàn chải:** Bàn chải thường cong theo hình chữ U hoặc có các sợi lông được thiết kế uốn lượn. * **Kết cấu:** Mascara có thể chứa sáp hoặc polymer giúp giữ nếp cong. * **Hiệu ứng:** Mi sau khi chuốt sẽ cong rõ rệt, giữ được độ cong tự nhiên."
Tại sao cần dùng son dưỡng có SPF trước son màu?,"Son dưỡng có SPF là lớp bảo vệ cần thiết cho môi trước tác hại của ánh nắng mặt trời, ngăn ngừa thâm môi, lão hóa và ung thư da. Đồng thời, son dưỡng giúp môi mềm mại, làm đầy rãnh môi, tạo bề mặt mịn màng để son màu lên chuẩn màu và bền lâu hơn."
Cọ tán phấn mắt dạng đầu tròn lớn có đặc điểm gì?,"Cọ tán phấn mắt đầu tròn lớn có lông mềm, dày dặn, đầu cọ to tròn. Cọ này lý tưởng để tán phấn mắt trên toàn bộ bầu mắt, tạo hiệu ứng chuyển màu nhẹ nhàng, đều màu. Bạn có thể dùng để đánh phấn highlight ở vùng xương gò má hoặc tán phấn má hồng một cách nhanh chóng."
Làm sao nhận diện chai nước hoa hồng dạng xịt?,"Để nhận diện nước hoa hồng dạng xịt, bạn hãy chú ý: * **Bao bì:** Thường là chai nhựa hoặc thủy tinh trong suốt/mờ, có vòi xịt. * **Màu sắc:** Chất lỏng trong suốt hoặc hơi hồng nhạt. * **Mùi hương:** Thơm dịu, đặc trưng của hoa hồng. * **Thành phần:** Kiểm tra trên nhãn, sẽ có ""nước hoa hồng"" (Rosa Damascena Flower Water) hoặc ""hydrolat hoa hồng""."
Cách chọn phấn mắt cho buổi tiệc cưới ban ngày?,"Để chọn phấn mắt cho tiệc cưới ban ngày, ưu tiên các tông màu nhẹ nhàng, tự nhiên như hồng đào, cam đất, nâu nhạt hoặc champagne. Bạn có thể kết hợp thêm chút ánh nhũ để đôi mắt thêm lấp lánh. Tránh các màu quá đậm hoặc quá tối để tránh vẻ nặng nề, không phù hợp với không khí buổi tiệc."
Tại sao cần dùng sữa rửa mặt dạng gel trước makeup?,"Sữa rửa mặt dạng gel là bước chuẩn bị quan trọng trước khi trang điểm vì: * **Làm sạch sâu:** Loại bỏ bụi bẩn, dầu thừa, tế bào chết, giúp da thông thoáng. * **Cân bằng pH:** Phục hồi độ pH tự nhiên, giúp da khỏe mạnh và hấp thụ mỹ phẩm tốt hơn. * **Tạo bề mặt mịn màng:** Giúp lớp nền mịn mượt, bám dính tốt và lâu"
Hộp má hồng dạng kem có đặc điểm gì?,"Má hồng kem có kết cấu mềm mịn, dễ dàng tán đều trên da, cho hiệu ứng tự nhiên, căng bóng và ẩm mượt. Ưu điểm là bám da tốt, không bị bột hay vón cục, phù hợp với mọi loại da, đặc biệt là da khô hoặc da thường. Màu sắc thường nhẹ nhàng, dễ điều chỉnh độ đậm nhạt."
Cách chọn cọ để thoa phấn mắt nhũ lỏng?,"Để thoa phấn mắt nhũ lỏng, nên chọn cọ đầu phẳng, nhỏ và dẹt. Chất liệu lông cọ nên là tổng hợp (synthetic) để tránh bị hút quá nhiều phấn và dễ vệ sinh. Cọ đầu vát chéo cũng giúp tạo hiệu ứng đôi mắt sắc sảo hơn. Quan trọng là cọ phải mềm mại để không làm tổn thương da mắt."
Làm sao nhận diện cây bút kẻ mày dạng lông?,"Bút kẻ mày dạng lông có đầu bút mô phỏng các sợi lông mày tự nhiên, thường mảnh và hơi xéo. Khi kẻ, bạn sẽ thấy các sợi lông được tạo ra, giúp mày trông tự nhiên, đầy đặn hơn. So với bút kẻ thông thường, loại bút này cho hiệu ứng mềm mại, không bị vón cục và dễ dàng tạo hình dáng mong muốn."
Tại sao cần dùng kem dưỡng ẩm ban ngày có vitamin C?,"Kem dưỡng ẩm ban ngày có vitamin C rất cần thiết vì vitamin C là chất chống oxy hóa mạnh mẽ, bảo vệ da khỏi tác hại của gốc tự do từ môi trường (tia UV, ô nhiễm). Nó giúp làm sáng da, giảm thâm nám, kích thích sản xuất collagen, giúp da săn chắc và cải thiện kết cấu da. Đồng thời, dưỡng ẩm giúp da khỏe mạnh và"
Cọ tán phấn tạo khối dạng đầu tròn nhỏ có đặc điểm gì?,"Cọ tán phấn tạo khối đầu tròn nhỏ có lông mềm, đầu cọ nhỏ gọn, giúp dễ dàng xác định vị trí và tán đều phấn tạo khối ở những vùng nhỏ như hai bên sống mũi, dưới gò má. Cọ phù hợp với cả phấn highlight và contour, cho hiệu ứng tự nhiên, sắc nét."
Làm sao nhận diện lọ serum dưỡng da ban ngày?,"Serum dưỡng da ban ngày thường có kết cấu nhẹ, lỏng, dễ thấm nhanh vào da mà không gây nhờn dính. Bao bì thường ghi rõ dòng chữ ""day serum"", ""vitamin C"", ""antioxidant"" hoặc có hình ảnh mặt trời. Thành phần chính thường chứa vitamin C, E, hyaluronic acid, giúp bảo vệ da khỏi tác hại của môi trường và cấp ẩm."
Tại sao cần dùng tẩy tế bào chết da trước makeup?,"Tẩy tế bào chết trước makeup là bước quan trọng để có lớp nền hoàn hảo. Việc này loại bỏ tế bào da chết, giúp da mịn màng hơn, tăng khả năng hấp thụ dưỡng chất và giúp kem nền, phấn phủ bám dính tốt hơn. Nhờ đó, lớp makeup sẽ đều màu, tự nhiên và bền lâu hơn, đồng thời giảm tình trạng mốc da."
[... (450 cặp câu hỏi-trả lời tiếp theo,Vui lòng cung cấp câu hỏi để tôi có thể trả lời với vai trò chuyên gia trang điểm trong khoảng 50-70 từ. Tôi sẵn sàng giúp bạn!
Lọ son bóng dạng ống có đặc điểm vật lý nào để robot nhận diện?,"Robot có thể nhận diện son bóng dạng ống qua các đặc điểm vật lý sau: * **Hình dạng:** Hình trụ dài, thường có đường kính đều. * **Kích thước:** Chiều cao và đường kính cụ thể (ví dụ: 10cm x 2cm). * **Màu sắc:** Màu sắc vỏ ống (đen, trắng, vàng kim...). * **Chất liệu:** Thường là nhựa hoặc kim loại, có độ phản xạ ánh sáng nhất định."
Kỹ thuật makeup 'double wing liner' là gì?,"""Double wing liner"" là kỹ thuật tạo đường kẻ mắt hai lớp. Đầu tiên, bạn kẻ một đường wing liner mỏng, sát đường mi mắt. Sau đó, kẻ thêm một đường wing liner nữa, song song và cao hơn đường kẻ ban đầu, tạo hiệu ứng đôi mắt sắc sảo, ấn tượng và có chiều sâu hơn. Kỹ thuật này phù hợp với nhiều hình dáng mắt."
Cách chọn son môi cho buổi đi xem triển lãm thời trang?,"Để chọn son môi cho buổi xem triển lãm thời trang, hãy ưu tiên sự tinh tế và phù hợp với trang phục. Son nude, hồng đào hoặc cam đất là lựa chọn an toàn, tôn vẻ đẹp tự nhiên. Nếu trang phục nổi bật, hãy chọn son màu trung tính. Tránh son quá lòe loẹt để không gây phân tâm và đảm bảo bạn luôn tự tin trong mọi"
Tại sao cần dùng kem dưỡng ẩm dạng gel trước khi thoa kem nền?,"Kem dưỡng ẩm dạng gel tạo lớp nền mịn màng, giúp kem nền bám tốt hơn, tránh tình trạng cakey hay vón cục. Kết cấu gel nhẹ, thẩm thấu nhanh, phù hợp với mọi loại da, đặc biệt là da dầu hoặc hỗn hợp, giúp cân bằng độ ẩm mà không gây bí bách lỗ chân lông."
Cọ tán phấn mắt dạng precision có đặc điểm gì?,"Cọ tán phấn mắt dạng precision (cọ đầu nhỏ, chính xác) có lông cọ nhỏ, đầu cọ thon và thường được làm từ sợi tổng hợp hoặc lông tự nhiên mềm. Cọ này lý tưởng để tán phấn mắt vào các vùng nhỏ, hốc mắt, hoặc tạo đường viền sắc nét. Giúp kiểm soát lượng phấn tốt, cho đôi mắt chiều sâu và sắc sảo."
Làm sao nhận diện hộp phấn phủ dạng cushion qua hình ảnh 2D?,"Để nhận diện hộp phấn phủ cushion qua ảnh 2D, bạn chú ý các điểm sau: * **Hình dáng:** Thường là hộp vuông hoặc tròn, kích thước nhỏ gọn. * **Phần nhìn thấy:** Có thể thấy miếng mút cushion (bông mút) qua lớp lưới hoặc cửa sổ trên hộp. * **Thiết kế:** Thường có gương bên trong và thiết kế hiện đại, trẻ trung. * **Logo/Tên thương hiệu:** Rõ ràng"
Cách tạo makeup cho buổi tiệc cocktail ban đêm?,"Để có makeup tiệc cocktail ban đêm, hãy tập trung vào đôi mắt khói nhẹ nhàng với tông màu tối (nâu, xám, tím). Kẻ mắt mèo tinh tế và chuốt mascara dày dặn. Da nên trang điểm nhẹ nhàng, sử dụng kem nền mỏng, phấn má hồng đào hoặc hồng san hô. Son môi đỏ rượu hoặc nude trầm sẽ hoàn thiện vẻ ngoài quyến rũ, sang trọng."
Son kem dạng lọ có đặc điểm vật lý nào?,"Son kem dạng lọ thường có kết cấu mịn, nhẹ, không gây cảm giác dính. Chất son lỏng, dễ tán đều trên môi, độ bám tốt và thường có độ dưỡng ẩm nhất định. Bao bì thường là lọ thủy tinh hoặc nhựa với cọ đầu dẹt hoặc đầu chổi để lấy son và thoa."
Kỹ thuật makeup 'faux freckles' là gì?,"""Faux freckles"" (nám giả) là kỹ thuật trang điểm tạo điểm nhấn bằng cách vẽ những chấm tàn nhang nhỏ lên da. Bạn có thể dùng bút kẻ mắt, gel hoặc phấn mắt màu nâu nhạt để tạo hiệu ứng tự nhiên. Kỹ thuật này giúp khuôn mặt trông trẻ trung, đáng yêu và có phần phóng khoáng hơn."
Tại sao cần dùng xịt khoáng sau khi thoa phấn phủ?,"Xịt khoáng sau khi đánh phấn phủ giúp ""khóa"" lớp trang điểm, tăng độ bám và hạn chế tình trạng phấn bay, mốc. Đồng thời, xịt khoáng cung cấp độ ẩm, giúp da không bị khô căng, mang lại vẻ ngoài tự nhiên, căng bóng hơn. Đây là bước quan trọng để lớp trang điểm hoàn thiện và bền vững."
Lọ kem lót dạng ống có đặc điểm gì?,"Kem lót dạng ống thường có kết cấu mỏng nhẹ, dễ tán đều và phù hợp với nhiều loại da, đặc biệt là da dầu hoặc hỗn hợp. Ưu điểm của loại kem lót này là khả năng kiểm soát dầu tốt, làm mịn da và giúp lớp nền bám lâu hơn. Bao bì ống tiện lợi, dễ mang theo và vệ sinh."
Cách chọn cọ để thoa phấn tạo khối vùng hàm?,"Để tạo khối vùng hàm, nên chọn cọ vát xéo với đầu cọ mềm, vừa đủ độ cứng. Cọ vát giúp bạn dễ dàng xác định đường khối, còn độ mềm giúp tán đều, tự nhiên. Kích thước cọ vừa phải, không quá to để kiểm soát lượng phấn tốt hơn, tránh lem nhem."
Làm sao nhận diện cây bút kẻ mày dạng sáp qua hình ảnh?,"Để nhận diện bút kẻ mày dạng sáp qua hình ảnh, bạn hãy chú ý các điểm sau: * **Hình dáng:** Thường có hình trụ tròn hoặc lục giác, giống bút chì. * **Đầu bút:** Đầu bút thường vát chéo hoặc hình oval để dễ dàng tạo dáng. * **Kết cấu:** Bề mặt sáp có thể hơi bóng hoặc mờ, không lỏng như kẻ mắt nước. * **Màu sắc:** Màu"
Kỹ thuật makeup 'neon pop' là gì?,"Makeup ""neon pop"" là xu hướng táo bạo, sử dụng màu sắc neon rực rỡ như hồng, cam, xanh lá cây, vàng trên mắt, môi và má. Kỹ thuật này thường kết hợp với đường kẻ mắt graphic, highlight lấp lánh và lớp nền hoàn hảo để làm nổi bật các tông màu neon, tạo diện mạo nổi bật và cá tính."
Cách chọn son môi cho buổi đi chơi công viên nước?,"Để chọn son môi cho buổi đi công viên nước, ưu tiên những loại son **không trôi, chống nước** và có **chỉ số SPF** để bảo vệ môi. **Son tint hoặc son kem lì** là lựa chọn tốt, giữ màu lâu và ít bị lem. Tránh các loại son bóng hoặc quá nhiều dưỡng vì dễ bị trôi và dính. Màu sắc tươi tắn, nhẹ nhàng sẽ phù hợp với"
Tại sao cần dùng nước tẩy trang dạng dầu cho mascara chống nước?,"Mascara chống nước có thành phần không thấm nước, cần dung môi dầu để hòa tan và loại bỏ hiệu quả. Nước tẩy trang dạng dầu giúp làm mềm và tách lớp mascara, tránh gây kích ứng, tổn thương vùng da mắt nhạy cảm. Sử dụng trực tiếp các sản phẩm tẩy trang khác có thể khiến bạn chà xát mạnh hơn, gây thâm quầng và nếp nhăn."
Hộp phấn mắt dạng palette mini có đặc điểm vật lý nào?,"Palette phấn mắt mini thường có kích thước nhỏ gọn, dễ dàng mang theo. Chúng chứa từ 4-12 ô màu với các chất liệu phấn phổ biến như phấn nhũ, phấn lì, phấn kim tuyến. Vỏ hộp thường làm từ nhựa hoặc kim loại, có thể có gương bên trong. Kết cấu phấn mịn, dễ tán và bám dính."
Cách tạo makeup cho buổi đi dự hội thảo?,"Để có lớp makeup phù hợp hội thảo, ưu tiên sự tự nhiên, chuyên nghiệp. 1. **Nền:** Chọn kem nền mỏng nhẹ, che khuyết điểm vừa đủ. 2. **Mắt:** Phấn mắt tông màu trung tính (nâu, be), kẻ mắt mảnh, mascara nhẹ nhàng. 3. **Má:** Phấn má hồng đào hoặc cam đất, đánh nhẹ nhàng. 4. **Môi:** Son nude hoặc màu hồng pastel. Tránh makeup quá đậm, tập trung vào"
Cọ tán kem nền dạng kabuki nhỏ có đặc điểm gì?,"Cọ kabuki nhỏ có đầu cọ tròn, dày, lông mềm và thường ngắn. Thiết kế này giúp tán kem nền một cách kỹ lưỡng, tạo lớp nền mịn màng, tự nhiên như không tì vết. Cọ phù hợp với kem nền lỏng, kem hoặc phấn nước, đặc biệt lý tưởng cho các vùng khó tán như quanh mũi và mắt."
Kỹ thuật makeup 'gradient eyes' là gì?,"Kỹ thuật ""gradient eyes"" (mắt ombre) là xu hướng trang điểm mắt sử dụng ít nhất 3 màu phấn, chuyển màu từ đậm ở đuôi mắt, nhạt dần về giữa và sáng nhất ở bọng mắt. Kỹ thuật này tạo chiều sâu, giúp đôi mắt trông to tròn, cuốn hút và có hiệu ứng ""bừng sáng"" tự nhiên."
Làm sao nhận diện chai xịt dưỡng da dạng sương?,"Chai xịt dưỡng da dạng sương thường có vòi phun sương mịn, tạo ra các hạt nước nhỏ li ti khi xịt. Bạn có thể nhận biết qua: * **Đầu xịt:** Thiết kế đặc biệt với nhiều lỗ nhỏ. * **Cảm giác:** Khi xịt, bạn sẽ cảm thấy một lớp sương mỏng nhẹ trên da, không phải dòng nước lớn. * **Nhãn sản phẩm:** Thường ghi rõ ""mist"", ""spray"" hoặc"
Cách chọn phấn mắt cho buổi tiệc ngoài bãi biển?,"Để chọn phấn mắt cho tiệc ngoài bãi biển, ưu tiên các màu sắc tươi sáng, rực rỡ như xanh dương, xanh lá cây, cam, hoặc ánh đồng. Chất phấn nên là dạng kem hoặc lì, có khả năng chống thấm nước và lâu trôi. Tránh các màu quá tối hoặc nhũ quá nhiều vì có thể không phù hợp với không khí biển và dễ bị lem."
Tại sao cần dùng kem dưỡng ẩm có SPF trước makeup ban ngày?,"Kem dưỡng ẩm có SPF là bước thiết yếu trước makeup ban ngày vì: * **Bảo vệ da:** SPF giúp chống lại tác hại của tia UV, ngăn ngừa lão hóa sớm, thâm nám và ung thư da. * **Dưỡng ẩm:** Cung cấp độ ẩm cần thiết, giúp lớp nền mịn màng, bám dính tốt hơn. * **Giảm thiểu tác hại:** Giảm tác động tiêu cực từ các thành phần"
Cọ tán highlighter dạng precision có đặc điểm gì?,"Cọ tán highlighter dạng precision có đầu cọ nhỏ, thon và thường được làm từ sợi tổng hợp mềm. Thiết kế này giúp bạn dễ dàng đánh highlighter tập trung vào các điểm cao trên khuôn mặt như gò má, sống mũi, nhân trung, hoặc khóe mắt. Cọ precision cho lớp highlight sắc nét, chuẩn xác và kiểm soát lượng sản phẩm tốt."
Kỹ thuật makeup 'matte bridal' là gì?,"""Matte bridal"" là kỹ thuật trang điểm cô dâu tập trung vào lớp nền lì mịn, không bóng dầu, giúp da trông hoàn hảo trên ảnh và video. Kỹ thuật này sử dụng phấn phủ, kem nền matte và các sản phẩm kiểm soát dầu. Màu sắc thường nhẹ nhàng, trung tính, nhấn vào đường nét thanh tú và đôi mắt hút hồn."
Làm sao nhận diện lọ tẩy trang dạng micellar dầu?,"Tẩy trang micellar dầu thường có kết cấu lỏng, nhẹ, trong suốt hoặc hơi đục. Khi lắc nhẹ, bạn sẽ thấy có các hạt micelle (hạt dầu siêu nhỏ) lơ lửng. Sản phẩm thường có ghi rõ ""oil-based"" hoặc ""dành cho da dầu/hỗn hợp"" và dễ dàng hòa tan makeup, kể cả mascara chống thấm nước."
Cách tạo makeup cho buổi đi xem phim buổi trưa?,"Để có makeup nhẹ nhàng cho buổi xem phim trưa, bạn nên ưu tiên sự tự nhiên. 1. **Kem nền/BB cream** mỏng nhẹ, che phủ vừa phải. 2. **Phấn mắt** tone nude hoặc hồng đào. 3. **Mascara** để mở rộng đôi mắt. 4. **Son dưỡng** hoặc son tint màu nhẹ nhàng. 5. **Má hồng** phớt nhẹ để có đôi má ửng hồng. Tránh makeup quá đậm để trông tươi tắn,"
Tại sao cần dùng cọ sạch để thoa phấn mắt nhũ?,"Cọ sạch rất quan trọng khi dùng phấn mắt nhũ vì các hạt nhũ dễ bám vào cọ cũ, lẫn màu và làm giảm độ bám dính của phấn mới. Cọ sạch giúp tán đều nhũ, tránh vón cục, tạo hiệu ứng lung linh, sắc nét và chuẩn màu hơn. Việc vệ sinh cọ thường xuyên cũng giúp ngăn ngừa vi khuẩn."
Hộp phấn tạo khối dạng nén có đặc điểm gì?,"Phấn tạo khối dạng nén là lựa chọn phổ biến nhờ tính tiện lợi và dễ sử dụng. Chúng thường có kết cấu mịn, dễ tán, giúp tạo chiều sâu và đường nét cho khuôn mặt. Phấn nén phù hợp với nhiều loại da, đặc biệt là da dầu và hỗn hợp, đồng thời có khả năng bám tốt và lâu trôi hơn so với các dạng khác."
Kỹ thuật makeup 'smokey teal' là gì?,"Smokey teal là kỹ thuật trang điểm mắt tập trung vào sắc xanh ngọc (teal) đậm, tạo hiệu ứng mờ ảo, huyền bí. Bắt đầu với phấn mắt màu teal đậm nhất ở khóe mắt, sau đó tán dần ra ngoài với các tông màu sáng hơn như xanh lam, xám hoặc tím. Thường kết hợp với eyeliner đen và mascara để tăng độ sâu cho đôi mắt."
Cách chọn son môi cho buổi đi dạo phố ban ngày?,"Để chọn son cho buổi đi dạo phố ban ngày, ưu tiên các màu sắc tự nhiên, tươi tắn như hồng san hô, cam đào, hoặc đỏ cam nhạt. Chất son nên là son dưỡng, son tint hoặc son kem lì nhẹ để đôi môi căng mọng, thoải mái mà không quá bóng bẩy. Tránh các màu quá đậm hoặc quá tối nhé!"
Làm sao nhận diện cây bút eyeliner dạng gel?,"Bút eyeliner gel thường có hình dáng giống bút chì, nhưng đầu bút là gel đặc chứ không phải chì. Bạn có thể nhận biết qua: * **Kết cấu:** Gel mịn, không vón cục. * **Độ bóng:** Thường có độ bóng nhẹ. * **Bao bì:** Thường có nắp đậy để bảo quản gel. * **Thành phần:** Kiểm tra thành phần, sẽ có chứa gel hoặc sáp."
Cách tạo makeup cho buổi đi ăn tối với bạn bè?,"Để có makeup cho buổi tối với bạn bè, hãy tập trung vào sự tươi tắn và tự nhiên. Nền mịn, đánh nhẹ má hồng, mắt dùng phấn màu trung tính hoặc nâu đồng, thêm chút highlight. Son môi là điểm nhấn, chọn màu hợp với tông da và trang phục. Đừng quên kẻ lông mày tự nhiên để khuôn mặt trông cân đối hơn nhé!"
Tại sao cần dùng primer môi trước son bóng?,"Primer môi đóng vai trò như một lớp nền hoàn hảo cho son bóng. Nó giúp làm mịn bề mặt môi, lấp đầy các rãnh nhỏ, giúp son bóng bám dính tốt hơn và lâu trôi hơn. Đồng thời, primer còn dưỡng ẩm, ngăn ngừa son bị lem và tạo hiệu ứng đôi môi căng mọng, đầy đặn hơn."
Làm sao nhận diện chai kem chống nắng dạng xịt?,"Để nhận diện kem chống nắng dạng xịt, bạn hãy chú ý các điểm sau: * **Bao bì:** Thường là chai xịt có vòi nhấn. * **Kết cấu:** Lỏng, nhẹ, dễ dàng phun sương. * **Nhãn mác:** Ghi rõ ""Sunscreen Spray"", ""Sun Mist"" hoặc tương tự. * **Thành phần:** Chứa các hoạt chất chống nắng như Zinc Oxide, Titanium Dioxide, Avobenzone..."
Tại sao cần làm sạch da bằng bọt rửa mặt trước makeup?,"Làm sạch da bằng bọt rửa mặt trước khi trang điểm là bước quan trọng để có lớp nền hoàn hảo. Bọt rửa mặt loại bỏ bụi bẩn, dầu thừa, tế bào chết và cặn mỹ phẩm còn sót lại, giúp da thông thoáng. Điều này giúp lớp makeup bám tốt hơn, mịn màng hơn, đồng thời ngăn ngừa mụn và các vấn đề về da."
Hộp má hồng dạng gel có đặc điểm gì?,"Má hồng dạng gel có kết cấu mỏng nhẹ, dễ tán và bám da tốt hơn má hồng bột. Sản phẩm thường cho hiệu ứng tự nhiên, căng bóng, phù hợp với da khô hoặc da thường. Ưu điểm là lâu phai, không bị vón cục, nhưng cần lưu ý dùng lượng vừa phải để tránh màu quá đậm."
Cách chọn cọ để thoa phấn mắt lỏng?,"Để thoa phấn mắt lỏng, bạn nên chọn cọ đầu dẹt, nhỏ và có độ dày vừa phải. Cọ đầu dẹt giúp phân tán phấn đều, còn kích thước nhỏ giúp kiểm soát lượng sản phẩm và tạo đường viền sắc nét. Chất liệu lông cọ mềm mại, tổng hợp hoặc tự nhiên đều được, quan trọng là không gây kích ứng da."
Làm sao nhận diện cây mascara dài mi?,"Mascara dài mi thường có các sợi polymer (sợi nylon, sợi cellulose) trong công thức. Khi nhìn kỹ, bạn sẽ thấy những sợi nhỏ li ti bám trên mi. Cọ của loại mascara này thường có nhiều răng nhỏ hoặc hình xoắn ốc để dễ dàng bám và kéo dài sợi mi. Kết quả là mi trông dài và dày hơn."
Tại sao cần dùng kem dưỡng da ban đêm trước makeup?,"Kem dưỡng da ban đêm giúp cấp ẩm sâu, phục hồi da sau một ngày dài tiếp xúc với môi trường và các tác nhân gây hại. Da đủ ẩm sẽ giúp lớp nền mịn màng hơn, bám tốt hơn, tránh tình trạng cakey hay bong tróc. Đồng thời, dưỡng chất trong kem còn bảo vệ da khỏi các thành phần có thể gây kích ứng từ mỹ phẩm trang"
Kỹ thuật makeup 'pastel glow' là gì?,"""Pastel glow"" là kỹ thuật trang điểm tập trung vào làn da trong trẻo, khỏe khoắn với tông màu pastel nhẹ nhàng. Thay vì contour mạnh, kỹ thuật này sử dụng highlight và blush màu hồng pastel, đào để tạo hiệu ứng ửng hồng tự nhiên. Lớp nền mỏng nhẹ, kết hợp cùng son môi trong trẻo là điểm nhấn của xu hướng này."
Làm sao nhận diện lọ serum dưỡng da ban đêm?,"Serum dưỡng da ban đêm thường có kết cấu nhẹ, dễ thấm, màu sắc trong suốt hoặc hơi vàng nhạt. Bao bì thường tối màu (đen, xanh đậm, tím) để bảo vệ công thức khỏi ánh sáng. Thành phần chính thường chứa retinol, peptide, axit hyaluronic, hoặc các chất chống oxy hóa mạnh mẽ, giúp phục hồi da trong lúc ngủ."
Cách chọn son môi cho buổi tiệc Giáng sinh ngoài trời?,"Để chọn son cho tiệc Giáng sinh ngoài trời, ưu tiên các màu trầm ấm như đỏ ruby, cam đất, hoặc nâu chocolate. Chất son lì hoặc bán lì giúp giữ màu lâu, ít bị lem khi ăn uống. Nên chọn son có dưỡng ẩm để môi không bị khô do thời tiết lạnh. Đừng quên kiểm tra màu son dưới ánh sáng tự nhiên nhé!"
Tại sao cần dùng tẩy tế bào chết môi trước son lì?,"Tẩy tế bào chết môi trước khi dùng son lì rất quan trọng. Việc này loại bỏ da chết, giúp môi mềm mịn, son lên màu chuẩn và bám lâu hơn. Son lì có xu hướng làm khô môi, nên môi khỏe mạnh sẽ giảm tình trạng bong tróc, nứt nẻ và giúp son không bị vón cục."
Lọ kem dưỡng ẩm dạng mousse có đặc điểm gì?,"Kem dưỡng ẩm dạng mousse có kết cấu nhẹ, xốp mịn như kem đánh bông, dễ dàng thẩm thấu vào da mà không gây cảm giác nhờn dính. Ưu điểm của mousse là cung cấp độ ẩm tốt, phù hợp với da dầu, hỗn hợp hoặc da nhạy cảm. Một số loại còn chứa các thành phần làm dịu và se khít lỗ chân lông."
Làm sao nhận diện cây bút kẻ mày dạng bột?,"Bút kẻ mày dạng bột thường có đầu chổi mềm, dẹt hoặc vát xéo. Khi bạn vẩy nhẹ, sẽ thấy bột màu được giải phóng. Màu lên thường tự nhiên, dễ tán và phù hợp với nhiều dáng mày. So với bút chì, bột cho hiệu ứng mềm mại, ít đường nét sắc sảo hơn."
Cách tạo makeup cho buổi đi chơi công viên giải trí ban đêm?,"Để có makeup phù hợp đi công viên giải trí đêm, ưu tiên sự bền vững và lấp lánh! * **Nền:** Chọn nền lì, lâu trôi, che phủ tốt. * **Mắt:** Phấn mắt nhũ ánh, màu đậm (tím, xanh) hoặc eyeliner lấp lánh. * **Má:** Má hồng tone hồng đào hoặc cam đào. * **Môi:** Son kem lì hoặc son bóng có nhũ. * **Khóa lớp:** Xịt khóa makeup để"
Tại sao cần dùng kem lót cho da mụn?,"Kem lót là bước quan trọng cho da mụn vì nó tạo lớp bảo vệ, giúp lớp trang điểm bám tốt hơn mà không làm tắc nghẽn lỗ chân lông. Nhiều loại kem lót còn chứa thành phần kháng viêm, kiểm soát dầu, làm dịu da và che phủ tạm thời các khuyết điểm như mụn, giúp lớp nền mịn màng hơn."
Cách chọn son môi cho buổi đi xem kịch?,"Để chọn son môi đi xem kịch, ưu tiên sự tự nhiên, tinh tế. Son nude, hồng đào, hoặc cam đất là lựa chọn an toàn, không gây phân tâm cho người xem. Tránh các màu quá nổi bật như đỏ tươi, tím, hoặc các chất liệu bóng quá mức. Quan trọng nhất là son phải thoải mái, không gây khô môi trong suốt buổi diễn."
Làm sao nhận diện hộp phấn mắt dạng kem lỏng?,"Hộp phấn mắt dạng kem lỏng thường có kết cấu mịn, ẩm ướt và bóng nhẹ. Chúng được đựng trong tuýp hoặc lọ nhỏ với vòi hoặc cọ gắn kèm. Khi mở nắp, bạn sẽ thấy chất kem sánh mịn, không phải dạng bột khô như phấn mắt thông thường. Màu sắc thường đậm đà, dễ tán và bám dính tốt."
Kỹ thuật makeup 'soft pink glow' là gì?,"""Soft pink glow"" là kỹ thuật trang điểm tạo vẻ ngoài tươi tắn, khỏe khoắn với tông hồng là chủ đạo. Kỹ thuật này tập trung vào lớp nền mỏng nhẹ, má hồng đào/hồng baby đánh cao trên gò má, kết hợp với son dưỡng hoặc son hồng nhẹ. Điểm nhấn là highlighter ở những vị trí bắt sáng để tăng hiệu ứng glow tự nhiên."
Cọ tán phấn phủ dạng lông tôm lớn có đặc điểm gì?,"Cọ tán phấn phủ lông tôm lớn có sợi lông mềm mại, xốp, thường làm từ lông tự nhiên hoặc sợi tổng hợp chất lượng cao. Thiết kế đầu cọ lớn, tròn giúp phủ phấn đều, nhanh chóng trên diện tích rộng như má, trán. Cọ phù hợp với phấn phủ dạng bột, giúp lớp nền mịn màng, tự nhiên, không gây vệt."
Tại sao cần dùng xịt cố định makeup dạng matte cho da dầu?,"Xịt cố định makeup matte cho da dầu giúp kiểm soát dầu thừa, hạn chế tình trạng bóng nhờn suốt cả ngày. Công thức thường chứa các thành phần hút dầu, giúp lớp nền bám lâu hơn, không bị trôi hay xê dịch. Đồng thời, xịt matte còn giúp làm mịn da, tạo hiệu ứng lớp finish khô ráo, tự nhiên."
Làm sao nhận diện chai tẩy trang dạng bọt?,"Chai tẩy trang dạng bọt thường có vòi nhấn tạo bọt sẵn, không cần tạo bọt thủ công. Kết cấu sản phẩm khi nhấn ra là lớp bọt mịn, dày, dễ dàng thoa đều lên da. Thành phần thường chứa các chất tạo bọt dịu nhẹ, phù hợp với da nhạy cảm và giúp làm sạch sâu lỗ chân lông."
Kỹ thuật makeup 'bold coral glow' là gì?,"""Bold coral glow"" là kỹ thuật trang điểm tập trung vào sắc cam san hô rực rỡ, tạo vẻ tươi tắn, tràn đầy năng lượng. Kỹ thuật này sử dụng phấn má hồng, son môi và đôi khi là phấn mắt màu cam san hô đậm. Điểm nhấn là làn da glowy, khỏe khoắn với highlighter ở gò má, sống mũi và trán."
Cọ tán kem che khuyết điểm dạng lông tôm nhỏ có đặc điểm gì?,"Cọ tán kem che khuyết điểm dạng lông tôm nhỏ có sợi lông mềm mại, dày đặc và đầu cọ nhỏ, tròn hoặc dẹt. Thiết kế này giúp dễ dàng che phủ các vùng da nhỏ như quầng thâm mắt, mụn hoặc vết thâm một cách chính xác, không gây vệt và mang lại lớp nền tự nhiên, mịn màng."
Làm sao nhận diện lọ nước hoa hồng dạng gel?,"Nước hoa hồng dạng gel thường có kết cấu trong suốt, lỏng nhẹ hơn toner nước, nhưng đặc hơn gel rửa mặt. Khi lắc nhẹ, bạn có thể thấy độ sánh rõ rệt. Thành phần chính sẽ có chứa ""gel"" hoặc ""hydrogel"" cùng nước hoa hồng. Bao bì thường là chai hoặc hũ có nắp pump hoặc nắp vặn kín để giữ độ ẩm."
Tại sao cần dùng kem dưỡng da có peptide trước makeup?,"Kem dưỡng da có peptide trước makeup rất quan trọng vì peptide giúp tăng cường collagen, cải thiện độ đàn hồi và làm săn chắc da. Điều này tạo nên một lớp nền mịn màng, giúp makeup bám tốt hơn, che phủ lỗ chân lông và nếp nhăn hiệu quả hơn. Peptide còn giúp bảo vệ da khỏi tác động tiêu cực từ mỹ phẩm trang điểm."
Cọ tán phấn mắt dạng lông tôm siêu lớn có đặc điểm gì?,"Cọ tán phấn mắt dạng lông tôm siêu lớn có lông cọ mềm mại, xốp và dày, thường làm từ sợi tổng hợp hoặc lông tự nhiên cao cấp. Thiết kế đầu cọ lớn, tròn giúp tán phấn nhanh chóng trên diện tích rộng như bầu mắt. Cọ phù hợp để tạo hiệu ứng chuyển màu nhẹ nhàng, đánh phấn base hoặc highlight cho mắt."
Kỹ thuật makeup 'vibrant pink' là gì?,"Kỹ thuật makeup ""vibrant pink"" tập trung vào việc sử dụng tông hồng rực rỡ, tươi sáng trên đôi mắt, má và môi. Thường kết hợp với lớp nền trong trẻo, hàng lông mi cong vút và đôi môi tô son hồng đậm. Kỹ thuật này tạo nên vẻ ngoài trẻ trung, năng động và tràn đầy sức sống, phù hợp với mùa hè hoặc các dịp đặc biệt."
Tại sao cần dùng tẩy trang dạng micellar nhẹ cho da khô?,"Tẩy trang micellar nhẹ dịu làm sạch da khô hiệu quả mà không gây khô căng. Các phân tử micelle ""hút"" bụi bẩn, dầu thừa, lớp trang điểm, đồng thời vẫn giữ lại độ ẩm tự nhiên của da. Không cần chà xát mạnh, tránh làm tổn thương hàng rào bảo vệ da, phù hợp với làn da nhạy cảm và dễ bị kích ứng."
Làm sao nhận diện lọ kem dưỡng da dạng bọt nhẹ?,"Kem dưỡng da dạng bọt nhẹ thường có kết cấu mỏng, mịn như mousse. Khi lấy ra, bạn sẽ thấy một lượng kem bông xốp, dễ dàng tán đều trên da mà không gây cảm giác nhờn dính. Thành phần thường chứa nhiều nước, phù hợp với da dầu, hỗn hợp thiên dầu hoặc da nhạy cảm."
Cọ tán phấn má hồng dạng lông tôm siêu lớn có đặc điểm gì?,"Cọ tán phấn má hồng lông tôm siêu lớn có thiết kế đầu cọ tròn, xốp, lông mềm mại và tơi. Cọ giúp tán phấn má hồng một cách tự nhiên, nhẹ nhàng, tạo hiệu ứng má ửng hồng như ""da thật"". Phù hợp với phấn má hồng dạng bột, giúp kiểm soát lượng phấn tốt và dễ dàng blend đều trên da."
Làm sao nhận diện chai xịt cố định makeup dạng glow?,"Chai xịt cố định makeup dạng glow thường có các đặc điểm sau: * **Màu sắc:** Chất lỏng trong suốt hoặc có ánh nhũ nhẹ. * **Thành phần:** Chứa các hạt phấn sáng, glycerin, hoặc các chất dưỡng ẩm để tạo hiệu ứng glow. * **Nhãn mác:** Ghi rõ ""glow"", ""radiant"", ""dewy"" hoặc ""illuminating"". * **Kết cấu:** Lỏng, nhẹ, dễ xịt và thấm nhanh vào da."
Cách chọn phấn mắt cho buổi đi chơi tối với bạn bè?,"Để chọn phấn mắt cho buổi đi chơi tối, hãy ưu tiên các màu đậm, có ánh nhũ như đồng, nâu, tím, hoặc xanh navy. Nếu bạn thích phong cách nhẹ nhàng hơn, hãy chọn các tông màu nude, hồng đào kết hợp với chút shimmer. Đừng quên dùng phấn lót mắt để màu lên chuẩn và bền hơn nhé!"
Cọ tán phấn tạo khối dạng lông tôm siêu nhỏ có đặc điểm gì?,"Cọ tán phấn tạo khối dạng lông tôm siêu nhỏ có sợi lông mảnh, mềm mại và dày đặc. Thiết kế này giúp lấy lượng phấn vừa đủ, tán đều và chính xác vào các đường nét nhỏ trên khuôn mặt như sống mũi, đường viền hàm. Cọ phù hợp với phấn tạo khối dạng bột, giúp tạo hiệu ứng tự nhiên, sắc sảo."
Cách tạo makeup cho buổi đi ăn trưa với gia đình?,"Để có makeup nhẹ nhàng cho buổi ăn trưa gia đình, bạn nên ưu tiên sự tự nhiên. 1. **Nền:** Kem nền mỏng nhẹ hoặc BB cream. 2. **Mắt:** Phấn mắt màu nude hoặc nâu nhạt, chuốt mascara. 3. **Má:** Phấn má hồng đào hoặc cam đất. 4. **Môi:** Son dưỡng hoặc son tint màu nhẹ nhàng. Tránh makeup quá đậm, tập trung vào làm nổi bật làn da khỏe"
Cọ tán phấn mắt dạng lông tôm siêu mịn có đặc điểm gì?,"Cọ tán phấn mắt lông tôm siêu mịn có sợi lông siêu mềm, tơi và nhỏ, được làm từ lông tự nhiên hoặc sợi tổng hợp cao cấp. Đặc điểm nổi bật là khả năng pick-up và blend phấn cực kỳ tốt, giúp tạo hiệu ứng chuyển màu mượt mà, tự nhiên, không gây kích ứng da và phù hợp với cả phấn mắt dạng bột và kem."
Làm sao nhận diện chai xịt dưỡng da dạng siêu mịn?,"Để nhận diện chai xịt dưỡng da dạng siêu mịn, hãy chú ý đến các yếu tố sau: * **Nhãn sản phẩm:** Tìm các từ khóa như ""micro-mist"", ""superfine mist"", ""nano mist"". * **Kiểm tra vòi xịt:** Vòi xịt tốt sẽ tạo ra sương mù cực nhỏ, phân tán đều. * **Độ mịn của sương:** Xịt lên tay, nếu sương mịn như hơi sương, không gây ướt dính là đúng"
Cách chọn son môi cho buổi tiệc công ty ban ngày?,"Để chọn son cho tiệc công ty ban ngày, ưu tiên các màu sắc tự nhiên, thanh lịch. Các tông nude, hồng đào, cam san hô hoặc đỏ cam nhẹ nhàng sẽ phù hợp. Tránh các màu quá đậm hoặc quá nổi bật. Chất son nên là matte hoặc satin để giữ màu lâu mà không quá bóng. Quan trọng nhất là chọn màu son hài hòa với màu da"
Tại sao cần dùng tẩy trang dạng bọt nhẹ cho da dầu?,"Da dầu cần tẩy trang bọt nhẹ vì chúng loại bỏ hiệu quả bụi bẩn, dầu thừa và kem chống nắng mà không gây kích ứng. Bọt giúp len lỏi sâu vào lỗ chân lông, làm sạch triệt để, đồng thời không làm da bị khô căng như các sản phẩm tẩy trang mạnh. Điều này giúp duy trì cân bằng độ ẩm tự nhiên và ngăn ngừa mụn."
Cọ tán phấn highlighter dạng lông tôm siêu mịn có đặc điểm gì?,"Cọ tán phấn highlighter lông tôm siêu mịn có sợi lông siêu mềm, tơi xốp, thường làm từ sợi tổng hợp chất lượng cao. Thiết kế lông tôm giúp lấy lượng phấn vừa đủ, tán đều, nhẹ nhàng trên da, tạo hiệu ứng glow tự nhiên, không gây vón cục hay lộ vân cọ. Cọ phù hợp với cả highlighter dạng bột và kem."
Kỹ thuật makeup 'soft pink sunrise' là gì?,"""Soft pink sunrise"" là kỹ thuật trang điểm tập trung vào sắc hồng đào nhẹ nhàng, tươi sáng như bình minh. Kỹ thuật này sử dụng phấn má hồng, son môi và bóng mắt tông hồng đào, thoa đều để tạo hiệu ứng ửng hồng tự nhiên. Da được ưu tiên giữ ẩm, căng bóng, kết hợp với lớp nền mỏng nhẹ để tôn lên vẻ đẹp khỏe khoắn, thanh"
Làm sao nhận diện lọ kem dưỡng da dạng siêu mịn?,"Kem dưỡng da dạng siêu mịn thường có kết cấu cực kỳ nhẹ, gần như lỏng hoặc dạng gel-kem. Khi thoa lên da, kem sẽ thẩm thấu nhanh chóng, không để lại cảm giác bết dính hay bóng nhờn. Thành phần thường chứa các phân tử nước nhỏ và các chất dưỡng ẩm nhẹ nhàng như hyaluronic acid, glycerin."
Cọ tán phấn má hồng dạng lông tôm siêu mịn có đặc điểm gì?,"Cọ tán phấn má hồng lông tôm siêu mịn có sợi lông mềm mại, tơi xốp, được làm từ sợi tổng hợp chất lượng cao. Cọ giúp lấy lượng phấn vừa đủ, tán đều màu lên da một cách tự nhiên, không gây vón cục hay lộ vân cọ. Thiết kế lông tôm giúp dễ dàng thao tác ở các vùng khó như gò má cao."
Làm sao nhận diện chai xịt cố định makeup dạng siêu mịn?,"Để nhận diện xịt cố định makeup dạng siêu mịn, hãy chú ý: * **Kết cấu:** Phun sương cực nhỏ, mịn như hơi sương, không gây ướt dính. * **Độ bám:** Tạo lớp màng mỏng, khô nhanh, khóa makeup tốt mà không làm thay đổi kết cấu. * **Thành phần:** Ưu tiên các loại chứa thành phần dưỡng ẩm, không cồn để tránh khô da. * **Nhãn mác:** Tìm các"
Cách chọn phấn mắt cho buổi đi ăn tối ngoài bãi biển?,"Để chọn phấn mắt cho buổi đi ăn tối ngoài bãi biển, hãy ưu tiên các tông màu ấm áp, tự nhiên như đồng, vàng đồng, cam đất hoặc nâu. Bạn có thể thêm chút ánh nhũ để bắt sáng dưới ánh đèn. Tránh các màu quá sặc sỡ hoặc khói, vì chúng có thể không phù hợp với không khí biển. Quan trọng nhất là giữ cho lớp trang"
Tại sao cần dùng tẩy trang dạng micellar siêu nhẹ cho da nhạy cảm?,"Tẩy trang micellar siêu nhẹ lý tưởng cho da nhạy cảm vì công thức chứa các hạt micelle nhỏ li ti, nhẹ nhàng loại bỏ bụi bẩn, dầu thừa và trang điểm mà không cần chà xát mạnh. Điều này giúp tránh kích ứng, mẩn đỏ và duy trì độ ẩm tự nhiên của da, giảm thiểu nguy cơ khô căng, phù hợp với làn da dễ bị kích ứng."
Cọ tán phấn tạo khối dạng lông tôm siêu mịn có đặc điểm gì?,"Cọ tán phấn tạo khối lông tôm siêu mịn có sợi lông siêu mềm, tơi xốp, thường làm từ sợi tổng hợp chất lượng cao. Thiết kế đầu cọ vát nhẹ, nhỏ gọn giúp dễ dàng tạo khối chính xác, tự nhiên, không gây vệt. Cọ phù hợp với cả phấn khô và kem, mang lại lớp finish mịn màng, không gây kích ứng da."
Làm sao nhận diện lọ nước tẩy trang dạng siêu mịn?,"Nước tẩy trang dạng siêu mịn thường có kết cấu lỏng, nhẹ như nước, không gây cảm giác nhờn dính. Khi lắc nhẹ, bạn sẽ thấy các hạt dầu (nếu có) phân tán đều, không bị vón cục. Một số sản phẩm có thêm thành phần dưỡng ẩm, tạo cảm giác mềm mại trên da sau khi dùng."
Cọ tán phấn mắt dạng lông tôm siêu mịn nhỏ có đặc điểm gì?,"Cọ tán phấn mắt dạng lông tôm siêu mịn nhỏ có sợi lông mềm mại, tơi xốp, thường làm từ lông chồn hoặc sợi tổng hợp chất lượng cao. Thiết kế nhỏ gọn, đầu cọ thuôn giúp dễ dàng thao tác trong các chi tiết nhỏ như hốc mắt, bọng mắt. Cọ phù hợp để tán phấn highlight, phấn nhũ hoặc tạo hiệu ứng chuyển màu tinh tế."
Làm sao nhận diện chai xịt dưỡng da dạng mịn siêu mịn?,"Để nhận diện xịt dưỡng da dạng mịn siêu mịn, hãy chú ý: * **Kết cấu:** Vòi xịt tạo ra sương mù cực nhỏ, nhẹ tênh khi phun. * **Cảm giác:** Khi xịt lên da, bạn sẽ thấy ẩm mịn tức thì, không gây dính hay nhờn rít. * **Thành phần:** Ưu tiên sản phẩm chứa các phân tử nước siêu nhỏ, hyaluronic acid hoặc glycerin. * **Nhãn mác:** Tìm"
Tại sao cần dùng tẩy trang dạng bọt siêu mịn cho da dầu?,"Tẩy trang bọt siêu mịn lý tưởng cho da dầu vì kết cấu nhẹ nhàng, làm sạch sâu lỗ chân lông mà không gây bí bách. Bọt mịn giúp loại bỏ dầu thừa, bụi bẩn, cặn trang điểm hiệu quả, đồng thời cân bằng độ ẩm, ngăn ngừa mụn và giúp da thông thoáng. So với dầu tẩy trang, bọt ít gây bóng nhờn hơn."
Cọ tán phấn highlighter dạng lông tôm siêu mịn nhỏ có đặc điểm gì?,"Cọ tán phấn highlighter lông tôm siêu mịn nhỏ có sợi lông siêu mềm, tơi xốp, giúp lấy và tán đều lượng phấn highlighter vừa đủ. Thiết kế nhỏ gọn, đầu cọ vát nhẹ giúp tập trung đánh highlight ở những vùng cao như gò má, sống mũi, nhân trung, tạo hiệu ứng bắt sáng tự nhiên, không bị vón cục hay lộ vân cọ."
Cọ tán phấn má hồng dạng lông tôm siêu mịn nhỏ có đặc điểm gì?,"Cọ tán phấn má hồng lông tôm siêu mịn nhỏ có sợi lông mềm mại, tơi xốp, giúp lấy và tán phấn cực kỳ nhẹ nhàng, đều màu. Kích thước nhỏ gọn, đầu cọ vát nhẹ phù hợp đánh phấn má hồng highlight ở gò má, tạo khối nhẹ nhàng, hoặc tán phấn mắt cho vùng mắt nhỏ."
Tại sao cần dùng tẩy trang dạng micellar mịn siêu mịn cho da nhạy cảm?,"Tẩy trang micellar với các phân tử micelle siêu nhỏ nhẹ nhàng loại bỏ bụi bẩn, dầu thừa và trang điểm mà không cần chà xát mạnh, giúp tránh kích ứng cho da nhạy cảm. Công thức dịu nhẹ, không cồn, không hương liệu giảm thiểu nguy cơ gây khô, đỏ hoặc kích ứng, giữ cho da sạch thoáng và cân bằng."
Cọ tán phấn tạo khối dạng lông tôm siêu mịn nhỏ có đặc điểm gì?,"Cọ tán phấn tạo khối dạng lông tôm siêu mịn nhỏ có sợi lông mềm, tơi, đầu cọ nhỏ và vát. Thiết kế này giúp lấy lượng phấn vừa đủ, tán đều và chính xác, tạo khối nhẹ nhàng, tự nhiên. Cọ phù hợp với phấn tạo khối dạng bột, giúp hòa trộn sản phẩm vào da dễ dàng, tránh đường nét bị đậm nét, lộ rõ."
Cách tạo makeup cho buổi đi ăn trưa ngoài trời với đồng nghiệp?,"Để có makeup phù hợp buổi ăn trưa ngoài trời với đồng nghiệp, hãy ưu tiên vẻ tự nhiên, tươi tắn. * **Nền:** Kem nền nhẹ nhàng, che khuyết điểm vừa đủ. * **Mắt:** Phấn mắt màu nude hoặc nâu nhạt, mascara nhẹ nhàng. * **Má:** Hồng đào hoặc cam đất để có đôi má ửng hồng. * **Môi:** Son dưỡng hoặc son tint màu nhẹ nhàng. * **Quan trọng:**"
Cọ tán phấn mắt dạng lông tôm siêu mịn siêu nhỏ có đặc điểm gì?,"Cọ tán phấn mắt lông tôm siêu mịn, siêu nhỏ có sợi lông mềm mại, tơi xốp, mật độ cao. Thiết kế nhỏ gọn giúp dễ dàng thao tác trong các chi tiết khó như hốc mắt, đường mi dưới. Cọ phù hợp tán phấn highlight, phấn nhũ hoặc blend màu chuyển sắc, tạo hiệu ứng mắt sâu, sắc nét."
Làm sao nhận diện chai xịt dưỡng da siêu mịn siêu mịn?,"Để nhận diện xịt dưỡng da siêu mịn, hãy chú ý: * **Kết cấu:** Vòi xịt tạo sương cực nhỏ, nhẹ tênh khi xịt lên da. * **Độ bám:** Hạt sương bám đều, không gây cảm giác dính hay nặng mặt. * **Thành phần:** Ưu tiên sản phẩm chứa các phân tử nước siêu nhỏ, hyaluronic acid, hoặc glycerin. * **Nhãn mác:** Tìm các từ khóa như ""micro-mist"", ""ultra-fine mist""."
Tại sao cần dùng tẩy trang dạng bọt mịn siêu mịn cho da dầu?,"Tẩy trang bọt mịn siêu mịn lý tưởng cho da dầu vì tạo bọt nhỏ li ti, len lỏi sâu vào lỗ chân lông, loại bỏ bụi bẩn, dầu thừa và cặn trang điểm hiệu quả. Đồng thời, kết cấu nhẹ nhàng này giúp làm sạch mà không gây khô căng, hạn chế kích ứng và giảm nguy cơ bít tắc lỗ chân lông – nguyên nhân chính gây mụn"
Cọ tán phấn highlighter dạng lông tôm siêu mịn siêu nhỏ có đặc điểm gì?,"Cọ tán phấn highlighter lông tôm siêu mịn, siêu nhỏ có các đặc điểm sau: * **Lông tơ mềm mại:** Không gây kích ứng, phù hợp da nhạy cảm. * **Đầu cọ nhỏ:** Tán highlighter tập trung, tạo hiệu ứng bắt sáng tự nhiên, không bị quá đà. * **Độ mịn cao:** Phân tán đều phấn, không vón cục, cho lớp finish mịn màng. * **Thích hợp:** Dùng cho highlighter"
Cọ tán phấn má hồng dạng lông tôm siêu mịn siêu nhỏ có đặc điểm gì?,"Cọ tán phấn má hồng lông tôm siêu mịn, siêu nhỏ có các đặc điểm sau: * **Độ mềm mại:** Lông tôm cực kỳ mềm, không gây kích ứng da. * **Độ mịn:** Tán phấn siêu mịn, tạo hiệu ứng tự nhiên, không vón cục. * **Độ nhỏ:** Phù hợp tán phấn ở những vùng nhỏ như gò má, tạo khối nhẹ nhàng. * **Độ bám phấn:** Giữ phấn tốt,"
Làm sao nhận diện chai xịt cố định makeup siêu mịn siêu mịn?,"Để nhận diện xịt cố định makeup siêu mịn, hãy chú ý: * **Kết cấu:** Vòi xịt tạo sương cực nhỏ, nhìn gần như hơi ẩm chứ không phải giọt nước. * **Cảm giác:** Khi xịt, bạn sẽ cảm thấy lớp sương mát lạnh, khô nhanh, không gây dính hay nặng mặt. * **Thành phần:** Ưu tiên sản phẩm chứa các hạt phấn siêu mịn hoặc công nghệ khóa nước."
Cách chọn phấn mắt cho buổi đi ăn tối ngoài bãi biển ban ngày?,"Để đi ăn tối ngoài bãi biển ban ngày, hãy chọn phấn mắt với tông màu ấm áp, tự nhiên như đồng, cam đất, hoặc nâu nhạt. Chất phấn lì hoặc nhũ nhẹ sẽ phù hợp hơn. Tránh các màu quá đậm hoặc quá nổi bật. Bạn có thể kết hợp 2-3 màu để tạo chiều sâu cho đôi mắt, nhưng hãy nhớ tán đều để có vẻ ngoài tự"
Tại sao cần dùng tẩy trang dạng micellar siêu mịn siêu mịn cho da nhạy cảm?,"Tẩy trang micellar siêu mịn lý tưởng cho da nhạy cảm vì công thức chứa các hạt micelle siêu nhỏ nhẹ nhàng loại bỏ bụi bẩn, dầu thừa và trang điểm mà không cần chà xát mạnh. Điều này giúp giảm thiểu kích ứng, mẩn đỏ và duy trì hàng rào bảo vệ da tự nhiên, tránh làm da khô căng hay tổn thương."
Cọ tán phấn tạo khối dạng lông tôm siêu mịn siêu nhỏ có đặc điểm gì?,"Cọ tán phấn tạo khối lông tôm siêu mịn, siêu nhỏ có thiết kế đầu cọ vát, lông tôm mềm mại và dày đặc. Đặc điểm nổi bật là khả năng len lỏi vào các đường nét nhỏ trên khuôn mặt, giúp tán phấn khối một cách chính xác, tự nhiên, không gây vón cục hay lộ vân cọ. Phù hợp với cả phấn khô và phấn ướt."
Làm sao nhận diện lọ nước tẩy trang siêu mịn siêu mịn?,"Để nhận diện nước tẩy trang siêu mịn, hãy chú ý đến kết cấu. Sản phẩm tốt sẽ lỏng nhẹ, trong suốt hoặc hơi đục, không gây cảm giác nhờn dính. Khi thoa lên da, bạn sẽ thấy nó dễ dàng hòa tan và loại bỏ makeup mà không cần chà xát mạnh. Thành phần thường chứa các loại dầu nhẹ, nước micellar hoặc chiết xuất thực vật."
Tại sao cần dùng kem dưỡng da ban ngày với peptide niacinamide?,"Kem dưỡng da ban ngày chứa peptide và niacinamide rất cần thiết vì: * **Peptide** kích thích sản xuất collagen, giúp da săn chắc, giảm nếp nhăn. * **Niacinamide** làm dịu da, giảm đỏ, thu nhỏ lỗ chân lông và cải thiện hàng rào bảo vệ da. * Kết hợp hai thành phần này giúp da khỏe mạnh, căng bóng và chống lại tác động từ môi trường suốt cả"
Cọ tán phấn mắt sáng tạo mịn siêu mịn có đặc điểm gì?,"Cọ tán phấn mắt sáng tạo mịn siêu mịn thường có các đặc điểm sau: * **Lông cọ:** Mềm mại, dẻo dai, thường làm từ sợi tổng hợp hoặc lông tự nhiên chất lượng cao. * **Hình dáng:** Thiết kế đa dạng, đầu cọ tròn, dẹt hoặc vát để dễ dàng tán phấn lên bầu mắt. * **Mật độ lông:** Mật độ cao giúp lấy và tán phấn mịn, đều"
Làm sao nhận diện lọ kem dưỡng da mịn siêu mịn siêu mịn?,"Để nhận diện kem dưỡng da mịn siêu mịn, hãy chú ý đến kết cấu. Kem lý tưởng sẽ mềm mại, tan nhanh trên da, không gây cảm giác nhờn dính. Thành phần thường chứa các chất dưỡng ẩm như hyaluronic acid, glycerin, ceramides. Bao bì thường ghi rõ ""siêu mịn"", ""nhẹ nhàng"" hoặc ""dành cho da nhạy cảm""."
Cọ tán phấn highlighter mịn siêu mịn có đặc điểm gì?,"Cọ tán phấn highlighter mịn siêu mịn thường có các sợi lông siêu mềm, tơi và thưa. Kích thước cọ nhỏ, đầu cọ vát hoặc tròn giúp lấy lượng phấn vừa đủ và tán đều, nhẹ nhàng trên da. Chất liệu lông thường là sợi tổng hợp hoặc lông dê, giúp highlighter bám dính tốt, tạo hiệu ứng glow tự nhiên, không gây kích ứng."
Làm sao nhận diện chai xịt dưỡng da mịn siêu mịn siêu mịn?,"Để nhận diện xịt dưỡng da mịn, siêu mịn, hãy chú ý: * **Kết cấu:** Vòi xịt tạo sương cực nhỏ, mịn như hơi sương. * **Cảm giác:** Khi xịt, bạn sẽ cảm thấy ẩm mịn, không dính rít. * **Thành phần:** Ưu tiên các loại chứa hyaluronic acid, glycerin, hoặc các chiết xuất tự nhiên cấp ẩm. * **Nhãn mác:** Tìm các từ khóa như ""micro-mist"", ""ultra-fine mist""."
Tại sao cần dùng tẩy trang siêu mịn siêu mịn cho da nhạy cảm?,"Da nhạy cảm dễ bị kích ứng bởi các sản phẩm mạnh. Tẩy trang siêu mịn, không chứa cồn, dầu khoáng và hương liệu giúp làm sạch nhẹ nhàng, loại bỏ makeup mà không gây khô căng, đỏ rát. Kết cấu siêu mịn giúp sản phẩm len lỏi vào lỗ chân lông, làm sạch sâu mà vẫn dịu êm, bảo vệ hàng rào bảo vệ da."
Cọ tán phấn phủ mịn siêu mịn có đặc điểm gì?,"Cọ tán phấn phủ mịn siêu mịn thường có sợi lông siêu mềm, tơi và dày đặc. Kích thước cọ vừa phải, hình dáng đầu cọ tròn hoặc hơi dẹt giúp lấy và tán phấn đều, nhẹ nhàng trên da. Cọ không gây kích ứng, cho lớp phủ mỏng mịn, tự nhiên, không để lại vệt và không làm lộ vân da."
Làm sao nhận diện lọ nước tẩy trang mịn siêu mịn siêu mịn?,"Để nhận diện nước tẩy trang mịn, siêu mịn, hãy chú ý đến: * **Kết cấu:** Lỏng nhẹ, không gây cảm giác nhờn dính. * **Thành phần:** Ưu tiên các loại dầu thực vật, glycerin, hoặc các chất làm mềm da. * **Khả năng hòa tan:** Dễ dàng hòa tan makeup, kể cả mascara chống thấm nước, mà không cần chà xát mạnh. * **Cảm nhận:** Sau khi dùng, da"
Cọ tán phấn má hồng mịn siêu mịn có đặc điểm gì?,"Cọ tán phấn má hồng mịn siêu mịn thường có các sợi lông siêu mềm, tơi và dày đặc. Thiết kế đầu cọ tròn hoặc vát nhẹ, giúp lấy lượng phấn vừa đủ và tán đều trên da, tạo hiệu ứng má hồng tự nhiên, không gây vệt. Cọ phù hợp với cả phấn má hồng dạng bột và kem."
Làm sao nhận diện chai xịt cố định makeup mịn siêu mịn siêu mịn?,"Để nhận diện xịt cố định makeup mịn, siêu mịn, hãy chú ý: * **Kết cấu:** Phun sương cực nhỏ, không gây vón cục. * **Thành phần:** Ưu tiên chứa glycerin, hyaluronic acid giúp cấp ẩm, làm mịn da. * **Độ bóng:** Tạo lớp finish tự nhiên, không quá bóng hoặc khô. * **Cảm giác:** Khi xịt, da không bị căng rít mà mềm mại, thoáng nhẹ."
Tại sao cần dùng tẩy trang mịn siêu mịn siêu mịn cho da dầu?,"Da dầu dễ bít tắc lỗ chân lông bởi bã nhờn và bụi bẩn. Tẩy trang mịn (micellar water, dầu tẩy trang dịu nhẹ) giúp loại bỏ triệt để tạp chất, kể cả lớp trang điểm lì, mà không gây ma sát mạnh. Điều này ngăn ngừa mụn, kiểm soát dầu thừa và duy trì sự thông thoáng cho da, hạn chế tình trạng viêm nhiễm."
Cọ tán phấn nhãn mắt sáng tạo mịn siêu mịn siêu nhỏ có đặc điểm gì?,"Cọ tán phấn mắt sáng tạo mịn siêu mịn siêu nhỏ có thiết kế đầu cọ nhỏ, lông cọ mềm mại và dày đặc. Đặc điểm này giúp dễ dàng lấy và tán đều phấn mắt, đặc biệt ở vùng mắt nhỏ hẹp hoặc khi cần tạo điểm nhấn sắc sảo. Cọ phù hợp với cả phấn mắt dạng bột và kem, cho lớp trang điểm mịn màng, tự nhiên."
Làm sao nhận diện lọ kem dưỡng da siêu mịn siêu mịn siêu mịn?,"Để nhận diện kem dưỡng siêu mịn, hãy chú ý đến kết cấu: kem phải tan chảy ngay khi thoa, không để lại vệt trắng hay cảm giác dính. Thành phần lý tưởng gồm hyaluronic acid, glycerin, ceramides – những chất dưỡng ẩm sâu và làm mềm da. Bao bì thường ghi rõ ""ultra-hydrating"", ""velvet-smooth"" hoặc ""micro-emulsion""."
Cọ tán phấn highlighter mịn siêu mịn siêu nhỏ có đặc điểm gì?,"Cọ tán phấn highlighter mịn, siêu nhỏ thường có sợi lông mềm mại, tơi xốp và đầu cọ nhỏ, vát hoặc tròn. Thiết kế này giúp lấy lượng phấn vừa đủ, tán đều và chính xác trên các điểm cao của khuôn mặt như gò má, sống mũi, nhân trung, tạo hiệu ứng bắt sáng tự nhiên, tinh tế mà không bị vón cục hay lộ vân cọ."
Làm sao nhận diện chai xịt dưỡng da siêu mịn siêu mịn siêu mịn?,"Để nhận diện xịt dưỡng da siêu mịn, hãy chú ý: * **Kết cấu:** Vòi xịt tạo sương cực nhỏ, nhẹ tênh khi xịt lên da. * **Độ bám:** Hạt sương bám đều, không gây cảm giác dính hay nặng mặt. * **Thành phần:** Ưu tiên sản phẩm chứa các phân tử nước siêu nhỏ, hyaluronic acid, glycerin. * **Nhãn mác:** Tìm các từ khóa như ""micro-mist"", ""ultra-fine mist""."
Tại sao cần dùng tẩy trang siêu mịn siêu mịn siêu mịn cho da nhạy cảm?,"Da nhạy cảm dễ bị kích ứng bởi các sản phẩm mạnh. Tẩy trang siêu mịn, không chứa cồn, dầu khoáng và hương liệu giúp làm sạch nhẹ nhàng, loại bỏ makeup mà không gây ma sát, đỏng đậy hay khô da. Kết cấu siêu mịn đảm bảo loại bỏ hoàn toàn cặn bẩn trong lỗ chân lông, giảm nguy cơ viêm tắc và bảo vệ hàng rào bảo vệ"
Cọ tán phấn phủ mịn siêu mịn siêu nhỏ có đặc điểm gì?,"Cọ tán phấn phủ mịn siêu mịn, siêu nhỏ có lông cọ cực kỳ mềm mại, tơi và nhỏ. Thiết kế này giúp lấy lượng phấn vừa đủ, tán đều trên da, đặc biệt phù hợp với phấn phủ dạng bột mịn. Cọ giúp lớp nền mỏng nhẹ, tự nhiên, không gây cakey và che phủ lỗ chân lông hiệu quả."
Làm sao nhận diện lọ nước tẩy trang siêu mịn siêu mịn siêu mịn?,"Để nhận diện nước tẩy trang siêu mịn, hãy chú ý đến kết cấu: sản phẩm thật sự mịn màng, lỏng nhẹ như nước, không gây cảm giác nhờn dính. Khi dùng, bạn sẽ thấy khả năng hòa tan makeup nhanh chóng, không cần chà xát mạnh. Thành phần thường chứa các loại dầu khoáng nhẹ, glycerin, hoặc các chiết xuất dưỡng ẩm."
Tại sao cần dùng kem dưỡng da ban ngày có niacinamide peptide?,"Kem dưỡng da ban ngày chứa Niacinamide và Peptide rất cần thiết vì: * **Niacinamide** giúp củng cố hàng rào bảo vệ da, giảm đỏ, kiểm soát dầu thừa và làm sáng da. * **Peptide** kích thích sản xuất collagen, giúp da săn chắc, giảm nếp nhăn. Sự kết hợp này bảo vệ da khỏi tác động môi trường, đồng thời cải thiện kết cấu và độ đàn hồi, cho"
Cọ tán phấn má hồng mịn siêu mịn siêu nhỏ có đặc điểm gì?,"Cọ tán phấn má hồng mịn siêu mịn, siêu nhỏ có lông cọ cực kỳ mềm mại, tơi xốp và mật độ cao. Thiết kế nhỏ gọn, đầu cọ vát tròn hoặc hình giọt nước giúp dễ dàng lấy lượng phấn vừa đủ, tán đều màu lên da một cách tự nhiên, không gây vón cục hay lộ vân cọ. Thích hợp với phấn má hồng dạng bột mịn."
Làm sao nhận diện chai xịt cố định makeup siêu mịn siêu mịn siêu mịn?,"Để nhận diện xịt cố định makeup siêu mịn, hãy chú ý: * **Kết cấu:** Vòi xịt tạo sương cực nhỏ, không gây ướt dính. * **Thành phần:** Ưu tiên các loại chứa glycerin, hyaluronic acid giúp cấp ẩm, không cồn. * **Độ mịn:** Xịt lên da, cảm nhận lớp sương mỏng nhẹ, khô nhanh, không làm thay đổi lớp makeup. * **Nhãn hiệu:** Chọn các thương hiệu uy tín,"
Cách chọn son môi cho buổi tiệc tối ngoài bãi biển ban ngày?,"Buổi tiệc tối ngoài bãi biển ban ngày cần sự tươi tắn nhưng vẫn nổi bật. Hãy chọn son có màu cam san hô, hồng đào hoặc đỏ cam tươi. Chất son nên là lì hoặc bán lì để bền màu, tránh son bóng dễ bị trôi. Ưu tiên các sản phẩm có SPF để bảo vệ môi khỏi ánh nắng mặt trời."
Tại sao cần dùng tẩy trang mịn siêu mịn siêu mịn siêu mịn cho da dầu?,"Da dầu dễ bít tắc lỗ chân lông bởi bã nhờn và bụi bẩn. Tẩy trang mịn (micellar water, dầu tẩy trang dịu nhẹ) giúp làm sạch sâu, loại bỏ hoàn toàn tạp chất mà không gây kích ứng, tránh hình thành mụn. Kết cấu nhẹ nhàng không làm tăng tiết dầu, giữ da thông thoáng và cân bằng."
Cọ tán phấn nhãn mắt sáng tạo mịn siêu mịn siêu mịn có đặc điểm gì?,"Cọ tán phấn mắt sáng tạo mịn siêu mịn thường có các đặc điểm sau: * **Lông cọ:** Mềm mại, dẻo dai, thường làm từ sợi tổng hợp hoặc lông tự nhiên chất lượng cao. * **Hình dáng:** Thiết kế đa dạng, đầu cọ tròn, dẹt hoặc vát giúp dễ dàng tán phấn vào nhiều vị trí mắt. * **Mật độ lông:** Mật độ cao, giúp lấy và truyền phấn"
Làm sao nhận diện lọ kem dưỡng da mịn siêu mịn siêu mịn siêu mịn?,"Để nhận diện kem dưỡng da mịn siêu mịn, hãy chú ý đến kết cấu: kem phải mềm mại, tan nhanh trên da, không gây cảm giác nhờn dính. Thành phần lý tưởng chứa hyaluronic acid, glycerin, ceramides. Quan sát bao bì: thường có các từ khóa như ""silk"", ""velvet"", ""micro-emulsion"". Thử một lượng nhỏ lên da tay để cảm nhận độ mịn màng."
Tại sao cần dùng son dưỡng có ceramide peptide?,"Son dưỡng có ceramide và peptide quan trọng vì chúng phục hồi hàng rào bảo vệ môi, giúp môi mềm mịn, giảm khô bong tróc. Ceramide giúp giữ ẩm, còn peptide kích thích sản xuất collagen, làm đầy rãnh môi, chống lão hóa. Sử dụng thường xuyên giúp môi khỏe mạnh, căng mọng và cải thiện sắc tố môi."
Cọ tán phấn highlighter mịn siêu mịn siêu mịn có đặc điểm gì?,"Cọ tán phấn highlighter mịn siêu mịn thường có các đặc điểm sau: * **Lông cọ:** Mềm mại, tơi xốp, thường làm từ sợi tổng hợp hoặc lông tự nhiên cao cấp. * **Hình dáng:** Đầu cọ nhỏ, vát hoặc tròn để dễ dàng tán highlighter lên các điểm cao trên khuôn mặt. * **Mật độ lông:** Mật độ vừa phải, không quá dày để tránh làm dày lớp phấn."
Làm sao nhận diện chai xịt dưỡng da mịn siêu mịn siêu mịn siêu mịn?,"Để nhận diện xịt dưỡng da mịn, hãy chú ý: * **Kết cấu:** Về cơ bản, sản phẩm có dạng sương mù cực nhỏ, khi xịt lên da cảm thấy ẩm mịn, không gây dính. * **Thành phần:** Ưu tiên các loại chứa hyaluronic acid, glycerin, hoặc các chiết xuất thực vật dưỡng ẩm. * **Nhãn mác:** Tìm các từ khóa như ""siêu mịn"", ""dưỡng ẩm sâu"", ""làm dịu da""."
Cách chọn phấn mắt cho buổi ăn tối ngoài bãi biển ban đêm?,"Để chọn phấn mắt cho buổi ăn tối ngoài bãi biển đêm, hãy ưu tiên các tông màu ấm áp, lấp lánh như đồng, vàng đồng, hoặc cam đất. Màu xanh navy hoặc tím than cũng rất hợp, gợi cảm giác biển đêm. Nên chọn phấn có shimmer hoặc glitter để bắt sáng dưới ánh đèn, nhưng tránh quá nổi bật. Đừng quên lớp lót để giữ màu bền lâu"
Tại sao cần dùng tẩy trang siêu mịn siêu mịn siêu mịn siêu mịn cho da nhạy cảm?,"Da nhạy cảm dễ bị kích ứng bởi các sản phẩm mạnh. Tẩy trang siêu mịn, không chứa cồn, dầu khoáng và hương liệu giúp làm sạch nhẹ nhàng, loại bỏ makeup mà không gây ma sát, đỏng đậy hay khô da. Kết cấu siêu mịn đảm bảo loại bỏ hoàn toàn cặn bẩn trong lỗ chân lông, giảm nguy cơ viêm tắc và bảo vệ hàng rào bảo vệ"
Cọ tán phấn phủ mịn siêu mịn siêu mịn có đặc điểm gì?,"Cọ tán phấn phủ mịn siêu mịn thường có sợi lông siêu mềm, tơi và dày đặc. Kích thước cọ vừa phải, hình dáng đầu cọ tròn hoặc hơi dẹt giúp lấy và tán phấn đều, không gây vón cục. Cọ giúp lớp phấn phủ mỏng nhẹ, tự nhiên, che phủ lỗ chân lông mà không làm khô da."
Làm sao nhận diện lọ nước tẩy trang mịn siêu mịn siêu mịn siêu mịn?,"Để nhận diện nước tẩy trang siêu mịn, hãy chú ý đến kết cấu. Sản phẩm tốt sẽ lỏng nhẹ, trong suốt hoặc hơi đục, không gây cảm giác nhờn dính. Khi thoa lên da, bạn sẽ thấy nó dễ dàng hòa tan và loại bỏ makeup mà không cần chà xát mạnh. Quan sát kỹ, nước tẩy trang mịn thường không để lại cặn trên da."
Tại sao cần dùng kem dưỡng da ban ngày có hyaluronic peptide?,"Kem dưỡng da ban ngày chứa hyaluronic peptide rất cần thiết vì: Hyaluronic acid cấp ẩm sâu, giúp da căng mọng, giảm nếp nhăn. Peptide kích thích sản xuất collagen, tăng độ đàn hồi, làm chậm lão hóa. Kết hợp hai thành phần này giúp da khỏe mạnh, tươi trẻ, bảo vệ da khỏi tác động môi trường suốt cả ngày."
Cọ tán phấn má hồng mịn siêu mịn siêu mịn có đặc điểm gì?,"Cọ tán phấn má hồng mịn siêu mịn thường có các sợi lông siêu mềm, tơi và dày đặc. Thiết kế đầu cọ tròn hoặc vát nhẹ, giúp lấy và tán phấn đều, không gây vệt. Cọ phù hợp với phấn má hồng dạng bột mịn, giúp tạo lớp má hồng tự nhiên, nhẹ nhàng và không làm lộ vân da."
Làm sao nhận diện chai xịt cố định makeup mịn siêu mịn siêu mịn siêu mịn?,"Để nhận diện xịt cố định makeup mịn, hãy chú ý: * **Kết cấu:** Phun sương cực nhỏ, không gây vón cục. * **Độ bóng:** Tạo lớp phủ trong suốt, không làm đục màu makeup. * **Cảm giác:** Khô nhanh, không dính, không nhờn rít. * **Thành phần:** Ưu tiên chứa glycerin, hyaluronic acid giúp cấp ẩm. * **Nhãn mác:** Tìm các từ khóa như ""micro-mist"", ""ultra-fine""."
Tại sao cần dùng tẩy trang mịn siêu mịn siêu mịn siêu mịn siêu mịn cho da dầu?,"Da dầu dễ bít tắc lỗ chân lông bởi bã nhờn và bụi bẩn. Tẩy trang mịn (micellar water, dầu tẩy trang nhẹ) giúp làm sạch sâu, loại bỏ hoàn toàn tạp chất mà không gây kích ứng, tránh hình thành mụn. Kết cấu siêu mịn đảm bảo len lỏi vào lỗ chân lông, làm sạch triệt để mà không làm tăng tiết dầu."
Cọ tán phấn nhãn mắt sáng tạo mịn siêu mịn siêu mịn siêu nhỏ có đặc điểm gì?,"Cọ tán phấn mắt sáng tạo mịn siêu mịn siêu nhỏ có thiết kế đầu cọ nhỏ, lông cọ mềm mại và dày đặc. Đặc điểm này giúp dễ dàng lấy và tán đều phấn mắt, đặc biệt ở vùng khó như hốc mắt hoặc đường mi dưới. Cọ phù hợp với cả phấn mắt dạng bột và kem, cho lớp trang điểm mắt sắc nét, tự nhiên."
Làm sao nhận diện lọ kem dưỡng da mịn siêu mịn siêu mịn siêu mịn siêu mịn?,"Để nhận diện kem dưỡng da mịn siêu mịn, hãy chú ý đến kết cấu. Kem thật mịn sẽ trượt nhẹ trên da, thẩm thấu nhanh, không để lại cảm giác nhờn dính. Thành phần thường chứa các chất dưỡng ẩm như hyaluronic acid, glycerin, ceramides. Bao bì thường ghi rõ ""siêu mịn"", ""nhẹ nhàng"" hoặc ""dành cho da nhạy cảm""."
Tại sao cần dùng son dưỡng có niacinamide peptide?,"Son dưỡng có niacinamide peptide là lựa chọn tuyệt vời để cải thiện môi toàn diện. Niacinamide giúp giảm thâm, làm sáng màu môi, còn peptide kích thích sản xuất collagen, giúp môi căng mọng, giảm nếp nhăn. Đồng thời, chúng dưỡng ẩm sâu, bảo vệ môi khỏi tác động xấu từ môi trường."
Cọ tán phấn highlighter mịn siêu mịn siêu mịn siêu nhỏ có đặc điểm gì?,"Cọ tán phấn highlighter siêu mịn, siêu nhỏ thường có sợi lông mềm mại, tơi xốp và đầu cọ nhỏ, vát hoặc tròn. Thiết kế này giúp lấy lượng phấn vừa đủ, tán đều và chính xác trên các điểm cao của khuôn mặt (gò má, sống mũi, nhân trung, v.v.) tạo hiệu ứng glow tự nhiên, tinh tế, không bị vón cục hay lộ vân cọ."
Làm sao nhận diện chai xịt dưỡng da mịn siêu mịn siêu mịn siêu mịn siêu mịn?,"Để nhận diện xịt dưỡng da mịn, hãy chú ý: * **Kết cấu:** Vòi xịt tạo sương cực nhỏ, mịn như hơi sương. * **Cảm giác:** Khi xịt, bạn sẽ cảm thấy ẩm mịn, không dính rít. * **Thành phần:** Ưu tiên các loại chứa hyaluronic acid, glycerin, hoặc các chiết xuất tự nhiên cấp ẩm. * **Nhãn mác:** Tìm các từ khóa như ""siêu mịn"", ""micro-mist"", ""hydrating mist""."
Cách chọn phấn mắt cho buổi ăn tối ngoài bãi biển ban ngày?,"Để trang điểm mắt cho buổi ăn tối ngoài bãi biển ban ngày, hãy chọn phấn mắt với tông màu ấm áp, tự nhiên như đồng, vàng đồng, hoặc cam san hô. Chất phấn lì hoặc nhũ nhẹ sẽ phù hợp hơn. Tránh các màu quá đậm hoặc quá nổi bật. Bạn có thể kết hợp 2-3 màu để tạo chiều sâu cho đôi mắt. Đừng quên dùng kem lót"
Tại sao cần dùng tẩy trang siêu mịn siêu mịn siêu mịn siêu mịn siêu mịn cho da nhạy cảm?,"Da nhạy cảm dễ bị kích ứng bởi các sản phẩm mạnh. Tẩy trang siêu mịn, không chứa cồn, dầu khoáng và hương liệu giúp làm sạch nhẹ nhàng, loại bỏ hoàn toàn makeup mà không gây ma sát, đỏng đậy hay khô da. Kết cấu siêu mịn len lỏi vào lỗ chân lông, loại bỏ bụi bẩn, bảo vệ hàng rào bảo vệ da, giảm thiểu nguy cơ kích"
Cọ tán phấn phủ mịn siêu mịn siêu mịn siêu nhỏ có đặc điểm gì?,"Cọ tán phấn phủ mịn siêu nhỏ có sợi lông siêu mềm, tơi và nhỏ, thường làm từ sợi tổng hợp hoặc lông đuôi sóc. Thiết kế này giúp lấy lượng phấn vừa đủ, tán đều trên da, đặc biệt phù hợp với phấn phủ dạng bột mịn, tạo lớp nền mỏng nhẹ, tự nhiên và không gây cakey. Cọ thường dùng để set makeup hoặc đánh highlight nhẹ nhàng."
Làm sao nhận diện lọ nước tẩy trang mịn siêu mịn siêu mịn siêu mịn siêu mịn?,"Để nhận diện nước tẩy trang siêu mịn, hãy chú ý đến kết cấu. Sản phẩm tốt sẽ lỏng nhẹ, trong suốt hoặc hơi đục, không gây cảm giác nhờn dính. Khi thoa lên da, bạn sẽ thấy nó dễ dàng hòa tan và loại bỏ makeup mà không cần chà xát mạnh. Quan sát kỹ, nước tẩy trang mịn thường không để lại cặn trên da."
Tại sao cần dùng kem dưỡng da ban ngày có ceramide peptide?,"Kem dưỡng da ban ngày chứa ceramide và peptide rất cần thiết để tăng cường hàng rào bảo vệ da, giúp da khỏe mạnh trước tác động từ môi trường như ô nhiễm, tia UV. Ceramide giúp giữ ẩm, peptide kích thích sản xuất collagen, giúp da căng bóng, giảm nếp nhăn và cải thiện độ đàn hồi, cho làn da tươi trẻ suốt cả ngày."
Cọ tán phấn má hồng mịn siêu mịn siêu mịn siêu nhỏ có đặc điểm gì?,"Cọ tán phấn má hồng siêu mịn, siêu nhỏ có lông cọ cực kỳ mềm mại, tơi xốp và mật độ cao. Thiết kế nhỏ gọn giúp dễ dàng lấy lượng phấn vừa đủ, tán đều phấn lên da một cách tự nhiên, không gây vón cục. Cọ phù hợp với phấn má hồng dạng bột mịn, giúp tạo hiệu ứng má ửng hồng nhẹ nhàng, tinh tế."
Làm sao nhận diện chai xịt cố định makeup mịn siêu mịn siêu mịn siêu mịn siêu mịn?,"Để nhận diện xịt cố định makeup mịn, hãy chú ý: * **Kết cấu:** Phun sương cực nhỏ, mịn như hơi sương, không gây vón cục. * **Độ bóng:** Tạo lớp phủ trong suốt, không làm đục màu makeup. * **Cảm giác:** Khi xịt, da không bị dính, khó chịu mà thoáng nhẹ. * **Thành phần:** Ưu tiên các loại chứa glycerin, hyaluronic acid giúp cấp ẩm."
Tại sao cần dùng tẩy trang mịn siêu mịn siêu mịn siêu mịn siêu mịn siêu mịn cho da dầu?,"Da dầu dễ bít tắc lỗ chân lông bởi bã nhờn và bụi bẩn. Tẩy trang mịn (micellar water, dầu tẩy trang nhẹ) giúp loại bỏ triệt để tạp chất, kể cả lớp trang điểm lì, mà không gây kích ứng. Điều này ngăn ngừa mụn, viêm nhiễm và duy trì độ cân bằng tự nhiên cho da dầu, giúp da thông thoáng và khỏe mạnh."
Cọ tán phấn nhãn mắt sáng tạo mịn siêu mịn siêu mịn siêu mịn có đặc điểm gì?,"Cọ tán phấn mắt sáng tạo mịn siêu mịn thường có các đặc điểm sau: * **Lông cọ:** Mềm mại, dẻo dai, thường làm từ sợi tổng hợp hoặc lông tự nhiên chất lượng cao. * **Hình dáng:** Thiết kế đa dạng, phù hợp nhiều kỹ thuật tán phấn (nhấn, hòa trộn). * **Kích thước:** Nhỏ gọn, giúp kiểm soát lượng phấn tốt, tạo hiệu ứng sắc nét hoặc nhẹ"
Làm sao nhận diện lọ kem dưỡng da mịn siêu mịn siêu mịn siêu mịn siêu mịn siêu mịn?,"Để nhận diện kem dưỡng da mịn siêu mịn, hãy chú ý đến kết cấu. Kem thật mịn sẽ trượt nhẹ trên da, thẩm thấu nhanh, không để lại cảm giác nhờn dính. Thành phần thường chứa các chất dưỡng ẩm như hyaluronic acid, glycerin, ceramides. Bao bì thường ghi rõ ""siêu mịn"", ""nhẹ nhàng"" hoặc ""dành cho da nhạy cảm""."
Tại sao cần dùng son dưỡng có hyaluronic peptide?,"Son dưỡng có hyaluronic peptide là lựa chọn tuyệt vời vì nó kết hợp dưỡng ẩm sâu với khả năng cải thiện cấu trúc môi. Hyaluronic acid hút ẩm, giúp môi căng mọng tức thì, còn peptide kích thích sản xuất collagen, làm đầy nếp nhăn và cải thiện độ đàn hồi dài hạn. Son dưỡng này giúp môi khỏe mạnh, mềm mại và tươi tắn."
Cọ tán phấn highlighter mịn siêu mịn siêu mịn siêu mịn có đặc điểm gì?,"Cọ tán phấn highlighter siêu mịn thường có các sợi lông siêu mềm, tơi và dày đặc. Kích thước cọ nhỏ, đầu cọ vát hoặc tròn giúp lấy lượng phấn vừa đủ và tán đều, nhẹ nhàng trên da. Chất liệu lông phổ biến là sợi tổng hợp hoặc lông dê, giúp hạn chế tình trạng vón cục và cho hiệu ứng glow tự nhiên, tinh tế."
Làm sao nhận diện chai xịt dưỡng da mịn siêu mịn siêu mịn siêu mịn siêu mịn siêu mịn?,"Để nhận diện xịt dưỡng da mịn, hãy chú ý: * **Kết cấu:** Vòi xịt tạo sương cực nhỏ, mịn như hơi sương. * **Cảm giác:** Khi xịt, bạn sẽ cảm thấy làn da được bao phủ bởi lớp sương mỏng, ẩm mịn chứ không bị ướt. * **Thành phần:** Ưu tiên các sản phẩm chứa glycerin, hyaluronic acid, hoặc các chiết xuất thực vật dưỡng ẩm. * **Nhãn mác:**"
Tại sao cần dùng tẩy trang siêu mịn siêu mịn siêu mịn siêu mịn siêu mịn siêu mịn cho da nhạy cảm?,"Da nhạy cảm dễ bị kích ứng bởi các sản phẩm mạnh. Tẩy trang siêu mịn, không chứa cồn, dầu khoáng và hương liệu giúp làm sạch nhẹ nhàng, loại bỏ makeup mà không gây ma sát, đỏng đậy hay khô da. Kết cấu siêu mịn đảm bảo loại bỏ hoàn toàn cặn bẩn trong lỗ chân lông, giảm nguy cơ viêm tắc và bảo vệ hàng rào bảo vệ"
Cọ tán phấn phủ mịn siêu mịn siêu mịn siêu mịn có đặc điểm gì?,"Cọ tán phấn phủ mịn siêu mịn thường có các sợi lông siêu mềm, tơi và dày đặc. Thiết kế đầu cọ tròn hoặc hơi dẹt giúp lấy lượng phấn vừa đủ, tán đều trên da mà không gây vón cục hay lộ vân cọ. Cọ giúp lớp phấn phủ mỏng nhẹ, tự nhiên, che phủ lỗ chân lông và giúp lớp nền bền vững hơn."
Làm sao nhận diện lọ nước tẩy trang mịn siêu mịn siêu mịn siêu mịn siêu mịn siêu mịn?,"Để nhận diện nước tẩy trang ""mịn siêu mịn"", hãy chú ý đến kết cấu. Sản phẩm tốt sẽ lỏng nhẹ, trong suốt hoặc hơi đục, không gây cảm giác nhờn dính. Khi thoa lên da, bạn sẽ thấy nó dễ dàng hòa tan lớp trang điểm, massage nhẹ nhàng mà không gây ma sát, và rửa sạch không để lại cặn."
Tại sao cần dùng kem dưỡng da ban ngày có niacinamide ceramide?,"Kem dưỡng da ban ngày chứa Niacinamide và Ceramide rất cần thiết để tăng cường hàng rào bảo vệ da, giúp da khỏe mạnh trước tác động từ môi trường như ô nhiễm, tia UV. Niacinamide giúp làm sáng da, giảm lỗ chân lông, còn Ceramide cấp ẩm sâu, phục hồi da. Sự kết hợp này giúp da căng bóng, mịn màng suốt ngày."
Cọ tán phấn má hồng mịn siêu mịn siêu mịn siêu mịn có đặc điểm gì?,"Cọ tán phấn má hồng mịn siêu mịn thường có các sợi lông siêu mềm, tơi và dày đặc. Thiết kế đầu cọ tròn hoặc vát nhẹ, giúp lấy và tán phấn đều, không gây vón cục. Cọ phù hợp với phấn má hồng dạng bột mịn, giúp tạo hiệu ứng má ửng hồng tự nhiên, nhẹ nhàng và không làm lộ vân da."
Làm sao nhận diện chai xịt cố định makeup mịn siêu mịn siêu mịn siêu mịn siêu mịn siêu mịn?,"Để nhận diện xịt cố định makeup mịn, hãy chú ý: * **Kết cấu:** Phun sương cực nhỏ, không gây vón cục. * **Độ bóng:** Tạo lớp phủ trong suốt, không làm đục màu makeup. * **Cảm giác:** Khô nhanh, không dính, không nhờn rít. * **Thành phần:** Ưu tiên các loại chứa glycerin, hyaluronic acid giúp cấp ẩm. * **Nhãn mác:** Tìm các từ khóa như ""ultra-fine mist"", ""micro-mist""."
Tại sao cần dùng tẩy trang mịn siêu mịn siêu mịn siêu mịn siêu mịn siêu mịn siêu mịn cho da dầu?,"Da dầu dễ bít tắc lỗ chân lông bởi bã nhờn và bụi bẩn. Tẩy trang mịn (oil-based hoặc micellar water) giúp làm sạch sâu, hòa tan dầu thừa hiệu quả mà không gây ma sát mạnh, tránh kích ứng. Việc này ngăn ngừa mụn, giúp da thông thoáng và hấp thụ tốt các sản phẩm dưỡng sau đó."
Cọ tán phấn nhãn mắt sáng tạo mịn siêu mịn siêu mịn siêu mịn siêu nhỏ có đặc điểm gì?,"Cọ tán phấn mắt sáng tạo mịn siêu mịn siêu mịn siêu nhỏ có thiết kế đầu cọ nhỏ, lông cọ mềm mại và dày đặc. Đặc điểm này giúp dễ dàng lấy và tán đều phấn mắt, đặc biệt ở vùng mắt nhỏ hẹp như bọng mắt hay đuôi mắt. Cọ cho lớp phấn mịn màng, sắc nét, hỗ trợ tạo chiều sâu và hiệu ứng trang điểm mắt"
Làm sao nhận diện lọ kem dưỡng da mịn siêu mịn siêu mịn siêu mịn siêu mịn siêu mịn siêu mịn?,"Để nhận diện kem dưỡng da mịn siêu cấp, hãy chú ý đến kết cấu. Kem thật mịn sẽ tan chảy nhẹ nhàng trên da, không gây cảm giác dính hay nặng nề. Thoa một lượng nhỏ lên da, nếu kem thẩm thấu nhanh, để lại lớp finish ẩm mượt, mịn lì thì đó là dấu hiệu của một sản phẩm chất lượng."
Tại sao cần dùng son dưỡng có peptide ceramide?,"Son dưỡng có peptide và ceramide hơn hẳn son dưỡng thông thường vì chúng không chỉ dưỡng ẩm mà còn phục hồi cấu trúc môi. Peptide kích thích sản xuất collagen, giúp môi căng mọng, giảm nếp nhăn. Ceramide củng cố hàng rào bảo vệ da môi, khóa ẩm sâu, chống khô nứt và bảo vệ khỏi tác nhân môi trường."
Cọ tán phấn highlighter mịn siêu mịn siêu mịn siêu mịn siêu nhỏ có đặc điểm gì?,"Cọ tán phấn highlighter siêu mịn, siêu nhỏ có lông cọ cực kỳ mềm mại, thường làm từ sợi tổng hợp hoặc lông tự nhiên cao cấp. Thiết kế nhỏ gọn, đầu cọ vát hoặc tròn giúp lấy lượng phấn vừa đủ, tán đều và chính xác trên các điểm cao của khuôn mặt, tạo hiệu ứng glow tự nhiên, tinh tế, không bị vón cục hay lộ vân cọ."
Làm sao nhận diện chai xịt dưỡng da mịn siêu mịn siêu mịn siêu mịn siêu mịn siêu mịn siêu mịn?,"Để nhận diện xịt dưỡng da mịn, hãy chú ý các yếu tố sau: * **Kết cấu:** Vòi xịt tạo sương mù cực nhỏ, mịn như hơi sương. * **Cảm giác:** Khi xịt, bạn sẽ cảm thấy làn da được bao phủ bởi một lớp sương mỏng, không gây dính hay nhờn rít. * **Thành phần:** Ưu tiên các sản phẩm chứa hyaluronic acid, glycerin, hoặc các chiết xuất thực"
Tại sao cần dùng tẩy trang siêu mịn siêu mịn siêu mịn siêu mịn siêu mịn siêu mịn siêu mịn cho da nhạy cảm?,"Da nhạy cảm dễ bị kích ứng bởi các sản phẩm mạnh. Tẩy trang siêu mịn, không chứa cồn, dầu khoáng và hương liệu giúp làm sạch nhẹ nhàng, loại bỏ makeup mà không gây ma sát, đỏng đậy hay khô da. Kết cấu siêu mịn đảm bảo loại bỏ hoàn toàn cặn bẩn trong lỗ chân lông, giảm nguy cơ viêm tắc và bảo vệ hàng rào bảo vệ"
Cọ tán phấn phủ mịn siêu mịn siêu mịn siêu mịn siêu nhỏ có đặc điểm gì?,"Cọ tán phấn phủ siêu mịn, siêu nhỏ có lông tơ, mềm mại và cực kỳ dày đặc. Thiết kế này giúp lấy lượng phấn vừa đủ, tán đều trên da, che phủ lỗ chân lông và các nếp nhăn li ti một cách tự nhiên, không gây cakey. Cọ phù hợp với phấn phủ dạng bột mịn và kỹ thuật đánh phấn ""baking""."
Làm sao nhận diện lọ nước tẩy trang mịn siêu mịn siêu mịn siêu mịn siêu mịn siêu mịn siêu mịn?,"Để nhận diện nước tẩy trang siêu mịn, hãy chú ý đến kết cấu. Sản phẩm tốt sẽ lỏng nhẹ, trong suốt hoặc hơi đục, không gây cảm giác nhờn dính. Khi thoa lên da, bạn sẽ thấy nó dễ dàng hòa tan và loại bỏ makeup mà không cần chà xát mạnh. Quan sát kỹ, nước tẩy trang mịn thường có các hạt phân tử siêu nhỏ."
Tại sao cần dùng kem dưỡng da ban ngày có hyaluronic ceramide?,"Kem dưỡng da ban ngày chứa hyaluronic acid và ceramide rất cần thiết vì chúng hoạt động hiệp đồng để tăng cường hàng rào bảo vệ da. Hyaluronic acid cấp ẩm sâu, còn ceramide giúp khóa ẩm và phục hồi lipid, giúp da căng mọng, khỏe mạnh và chống lại tác động từ môi trường như ô nhiễm, tia UV suốt cả ngày."
Cọ tán phấn má hồng mịn siêu mịn siêu mịn siêu mịn siêu nhỏ có đặc điểm gì?,"Cọ tán phấn má hồng siêu mịn, siêu nhỏ có lông cọ cực kỳ mềm mại, tơi xốp và mật độ cao. Thiết kế nhỏ gọn giúp dễ dàng lấy lượng phấn vừa đủ, tán đều phấn lên da một cách tự nhiên, không gây vón cục. Cọ phù hợp với phấn má hồng dạng bột mịn, giúp tạo hiệu ứng má ửng hồng nhẹ nhàng, tinh tế."
Làm sao nhận diện chai xịt cố định makeup mịn siêu mịn siêu mịn siêu mịn siêu mịn siêu mịn siêu mịn?,"Để nhận diện xịt cố định makeup mịn, hãy tìm các sản phẩm có: * **Kết cấu:** Dạng sương siêu mịn, không gây vón cục. * **Thành phần:** Chứa các hạt phấn siêu nhỏ, glycerin, hoặc các chất dưỡng ẩm. * **Khả năng:** Tạo lớp phủ trong suốt, giúp makeup bền lâu, không làm thay đổi màu sắc sản phẩm. * **Test thử:** Xịt lên tay, cảm nhận độ mịn"
Tại sao cần dùng tẩy trang mịn siêu mịn siêu mịn siêu mịn siêu mịn siêu mịn siêu mịn siêu mịn cho da dầu?,"Da dầu dễ bít tắc lỗ chân lông bởi bã nhờn và bụi bẩn. Tẩy trang mịn (micellar water, dầu tẩy trang dịu nhẹ) giúp loại bỏ triệt để tạp chất, kể cả lớp trang điểm lì, mà không gây kích ứng. Điều này ngăn ngừa mụn, viêm nhiễm và duy trì độ cân bằng tự nhiên cho da dầu, giúp da thông thoáng và khỏe mạnh."
Cọ tán phấn nhãn mắt sáng tạo mịn siêu mịn siêu mịn siêu mịn siêu mịn có đặc điểm gì?,"Cọ tán phấn mắt sáng tạo mịn siêu mịn thường có các đặc điểm sau: * **Lông cọ:** Mềm mại, dẻo dai, thường làm từ sợi tổng hợp hoặc lông tự nhiên chất lượng cao. * **Hình dáng:** Thiết kế đa dạng, phù hợp nhiều kỹ thuật tán phấn (nhấn, hòa trộn). * **Kích thước:** Nhỏ gọn, giúp kiểm soát lượng phấn tốt, tạo hiệu ứng sắc nét hoặc nhẹ"
Làm sao nhận diện lọ kem dưỡng da mịn siêu mịn siêu mịn siêu mịn siêu mịn siêu mịn siêu mịn siêu mịn?,"Để nhận diện kem dưỡng da mịn siêu cấp, hãy chú ý đến kết cấu. Kem thật mịn sẽ tan chảy nhẹ nhàng trên da, không gây cảm giác dính hay nặng nề. Thoa một lượng nhỏ lên da, nếu kem dễ dàng thẩm thấu, để lại lớp finish ẩm mượt, mịn lì thì đó là dấu hiệu của một sản phẩm chất lượng."
Tại sao cần dùng son dưỡng có niacinamide ceramide?,"Son dưỡng có niacinamide và ceramide là ""cặp đôi hoàn hảo"" cho môi khỏe mạnh. Niacinamide giúp làm sáng môi, giảm thâm, còn ceramide phục hồi hàng rào bảo vệ da, khóa ẩm sâu. Kết hợp này giúp môi mềm mịn, căng mọng, giảm tình trạng khô bong tróc và bảo vệ môi khỏi tác động xấu từ môi trường."
Cọ tán phấn highlighter mịn siêu mịn siêu mịn siêu mịn siêu mịn có đặc điểm gì?,"Cọ tán phấn highlighter siêu mịn thường có các sợi lông siêu mềm, tơi và dày đặc. Kích thước cọ nhỏ, đầu cọ vát hoặc tròn giúp lấy lượng phấn vừa đủ và tán đều, nhẹ nhàng trên da. Chất liệu lông phổ biến là sợi tổng hợp hoặc lông tự nhiên cao cấp, đảm bảo độ bám phấn tốt và không gây kích ứng."
Làm sao nhận diện chai xịt dưỡng da mịn siêu mịn siêu mịn siêu mịn siêu mịn siêu mịn siêu mịn siêu mịn?,"Để nhận diện xịt dưỡng da mịn, hãy chú ý các yếu tố sau: * **Kết cấu:** Vòi xịt tạo sương mù cực nhỏ, mịn như hơi sương. * **Cảm giác:** Khi xịt, bạn sẽ cảm thấy làn da được bao phủ bởi một lớp sương mỏng, ẩm mịn, không gây dính. * **Thành phần:** Ưu tiên các sản phẩm chứa hyaluronic acid, glycerin, hoặc các chiết xuất thực vật"
Tại sao cần dùng tẩy trang siêu mịn siêu mịn siêu mịn siêu mịn siêu mịn siêu mịn siêu mịn siêu mịn cho da nhạy cảm?,"Da nhạy cảm dễ bị kích ứng bởi các sản phẩm mạnh. Tẩy trang siêu mịn, không chứa cồn, hương liệu, dầu khoáng giúp làm sạch nhẹ nhàng, loại bỏ hoàn toàn makeup mà không gây ma sát, đỏng, rát. Kết cấu siêu mịn len lỏi vào lỗ chân lông, loại bỏ bụi bẩn, bảo vệ hàng rào bảo vệ da, giảm thiểu nguy cơ kích ứng."
Cọ tán phấn phủ mịn siêu mịn siêu mịn siêu mịn siêu mịn có đặc điểm gì?,"Cọ tán phấn phủ mịn siêu mịn có lông cọ cực kỳ mềm mại, tơi xốp và thường làm từ sợi tổng hợp hoặc lông tự nhiên cao cấp. Thiết kế đầu cọ tròn hoặc hơi dẹt, giúp lấy lượng phấn vừa đủ và tán đều trên da, tạo lớp phủ mỏng nhẹ, không gây vón cục hay lộ vân cọ. Cọ phù hợp với phấn phủ dạng bột mịn."
Làm sao nhận diện lọ nước tẩy trang mịn siêu mịn siêu mịn siêu mịn siêu mịn siêu mịn siêu mịn siêu mịn?,"Để nhận diện nước tẩy trang siêu mịn, hãy chú ý đến kết cấu. Sản phẩm tốt sẽ lỏng nhẹ, trong suốt hoặc hơi đục, không gây cảm giác nhờn dính. Khi thoa lên da, bạn sẽ thấy nó dễ dàng dàn trải, thấm nhanh và không để lại vệt trắng. Quan trọng nhất, da sau khi tẩy trang phải mềm mại, không khô căng."
Tại sao cần dùng kem dưỡng da ban ngày có peptide ceramide?,"Kem dưỡng da ban ngày chứa peptide và ceramide rất cần thiết để bảo vệ và phục hồi da. Peptide kích thích sản xuất collagen, giúp da săn chắc, giảm nếp nhăn. Ceramide củng cố hàng rào bảo vệ da, giữ ẩm, chống lại tác động từ môi trường như ô nhiễm, tia UV, giúp da khỏe mạnh, căng bóng suốt ngày dài."
Cọ tán phấn má hồng mịn siêu mịn siêu mịn siêu mịn siêu mịn có đặc điểm gì?,"Cọ tán phấn má hồng mịn siêu mịn thường có các sợi lông siêu mềm, tơi và dày đặc. Thiết kế đầu cọ tròn hoặc vát nhẹ, giúp lấy và tán phấn đều, không gây vón cục. Cọ phù hợp với phấn má hồng dạng bột mịn, tạo hiệu ứng má ửng hồng tự nhiên, nhẹ nhàng và không làm lộ vân da."
Làm sao nhận diện chai xịt cố định makeup mịn siêu mịn siêu mịn siêu mịn siêu mịn siêu mịn siêu mịn siêu mịn?,"Để nhận diện xịt cố định makeup mịn, hãy tìm các yếu tố sau: * **Kết cấu:** Phun sương cực nhỏ, không gây vón cục. * **Thành phần:** Chứa các hạt phấn siêu mịn, silicone (dimethicone) giúp làm mịn da. * **Cảm giác:** Khi xịt, da không bị dính, mà khô thoáng, mịn màng tức thì. * **Độ bóng:** Tạo lớp finish tự nhiên, không quá bóng hoặc quá lì."
Tại sao cần dùng tẩy trang mịn siêu mịn siêu mịn siêu mịn siêu mịn siêu mịn siêu mịn siêu mịn siêu mịn cho da dầu?,"Da dầu dễ bít tắc lỗ chân lông bởi bã nhờn và bụi bẩn. Tẩy trang mịn (micellar water, dầu tẩy trang dịu nhẹ) giúp loại bỏ triệt để tạp chất, kể cả lớp trang điểm lì, mà không gây kích ứng. Điều này ngăn ngừa mụn, viêm nhiễm và duy trì độ cân bằng tự nhiên cho da dầu, giúp da thông thoáng và khỏe mạnh."
Cọ tán phấn nhãn mắt sáng tạo mịn siêu mịn siêu mịn siêu mịn siêu mịn siêu nhỏ có đặc điểm gì?,"Cọ tán phấn mắt sáng tạo mịn siêu mịn siêu mịn siêu mịn siêu mịn siêu nhỏ có thiết kế đầu cọ nhỏ, lông cọ mềm mại và dày đặc. Đặc điểm này giúp dễ dàng lấy và tán đều phấn mắt, đặc biệt ở vùng mắt nhỏ hẹp như bọng mắt, khóe mắt. Cọ cho lớp trang điểm sắc nét, mịn màng, không gây kích ứng da."
Làm sao nhận diện lọ kem dưỡng da mịn siêu mịn siêu mịn siêu mịn siêu mịn siêu mịn siêu mịn siêu mịn siêu mịn?,"Để nhận diện kem dưỡng da mịn siêu cấp, hãy chú ý đến kết cấu. Kem thật mịn sẽ trượt nhẹ trên da, thẩm thấu nhanh, không gây cảm giác dính hay nhờn rít. Thành phần thường chứa các chất dưỡng ẩm như hyaluronic acid, glycerin, hoặc dầu thực vật. Bao bì thường ghi rõ ""siêu mịn"", ""nhẹ nhàng"" hoặc ""dành cho da nhạy cảm""."
Tại sao cần dùng son dưỡng có hyaluronic ceramide?,"Son dưỡng chứa hyaluronic acid và ceramide rất cần thiết vì chúng cung cấp độ ẩm sâu và phục hồi hàng rào bảo vệ da môi. Hyaluronic acid hút ẩm từ môi trường, còn ceramide giúp khóa ẩm và củng cố cấu trúc lipid tự nhiên của môi. Nhờ đó, môi trở nên mềm mại, căng mọng, giảm khô bong tróc và ngăn ngừa lão hóa."
Cọ tán phấn highlighter mịn siêu mịn siêu mịn siêu mịn siêu mịn siêu nhỏ có đặc điểm gì?,"Cọ tán phấn highlighter siêu mịn, nhỏ có lông tơ mềm mại, thường làm từ sợi tổng hợp hoặc lông đuôi sóc. Thiết kế nhỏ giúp lấy lượng phấn vừa đủ, tán đều và chính xác trên các điểm cao của khuôn mặt như gò má, sống mũi, nhân trung. Cọ giúp tạo hiệu ứng glow tự nhiên, tinh tế, tránh hiện tượng vón cục hay quá lấp lánh."
Làm sao nhận diện chai xịt dưỡng da mịn siêu mịn siêu mịn siêu mịn siêu mịn siêu mịn siêu mịn siêu mịn siêu mịn?,"Để nhận diện xịt dưỡng da ""siêu mịn"", hãy chú ý: * **Kết cấu:** Vòi xịt tạo sương cực nhỏ, mịn như hơi sương. * **Cảm giác:** Khi xịt, bạn sẽ cảm thấy làn da được bao phủ bởi một lớp sương mỏng, không gây dính hay nhờn rít. * **Thành phần:** Ưu tiên các sản phẩm chứa glycerin, hyaluronic acid, hoặc các chiết xuất thực vật dưỡng ẩm. *"
Tại sao cần dùng tẩy trang siêu mịn siêu mịn siêu mịn siêu mịn siêu mịn siêu mịn siêu mịn siêu mịn siêu mịn cho da nhạy cảm?,"Da nhạy cảm dễ bị kích ứng bởi các sản phẩm mạnh. Tẩy trang siêu mịn, không chứa cồn, hương liệu, dầu khoáng giúp làm sạch nhẹ nhàng, loại bỏ hoàn toàn makeup mà không gây ma sát, đỏng đậy, hay khô da. Kết cấu siêu mịn len lỏi vào lỗ chân lông, loại bỏ bụi bẩn, bảo vệ hàng rào bảo vệ da, giảm thiểu nguy cơ kích ứng."
Cọ tán phấn phủ mịn siêu mịn siêu mịn siêu mịn siêu mịn siêu nhỏ có đặc điểm gì?,"Cọ tán phấn phủ siêu mịn, siêu nhỏ có lông tơ, cực kỳ mềm mại và mật độ cao. Thiết kế nhỏ gọn giúp lấy lượng phấn vừa đủ, tán đều trên da, đặc biệt phù hợp với phấn phủ dạng bột mịn. Cọ giúp lớp nền mỏng nhẹ, tự nhiên, không gây cakey và che phủ lỗ chân lông hiệu quả."
Làm sao nhận diện lọ nước tẩy trang mịn siêu mịn siêu mịn siêu mịn siêu mịn siêu mịn siêu mịn siêu mịn siêu mịn?,"Để nhận diện nước tẩy trang siêu mịn, hãy chú ý đến kết cấu. Sản phẩm tốt sẽ lỏng nhẹ, trong suốt hoặc hơi đục, không gây cảm giác nhờn dính. Khi thoa lên da, bạn sẽ thấy nó dễ dàng dàn trải, thấm nhanh và không để lại vệt trắng. Quan trọng nhất, da sau khi tẩy trang phải mềm mại, không khô căng."
Tại sao cần dùng kem dưỡng da ban ngày có niacinamide hyaluronic?,"Kem dưỡng da ban ngày chứa Niacinamide và Hyaluronic Acid là lựa chọn lý tưởng vì: * **Niacinamide** giúp kiểm soát dầu thừa, giảm lỗ chân lông và làm sáng da, bảo vệ da khỏi tác hại môi trường. * **Hyaluronic Acid** cấp ẩm sâu, giữ da căng mọng, hỗ trợ hàng rào bảo vệ da. Sự kết hợp này giúp da khỏe mạnh, đủ ẩm và tươi sáng suốt"
Cọ tán phấn má hồng mịn siêu mịn siêu mịn siêu mịn siêu mịn siêu nhỏ có đặc điểm gì?,"Cọ tán phấn má hồng siêu mịn, siêu nhỏ có lông cọ cực kỳ mềm mại, tơi xốp và mật độ cao. Thiết kế nhỏ gọn giúp dễ dàng lấy lượng phấn vừa đủ, tán đều phấn lên da một cách tự nhiên, không gây vón cục hay lộ vân cọ. Phù hợp với phấn má hồng dạng bột mịn và kỹ thuật đánh má hồng lòng môi."
Làm sao nhận diện chai xịt cố định makeup mịn siêu mịn siêu mịn siêu mịn siêu mịn siêu mịn siêu mịn siêu mịn siêu mịn?,"Để nhận diện xịt cố định makeup mịn, hãy tìm các yếu tố sau: * **Kết cấu:** Phun sương cực nhỏ, không gây vón cục. * **Thành phần:** Chứa các hạt phấn siêu mịn, silicone (dimethicone) giúp làm mịn da. * **Cảm giác:** Khi xịt, da không bị dính, mà khô thoáng, mịn màng tức thì. * **Độ bóng:** Tạo lớp finish tự nhiên, không quá bóng hoặc quá lì."
Tại sao cần dùng tẩy trang mịn siêu mịn siêu mịn siêu mịn siêu mịn siêu mịn siêu mịn siêu mịn siêu mịn siêu mịn cho da dầu?,"Da dầu dễ bít tắc lỗ chân lông bởi bã nhờn và bụi bẩn. Tẩy trang mịn (micellar water, dầu tẩy trang) giúp làm sạch sâu, loại bỏ hoàn toàn lớp trang điểm, kem chống nắng mà không gây kích ứng. Kết cấu nhẹ nhàng, không chứa dầu giúp kiểm soát dầu thừa, ngăn ngừa mụn và giữ da thông thoáng."
Cọ tán phấn nhãn mắt sáng tạo mịn siêu mịn siêu mịn siêu mịn siêu mịn siêu mịn có đặc điểm gì?,"Cọ tán phấn mắt sáng tạo mịn siêu mịn thường có các đặc điểm sau: * **Lông cọ:** Mềm mại, dẻo dai, thường làm từ sợi tổng hợp hoặc lông tự nhiên chất lượng cao. * **Hình dáng:** Thiết kế đa dạng, phù hợp nhiều kỹ thuật tán phấn (tán đều, nhấn màu, highlight). * **Kích thước:** Nhỏ gọn, giúp kiểm soát lượng phấn tốt, tạo hiệu ứng sắc nét."
Làm sao nhận diện lọ kem dưỡng da mịn siêu mịn siêu mịn siêu mịn siêu mịn siêu mịn siêu mịn siêu mịn siêu mịn siêu mịn?,"Để nhận diện kem dưỡng da mịn siêu cấp, hãy chú ý đến kết cấu. Kem thật mịn sẽ tan chảy nhẹ nhàng khi thoa, không gây cảm giác dính hay nặng nề. Quan sát độ bóng: kem tốt thường có độ bóng tự nhiên, không quá bóng loáng. Thử trên da tay, nếu kem thẩm thấu nhanh và để lại lớp da mềm mại, đó là dấu hiệu của"
Makeup primer là gì?,"Makeup primer là lớp nền trang điểm giúp làm mịn da, che mờ lỗ chân lông và nếp nhăn, tạo bề mặt hoàn hảo cho lớp nền. Primer giúp lớp makeup bám lâu hơn, đều màu hơn và kiểm soát dầu thừa. Có nhiều loại primer cho các loại da khác nhau như khô, dầu, hỗn hợp hoặc nhạy cảm."
Kem nền (foundation) dùng để làm gì?,"Kem nền là lớp trang điểm nền tảng, dùng để tạo lớp da đều màu, che đi các khuyết điểm như mụn, thâm nám, tàn nhang và lỗ chân lông to. Nó giúp làm mịn da, tạo bề mặt hoàn hảo để các bước trang điểm tiếp theo bám tốt hơn và bền màu hơn. Kem nền có nhiều loại phù hợp với các loại da khác nhau."
Tại sao cần tẩy trang sau khi makeup?,"Tẩy trang là bước quan trọng để loại bỏ hoàn toàn lớp makeup, bụi bẩn, dầu thừa tích tụ trên da suốt cả ngày. Việc này giúp da sạch sâu, thông thoáng lỗ chân lông, ngăn ngừa mụn, sạm da và các vấn đề lão hóa. Tẩy trang còn giúp các sản phẩm dưỡng da sau đó hấp thụ tốt hơn, phát huy hiệu quả tối đa."
Concealer có công dụng gì?,"Concealer là sản phẩm trang điểm đa năng, dùng để che đi các khuyết điểm trên da như quầng thâm mắt, mụn, vết thâm, hoặc các đốm đỏ. Nó giúp làm đều màu da, tạo lớp nền hoàn hảo trước khi đánh phấn hoặc kem nền, và có thể dùng để highlight một số vùng trên khuôn mặt."
BB Cream là gì?,"BB Cream (Blemish Balm hoặc Beauty Balm) là kem đa năng, kết hợp nhiều chức năng trong một sản phẩm. Nó vừa là kem dưỡng ẩm, kem chống nắng, vừa che phủ nhẹ nhàng các khuyết điểm trên da. BB Cream giúp làn da trông tự nhiên, mịn màng và khỏe mạnh hơn, phù hợp cho những ai thích phong cách trang điểm nhẹ nhàng, nhanh chóng."
CC Cream khác BB Cream như thế nào?,"CC Cream và BB Cream đều là sản phẩm đa năng, nhưng khác nhau về chức năng chính. BB Cream (Beauty Balm) tập trung vào dưỡng ẩm, che phủ nhẹ và bảo vệ da. CC Cream (Color Correcting) tập trung vào điều chỉnh sắc tố da, che phủ các vùng da ửng đỏ hoặc xỉn màu, mang lại làn da đều màu hơn. CC Cream thường có độ che phủ"
Tông da ấm là gì?,"Tông da ấm có undertone vàng, đào hoặc vàng oliu. Da thường có xu hướng vàng hơn, dễ bị rám nắng và có thể có tàn nhang. Các tĩnh mạch trên cổ tay thường có màu xanh lá cây. Người có tông da ấm hợp với các màu trang điểm ấm như cam, đào, đồng và vàng."
Tông da lạnh là gì?,"Tông da lạnh có undertone xanh lam, tím hoặc hồng. Người có tông da này thường có tĩnh mạch xanh lam nổi rõ trên cổ tay. Da thường dễ bị cháy nắng và trông đẹp nhất với trang sức bạc. Màu sắc phù hợp là xanh dương, tím, hồng, bạc và các màu pastel."
Cushion foundation là gì?,"Cushion foundation (hay phấn nước) là loại kem nền dạng lỏng được chứa trong hộp phấn có miếng mút cushion. Khi dùng, bạn ấn nhẹ vào miếng mút để lấy kem và tán lên da. Cushion giúp che phủ nhẹ nhàng, tạo lớp nền tự nhiên, ẩm mịn, đồng thời tiện lợi mang theo và sử dụng lại trong ngày."
Tại sao cần dưỡng ẩm trước khi makeup?,"Dưỡng ẩm là bước nền tảng quan trọng trước khi trang điểm. Da đủ ẩm sẽ giúp lớp nền mịn màng, bám dính tốt hơn, tránh tình trạng cakey hay bong tróc. Đồng thời, dưỡng ẩm bảo vệ da khỏi tác động của hóa chất trong mỹ phẩm, giữ cho da khỏe mạnh và căng bóng tự nhiên."
Setting spray có tác dụng gì?,"Setting spray là bước khóa trang điểm cuối cùng, giúp lớp nền bám lâu hơn, hạn chế xuống tông và lem trôi. Nó tạo một lớp màng bảo vệ, giúp hòa quyện các lớp trang điểm lại với nhau, mang đến vẻ ngoài tự nhiên, căng bóng và tươi tắn suốt cả ngày. Có loại setting spray giữ ẩm, kiềm dầu hoặc tạo hiệu ứng glow."
Kem chống nắng có vai trò gì trong makeup?,"Kem chống nắng là bước nền cực kỳ quan trọng trong makeup, không chỉ bảo vệ da khỏi tác hại của tia UV gây lão hóa, nám, ung thư da mà còn giúp lớp nền mịn màng, bám lâu hơn. Nó tạo một lớp màng bảo vệ, giúp các sản phẩm makeup không gây kích ứng da và tăng hiệu quả của chúng."
Loose powder khác compact powder như thế nào?,"Loose powder (phấn bột rời) có kết cấu mịn, nhẹ, giúp kiểm soát dầu tốt và tạo lớp nền mịn màng, tự nhiên. Thường dùng để khóa lớp nền. Compact powder (phấn nén) đặc hơn, tiện lợi mang theo, có thể dùng làm lớp nền hoặc dặm lại trong ngày. Độ che phủ thường cao hơn loose powder."
Highlighter dùng ở đâu?,"Highlighter được dùng để tạo điểm sáng, giúp khuôn mặt trông bừng sáng và có chiều sâu hơn. Bạn nên thoa highlighter ở những vị trí bắt sáng như: gò má, sống mũi, nhân trung, khóe mắt trong, và dưới chân mày. Lưu ý tán đều để tránh bị vón cục và tạo hiệu ứng tự nhiên nhất nhé!"
Bronzer là gì?,"Bronzer là phấn tạo khối màu nâu ấm, dùng để tạo hiệu ứng rám nắng tự nhiên cho da. Nó giúp khuôn mặt trông khỏe khoắn, có chiều sâu và tạo đường nét sắc sảo hơn. Bronzer thường được thoa lên các vị trí ánh nắng tự nhiên chiếu vào như gò má, trán, sống mũi và cằm."
Contouring khác bronzing ra sao?,"Contouring tạo khối và đường nét cho khuôn mặt bằng màu sắc lạnh, tối hơn màu da, tạo ảo giác về bóng đổ. Bronzing làm ấm da, tạo hiệu ứng rám nắng khỏe khoắn bằng màu sắc ấm, tương đồng với màu da. Contouring tập trung vào việc thay đổi hình dáng, còn bronzing tập trung vào việc tăng độ bừng sáng và khỏe khoắn."
Mascara có công dụng gì?,"Mascara là sản phẩm trang điểm mắt giúp làm dài, dày và cong mi, tạo đôi mắt trông to và sắc sảo hơn. Nó cũng giúp mi không bị lem và tăng độ tương phản cho màu mắt. Có nhiều loại mascara với các công dụng khác nhau như chống thấm nước, tăng độ cong, hoặc chứa dưỡng chất giúp mi khỏe mạnh."
Eyeliner dạng nào dễ dùng nhất cho người mới?,"Với người mới bắt đầu, eyeliner chì là lựa chọn dễ nhất. Chúng mềm, dễ kiểm soát và cho phép bạn tạo những đường kẻ ngắn, dễ chỉnh sửa. Eyeliner gel hoặc bút nước có thể khó làm quen hơn do yêu cầu kỹ năng và độ chính xác cao hơn. Hãy bắt đầu với chì và luyện tập thường xuyên nhé!"
Son lì (matte) có đặc điểm gì?,"Son lì (matte) có đặc điểm nổi bật là bề mặt khô ráo, mịn màng, không bóng. Màu son lên chuẩn, sắc nét và giữ màu tốt, thường bền màu từ 4-8 tiếng. Tuy nhiên, son lì có thể làm môi cảm thấy khô căng, cần dưỡng ẩm trước khi đánh và thường đòi hỏi kỹ thuật đánh son tốt để tránh bị vón cục."
Son bóng (glossy) phù hợp với dịp nào?,"Son bóng phù hợp với các dịp thường ngày, dạo phố, hoặc các buổi hẹn hò nhẹ nhàng, tạo vẻ ngoài tươi trẻ, căng mọng. Chất son này cũng lý tưởng cho mùa hè, giúp đôi môi trông đầy đặn hơn. Tuy nhiên, với các sự kiện trang trọng, son lì thường là lựa chọn tốt hơn vì độ bền màu cao hơn."
Tẩy trang dạng dầu có lợi ích gì?,"Tẩy trang dạng dầu hiệu quả trong việc hòa tan và loại bỏ lớp trang điểm, kể cả mascara chống thấm nước, bụi bẩn và bã nhờn trên da. Sản phẩm này giúp làm sạch sâu mà không gây khô căng, giữ ẩm cho da và không làm tổn hại hàng rào bảo vệ tự nhiên. Thích hợp với mọi loại da, kể cả da nhạy cảm."
Tẩy trang dạng nước phù hợp với da nào?,"Tẩy trang dạng nước phù hợp với mọi loại da, đặc biệt là da thường, da dầu và da hỗn hợp. Công thức nhẹ nhàng giúp loại bỏ hiệu quả makeup, bụi bẩn mà không gây khô da. Với da khô, nên chọn loại có thêm thành phần dưỡng ẩm. Ưu tiên sản phẩm không cồn, không hương liệu để tránh kích ứng."
Micellar water là gì?,"Micellar water (nước micellar) là dung dịch làm sạch da chứa các hạt micelle siêu nhỏ. Các hạt này hoạt động như nam châm, hút sạch bụi bẩn, dầu thừa, và lớp trang điểm trên da mà không cần chà xát mạnh. Sản phẩm dịu nhẹ, phù hợp với mọi loại da, kể cả da nhạy cảm, và không cần rửa lại bằng nước."
Tại sao cần double cleansing?,"Double cleansing là quy trình làm sạch da hai bước, bắt đầu với dầu tẩy trang để loại bỏ bụi bẩn, kem chống nắng, makeup. Sau đó, dùng sữa rửa mặt để làm sạch sâu các cặn còn sót lại và bã nhờn. Việc này giúp da sạch thoáng, ngăn ngừa mụn tắc nghẽn lỗ chân lông và tăng cường hiệu quả của các sản phẩm skincare tiếp theo."
Serum dưỡng da có vai trò gì trước makeup?,"Serum dưỡng da đóng vai trò quan trọng trong bước chuẩn bị trước makeup. Chúng cung cấp độ ẩm sâu, làm mịn da và tạo lớp nền hoàn hảo cho các bước tiếp theo. Serum giúp khóa ẩm, làm dịu da, giảm thiểu tình trạng cakey và giúp lớp makeup bám bền, lên màu chuẩn hơn, đồng thời bảo vệ da khỏi tác động của mỹ phẩm."
Phấn mắt shimmer khác matte như thế nào?,"Phấn mắt shimmer chứa các hạt lấp lánh, tạo hiệu ứng ánh nhũ, bắt sáng và làm mắt trông nổi bật, có chiều sâu. Ngược lại, phấn mắt matte có kết cấu mịn lì, không chứa ánh nhũ, cho vẻ đẹp tự nhiên, thanh lịch và dễ dàng phối hợp với nhiều phong cách trang điểm khác nhau."
Lông mày dạng bột hay bút chì tốt hơn?,"Lông mày dạng bột và bút chì đều tốt, tùy thuộc vào sở thích và kỹ năng. Bút chì phù hợp cho lông mày thưa, giúp tạo hình sợi lông tự nhiên. Bột lông mày lý tưởng cho lông mày rậm, tạo độ đầy đặn và dễ dàng tán đều. Bạn có thể kết hợp cả hai để có kết quả hoàn hảo nhất!"
Setting powder là gì?,"Setting powder (phấn khóa nền) là lớp phấn cuối cùng dùng để ""khóa"" lớp trang điểm, giúp lớp nền bền lâu, mịn màng và kiểm soát dầu thừa. Có hai loại chính: phấn bột trong (loose powder) và phấn nén (pressed powder). Phấn bột trong phù hợp với da dầu, phấn nén tiện lợi mang theo và dùng cho mọi loại da."
Tinting là gì trong makeup?,"Tinting trong makeup là kỹ thuật sử dụng sản phẩm nhuộm màu nhẹ (thường là gel hoặc mực) để tạo màu cho lông mi, lông mày hoặc da. Với lông mi/mày, tinting giúp chúng trông đậm và đầy đặn hơn mà không cần dùng mascara/chì kẻ. Trên da, tinting tạo lớp màu tự nhiên, trong suốt, thường dùng cho má hồng hoặc môi."
Lip liner dùng để làm gì?,"Kẻ viền môi (lip liner) có nhiều công dụng: * **Định hình:** Tạo đường viền rõ nét, giúp môi trông đầy đặn hơn. * **Ngăn lem:** Ngăn son môi bị lem ra ngoài, đặc biệt là với các loại son có kết cấu mềm. * **Tăng độ bền:** Giúp son giữ màu lâu hơn. * **Làm base:** Có thể dùng làm lớp nền cho son, giúp son lên màu chuẩn"
Makeup remover wipes có nhược điểm gì?,"Makeup remover wipes tiện lợi nhưng có một số nhược điểm: * **Không làm sạch sâu:** Có thể để lại cặn trang điểm, dầu thừa, gây bít lỗ chân lông. * **Gây kích ứng:** Chứa cồn, hương liệu có thể gây khô da, kích ứng, đặc biệt với da nhạy cảm. * **Không thân thiện môi trường:** Gây lãng phí do sử dụng một lần. * **Cần kết hợp với"
Fixing spray khác setting spray ra sao?,"Fixing spray và setting spray đều giúp lớp trang điểm bền lâu, nhưng khác nhau về chức năng. **Setting spray** dùng sau khi hoàn thành toàn bộ lớp trang điểm, giúp hòa quyện các lớp sản phẩm, giảm bột và tăng độ bám. **Fixing spray** thường dùng *trong* quá trình trang điểm, sau mỗi lớp (như phấn mắt, má hồng) để khóa màu và tăng cường độ bám dính tức"
Blush dạng kem hay bột dễ dùng hơn?,"Blush dạng kem thường dễ tán hơn cho da khô hoặc da thường, cho lớp nền tự nhiên, căng bóng. Tuy nhiên, cần kỹ năng blend nhanh tay để tránh loang lổ. Blush bột phù hợp với da dầu, hỗn hợp, dễ kiểm soát lượng sản phẩm và tạo lớp finish mịn lì. Người mới bắt đầu nên ưu tiên blush bột vì dễ sử dụng và ít đòi hỏi"
Lip gloss khác lip oil như thế nào?,"Chào bạn! Lip gloss và lip oil đều giúp môi bóng mượt, nhưng khác nhau về thành phần và công dụng. Lip gloss thường chứa nhiều polyme tạo độ bóng, màu sắc đa dạng, nhưng có thể gây khô môi. Lip oil chứa dầu dưỡng, giúp cấp ẩm, làm mềm môi, bóng nhẹ tự nhiên và thường trong suốt hoặc có màu sắc nhẹ nhàng."
Cream highlighter khác powder highlighter ra sao?,"Cream highlighter tạo hiệu ứng glow tự nhiên, ẩm mượt, phù hợp da khô hoặc muốn vẻ makeup căng bóng. Powder highlighter cho finish rạng rỡ, sắc nét hơn, lý tưởng cho da dầu hoặc muốn makeup lâu trôi. Cream highlighter thường dùng trước phấn, powder highlighter dùng sau lớp nền."
Tại sao cần thử mỹ phẩm trước khi mua?,"Thử mỹ phẩm trước khi mua rất quan trọng để đảm bảo sản phẩm phù hợp với loại da và tông màu của bạn. Việc này giúp tránh các phản ứng dị ứng, kích ứng hoặc tình trạng lên mụn. Ngoài ra, bạn có thể kiểm tra được màu sắc, kết cấu và độ che phủ có đáp ứng được nhu cầu của mình hay không, tránh lãng phí tiền"
Dewy finish là gì?,"Dewy finish là kiểu trang điểm tạo hiệu ứng làn da căng bóng, ẩm mượt tự nhiên như sương sớm. Thay vì phấn phủ lì, bạn dùng kem nền, kem highlight có độ ẩm cao để phản xạ ánh sáng, giúp da trông khỏe mạnh và rạng rỡ. Kiểu trang điểm này phù hợp với da khô và thường."
Matte finish phù hợp với da nào?,"Matte finish (kết thúc lì) phù hợp nhất với da dầu và hỗn hợp thiên dầu. Loại da này thường gặp tình trạng bóng nhờn, lỗ chân lông to, matte finish giúp kiểm soát dầu thừa, giảm bóng, tạo cảm giác mịn màng và bền màu. Tuy nhiên, da khô nên cân nhắc kỹ vì có thể làm da thêm khô ráp."
Satin finish là gì?,"Satin finish (hoặc lớp nền satin) là một loại lớp hoàn thiện trang điểm có độ bóng nhẹ, mềm mại, không quá lì như matte mà cũng không quá bóng như dewy. Satin finish giúp da trông khỏe mạnh, rạng rỡ tự nhiên, che phủ tốt nhưng vẫn giữ được vẻ mềm mịn, mướt da. Phù hợp với nhiều loại da, đặc biệt là da thường và da hỗn hợp."
Làm sao biết mỹ phẩm hết hạn?,"Để biết mỹ phẩm hết hạn, bạn hãy kiểm tra: * **Ngày hết hạn (PAO):** Thường in trên bao bì dưới dạng biểu tượng lọ mở với số tháng (ví dụ: 12M là 12 tháng). * **Thay đổi về mùi, màu, kết cấu:** Nếu sản phẩm có mùi lạ, màu sắc khác thường hoặc kết cấu bị tách lớp, vón cục thì không nên dùng. * **Bao bì bị hư"
Tẩy tế bào chết trước makeup có lợi ích gì?,"Tẩy tế bào chết trước khi trang điểm mang lại rất nhiều lợi ích. Nó giúp loại bỏ da chết, làm mịn da, giúp lớp nền (foundation) bám tốt hơn, hạn chế tình trạng cakey (mốc da). Ngoài ra, tẩy da chết còn thúc đẩy tuần hoàn máu, giúp da sáng hơn và hấp thụ dưỡng chất tốt hơn, cho lớp makeup hoàn hảo và bền vững."
Translucent powder là gì?,"Phấn phủ trong suốt (translucent powder) là loại phấn không màu hoặc có màu sắc rất nhẹ, dùng để khóa lớp nền, giảm bóng dầu và làm mịn da. Khác với phấn phủ màu, phấn trong suốt phù hợp với mọi tông da và không làm thay đổi màu sắc của lớp trang điểm gốc. Nó giúp lớp nền bền lâu hơn và mang lại vẻ tự nhiên."
Lip balm có nên dùng trước son?,"Chào bạn! Hoàn toàn nên dùng son dưỡng môi (lip balm) trước khi đánh son. Son dưỡng giúp làm mềm môi, loại bỏ tế bào chết và tạo một lớp nền ẩm mịn. Điều này giúp son màu lên chuẩn hơn, tránh tình trạng môi khô bong tróc và giúp son giữ màu lâu hơn. Hãy để son dưỡng thấm nhẹ trước khi tô son nhé!"
Eye primer là gì?,"Eye primer là lớp nền trang điểm mắt, giúp làm mịn bề mặt da, che đi nếp nhăn và lỗ chân lông. Quan trọng hơn, nó giúp phấn mắt bám dính tốt hơn, lên màu chuẩn và giữ được lâu hơn, ngăn ngừa tình trạng lem, vón cục hay phai màu trong suốt cả ngày."
Cream contour phù hợp với da nào?,"Kem contour phù hợp với mọi loại da, đặc biệt là da khô và da thường. Chất kem mềm mịn giúp dễ dàng tán đều, không gây cakey hay lộ vân da. Với da dầu, nên chọn công thức không dầu và dùng phấn phủ để cố định. Kem contour tạo hiệu ứng tự nhiên, giúp khuôn mặt thon gọn hơn."
Powder contour dùng khi nào?,"Powder contour (phấn tạo khối) dùng sau khi đánh kem nền và phấn phủ. Bạn dùng để tạo chiều sâu, đường nét cho khuôn mặt như gò má, sống mũi, hoặc đường viền hàm. Chọn màu tối hơn 2-3 tông so với da và blend kỹ để tránh đường nét bị lộ rõ, giúp khuôn mặt trông thon gọn và sắc sảo hơn."
Liquid lipstick khác son thỏi ra sao?,"Son kem lì (liquid lipstick) khác son thỏi ở chất kết cấu và độ bền màu. Son kem có dạng lỏng, dễ tán, nhanh khô và tạo lớp finish lì mịn. Son thỏi thường đặc hơn, nhiều dưỡng chất hơn, cho cảm giác thoải mái hơn nhưng độ bền màu thường kém hơn so với son kem lì."
Glitter eyeshadow dùng ở đâu?,"Glitter eyeshadow (phấn mắt nhũ) thường được dùng để tạo điểm nhấn lấp lánh cho đôi mắt. Bạn có thể đánh tập trung ở bầu mắt, hốc mắt, hoặc điểm nhấn dưới đường chân mày và khóe mắt. Glitter còn được dùng để trang trí cho các dịp đặc biệt, tiệc tùng, hoặc tạo phong cách trang điểm cá tính, nổi bật."
Lip scrub có công dụng gì?,"Lip scrub (tẩy tế bào chết môi) giúp loại bỏ da chết, làm mềm mịn môi, giảm tình trạng môi khô ráp, nứt nẻ. Nhờ đó, son môi lên màu chuẩn hơn, đôi môi căng mọng và khỏe mạnh hơn. Bạn nên dùng lip scrub 1-2 lần/tuần để có đôi môi hoàn hảo."
Tại sao cần làm sạch cọ makeup?,"Cọ makeup bẩn là ổ vi khuẩn, dầu thừa, tế bào chết tích tụ. Việc này gây ra mụn, kích ứng da, thậm chí nhiễm trùng. Làm sạch cọ thường xuyên giúp: * **Đảm bảo vệ sinh:** Loại bỏ vi khuẩn, bảo vệ da. * **Tăng độ bền cọ:** Giúp sợi cọ mềm mại, không bị vón cục. * **Lên màu chuẩn:** Màu sắc được blend đều, không bị lẫn"
Contouring là gì?,"Contouring là kỹ thuật tạo khối và đường nét cho khuôn mặt bằng cách sử dụng phấn tối màu hơn màu da thật, tạo ảo giác về bóng đổ. Mục đích là để làm nổi bật các đường nét yêu thích, thu nhỏ những phần muốn che đi, giúp khuôn mặt trông thon gọn và có chiều sâu hơn."
Baking trong makeup là gì?,"""Baking"" trong makeup là kỹ thuật dùng phấn bột trong suốt (thường là phấn nướng) để ""nướng"" lớp kem nền, kem che khuyết điểm ở những vùng dễ bị lem, như dưới mắt, sống mũi. Giữ phấn trong vài phút rồi phủ lớp phấn nhẹ nhàng, giúp lớp nền bám lâu, mịn màng, che phủ tốt hơn và giảm bóng dầu."
Làm sao kẻ eyeliner sắc nét?,"Để kẻ eyeliner sắc nét, hãy bắt đầu bằng cách đặt khuỷu tay lên bàn để cố định tay. Kẻ từng đường nhỏ, nối chúng lại thay vì cố gắng kẻ một đường liền. Sử dụng eyeliner chống lem và có đầu cọ mảnh. Nếu lỡ tay, dùng tăm bông nhúng tẩy trang để sửa lỗi. Luyện tập thường xuyên sẽ giúp bạn thành thạo hơn!"
Blending phấn mắt như thế nào?,"Để blending phấn mắt hoàn hảo, hãy dùng cọ blending mềm, cỡ vừa. Chấm nhẹ phấn lên mí mắt, sau đó dùng chuyển động tròn hoặc qua lại nhẹ nhàng, hòa quyện các màu vào nhau. Bắt đầu từ đường viền ngoài, hướng vào trong, giảm dần lực tay để tránh màu đậm tập trung ở một chỗ."
Kỹ thuật cut-crease là gì?,"Kỹ thuật cut-crease là kỹ thuật trang điểm mắt tạo chiều sâu bằng cách sử dụng phấn mắt tối màu để ""cắt"" đường hốc mắt, tạo sự tương phản với phần bầu mắt sáng hơn. Kỹ thuật này giúp mắt trông to hơn, sắc sảo hơn và có chiều sâu hơn, đặc biệt phù hợp với mắt một mí hoặc mí lót."
Làm sao đánh má hồng tự nhiên?,"Để đánh má hồng tự nhiên, hãy mỉm cười để xác định gò má. Lấy một lượng nhỏ phấn má hồng, gõ nhẹ để loại bỏ phấn thừa. Đánh phấn theo đường chéo từ gò má về thái dương, hòa trộn kỹ để không còn đường viền sắc nét. Chọn màu sắc phù hợp với tông da để có vẻ ngoài tươi tắn, khỏe khoắn."
Ombre lips là gì?,"Ombre lips là kỹ thuật tạo hiệu ứng chuyển màu môi, thường từ đậm ở viền ngoài đến nhạt dần vào trong hoặc ngược lại. Kỹ thuật này giúp đôi môi trông đầy đặn, có chiều sâu và tạo điểm nhấn cho khuôn mặt. Bạn có thể dùng son kem, son thỏi hoặc kết hợp cả hai để tạo ombre lips."
Làm thế nào để tạo môi căng mọng?,"Để tạo môi căng mọng, bạn có thể thử các cách sau: 1. **Tẩy tế bào chết:** Loại bỏ da chết giúp môi mềm mịn. 2. **Dưỡng ẩm:** Sử dụng son dưỡng thường xuyên. 3. **Tạo khối:** Đánh highlight ở lòng môi và viền môi. 4. **Sử dụng son bóng:** Son bóng tạo hiệu ứng căng mọng tức thì. 5. **Màu son:** Chọn màu son sáng hoặc màu nude."
Smokey eye là gì?,"Smokey eye là kỹ thuật trang điểm mắt tạo hiệu ứng mờ ảo, huyền bí với màu sắc đậm dần từ đường mi mắt trên, lan tỏa ra ngoài và xuống dưới. Thường sử dụng các gam màu tối như đen, xám, nâu, kết hợp tán đều để tạo chiều sâu cho đôi mắt. Kỹ thuật này giúp đôi mắt trông to hơn, sắc sảo hơn và thu hút mọi"
Làm sao gắn mi giả tự nhiên?,"Để gắn mi giả tự nhiên, bạn cần: 1. **Cắt tỉa:** Cắt mi giả vừa với chiều dài mắt. 2. **Keo dán:** Bôi keo mỏng lên viền mi giả, chờ khô 30 giây. 3. **Gắn mi:** Dùng nhíp giữ mi, áp sát đường chân mi thật, bắt đầu từ giữa rồi điều chỉnh hai đầu. 4. **Hoàn thiện:** Dùng mascara để hòa trộn mi thật và mi giả."
Cách vẽ lông mày tự nhiên?,"Để vẽ lông mày tự nhiên, hãy bắt đầu bằng cách xác định 3 điểm chính: đầu, đỉnh và đuôi lông mày. Dùng bút chì hoặc bột kẻ lông mày, vẽ các đường nét ngắn, nhẹ nhàng theo chiều lông mọc. Tô đậm dần từ phần thân trong ra ngoài, tránh tạo đường viền sắc nét. Cuối cùng, dùng lược chải lông mày để hòa trộn màu và tạo hiệu"
Kỹ thuật strobing là gì?,"Strobing là kỹ thuật tạo khối bằng cách tập trung highlight lên những điểm cao nhất trên khuôn mặt như gò má, sống mũi, trán và nhân trung. Thay vì tạo khối toàn bộ khuôn mặt, strobing giúp làm nổi bật những đường nét tự nhiên, mang lại vẻ ngoài rạng rỡ, căng bóng và tươi tắn hơn. Kỹ thuật này phù hợp với mọi loại da."
Làm sao tạo lớp nền mỏng nhẹ?,"Để tạo lớp nền mỏng nhẹ, hãy ưu tiên dưỡng ẩm kỹ lưỡng trước khi trang điểm. Chọn kem nền hoặc cushion mỏng, nhẹ, có thể pha loãng với kem dưỡng. Thoa một lượng nhỏ sản phẩm và tán đều bằng mút hoặc cọ theo chiều lỗ chân lông. Đừng quên khóa lớp nền bằng xịt khoáng để giữ ẩm và giúp lớp nền bám tốt hơn."
Cách làm mắt to hơn bằng makeup?,"Để mắt trông to hơn với makeup, hãy tập trung vào: * **Màu sáng:** Sử dụng phấn mắt màu sáng ở bầu mắt và góc mắt trong. * **Kẻ mắt:** Kẻ mắt mèo nhẹ nhàng, tránh đường kẻ quá dày. * **Mascara:** Chải mascara cho cả mi trên và mi dưới để mở rộng đôi mắt. * **Highlight:** Thêm highlight ở khóe mắt và dưới chân mày. * **Lens:** Sử"
Gradient lips làm thế nào?,"Gradient lips (tạo hiệu ứng môi ombre) rất dễ thực hiện! Đầu tiên, đánh son đậm ở phần lòng môi. Sau đó, dùng cọ hoặc ngón tay tán đều son ra phía viền môi, hòa trộn với màu môi tự nhiên. Bạn có thể dùng thêm son dưỡng để tạo hiệu ứng mềm mại, tự nhiên hơn."
Kỹ thuật tightlining là gì?,"Tightlining là kỹ thuật kẻ mắt bằng cách vẽ trực tiếp lên đường viền nước mắt bên trong mi mắt trên. Mục đích là để tạo hiệu ứng mi dày hơn, đôi mắt to tròn và sắc nét hơn mà không lộ rõ đường kẻ mắt. Kỹ thuật này thường dùng chì kẻ mắt hoặc gel liner, đòi hỏi sự khéo léo và cẩn thận."
Làm sao tạo khối cho mũi thon?,"Để tạo khối mũi thon, bạn dùng phấn tối (màu nâu tro hoặc xám) đánh dọc hai bên sống mũi, tập trung ở phần hốc mũi và đầu mũi. Nhấn nhá kỹ phần cánh mũi để tạo cảm giác mũi cao hơn. Sau đó, dùng phấn sáng highlight dọc sống mũi và đầu mũi để làm nổi bật. Nhớ tán đều để không bị vệt nhé!"
Cách làm môi nhỏ hơn bằng makeup?,"Để làm môi nhỏ hơn bằng makeup, bạn có thể áp dụng các kỹ thuật sau: * **Che phủ viền môi:** Dùng kem che khuyết điểm sáng hơn màu da, thoa ngoài viền môi để tạo ảo giác bờ môi mỏng hơn. * **Tô son đậm ở giữa:** Tập trung đánh son đậm ở lòng môi, mờ dần về phía viền. * **Chọn màu son tối:** Màu son trầm, tối"
Halo eye là gì?,"Halo eye là kỹ thuật trang điểm mắt tạo hiệu ứng đôi mắt to tròn, long lanh như có ""hào quang"". Kỹ thuật này tập trung làm sáng phần giữa bầu mắt (đầu mắt và đuôi mắt) bằng phấn nhũ hoặc highlight, sau đó làm tối phần hốc mắt để tạo chiều sâu và sự tương phản."
Làm sao tạo lớp nền không bóng nhờn?,"Để có lớp nền không bóng nhờn, hãy bắt đầu bằng việc làm sạch và cấp ẩm da kỹ lưỡng. Chọn kem nền kiềm dầu, kết hợp với phấn phủ dạng bột hoặc cushion có khả năng kiểm soát dầu. Dặm phấn giấy thường xuyên trong ngày để loại bỏ dầu thừa. Tránh dùng quá nhiều sản phẩm và ưu tiên các sản phẩm có kết cấu nhẹ."
Kỹ thuật draping là gì?,"Draping là kỹ thuật trang điểm sử dụng ánh sáng và bóng tối để tái cấu trúc khuôn mặt, tạo hiệu ứng nâng cơ, thon gọn và rõ nét hơn. Thay vì contouring tập trung vào đường nét, draping sử dụng màu sắc highlight và shadow mềm mại, hòa quyện với da, mang lại vẻ tự nhiên và tươi trẻ."
Làm sao kẻ cánh eyeliner cân đối?,"Để kẻ cánh eyeliner cân đối, hãy bắt đầu bằng cách vẽ một đường nhỏ hướng lên từ đuôi mắt, tạo thành góc cánh. Sau đó, nối đường này với đường kẻ mắt trên, tạo thành hình tam giác. Điền đầy và điều chỉnh độ dày, độ dài cho phù hợp với hình dáng mắt. Luyện tập thường xuyên sẽ giúp bạn thành thạo hơn!"
Cách làm môi ombre tự nhiên?,"Để tạo môi ombre tự nhiên, bạn cần 2 màu son: một màu đậm hơn và một màu nhạt hơn. 1. Tô màu đậm vào 2/3 dưới môi. 2. Tô màu nhạt vào 1/3 trên môi. 3. Dùng tăm bông hoặc cọ nhỏ hòa trộn 2 màu ở giữa, tạo hiệu ứng chuyển màu mềm mại. 4. Thoa son dưỡng để đôi môi căng mọng."
Kỹ thuật non-touring là gì?,"Kỹ thuật non-touring là xu hướng trang điểm tạo khối nhẹ nhàng, tự nhiên hơn so với contouring truyền thống. Thay vì tạo đường nét sắc sảo, non-touring tập trung vào việc sử dụng kem nền, che khuyết điểm và highlight để làm sáng da, tạo chiều sâu tinh tế mà không cần đường viền rõ ràng. Mục tiêu là có làn da khỏe khoắn, rạng rỡ tự nhiên."
Làm sao tạo mắt mèo (cat eye)?,"Để tạo mắt mèo hoàn hảo, hãy bắt đầu bằng việc kẻ một đường viền mỏng dọc theo đường mi trên, từ khóe mắt trong ra ngoài và hơi kéo dài. Sau đó, nối đường kẻ này với đường mi dưới tạo thành hình tam giác nhỏ. Cuối cùng, tô đậm và điều chỉnh đường kẻ cho sắc sảo. Luyện tập thường xuyên sẽ giúp bạn thành thạo kỹ thuật"
Cách làm môi gradient kiểu Hàn Quốc?,"Để tạo môi gradient kiểu Hàn Quốc, bạn cần: 1. **Tô son đậm** vào 1/3 trong cùng của môi. 2. **Nhòe** màu son ra ngoài bằng cọ hoặc ngón tay. 3. **Tô son nhạt** hoặc dùng son dưỡng lên phần môi còn lại. 4. **Lặp lại** bước 2 nếu cần để đạt hiệu ứng chuyển màu tự nhiên."
Kỹ thuật overlining môi là gì?,"Kỹ thuật overlining môi là vẽ viền môi vượt quá đường tự nhiên một chút, thường ở phần nhân trung và khóe miệng, để tạo cảm giác môi đầy đặn và căng mọng hơn. Bạn dùng chì kẻ môi trùng màu hoặc đậm hơn màu son, sau đó tán đều để đường kẻ hòa quyện tự nhiên. Lưu ý đừng overline quá đà để tránh vẻ không tự nhiên."
Làm sao tạo khối cho mặt tròn?,"Để tạo khối cho mặt tròn, bạn cần tạo ảo giác về đường nét góc cạnh hơn. Sử dụng phấn tạo khối (contour) màu tối, đánh dọc hai bên thái dương, dưới gò má (hướng về khóe miệng) và dọc theo đường viền hàm. Đừng quên tán đều để tránh đường nét bị lộ, kết hợp highlight ở trán, sống mũi và cằm để làm nổi bật các điểm."
Cách làm mắt sâu hơn bằng makeup?,"Để tạo mắt sâu hơn bằng makeup, hãy tập trung vào kỹ thuật tạo khối. Sử dụng phấn mắt tối màu (nâu, xám) tán đều vào hốc mắt và đuôi mắt, đồng thời highlight vùng bọng mắt bằng phấn sáng. Kẻ eyeliner mảnh, tập trung vào 2/3 đường mắt trên và chuốt mascara để tăng độ sâu cho đôi mắt."
Kỹ thuật graphic liner là gì?,"Kỹ thuật graphic liner là xu hướng trang điểm mắt táo bạo, sử dụng eyeliner để tạo ra những đường kẻ mắt hình học, độc đáo thay vì đường viền mắt truyền thống. Bạn có thể thử nghiệm với nhiều hình dạng như cánh sắc sảo, đường kẻ đôi, hoặc các họa tiết trừu tượng để tạo điểm nhấn ấn tượng cho đôi mắt."
Làm sao tạo lớp nền lâu trôi?,"Để lớp nền lâu trôi, hãy bắt đầu với làn da được dưỡng ẩm kỹ lưỡng. Sử dụng kem lót phù hợp với loại da để khóa ẩm và làm mịn bề mặt. Chọn phấn nền có độ che phủ vừa phải, kết hợp với phấn phủ dạng bột để cố định. Xịt khóa nền là bước cuối cùng không thể thiếu để giữ lớp nền bền vững suốt cả"
Cách làm môi đối xứng khi makeup?,"Để có đôi môi đối xứng khi trang điểm, hãy bắt đầu bằng cách dưỡng ẩm môi. Tiếp theo, dùng bút kẻ môi tạo dáng viền môi trước, tập trung vào đường cong nhân trung. Tô son từ giữa môi ra hai bên, sau đó dùng cọ che khuyết điểm làm sắc nét viền môi. Cuối cùng, kiểm tra và điều chỉnh để đảm bảo cân đối."
Double wing eyeliner là gì?,"Double wing eyeliner là kỹ thuật trang điểm mắt tạo hai đường kẻ mắt (eyeliner) cánh cụt, một đường sát chân mi và một đường song song phía trên, tạo hiệu ứng cánh lớn hơn, sắc sảo hơn. Kỹ thuật này giúp mắt trông to tròn, thu hút và tạo điểm nhấn ấn tượng cho đôi mắt. Thường được sử dụng trong các dịp đặc biệt."
Làm sao tạo khối cho mặt dài?,"Với mặt dài, tạo khối là để rút ngắn khuôn mặt. Bạn nên tập trung đánh khối ở vùng trán (đường chân tóc, hai bên thái dương) và dưới xương gò má, kéo dài về phía miệng. Đừng quên đánh sáng ở giữa trán, sống mũi và cằm để tạo sự cân đối, giúp khuôn mặt trông đầy đặn hơn."
Kỹ thuật color pop là gì?,"Kỹ thuật color pop trong trang điểm là sử dụng một màu sắc nổi bật, tương phản trên nền trang điểm trung tính. Ví dụ, mắt xanh neon với lớp nền tự nhiên, hoặc son đỏ tươi với trang điểm mắt tối giản. Color pop tạo điểm nhấn ấn tượng, giúp khuôn mặt tươi sáng và thể hiện cá tính."
Cách làm mắt gần nhau trông xa hơn?,"Để mắt gần nhau trông xa hơn, hãy tập trung vào kỹ thuật tạo khối và highlight. Sử dụng phấn mắt tối ở góc mắt trong và phấn sáng ở góc mắt ngoài để tạo chiều sâu. Kẻ eyeliner mỏng, kéo dài về phía đuôi mắt và sử dụng mascara tập trung vào mi ngoài. Đừng quên kẻ chân mày theo dáng cong tự nhiên, phần đuôi cao hơn một"
Làm sao tạo môi trái tim?,"Để tạo môi trái tim, bạn dùng son kem hoặc son lì. Vẽ viền môi trên hình chữ V rõ nét, kéo dài phần giữa môi trên. Tô đầy môi, tập trung đánh đậm ở phần giữa môi trên để tạo hiệu ứng đầy đặn. Cuối cùng, dùng tăm bông hoặc cọ nhỏ chỉnh sửa viền môi cho sắc sảo."
Kỹ thuật floating crease là gì?,"Kỹ thuật ""floating crease"" (tạo nếp gấp nổi) là xu hướng trang điểm mắt tạo chiều sâu bằng cách đánh khối màu tối dưới nếp gấp mắt tự nhiên, nhưng **không** hòa trộn hoàn toàn. Điều này tạo ra một đường viền rõ nét, ""nổi"" lên so với da, mang lại đôi mắt sắc sảo, ấn tượng và có vẻ to hơn. Kỹ thuật này thường dùng với phấn mắt"
Làm sao tạo khối cho mặt oval?,"Với khuôn mặt oval, bạn may mắn vì ít cần tạo khối! Tập trung đánh khối nhẹ nhàng đường chân tóc, hai bên thái dương để khuôn mặt trông sâu hơn. Đánh khối dọc theo xương gò má, từ tai về phía miệng, để nhấn nhá cấu trúc. Đừng quên khối nhẹ phần dưới cằm để cân đối."
Cách làm mắt xa nhau trông gần hơn?,"Để mắt xa nhau trông gần hơn, hãy tập trung vào việc tạo chiều sâu ở vùng mắt. Sử dụng phấn mắt tối màu ở đuôi mắt và hốc mắt, đồng thời làm sáng vùng đầu mắt. Kẻ eyeliner đậm hơn ở phần trong mắt và sử dụng mascara tập trung vào mi trong. Kỹ thuật tạo khối (contouring) nhẹ nhàng ở sống mũi cũng giúp cân đối khuôn mặt."
Kỹ thuật reverse cat eye là gì?,"Kỹ thuật reverse cat eye (mắt mèo ngược) là xu hướng trang điểm mắt mới, tập trung đánh eyeliner ở phần dưới mắt thay vì mí trên. Bạn kẻ một đường eyeliner đậm, kéo dài từ khóe mắt trong ra ngoài, tạo hiệu ứng mắt to tròn, sắc sảo và trẻ trung hơn. Kỹ thuật này phù hợp với nhiều hình dáng mắt, đặc biệt là mắt một mí hoặc"
Làm sao tạo lớp nền chống nước?,"Để tạo lớp nền chống nước, hãy bắt đầu với lớp kem lót kiềm dầu, sau đó dùng phấn nền chống nước hoặc kem nền có độ che phủ cao và khả năng chống thấm nước. Cố định lớp nền bằng xịt khóa nền dạng xịt, giúp tăng cường độ bền và khả năng chống nước. Đừng quên dùng phấn phủ để hút dầu thừa và giữ lớp nền lâu"
Cách làm môi mỏng trông đầy hơn?,"Để làm môi mỏng trông đầy đặn hơn, hãy dùng chì kẻ môi màu nude hoặc trùng màu son, vẽ viền môi rộng hơn một chút so với đường viền tự nhiên. Tô son bóng hoặc son dưỡng ẩm để tạo hiệu ứng căng mọng. Tránh dùng son màu tối, thay vào đó ưu tiên các màu sáng, tươi tắn."
Kỹ thuật puppy liner là gì?,"Puppy liner là kỹ thuật kẻ mắt tạo vẻ mắt to tròn, ngây thơ như mắt cún con. Bạn kẻ một đường eyeliner mỏng, hơi chếch lên ở đuôi mắt dưới, thay vì kéo dài sắc sảo. Kỹ thuật này giúp đôi mắt trông trẻ trung, dễ thương và mở rộng hơn, phù hợp với nhiều hình dáng mắt."
Làm sao tạo khối cho mặt vuông?,"Với mặt vuông, tạo khối tập trung làm mềm góc cạnh. Dùng phấn tối màu đánh nhẹ nhàng hai bên thái dương, dưới xương gò má (từ tai về phía miệng) và dọc hai bên hàm dưới. Đừng quên tán đều để tránh đường nét bị lộ. Highlight vùng chữ T và trung tâm trán để tạo chiều sâu, giúp khuôn mặt trông thon gọn hơn."
Cách làm mắt nhỏ trông to hơn?,"Để mắt nhỏ trông to hơn, hãy tập trung vào những điều sau: * **Kẻ mắt:** Kẻ mắt mèo nhẹ nhàng, tránh đường kẻ quá dày. * **Mascara:** Chải mascara cho cả mi trên và mi dưới để mở rộng mắt. * **Highlight:** Sử dụng highlight ở góc mắt trong và dưới chân mày. * **Màu mắt:** Chọn màu mắt sáng, nhũ để tạo chiều sâu. * **Lông mày:** Tạo"
Kỹ thuật half-cut crease là gì?,"Kỹ thuật half-cut crease là xu hướng trang điểm mắt tạo chiều sâu bằng cách đánh khối tối màu chỉ ở phần hốc mắt, không tán đều lên toàn bộ bầu mắt. Cách này giúp đôi mắt trông to hơn, sắc sảo hơn và tạo hiệu ứng 3D ấn tượng. Thường kết hợp với phấn nhũ ở phần đầu mắt để tăng thêm sự thu hút."
Làm sao tạo lớp nền không cakey?,"Để có lớp nền mịn màng, không bị cakey, hãy dưỡng ẩm kỹ lưỡng trước khi trang điểm. Chọn kem nền phù hợp với loại da và đánh lớp mỏng, dùng mút hoặc cọ tán đều. Đừng quên dùng xịt khóa nền sau khi hoàn thành để giúp lớp nền bám tốt và tự nhiên hơn."
Cách làm mắt cụp trông nâng lên?,"Để ""mở"" mắt cụp, hãy tập trung vào kỹ thuật trang điểm sau: * **Tạo khối:** Sử dụng phấn tối để tạo chiều sâu hốc mắt, phấn sáng highlight đường xương chân mày. * **Kẻ mắt:** Kẻ mắt kiểu wingtip, kéo dài đuôi mắt hướng lên. * **Mascara:** Chải mascara tập trung vào mi giữa và mi ngoài, uốn mi trước khi chải. * **Highlight:** Điểm highlight vào góc mắt"
Kỹ thuật negative space liner là gì?,"Kỹ thuật negative space liner là xu hướng trang điểm mắt độc đáo, tạo điểm nhấn bằng cách ""để trống"" một phần đường kẻ mắt thay vì tô kín toàn bộ. Thay vì vẽ một đường kẻ liền mạch, bạn sẽ tạo ra các khoảng trống hình học, đường nét cách điệu trên mí mắt, mang đến vẻ ngoài sáng tạo, nghệ thuật và hiện đại."
Cọ lông tự nhiên dùng cho gì?,"Cọ lông tự nhiên lý tưởng cho các sản phẩm dạng bột như phấn phủ, phấn má hồng, phấn mắt. Lông tự nhiên giúp lấy và phân tán bột mịn màng, đều màu, tạo hiệu ứng tự nhiên. Chúng cũng phù hợp với kem nền lỏng, kem che khuyết điểm nhờ khả năng hòa trộn tốt và ít gây vệt."
Cọ lông tổng hợp phù hợp với sản phẩm nào?,"Cọ lông tổng hợp lý tưởng cho các sản phẩm lỏng và kem như phấn nền, kem che khuyết điểm, phấn má hồng dạng kem và son môi. Chúng không hấp thụ sản phẩm như lông tự nhiên, giúp bạn tiết kiệm sản phẩm và dễ dàng làm sạch. Cọ tổng hợp cũng là lựa chọn tuyệt vời cho người ăn chay hoặc dị ứng lông động vật."
Beauty blender dùng để làm gì?,"Beauty blender là miếng mút trang điểm đa năng, giúp tán đều kem nền, kem che khuyết điểm, phấn nước và các sản phẩm dạng lỏng, kem khác. Sử dụng beauty blender giúp lớp nền mịn màng, tự nhiên, không bị vệt và tiết kiệm sản phẩm hơn so với dùng cọ. Nên làm ẩm mút trước khi dùng để đạt hiệu quả tốt nhất."
Fan brush có công dụng gì?,"Fan brush (cọ quạt) là loại cọ trang điểm đa năng, thường dùng để: * **Tạo highlight:** Phẩy nhẹ lên gò má, sống mũi, nhân trung để bắt sáng. * **Tán phấn rôm:** Giúp lớp phấn mịn và tự nhiên hơn. * **Làm sạch da:** Loại bỏ phấn thừa, bụi bẩn trên da. * **Tạo hiệu ứng ombre:** Khi trang điểm mắt hoặc môi."
Stippling brush dùng khi nào?,"Cọ stippling (cọ chấm) lý tưởng để tạo lớp nền mỏng, nhẹ nhàng và tự nhiên. Bạn có thể dùng để đánh phấn nền, phấn má hồng dạng kem hoặc lỏng. Kỹ thuật chấm nhẹ nhàng giúp làm mờ lỗ chân lông và tạo hiệu ứng mịn màng cho da, tránh gây cakey."
Angled brush phù hợp với gì?,"Cọ vát chéo (Angled brush) là công cụ đa năng, lý tưởng cho nhiều bước trang điểm. Nó đặc biệt phù hợp để: * **Điền bột kẻ mày:** Tạo đường nét sắc sảo, tự nhiên. * **Tạo khối (Contour):** Định hình khuôn mặt, tạo chiều sâu. * **Tán phấn má:** Áp dụng phấn má một cách chính xác, tạo gò má cao. * **Tạo đường viền môi:** Vẽ viền môi"
Blending brush dùng để làm gì?,"Cọ blending (cọ hòa trộn) là công cụ đa năng dùng để làm mờ các đường viền sắc nét, tạo hiệu ứng chuyển màu mềm mại và tự nhiên. Cọ giúp hòa trộn phấn mắt, phấn má, phấn contour hoặc highlight, giúp các sản phẩm hòa quyện vào da thay vì vón cục hay tạo đường ranh giới rõ ràng."
Kabuki brush dùng cho sản phẩm nào?,"Kabuki brush là loại cọ tròn, đầu dày, thường dùng để đánh phấn nền, phấn phủ hoặc kem nền dạng lỏng/kem. Cọ giúp tán đều sản phẩm, tạo lớp nền mịn màng, tự nhiên với độ che phủ từ trung bình đến cao. Một số người cũng dùng Kabuki để đánh bronzer hoặc highlighter."
Làm sao làm sạch beauty blender?,"Để làm sạch beauty blender, hãy làm ướt hoàn toàn bằng nước ấm. Sau đó, dùng chất tẩy rửa chuyên dụng cho beauty blender hoặc dầu rửa mặt nhẹ nhàng bóp nhẹ nhàng cho đến khi nước trong. Xả sạch và để khô tự nhiên, tránh ánh nắng trực tiếp. Nên vệ sinh sau mỗi lần sử dụng để đảm bảo vệ sinh và tuổi thọ sản phẩm."
Eyelash curler có tác dụng gì?,"Kẹp mi (eyelash curler) có tác dụng làm cong và nâng mi mắt, giúp đôi mắt trông to tròn, mở hơn và long lanh hơn. Việc sử dụng kẹp mi trước khi đánh mascara sẽ giúp mascara phát huy hiệu quả tối đa, tạo độ cong tự nhiên và bền lâu cho hàng mi."
Tweezers dùng trong makeup ra sao?,"Tweezers (nhíp) là công cụ đa năng trong trang điểm. Chúng dùng để: * **Nhổ lông mày:** Tạo dáng và loại bỏ lông tơ, giúp khuôn mày sắc nét hơn. * **Gắp lông mi giả:** Hỗ trợ gắn mi giả chính xác, dễ dàng. * **Lấy đi lỗi trang điểm:** Loại bỏ phấn mắt rơi, mascara lem một cách nhanh chóng. * **Tạo đường kẻ mắt sắc sảo:** Hỗ trợ"
Silicone sponge khác beauty blender thế nào?,"Silicone sponge và beauty blender đều dùng để tán kem nền, nhưng khác nhau ở chất liệu và kết quả. Silicone sponge ít hút kem hơn, giúp tiết kiệm sản phẩm và dễ vệ sinh. Beauty blender xốp hơn, tạo lớp nền tự nhiên, mịn màng hơn, nhưng cần làm ẩm trước khi dùng và dễ bám bẩn hơn."
Flat brush dùng để làm gì?,"Cọ phẳng (flat brush) là dụng cụ đa năng trong trang điểm. Chúng thường được dùng để: * **Tán kem nền:** Tạo lớp nền mịn, đều màu. * **Tạo khối (contouring):** Đảm bảo đường nét sắc sảo. * **Đánh highlight:** Làm nổi bật các đường nét trên khuôn mặt. * **Tán phấn mắt:** Đặc biệt hữu ích khi đánh màu mắt trên toàn bộ bầu mắt."
Precision brush phù hợp với gì?,"Cọ precision (cọ tỉ mỉ) là công cụ đa năng, lý tưởng cho các chi tiết nhỏ. Bạn có thể dùng để đánh kem che khuyết điểm dưới mắt, tạo khối, highlight vùng chữ T hoặc viền môi. Cọ này giúp kiểm soát lượng sản phẩm tốt, mang lại hiệu ứng tự nhiên, sắc nét."
Duo-fiber brush có công dụng gì?,"Cọ duo-fiber (cọ hai sợi) là loại cọ đa năng với sợi lông tự nhiên và sợi tổng hợp kết hợp. Cọ này lý tưởng để tán kem nền, phấn nước, phấn má hồng một cách nhẹ nhàng, tự nhiên, giúp lớp trang điểm mỏng mịn, không gây cakey. Ngoài ra, cọ còn có thể dùng để đánh highlight hoặc tạo khối nhẹ nhàng."
Làm sao chọn cọ mắt tốt?,"Để chọn cọ mắt tốt, hãy ưu tiên chất lông mềm mại, không rụng nhiều. Cọ đầu tròn, nhỏ phù hợp tán phấn bầu mắt, cọ dẹt dùng kẻ mắt hoặc highlight. Chất liệu lông tự nhiên (như chồn) mềm nhưng đắt, lông tổng hợp dễ vệ sinh, giá cả phải chăng. Nên thử cọ trực tiếp để cảm nhận độ êm ái và độ bám phấn."
Sponge tip applicator dùng khi nào?,"Mút trang điểm (sponge tip applicator) lý tưởng để tán kem nền, kem che khuyết điểm, hoặc phấn nước một cách tự nhiên, nhẹ nhàng. Chúng giúp tạo lớp nền mịn màng, không gây vệt và phù hợp với các sản phẩm lỏng hoặc kem. Nên dùng mút ẩm để đạt hiệu quả tốt nhất và tránh gây hao sản phẩm."
Brow comb có tác dụng gì?,"Lược chải lông mày (brow comb) có tác dụng chải chuốt, định hình và làm đều các sợi lông mày. Việc sử dụng lược chải giúp loại bỏ tế bào chết, kích thích tuần hoàn máu và chuẩn bị bề mặt cho các bước trang điểm lông mày như kẻ, tô hoặc dùng gel. Lông mày gọn gàng sẽ giúp khuôn mặt trông sắc sảo hơn."
Lip brush dùng để làm gì?,"Cọ tô son (lip brush) là dụng cụ dùng để lấy và thoa son môi một cách chính xác. Nó giúp bạn kiểm soát lượng son, tạo đường viền môi sắc nét và tô đều màu son lên toàn bộ môi. Cọ môi đặc biệt hữu ích khi sử dụng son màu đậm hoặc tạo hiệu ứng ombre môi."
Makeup mixing palette dùng ra sao?,"Makeup mixing palette là bảng trộn màu đa năng, giúp bạn tự do sáng tạo các màu sắc độc đáo. Dùng để trộn kem nền, kem che khuyết điểm, son môi hoặc bất kỳ sản phẩm dạng kem nào để tạo ra màu sắc phù hợp với tông da hoặc phong cách trang điểm của bạn. Bề mặt nhẵn, dễ vệ sinh là ưu điểm của palette này."
Làm sao bảo quản cọ makeup?,"Để bảo quản cọ makeup tốt nhất, bạn nên rửa cọ thường xuyên bằng dung dịch chuyên dụng hoặc dầu gội em bé dịu nhẹ. Sau khi rửa, để cọ khô hoàn toàn, lông cọ hướng xuống dưới để tránh nước làm hỏng cán. Bảo quản cọ trong hộp đựng hoặc giá cọ, tránh ánh nắng trực tiếp và nơi ẩm ướt."
Powder puff dùng cho gì?,"Powder puff (bông phấn) dùng để thoa phấn bột lên da, giúp cố định lớp nền, che phủ lỗ chân lông và kiểm soát dầu thừa. Có nhiều loại bông phấn với chất liệu và hình dáng khác nhau, phù hợp với từng loại phấn và mục đích trang điểm. Bông phấn thường được dùng sau khi đánh kem nền và trước khi đánh highlighter."
Disposable mascara wands dùng khi nào?,"Cọ mascara dùng một lần (disposable mascara wands) rất hữu ích khi bạn muốn: * **Vệ sinh:** Tránh lây nhiễm vi khuẩn khi dùng chung mascara. * **Tạo hiệu ứng:** Dùng để chải mi dưới, chuốt mi sau khi dùng mascara sợi hoặc để làm sạch mascara bị vón cục. * **Du lịch:** Tiện lợi mang theo, không cần rửa cọ."
Contour brush có đặc điểm gì?,"Cọ contour thường có hình dáng vát chéo, đầu cọ mềm mại và lông cọ dày dặn. Thiết kế này giúp dễ dàng tạo khối và đường nét cho khuôn mặt một cách tự nhiên. Kích thước cọ vừa phải, phù hợp để đánh khối ở các vị trí như xương gò má, đường viền hàm và hai bên sống mũi."
Smudge brush dùng để làm gì?,"Smudge brush (cọ hòa trộn) dùng để làm mờ, hòa tan các đường viền sắc nét của phấn mắt, eyeliner hoặc phấn má. Nó giúp tạo hiệu ứng chuyển màu mềm mại, tự nhiên, đôi mắt sâu hơn hoặc đôi gò má ửng hồng quyến rũ. Cọ thường có lông mềm, dày và đầu tròn hoặc dẹt."
Làm sao chọn beauty blender chất lượng?,"Để chọn beauty blender chất lượng, hãy ưu tiên loại có độ đàn hồi tốt, không bị rách khi vặn xoắn. Chất liệu mút mịn, không mùi hóa chất cũng rất quan trọng. Nên chọn loại có hình dáng phù hợp với các đường nét trên khuôn mặt và có khả năng ngấm nước tốt để tránh gây lãng phí mỹ phẩm."
Fan-shaped highlighter brush dùng ra sao?,"Cọ highlight hình quạt (fan-shaped) lý tưởng để đánh highlight nhẹ nhàng, tự nhiên trên gò má, sống mũi, và nhân trung. Bạn nên lấy một lượng nhỏ sản phẩm, gõ nhẹ để loại bỏ bớt phấn thừa, sau đó tán đều theo hình quạt để tạo hiệu ứng glow rạng rỡ, không bị vón cục hay quá đậm."
Tapered brush phù hợp với gì?,"Cọ tapered (cọ đầu vát) cực kỳ đa năng! Chúng hoàn hảo để đánh khối, highlight đường nét khuôn mặt nhờ đầu vát giúp kiểm soát lượng sản phẩm tốt. Ngoài ra, cọ tapered còn dùng để tán phấn mắt ở vùng hốc mắt, tạo chiều sâu và tán màu chuyển tiếp cực kỳ mịn màng."
Bent eyeliner brush dùng khi nào?,"Cọ kẻ mắt đầu vát (bent eyeliner brush) lý tưởng để tạo đường kẻ mắt sắc sảo, đặc biệt là kiểu wing eyeliner (kẻ mắt mèo). Đầu vát giúp dễ dàng tạo điểm nhấn ở đuôi mắt, kiểm soát lượng sản phẩm và tạo đường kẻ mỏng, mịn. Cọ này phù hợp với cả gel liner, kem liner và phấn mắt."
Buffing brush có công dụng gì?,"Cọ buffing (cọ đánh phấn) có tác dụng tán đều sản phẩm dạng lỏng, kem hoặc phấn lên da một cách mịn màng, tự nhiên. Lông cọ dày, mềm mại giúp làm mờ lỗ chân lông, tạo lớp nền hoàn hảo, không gây vệt và tăng độ bám dính của sản phẩm. Thích hợp với phấn nền, kem che khuyết điểm, phấn má hồng."
Làm sao vệ sinh cọ nhanh?,"Để vệ sinh cọ trang điểm nhanh chóng, bạn có thể dùng dung dịch vệ sinh cọ chuyên dụng hoặc dầu baby. Nhúng cọ vào dung dịch, xoay nhẹ nhàng trên miếng lót silicon hoặc khăn mềm để loại bỏ bụi bẩn. Xả lại bằng nước ấm và để khô tự nhiên, lông cọ hướng xuống dưới."
Dome brush dùng để làm gì?,"Dome brush (cọ đầu tròn) là loại cọ đa năng, thường dùng để tán phấn má hồng, highlight hoặc bronzer một cách tự nhiên, mềm mại. Hình dáng vòm của cọ giúp dễ dàng xác định vị trí tán và tạo hiệu ứng hòa trộn liền mạch, tránh đường nét bị gắt. Bạn cũng có thể dùng để đánh phấn phủ nhẹ nhàng."
Spoolie brush dùng ra sao?,"Spoolie brush là cọ có đầu chải hình trụ tròn, lông mềm và thưa. Cọ này đa năng, dùng để: * **Chải lông mày:** Gỡ rối, tán đều sản phẩm (mascara, phấn mày) và tạo dáng. * **Làm sạch mascara:** Loại bỏ phần thừa, tránh vón cục. * **Tách sợi mi:** Sau khi chải mascara, giúp mi trông tự nhiên hơn."
Small concealer brush dùng khi nào?,"Cọ che khuyết điểm nhỏ (small concealer brush) dùng để che các khuyết điểm nhỏ, tập trung như mụn, vết thâm, hoặc vùng da ửng đỏ. Đầu cọ nhỏ giúp bạn dễ dàng thoa sản phẩm chính xác, không làm lem màu sang vùng da xung quanh. Thích hợp với che khuyết điểm dạng kem hoặc lỏng."
Large powder brush phù hợp với gì?,"Large powder brush (cọ phấn phủ lớn) lý tưởng để phủ một lớp phấn bột mỏng, nhẹ nhàng lên toàn bộ khuôn mặt. Nó giúp cố định lớp nền, kiểm soát dầu thừa và tạo hiệu ứng mịn màng cho da. Bạn cũng có thể dùng cọ này để đánh phấn highlight hoặc bronzer trên các vùng rộng như gò má."
Làm sao biết cọ makeup cần thay?,"Chào bạn! Dấu hiệu nhận biết cọ makeup cần thay bao gồm: lông cọ rụng nhiều, khó làm sạch, bị biến dạng hoặc mất đi độ mềm mại ban đầu. Nếu cọ có mùi lạ dù đã vệ sinh kỹ, hoặc lông cọ bị xơ xác, mất nếp thì nên thay mới để đảm bảo vệ sinh và hiệu quả trang điểm tốt nhất."
Fluffy brush dùng để làm gì?,"Cọ fluffy (cọ bông) là loại cọ đa năng, thường dùng để tán phấn má hồng, phấn bronzer hoặc highlighter một cách nhẹ nhàng, tự nhiên. Lông cọ mềm mại giúp hòa trộn sản phẩm đều trên da, tạo hiệu ứng lì và tránh đường nét quá sắc. Một số loại còn dùng để đánh phấn mắt hoặc tạo khối nhẹ nhàng."
Angled contour brush dùng ra sao?,"Cọ contour góc cạnh lý tưởng để tạo khối và làm nổi bật các đường nét trên khuôn mặt. Dùng đầu vát của cọ để tạo đường viền dưới gò má, dọc theo đường chân tóc và hai bên mũi. Chải nhẹ nhàng theo chuyển động xoay tròn hoặc vuốt thẳng để hòa trộn, tạo hiệu ứng tự nhiên."
Small fan brush có công dụng gì?,"Small fan brush (cọ quạt nhỏ) là công cụ đa năng trong trang điểm. Cọ dùng để đánh phấn highlight lên các vùng gồ ghề như gò má, sống mũi, nhân trung, tạo hiệu ứng bắt sáng tự nhiên. Ngoài ra, cọ còn giúp làm sạch bụi phấn thừa rơi xuống da, giúp lớp trang điểm hoàn thiện hơn."
Crease brush dùng khi nào?,"Crease brush (cọ tán hốc mắt) dùng để tạo chiều sâu và đường nét cho đôi mắt. Bạn dùng cọ này để tán phấn mắt vào hốc mắt, tạo bóng và làm cho mắt trông to hơn, sắc nét hơn. Cọ thường được dùng với phấn mắt màu tối để định hình và làm nổi bật vùng mắt."
Làm sao chọn cọ cho da nhạy cảm?,"Để chọn cọ trang điểm cho da nhạy cảm, ưu tiên chất liệu lông tự nhiên (như lông dê, lông sóc) hoặc sợi tổng hợp siêu mềm. Tránh cọ lông thô ráp, cứng. Chọn cán cọ nhẹ, dễ cầm nắm để giảm áp lực lên da. Vệ sinh cọ thường xuyên bằng dung dịch chuyên dụng để loại bỏ vi khuẩn, hạn chế kích ứng."
Round brush dùng để làm gì?,"Round brush (lược tròn) là dụng cụ đa năng trong trang điểm và tạo kiểu tóc. Chúng được dùng để tạo độ phồng, cong tự nhiên cho tóc khi sấy. Kích thước lược tròn khác nhau sẽ cho hiệu quả khác nhau: lược lớn tạo phồng, lược nhỏ tạo xoăn lọn. Ngoài ra, có thể dùng để chải mượt tóc và tạo kiểu."
Detail brush phù hợp với gì?,"Cọ Detail (cọ chi tiết) là lựa chọn hoàn hảo cho các thao tác trang điểm cần độ chính xác cao. Cọ thường được dùng để: * **Tạo khối, highlight** ở các vùng nhỏ như sống mũi, khóe mắt. * **Vẽ eyeliner**, chân mày sắc nét. * **Che khuyết điểm** cục bộ (mụn, vết thâm). * **Tô son** lòng môi hoặc tạo hiệu ứng ombre."
Blush brush dùng ra sao?,"Cọ blush (cọ má hồng) dùng để tán má hồng lên gò má, tạo ửng hồng tự nhiên. Bạn nên gõ nhẹ cọ để loại bỏ phấn thừa, sau đó nhẹ nhàng thoa theo hình vòng cung từ gò má về thái dương. Lưu ý tán đều tay để tránh vệt màu rõ rệt, và điều chỉnh lượng phấn theo mong muốn."
Short bristle brush dùng khi nào?,"Cọ đầu ngắn (short bristle brush) thường được dùng để tán kem nền, kem che khuyết điểm hoặc sản phẩm tạo khối. Thiết kế lông cọ ngắn, dày đặc giúp kiểm soát lượng sản phẩm tốt, tạo lớp nền mịn màng, che phủ đều và dễ dàng blend sản phẩm vào da, đặc biệt phù hợp với các vùng nhỏ như quanh mũi và mắt."
Làm sao bảo quản beauty blender?,"Để bảo quản beauty blender, bạn nên rửa sạch sau mỗi lần dùng với xà phòng chuyên dụng hoặc dầu tẩy trang dịu nhẹ. Vắt nhẹ nhàng, tránh xoắn. Để khô tự nhiên ở nơi thoáng mát, tránh ánh nắng trực tiếp. Bảo quản trong hộp hoặc túi lưới sạch để tránh bụi bẩn và giữ form dáng."
Tapered highlighter brush có công dụng gì?,"Cọ highlight vát (Tapered highlighter brush) được thiết kế để đánh highlight một cách chính xác. Đầu cọ nhỏ, vát giúp bạn dễ dàng thoa sản phẩm highlight lên các vùng cao của gò má, sống mũi, nhân trung, và dưới chân mày. Cọ giúp tạo hiệu ứng bắt sáng tự nhiên, tinh tế và không bị quá đà."
Large fan brush dùng để làm gì?,"Large fan brush (cọ quạt lớn) là dụng cụ đa năng trong trang điểm. Chủ yếu dùng để đánh phấn highlight lên các vùng gồ ghề như xương gò má, sống mũi, hoặc tạo hiệu ứng glow nhẹ nhàng. Ngoài ra, có thể dùng để tán phấn mắt rơi rụng, hoặc tạo đường nét mềm mại cho contouring."
Small stippling brush phù hợp với gì?,"Cọ chấm nhỏ (small stippling brush) lý tưởng để tạo lớp nền mỏng nhẹ, tự nhiên, đặc biệt với kem nền lỏng hoặc kem che khuyết điểm. Cọ cũng rất tốt để đánh highlight lên các vùng cao của khuôn mặt như gò má, sống mũi, hoặc tán màu mắt lên bầu mắt một cách tinh tế."
Bent precision brush dùng ra sao?,"Cọ bent precision (cọ đầu vát) là công cụ đa năng, lý tưởng cho nhiều bước trang điểm. Dùng để đánh khối, highlight đường nét, tạo contour mũi, hoặc thoa son môi chính xác. Đầu vát giúp dễ dàng thao tác ở những vùng nhỏ, tạo hiệu ứng sắc sảo và tự nhiên. Cọ phù hợp với cả sản phẩm kem và phấn."
"Phong cách makeup ""no-makeup"" là gì?","Phong cách ""no-makeup"" makeup (trang điểm tự nhiên) tập trung vào việc tăng cường vẻ đẹp tự nhiên, thay vì che phủ hoàn toàn. Sử dụng các sản phẩm nhẹ, như kem dưỡng màu, che khuyết điểm mỏng, mascara trong suốt và son dưỡng. Mục tiêu là làn da khỏe khoắn, rạng rỡ, như thể bạn không trang điểm vậy."
Làm sao chọn màu son cho tông da ấm?,"Với tông da ấm, bạn nên chọn son có undertone ấm tương ứng. Các màu như cam san hô, đỏ cam, nâu đào, hồng đào ấm, hoặc các màu nude có chút vàng sẽ rất hợp. Tránh các màu quá lạnh như hồng baby, tím, hoặc các màu nude tro vì có thể làm da trông xỉn màu."
Mẹo giữ son lâu trôi?,"Để son môi giữ lâu trôi, bạn hãy: 1. **Tẩy tế bào chết & dưỡng ẩm môi:** Giúp son bám tốt hơn. 2. **Kẻ viền môi:** Ngăn son lem. 3. **Lót một lớp son dưỡng:** Tạo nền bám dính. 4. **Đánh son nhiều lớp mỏng:** Thay vì một lớp dày. 5. **Dùng giấy thấm dầu:** Loại bỏ dầu thừa, giúp son bám màu."
Makeup Hàn Quốc có đặc điểm gì?,"Makeup Hàn Quốc nổi bật với vẻ đẹp tự nhiên, trong trẻo, tập trung vào làn da khỏe mạnh. Các đặc điểm chính bao gồm: lớp nền mỏng nhẹ, đôi môi gradient (từ đậm đến nhạt), nhấn vào đôi mắt to tròn với eyeliner mảnh và hàng mi cong vút. Màu sắc thường là pastel hoặc nude, tạo cảm giác tươi tắn, thanh lịch."
Làm sao chọn phấn mắt cho mắt nâu?,"Với mắt nâu, bạn có thể thỏa sức chọn đa dạng màu phấn mắt! Các tông màu ấm như đồng, vàng đồng, cam đất sẽ làm mắt nâu sáng hơn. Màu tím, xanh ngọc bích cũng rất nổi bật. Tránh các màu quá tối hoặc trùng màu với mắt để tránh làm mắt trông xỉn màu. Đừng quên dùng phấn highlight ở khóe mắt để tăng chiều sâu!"
Mẹo làm makeup không bị bóng dầu?,"Để makeup không bị bóng dầu, bạn nên: 1. **Chuẩn bị da:** Dùng toner cân bằng, kem dưỡng ẩm nhẹ. 2. **Kiểm soát dầu:** Sử dụng primer kiềm dầu ở vùng chữ T. 3. **Phấn phủ:** Chọn phấn bột hoặc phấn nén, đánh nhẹ nhàng. 4. **Sử dụng sản phẩm phù hợp:** Ưu tiên các sản phẩm oil-free, không gây tắc lỗ chân lông. 5. **Giấy thấm dầu:** Mang theo"
Glitter makeup phù hợp dịp nào?,"Glitter makeup rất phù hợp cho các dịp đặc biệt như lễ hội âm nhạc, tiệc tùng, sự kiện Halloween, hoặc các buổi biểu diễn nghệ thuật. Nó giúp tạo điểm nhấn lấp lánh, thu hút và thể hiện cá tính. Tuy nhiên, nên cân nhắc mức độ glitter phù hợp với sự kiện và trang phục để tránh quá lòe loẹt."
Makeup Âu Mỹ có đặc điểm gì?,"Makeup Âu Mỹ nổi bật với đường nét sắc sảo, tập trung vào khối và highlight để tạo chiều sâu cho gương mặt. Phong cách này thường sử dụng màu mắt đậm, kỹ thuật contouring rõ ràng, và đôi môi tô đầy đặn. Mục tiêu là tạo nên vẻ ngoài quyến rũ, mạnh mẽ và cá tính, khác biệt với vẻ đẹp tự nhiên của makeup châu Á."
Làm sao chọn màu má hồng cho da ngăm?,"Với da ngăm, nên chọn má hồng có sắc độ ấm và đậm hơn để nổi bật trên da. Các màu như cam đào, hồng san hô, đỏ gạch hoặc tím berry là lựa chọn tuyệt vời. Tránh các màu quá nhạt hoặc có undertone lạnh như hồng baby, vì có thể khiến da trông xám xịt. Quan trọng là thử màu trên da để đảm bảo phù hợp nhất!"
Mẹo làm makeup nhanh buổi sáng?,"Buổi sáng bận rộn, hãy ưu tiên những bước makeup tối giản: 1. **Kem dưỡng ẩm có màu:** Vừa dưỡng da, vừa che phủ nhẹ nhàng. 2. **Kẻ lông mày:** Định hình khuôn mặt nhanh chóng. 3. **Mascara:** Mở to đôi mắt tức thì. 4. **Son dưỡng có màu:** Thêm chút sắc màu cho đôi môi. Vậy là bạn đã có một lớp makeup tươi tắn chỉ trong vài phút!"
Makeup cô dâu nên chú ý gì?,"Makeup cô dâu cần ưu tiên sự tự nhiên, bền vững và phù hợp với concept cưới. Lớp nền hoàn hảo, che phủ khuyết điểm nhưng vẫn mỏng nhẹ là yếu tố quan trọng. Chú trọng làm nổi bật đôi mắt và đôi môi, nhưng tránh quá lòe loẹt. Đừng quên thử makeup trước để đảm bảo màu sắc hài hòa với da và váy cưới nhé!"
Làm sao chọn highlighter cho da dầu?,"Với da dầu, nên chọn highlighter dạng bột hoặc kem lỏng, có thành phần kiểm soát dầu như silica hoặc đất sét. Tránh highlighter quá bóng hoặc chứa nhiều dầu khoáng. Ưu tiên các tông màu champagne, hồng ngọc hoặc đào để tạo hiệu ứng glow tự nhiên, không quá ""dầu"" và bền màu hơn."
Mẹo làm makeup cho da khô?,"Da khô cần ưu tiên dưỡng ẩm! Trước khi makeup, hãy dùng kem dưỡng ẩm giàu hyaluronic acid. Chọn nền dạng kem hoặc cushion, tránh phấn bột. Dùng xịt khóa nền dạng sương để giữ ẩm, tránh làm da bị cakey. Son dưỡng môi là không thể thiếu để môi không bị khô nứt."
Makeup sân khấu có đặc điểm gì?,"Makeup sân khấu khác biệt với makeup hàng ngày ở độ đậm và khả năng ""ăn"" đèn. Đặc điểm nổi bật là: * **Màu sắc đậm, tương phản:** Để khuôn mặt không bị nhạt nhòa dưới ánh đèn. * **Đường nét sắc sảo, phóng đại:** Nhấn mạnh các chi tiết để khán giả dễ nhìn. * **Sử dụng nhiều kỹ thuật tạo khối:** Định hình khuôn mặt rõ ràng. *"
Làm sao chọn màu son cho sự kiện tối?,"Để chọn son cho sự kiện tối, ưu tiên các màu đậm và có chiều sâu như đỏ ruby, burgundy, hoặc nude trầm. Màu son nên tương phản với tông da và trang phục. Da sáng hợp đỏ tươi, da ngăm hợp đỏ đất hoặc burgundy. Đừng quên thử son dưới ánh đèn tương tự sự kiện để đảm bảo màu sắc ưng ý nhất nhé!"
Mẹo làm makeup cho da nhạy cảm?,"Da nhạy cảm cần sự nhẹ nhàng! Ưu tiên sản phẩm không mùi, không cồn, khoáng chất. Luôn thử trước trên vùng da nhỏ. Chọn nền, phấn khoáng thay vì kem nền dày. Sử dụng cọ mềm, tránh chà xát mạnh. Rửa sạch lớp trang điểm kỹ lưỡng bằng dầu tẩy trang dịu nhẹ. Quan trọng nhất: giữ ẩm đầy đủ!"
Dewy makeup phù hợp với ai?,"Dewy makeup (trang điểm căng bóng) phù hợp với những người có làn da thường, khô hoặc hỗn hợp thiên khô. Lớp nền này giúp da trông khỏe mạnh, tươi tắn và che đi các khuyết điểm nhỏ. Tuy nhiên, da dầu nên cân nhắc kỹ vì có thể làm da bóng nhờn hơn. Quan trọng là dưỡng ẩm kỹ trước khi trang điểm."
Làm sao chọn màu phấn mắt cho da lạnh?,"Với da lạnh, hãy ưu tiên phấn mắt tông màu xanh lam, tím, xám, bạc và hồng baby. Những màu này sẽ làm nổi bật sắc da trắng xanh, tạo vẻ tươi sáng và rạng rỡ. Tránh các tông màu vàng, cam, đồng vì có thể khiến da trông xỉn màu và thiếu sức sống."
Mẹo làm makeup cho mắt một mí?,"Với mắt một mí, hãy tập trung tạo chiều sâu! Dùng phấn mắt tối màu ở đuôi mắt, tán đều lên trên hốc mắt. Kẻ eyeliner mảnh, hơi cong ở đuôi để mở rộng mắt. Mascara chuốt kỹ mi trên, có thể dùng mi giả để tăng độ cong. Đừng quên dùng highlighter ở khóe mắt để tạo điểm nhấn nhé!"
Makeup tự nhiên dùng sản phẩm gì?,"Makeup tự nhiên tập trung vào làm nổi bật vẻ đẹp sẵn có. Bạn cần: * **Kem nền/BB cream** mỏng nhẹ, màu da. * **Phấn má hồng** tone đào/cam đất. * **Son dưỡng/son tint** màu nude/hồng san hô. * **Mascara** làm dài mi. * **Kẻ mày** tự nhiên. Ưu tiên các sản phẩm có thành phần lành tính, kết cấu lỏng nhẹ để lớp makeup trông trong suốt, không gây"
Làm sao tạo makeup cho chụp ảnh?,"Makeup chụp ảnh cần khác makeup hàng ngày. Tập trung làm nổi bật đường nét, tăng độ tương phản. Dùng kem nền lì, che khuyết điểm kỹ, đánh khối và highlight rõ để tạo chiều sâu. Mắt nên đậm hơn bình thường, dùng mascara và mi giả. Son môi chọn màu sắc phù hợp với concept và bền màu. Đừng quên phủ phấn để tránh bóng dầu khi lên ảnh!"
Mẹo làm makeup cho da mụn?,"Da mụn cần ưu tiên nhẹ nhàng và kháng viêm. Hãy chọn sản phẩm không gây tắc nghẽn, dạng lỏng hoặc kem nhẹ. Ưu tiên che khuyết điểm màu xanh để trung hòa mụn đỏ. Đừng quên tẩy trang kỹ lưỡng, rửa mặt sạch và dưỡng ẩm dịu nhẹ. Tránh dùng cọ dày, thay vào đó dùng mút hoặc ngón tay để giảm ma sát."
Matte makeup phù hợp với ai?,"Matte makeup phù hợp với những bạn có làn da dầu, hỗn hợp thiên dầu hoặc nhiều khuyết điểm. Lớp nền matte giúp kiểm soát dầu thừa, che phủ tốt và tạo vẻ ngoài mịn màng, tự nhiên. Tuy nhiên, với da khô, cần dưỡng ẩm kỹ trước khi trang điểm để tránh bị mốc và lộ vân da."
Làm sao chọn màu son cho da lạnh?,"Với da lạnh, bạn nên chọn son có undertone xanh hoặc tím. Các màu như hồng baby, đỏ cherry, mận chín, hoặc tím hồng sẽ làm da bạn tươi sáng hơn. Tránh các màu cam, vàng, hoặc nâu quá ấm, vì chúng có thể khiến da trông xỉn màu và thiếu sức sống."
Mẹo làm makeup cho mắt sâu?,"Với mắt sâu, hãy tập trung làm nổi bật vùng mắt. Dùng phấn mắt sáng/nhũ ở bầu mắt, tối dần về hốc mắt để tạo chiều sâu. Đánh highlight góc mắt trong và dưới chân mày giúp mắt trông to hơn. Kẻ eyeliner mảnh, tránh đường kẻ quá dày hoặc kéo dài. Mascara cong và dày mi là bước không thể thiếu!"
Makeup gothic có đặc điểm gì?,"Makeup gothic tập trung vào vẻ đẹp ma mị, bí ẩn. Đặc trưng bởi lớp nền trắng bệch, mắt tối ấn tượng với mắt đen khói, eyeliner sắc sảo và bóng mắt màu đậm như đỏ burgundy, tím than. Son môi thường là màu đen, đỏ đậm hoặc tím sẫm. Phong cách này nhấn mạnh vào sự tương phản và đường nét mạnh mẽ."
Làm sao tạo makeup cho da sáng?,"Để có lớp makeup da sáng, hãy bắt đầu với lớp nền ẩm mịn, chọn tông màu sáng hơn da một chút. Sử dụng highlighter ở các vị trí bắt sáng như gò má, sống mũi, khóe mắt. Thêm chút má hồng đào hoặc cam san hô để khuôn mặt tươi tắn. Cuối cùng, đừng quên lớp phấn bắt sáng để tăng hiệu quả!"
Mẹo làm makeup cho sự kiện ngoài trời?,"Để makeup cho sự kiện ngoài trời, ưu tiên lớp nền lâu trễo, chống thấm nước. Dùng kem lót kiềm dầu, phấn phủ dạng bột để giữ lớp makeup bền vững. Màu mắt và son môi nên chọn tông trầm ấm, hạn chế lấp lánh quá nhiều. Đừng quên kem chống nắng và xịt khóa makeup để bảo vệ và giữ lớp trang điểm cả ngày nhé!"
Makeup vintage có đặc điểm gì?,"Makeup vintage (thường là thập niên 20-60) tập trung vào đôi mắt và đôi môi đậm nét, trong khi da mặt thường được giữ tự nhiên, ít trang điểm. * **Mắt:** Kẻ mắt mèo sắc sảo, bóng mắt tối màu (đen, nâu, tím). * **Môi:** Son đỏ tươi hoặc màu berry, vẽ viền môi rõ ràng. * **Da:** Phấn phủ nhẹ, má hồng ửng hồng."
Làm sao chọn màu má hồng cho da lạnh?,"Với da lạnh, hãy chọn má hồng có undertone xanh hoặc tím để trung hòa sắc tố da. Các màu lý tưởng bao gồm hồng baby, hồng san hô nhạt, mận chín hoặc tím hồng. Tránh các màu quá cam, đào hoặc đồng, vì chúng có thể làm da trông xỉn màu và không tươi tắn."
Mẹo làm makeup cho mắt to?,"Để makeup mắt to hơn, hãy tập trung vào những mẹo sau: * **Mascara:** Chải mascara kỹ ở mi trên và dưới để mở rộng đôi mắt. * **Kẻ mắt:** Kẻ mắt mèo nhẹ nhàng hoặc dùng chì trắng/beige ở đường nước mắt dưới để mắt trông to hơn. * **Phấn mắt:** Sử dụng phấn mắt sáng ở bầu mắt và tối dần về góc ngoài. * **Highlight:** Thêm highlight"
Makeup Nhật Bản có đặc điểm gì?,"Makeup Nhật Bản nổi bật với vẻ đẹp tự nhiên, thanh lịch và tinh tế. Da được ưu tiên hàng đầu với lớp nền mịn màng, trong suốt. Màu mắt thường là tông nude, hồng đào nhẹ nhàng, kết hợp kỹ thuật đánh mắt lòng môi để tạo chiều sâu. Son môi màu hồng san hô hoặc cam đào là lựa chọn phổ biến, nhấn nhá đôi môi căng mọng."
Làm sao tạo makeup cho da dầu?,"Để trang điểm cho da dầu, hãy bắt đầu với lớp lót kiềm dầu. Chọn kem nền dạng lỏng, không dầu và có độ che phủ vừa phải. Cố định lớp nền bằng phấn bột mịn, đặc biệt ở vùng chữ T. Sử dụng kem mắt và má hồng dạng kem thay vì phấn để tránh làm da bóng nhờn. Cuối cùng, dùng xịt khóa trang điểm để giữ lớp"
Mẹo làm makeup cho lông mày thưa?,"Với lông mày thưa, hãy tập trung vào việc tạo hình và thêm độ dày. Dùng bút chì kẻ mày hoặc bột kẻ mày có màu sắc phù hợp với màu tóc, vẽ những sợi lông mày nhỏ, mảnh theo chiều lông mọc tự nhiên. Sau đó, dùng mascara trong suốt chải nhẹ để cố định và làm đều màu. Tránh kẻ quá đậm, ưu tiên sự tự nhiên."
Makeup boho có đặc điểm gì?,"Makeup boho (Bohemian) tập trung vào vẻ đẹp tự nhiên, phóng khoáng và lãng mạn. Đặc trưng bởi lớp nền mỏng nhẹ, đôi mắt nhấn nhá bằng tông màu đất ấm áp (nâu, đồng, cam), má hồng đào hoặc cam san hô, và đôi môi nude hoặc màu berry dịu nhẹ. Thường kết hợp thêm các chi tiết như lông mi cong vút, highlight bắt sáng và đôi chút lấp"
Làm sao chọn màu son cho da ngăm?,"Với da ngăm, nên ưu tiên các màu son ấm áp và có độ trầm nhất định. Các lựa chọn tuyệt vời bao gồm: đỏ gạch, cam đất, nâu đất, hồng đất, hoặc các tông màu berry đậm như mận chín. Tránh các màu quá sáng, pastel hoặc có ánh bạc, vì chúng có thể làm da trông xỉn màu hơn."
Mẹo làm makeup cho mắt nhỏ?,"Để ""mở"" to mắt nhỏ, hãy tập trung vào kỹ thuật tạo khối và làm sáng: * **Kẻ mắt:** Kẻ viền mắt trên mảnh, kéo dài đuôi mắt nhẹ nhàng. * **Màu mắt:** Sử dụng màu sáng ở bầu mắt, màu tối ở hốc mắt để tạo chiều sâu. * **Mascara:** Chải mascara kỹ ở mi trên, tập trung vào phần đuôi mắt. * **Highlight:** Điểm highlight ở khóe mắt"
Makeup tối giản dùng sản phẩm gì?,"Makeup tối giản tập trung vào làm nổi bật vẻ tự nhiên. Bạn cần: * **Kem dưỡng ẩm có màu/BB cream:** Thay thế lớp nền dày. * **Che khuyết điểm:** Điểm nhẹ vào vùng cần thiết. * **Mascara:** Làm dài và dày mi. * **Son dưỡng/son tint:** Cho đôi môi căng mọng, tự nhiên. * **Phấn má hồng:** Tạo độ ửng hồng khỏe khoắn."
Làm sao tạo makeup cho da hỗn hợp?,"Da hỗn hợp cần cân bằng ẩm và kiểm soát dầu. Hãy dùng kem lót phù hợp vùng chữ T (trán, mũi, cằm) và cấp ẩm cho vùng còn lại. Nền dạng lỏng, nhẹ tênh là lựa chọn tốt. Đánh phấn phủ nhẹ nhàng vùng dầu, tránh làm khô da. Đừng quên dưỡng ẩm đầy đủ trước và sau khi trang điểm nhé!"
Mẹo làm makeup cho môi mỏng?,"Để tạo hiệu ứng môi đầy đặn hơn cho môi mỏng, bạn nên: * **Tô son nude hoặc màu sáng:** Tránh màu tối làm môi trông mỏng hơn. * **Kẻ viền môi rộng hơn:** Vượt nhẹ ra ngoài đường viền tự nhiên. * **Tô son bóng:** Son bóng tạo cảm giác căng mọng. * **Highlight:** Thêm highlight ở lòng môi. * **Tránh tô son đậm ở góc môi.**"
Makeup festival có đặc điểm gì?,"Makeup festival (trang điểm lễ hội) nổi bật với sự sáng tạo không giới hạn, màu sắc rực rỡ, và các chi tiết đính đá, kim tuyến lấp lánh. Phong cách này thường phóng khoáng, cá tính, tập trung vào hiệu ứng thị giác ấn tượng hơn là sự hoàn hảo. Thường thấy các xu hướng như mắt neon, môi ombre, và họa tiết hình học táo bạo."
Làm sao chọn màu phấn mắt cho da ấm?,"Với da ấm, hãy ưu tiên phấn mắt tông ấm như: cam đất, nâu đồng, vàng đồng, đồng, và các sắc thái đào. Tránh các màu quá lạnh như xanh dương, tím than, hoặc bạc. Để đôi mắt thêm nổi bật, bạn có thể kết hợp các màu trung tính ấm như be hoặc nâu nhạt làm lớp nền."
Mẹo làm makeup cho môi khô?,"Để makeup cho môi khô, bạn cần: 1. **Tẩy tế bào chết:** Loại bỏ da chết, giúp son lên màu mịn. 2. **Dưỡng ẩm:** Bôi son dưỡng trước khi đánh son màu. 3. **Chọn son:** Ưu tiên son kem, son dưỡng có màu hoặc son lì ẩm. 4. **Tránh son lì:** Son lì dễ làm khô môi hơn. 5. **Đánh lớp mỏng:** Tránh đánh son quá dày, gây nứt môi."
Makeup retro có đặc điểm gì?,"Makeup retro (thường là thập niên 40-60) tập trung vào đôi mắt sắc sảo và đôi môi đỏ tươi. Mắt thường kẻ eyeliner cánh cong đậm, nhấn nhá mascara dày. Da mặt được giữ tự nhiên, ít đánh khối. Màu son đỏ là điểm nhấn chủ đạo, có thể là chất lì hoặc bóng tùy phong cách. Lông mày được vẽ dáng cong tự nhiên."
Làm sao tạo makeup cho mắt tròn?,"Với mắt tròn, mục tiêu là tạo chiều sâu và làm mắt dài hơn. Hãy tập trung đánh tối phần hốc mắt và đuôi mắt bằng màu tối, tán đều. Sử dụng màu sáng ở bầu mắt và dưới chân mày để tạo điểm nhấn. Kẻ eyeliner mảnh, kéo dài ở đuôi mắt, tránh đường kẻ quá dày. Chuốt mascara tập trung vào mi trên."
Mẹo làm makeup cho da nám?,"Da nám cần lớp nền che phủ tốt nhưng vẫn nhẹ nhàng. Hãy dùng kem lót màu da hoặc hồng đào để trung hòa sắc tố nám. Tiếp đó, dùng kem nền có độ che phủ vừa phải, tán đều. Che khuyết điểm cho vùng nám đậm, sau đó phủ một lớp phấn mỏng để khóa lớp nền. Ưu tiên các sản phẩm có SPF để bảo vệ da."
Makeup glam có đặc điểm gì?,"Makeup glam (trang điểm lộng lẫy) tập trung vào sự nổi bật và sang trọng. Đặc điểm chính bao gồm: lớp nền hoàn hảo, đánh khối (contour) và highlight kỹ lưỡng, mắt nhấn nhá với phấn màu đậm, thường có glitter hoặc nhũ, lông mày sắc sảo và son môi nổi bật. Phong cách này thường sử dụng nhiều sản phẩm và kỹ thuật trang điểm chuyên nghiệp."
Mẹo làm makeup cho môi không đều?,"Để khắc phục môi không đều, bạn có thể dùng chì kẻ môi cùng màu son để viền lại hình dáng cân đối. Sau đó, thoa son dưỡng ẩm để làm mềm môi. Khi đánh son, tập trung vào phần môi đầy đặn hơn và tán nhẹ ra ngoài để tạo sự cân bằng. Cuối cùng, dùng highlighter ở lòng môi để tạo hiệu ứng căng mọng."
Makeup nghệ thuật (artistic) là gì?,"Makeup nghệ thuật (artistic makeup) là hình thức trang điểm vượt ra ngoài mục đích làm đẹp thông thường, tập trung vào việc biến hóa khuôn mặt thành tác phẩm nghệ thuật. Sử dụng kỹ thuật vẽ, tạo khối, phối màu độc đáo, nó thường thấy trong các buổi biểu diễn, phim ảnh, sự kiện Halloween hoặc các dự án sáng tạo cá nhân, thể hiện câu chuyện, nhân vật"
Tại sao cần làm sạch da trước khi makeup?,"Làm sạch da trước khi trang điểm là bước quan trọng hàng đầu. Da sạch giúp loại bỏ bụi bẩn, dầu thừa và tế bào chết, tạo bề mặt mịn màng cho lớp nền bám dính tốt hơn. Việc này giúp makeup lên màu chuẩn, hạn chế tình trạng bít tắc lỗ chân lông, mụn và kích ứng da, đồng thời kéo dài thời gian bền màu của lớp trang"
Makeup cho da dầu nên ưu tiên sản phẩm gì?,"Với da dầu, ưu tiên các sản phẩm: * **Kiềm dầu:** Phấn nền, kem lót dạng gel hoặc sáp, có chứa silicone. * **Không gây bí da:** Chọn sản phẩm ""non-comedogenic"" (không gây mụn). * **Phấn phủ:** Phấn bột khoáng giúp hút dầu thừa, giữ lớp trang điểm bền lâu. * **Sử dụng giấy thấm dầu:** Thấm dầu thường xuyên để kiểm soát bóng nhờn."
Cách chọn kem nền cho da khô?,"Với da khô, ưu tiên kem nền có kết cấu ẩm mịn, chứa thành phần dưỡng ẩm như hyaluronic acid, glycerin, dầu thực vật. Chọn loại có độ che phủ từ trung bình đến cao để che đi các khuyết điểm mà không làm da thêm khô. Nên thử kem nền trên da trước khi mua để đảm bảo phù hợp và không gây bong tróc."
Makeup cho da nhạy cảm cần lưu ý gì?,"Da nhạy cảm cần sự nhẹ nhàng! Ưu tiên sản phẩm không mùi, không cồn, không paraben, và đã được kiểm nghiệm da liễu. Chọn nền, phấn khoáng thay vì kem nền dày. Luôn tẩy trang kỹ lưỡng bằng dầu tẩy trang dịu nhẹ. Thử sản phẩm trước trên vùng da nhỏ để tránh kích ứng. Đừng quên dưỡng ẩm đầy đủ!"
Tại sao cần dùng toner trước makeup?,"Toner là bước chuẩn bị quan trọng trước makeup. Nó giúp cân bằng độ pH cho da sau khi rửa mặt, loại bỏ cặn bẩn còn sót lại và làm dịu da. Nhờ đó, lớp nền sẽ bám tốt hơn, mịn màng hơn và giúp makeup lâu trôi hơn. Đồng thời, toner còn giúp cấp ẩm nhẹ, tạo điều kiện cho các bước dưỡng tiếp theo phát huy hiệu quả."
Face mist có vai trò gì trong makeup?,"Xịt khóa trang điểm (face mist) có nhiều vai trò quan trọng: cấp ẩm tức thì, giúp lớp makeup mịn màng và bám dính hơn. Nó cũng giúp làm dịu da, giảm thiểu tình trạng cakey (trang điểm bị vón cục) và tăng độ glow tự nhiên cho làn da. Bạn có thể dùng trước, trong và sau khi makeup."
Cách chọn màu kem nền phù hợp?,"Để chọn kem nền phù hợp, hãy xác định tông da (ấm, lạnh, trung tính) và độ sáng da. Thử màu lên vùng xương quai xanh, màu hòa quyện vào da là lựa chọn tốt nhất. Ưu tiên thử kem nền dưới ánh sáng tự nhiên và chọn màu gần với màu da thật nhất để có lớp nền tự nhiên, hoàn hảo."
Tại sao cần kiểm tra thành phần mỹ phẩm?,"Kiểm tra thành phần mỹ phẩm rất quan trọng để đảm bảo an toàn cho da. Một số thành phần có thể gây kích ứng, dị ứng hoặc thậm chí ảnh hưởng đến sức khỏe lâu dài. Việc này giúp bạn tránh các chất độc hại, chọn sản phẩm phù hợp với loại da và nhu cầu cá nhân, đồng thời hỗ trợ lựa chọn mỹ phẩm đạo đức, bền"
Retinol trong mỹ phẩm ảnh hưởng đến makeup thế nào?,"Retinol giúp cải thiện kết cấu da, giảm nếp nhăn và lỗ chân lông. Tuy nhiên, da dùng retinol thường mỏng và nhạy cảm hơn, dễ bong tróc. Do đó, cần dưỡng ẩm kỹ lưỡng trước khi trang điểm. Nên ưu tiên makeup nhẹ nhàng, tránh các sản phẩm quá khô hoặc gây kích ứng. Kem nền, phấn nền có độ che phủ vừa phải là lựa chọn tốt."
Makeup cho da mụn nên tránh sản phẩm gì?,"Da mụn cần tránh các sản phẩm gây bí tắc lỗ chân lông như: dầu khoáng, silicone, cồn, hương liệu mạnh. Tránh nền, phấn quá dày, đặc biệt là các loại không kiểm soát dầu. Ưu tiên các sản phẩm ""non-comedogenic"", ""oil-free"", chứa salicylic acid hoặc tea tree oil để hỗ trợ trị mụn."
Cách chọn kem che khuyết điểm cho quầng thâm?,"Để chọn kem che khuyết điểm cho quầng thâm, hãy ưu tiên các sản phẩm có tông màu đào hoặc cam để trung hòa sắc tố xanh tím của quầng thâm. Chọn chất kem lỏng, mịn, dễ tán và có độ che phủ từ trung bình đến cao. Đừng quên chọn sản phẩm phù hợp với tông da của bạn để có kết quả tự nhiên nhất."
Primer màu xanh dùng cho da nào?,"Primer màu xanh lá cây phù hợp với da có mẩn đỏ, như da bị rosacea, da nhạy cảm hoặc da có vết mẩn do mụn. Màu xanh lá cây có khả năng trung hòa sắc tố đỏ, giúp da trông đều màu và tươi sáng hơn. Nó tạo lớp nền hoàn hảo cho lớp trang điểm tiếp theo."
Primer màu tím có công dụng gì?,"Primer màu tím thường được dùng để trung hòa sắc tố vàng trên da, đặc biệt là vùng da xỉn màu, thiếu sức sống. Nó giúp làm sáng da, che đi quầng thâm mắt và các vết ửng đỏ nhẹ, tạo lớp nền mịn màng và giúp màu son, phấn mắt lên chuẩn màu hơn."
Cách bảo quản son môi đúng cách?,"Để son môi luôn bền đẹp, bạn nên: * **Tránh ánh nắng trực tiếp & nhiệt độ cao:** Bảo quản son ở nơi khô ráo, thoáng mát. * **Đậy kín nắp:** Ngăn son bị khô, nhiễm khuẩn. * **Vệ sinh đầu son:** Dùng khăn giấy lau sạch trước và sau khi dùng. * **Không dùng chung son:** Tránh lây nhiễm vi khuẩn."
Makeup cho da nám cần sản phẩm gì?,"Da nám cần lớp nền che phủ tốt nhưng vẫn nhẹ nhàng, không gây bí da. Ưu tiên kem nền, phấn nền có độ che phủ trung bình đến cao, chứa các thành phần dưỡng ẩm, chống oxy hóa. Quan trọng nhất là kem chống nắng phổ rộng, chỉ số SPF từ 30 trở lên, sử dụng hàng ngày để bảo vệ da khỏi tác hại của ánh nắng mặt"
Tại sao cần dùng kem mắt trước makeup?,"Kem mắt là bước chuẩn bị quan trọng trước makeup vì vùng da mắt mỏng manh, dễ khô và xuất hiện nếp nhăn. Kem mắt giúp dưỡng ẩm, làm mềm da, giúp lớp makeup không bị cakey, dễ tán và bền màu hơn. Đồng thời, kem mắt còn hỗ trợ che đi quầng thâm và nếp nhăn, tạo đôi mắt tươi sáng hơn."
Cách chọn mascara chống nước?,"Để chọn mascara chống nước, hãy ưu tiên các tiêu chí sau: * **Loại cọ:** Cọ sợi nhỏ giúp chuốt mi tự nhiên, cọ lớn cho mi dày và cọ cong tạo hiệu ứng cong mi. * **Công thức:** Chọn loại chứa sáp carnauba hoặc polyme giúp chống thấm nước tốt. * **Thành phần:** Ưu tiên mascara không gây kích ứng, an toàn cho mắt. * **Thương hiệu:** Chọn thương"
Lip tint khác son môi truyền thống ra sao?,"Lip tint và son môi truyền thống khác nhau ở chất liệu và hiệu ứng. Son môi thường chứa nhiều dầu, sáp, cho màu sắc đậm, che phủ tốt nhưng dễ trôi. Lip tint chứa nhiều nước, màu sắc nhẹ nhàng, tự nhiên, bám lâu trên môi và tạo hiệu ứng ""tệp màu"" như màu môi thật. Lip tint phù hợp với phong cách trang điểm nhẹ nhàng, tự nhiên."
Cách chọn phấn phủ cho da dầu?,"Với da dầu, hãy chọn phấn phủ dạng bột, không màu hoặc màu trong suốt, có chứa các thành phần kiểm soát dầu như silica, kẽm oxide hoặc bột gạo. Ưu tiên phấn phủ có kết cấu mịn, nhẹ để tránh làm tắc nghẽn lỗ chân lông. Tránh phấn phủ có dầu khoáng hoặc các thành phần gây bóng nhờn."
Makeup cho da hỗn hợp cần lưu ý gì?,"Da hỗn hợp cần cân bằng ẩm và kiểm soát dầu. Hãy dùng kem lót phù hợp vùng chữ T (trán, mũi, cằm) và cấp ẩm cho vùng da còn lại. Chọn nền lỏng, nhẹ, không gây bí da. Cố định lớp nền bằng phấn bột ở vùng dầu, tránh đánh phấn quá nhiều gây khô da. Đừng quên dưỡng ẩm đầy đủ sau khi trang điểm!"
Cách làm sạch da sau makeup sân khấu?,"Sau makeup sân khấu, cần làm sạch da kỹ lưỡng theo 2 bước: 1. **Tẩy trang:** Dùng dầu tẩy trang hoặc nước micellar để loại bỏ lớp makeup đậm, đặc biệt là các sản phẩm chống nước. 2. **Sữa rửa mặt:** Rửa lại với sữa rửa mặt dịu nhẹ, phù hợp với loại da để loại bỏ cặn bẩn và dầu thừa. Đừng quên cân bằng da với toner và"
Tại sao cần thử son môi trước khi mua?,"Thử son môi trước khi mua rất quan trọng vì màu son lên môi mỗi người sẽ khác nhau do sắc tố da riêng biệt. Chất son cũng ảnh hưởng đến cảm giác thoải mái, độ bám màu và có bị khô môi không. Thử trực tiếp giúp bạn chọn được màu sắc phù hợp với làn da và chất son ưng ý nhất."
Cách chọn bronzer cho da sáng?,"Với da sáng, hãy chọn bronzer có tông màu ấm áp, vàng đào hoặc cam san hô nhẹ nhàng. Tránh các màu quá tối hoặc đỏ gạch, vì có thể trông không tự nhiên. Chất phấn mịn, dễ tán là ưu tiên. Thoa nhẹ lên các vị trí bắt sáng như gò má, trán và cằm để tạo hiệu ứng rám nắng khỏe khoắn."
Makeup cho da lão hóa cần sản phẩm gì?,"Da lão hóa cần lớp nền dưỡng ẩm, che phủ nếp nhăn tốt (BB cream, cushion). Ưu tiên phấn nước/phấn nền lỏng, tránh bột khô làm lộ rãnh nhăn. Son dưỡng ẩm, màu sắc tươi tắn giúp trẻ trung. Đặc biệt, kem lót có chức năng làm mịn da, giảm nếp nhăn là không thể thiếu."
Cách chọn phấn mắt cho da ngăm?,"Với da ngăm, nên ưu tiên phấn mắt tông ấm như đồng, vàng, cam đất, nâu chocolate. Các màu này giúp da sáng hơn và tạo chiều sâu. Tránh các màu pastel quá nhạt hoặc bạc, vì có thể làm da trông xỉn màu. Phấn mắt có shimmer hoặc metallic cũng là lựa chọn tốt để tăng độ bừng sáng cho đôi mắt."
Kỹ thuật wet makeup là gì?,"Kỹ thuật wet makeup (trang điểm ướt) là sử dụng mỹ phẩm dạng kem hoặc lỏng, thoa trực tiếp lên da ẩm hoặc xịt xịt khóa ẩm trước khi trang điểm. Cách này giúp lớp nền mịn mướt, bám da tốt, tạo hiệu ứng glowy tự nhiên và giảm thiểu tình trạng cakey (mốc da). Tuy nhiên, cần chọn sản phẩm phù hợp để tránh làm trôi lớp trang điểm."
Cách tạo khối cho mặt kim cương?,"Với khuôn mặt kim cương, hãy tập trung tạo khối để làm mềm các đường góc cạnh. Hắt sáng lên gò má, trán và cằm để làm nổi bật. Tạo khối dọc theo đường chân tóc, dưới gò má và dọc theo đường hàm để thu hẹp các điểm nhô ra. Đừng quên tán đều để có vẻ ngoài tự nhiên!"
Kỹ thuật glass skin makeup là gì?,"Kỹ thuật trang điểm glass skin (da thủy tinh) là xu hướng đến từ Hàn Quốc, tập trung vào việc tạo lớp da căng bóng, mịn màng như thủy tinh. Bí quyết nằm ở việc dưỡng ẩm sâu, dùng kem nền mỏng nhẹ, kết hợp highlight ở những vị trí bắt sáng. Mục tiêu là làn da trong suốt, khỏe mạnh từ bên trong, thay vì che phủ hoàn toàn."
Cách làm mắt dài hơn bằng makeup?,"Để tạo hiệu ứng mắt dài hơn với makeup, hãy tập trung vào: * **Kẻ mắt:** Kẻ mắt mèo hoặc kẻ viền trên mỏng, kéo dài đuôi mắt ra ngoài. * **Màu mắt:** Sử dụng màu tối ở đuôi mắt và màu sáng ở bọng mắt. * **Mascara:** Chải mascara tập trung vào mi ngoài. * **Highlight:** Highlight góc mắt trong để mở rộng mắt. * **Chân mày:** Kéo dài"
Kỹ thuật siren eyes là gì?,"Kỹ thuật ""siren eyes"" (mắt nàng tiên cá) là xu hướng trang điểm mắt tạo hiệu ứng đôi mắt sắc sảo, quyến rũ và bí ẩn. Kỹ thuật này tập trung vào việc kéo dài đường kẻ mắt ra ngoài, tạo hình mắt mèo thấp hơn và nhấn mạnh phần đường viền mắt dưới bằng eyeliner hoặc eyeshadow tối màu."
Cách tạo môi mọng kiểu Âu Mỹ?,"Để tạo môi mọng kiểu Âu Mỹ, bạn cần: 1. **Tạo đường viền:** Vẽ viền môi hơi phóng đại, đặc biệt phần giữa môi dưới. 2. **Đánh base:** Sử dụng phấn mắt/son nude làm base giúp son bám màu và tạo hiệu ứng đầy đặn. 3. **Son:** Chọn son kem lì hoặc son satin, đánh đậm ở giữa môi. 4. **Highlight:** Thêm highlight nhỏ ở lòng môi dưới."
Kỹ thuật fox eye là gì?,"Kỹ thuật ""fox eye"" (mắt cáo) là xu hướng trang điểm tạo hiệu ứng mắt sắc sảo, dài và hơi nhếch lên như mắt cáo. Kỹ thuật này tập trung vào việc kéo dài phần đuôi mắt bằng kẻ mắt, phấn mắt tối màu và highlight ở góc mắt trong. Đôi khi, người ta dùng keo dán mi hoặc chỉ để nâng phần đuôi mắt."
Cách tạo lông mày xếch bằng makeup?,"Để tạo lông mày xếch bằng makeup, bạn dùng chì kẻ mày/màu mắt bột vẽ đường chân mày cao hơn dáng tự nhiên, kéo dài về phía đuôi mắt. Dùng mascara trong suốt hoặc gel tạo kiểu chải theo hướng xếch lên, cố định dáng. Có thể dùng highlight dưới chân mày để tạo hiệu ứng nâng."
Kỹ thuật sunset eyes là gì?,"Sunset eyes là kỹ thuật trang điểm mắt lấy cảm hứng từ màu sắc hoàng hôn. Bắt đầu với màu sắc tươi sáng như cam, hồng, vàng ở mí mắt dưới và dần chuyển sang màu tím, đỏ đậm ở mí mắt trên. Kỹ thuật này tạo hiệu ứng chuyển màu mềm mại, lãng mạn và đôi mắt sâu hơn, cuốn hút."
Cách làm môi gradient kiểu Nhật Bản?,"Để tạo môi gradient kiểu Nhật Bản, bạn cần: 1. **Tô son đậm** vào 1/3 dưới môi. 2. **Tán đều** lên trên bằng cọ hoặc ngón tay, hòa trộn với màu môi tự nhiên. 3. **Thêm son dưỡng** ở giữa môi để tạo hiệu ứng chuyển màu mềm mại. 4. **Điều chỉnh** độ đậm nhạt theo sở thích."
Kỹ thuật dewy contour là gì?,"Dewy contour là kỹ thuật tạo khối bằng các sản phẩm highlight và contour có kết cấu ẩm mịn, thường là dạng kem hoặc lỏng. Thay vì đường contour sắc nét, kỹ thuật này tạo hiệu ứng đổ bóng tự nhiên, hòa quyện với da, mang đến vẻ ngoài căng bóng, khỏe khoắn và tươi trẻ hơn. Quan trọng là blending kỹ để tránh vệt."
Cách tạo mắt to kiểu Hàn Quốc?,"Để tạo mắt to kiểu Hàn Quốc, bạn tập trung vào: 1. **Kẻ eyeliner:** Kẻ đường eyeliner mỏng, tập trung 2/3 đường mắt trên, kéo đuôi nhẹ nhàng. 2. **Mascara:** Chải mascara kỹ từ chân mi, nhấn mạnh mi trên. 3. **Highlight:** Sử dụng highlight ở đầu mắt và bọng mắt để tạo chiều sâu. 4. **Lens:** Sử dụng lens màu sáng, to hơn mắt tự nhiên."
Kỹ thuật soft glam là gì?,"Soft glam là kỹ thuật trang điểm tập trung vào vẻ đẹp tự nhiên, nâng tông da nhẹ nhàng. Thay vì lớp nền dày, kỹ thuật này ưu tiên nền mỏng, nhẹ, kết hợp má hồng, highlight tông màu ấm áp. Mắt thường được trang điểm với phấn mắt màu nude, nâu, và hàng mi cong nhẹ. Son môi thường là màu nude, hồng đào hoặc cam đất."
Cách làm môi nhỏ hơn kiểu Âu Mỹ?,"Để tạo hiệu ứng môi nhỏ hơn kiểu Âu Mỹ, bạn có thể áp dụng các kỹ thuật sau: * **Che phủ viền môi:** Sử dụng kem che khuyết điểm để thu hẹp diện tích môi. * **Tô son lòng môi:** Tập trung son ở giữa môi, mờ dần về phía viền. * **Sử dụng màu son trầm:** Màu nude, hồng đất hoặc đỏ burgundy sẽ giúp môi trông nhỏ"
Kỹ thuật chrome eyes là gì?,"Chrome eyes là kỹ thuật trang điểm mắt tạo hiệu ứng lấp lánh, phản chiếu ánh sáng như kim loại. Kỹ thuật này sử dụng phấn mắt hoặc gel có chứa các hạt ngọc trai, nhũ siêu mịn, kết hợp với kỹ thuật đánh lớp và highlight để đôi mắt trông nổi bật, sắc sảo và có chiều sâu. Thường được dùng cho các dịp đặc biệt."
Cách tạo khối cho mặt trái xoan?,"Với mặt trái xoan, bạn may mắn vì không cần tạo khối quá nhiều! Tập trung đánh khối nhẹ nhàng đường chân tóc, hai bên thái dương để tạo chiều sâu. Đánh khối dọc theo xương gò má, từ tai về phía khóe miệng, nhưng nhớ tán đều để không bị lộ. Highlight vùng trung tâm trán, sống mũi và cằm để khuôn mặt thêm cân đối."
Kỹ thuật editorial makeup là gì?,"Kỹ thuật trang điểm editorial (trang điểm biên tập) là phong cách trang điểm thường thấy trên các tạp chí thời trang, tập trung vào sự sáng tạo, nghệ thuật và thể hiện ý tưởng độc đáo của nhiếp ảnh gia, stylist. Kỹ thuật này thường sử dụng màu sắc táo bạo, đường nét mạnh mẽ, kết cấu độc đáo để tạo ra diện mạo ấn tượng, khác biệt so"
Cách làm mắt sâu kiểu Âu Mỹ?,"Để tạo mắt sâu kiểu Âu Mỹ, bạn cần tập trung vào kỹ thuật tạo khối. Đầu tiên, dùng phấn mắt màu nâu matte tán đều vào hốc mắt và đuôi mắt. Sau đó, dùng phấn mắt sáng hơn tán vào bầu mắt để làm nổi bật. Cuối cùng, kẻ eyeliner đen mảnh và chuốt mascara để hoàn thiện đôi mắt sâu hút."
Kỹ thuật bold lips là gì?,"Kỹ thuật ""bold lips"" (tôi môi đậm) là xu hướng trang điểm tập trung vào việc sử dụng son môi màu sắc nổi bật, thường là đỏ, hồng đậm, cam hoặc tím. Để tạo đôi môi ấn tượng, bạn cần đánh viền môi rõ nét, sử dụng son chất lượng và có thể kết hợp thêm son dưỡng để môi căng mọng. Kỹ thuật này giúp thu hút sự chú"
Cách tạo lông mày ombre?,"Để tạo lông mày ombre, bạn cần 2 màu chì/bột lông mày: màu đậm hơn ở phần đầu và màu nhạt hơn ở phần đuôi. 1. Dùng màu đậm vẽ 2/3 đầu lông mày. 2. Dùng màu nhạt vẽ 1/3 đuôi lông mày. 3. Dùng cọ tán đều phần giao giữa 2 màu để tạo hiệu ứng chuyển màu mượt mà. 4. Chải lại lông mày bằng gel để cố"
Kỹ thuật minimal makeup là gì?,"Minimal makeup (trang điểm tối giản) là xu hướng làm đẹp tập trung vào việc tôn lên vẻ tự nhiên của làn da. Kỹ thuật này sử dụng các sản phẩm nhẹ, mỏng, tập trung vào che khuyết điểm, làm đều màu da, và nhấn nhá nhẹ nhàng đôi mắt, môi bằng các màu sắc tự nhiên. Mục tiêu là có một vẻ ngoài tươi tắn, rạng rỡ mà vẫn"
Cách làm mắt mèo kiểu retro?,"Để tạo mắt mèo retro, hãy dùng eyeliner gel hoặc chì kẻ mắt đen. Vẽ một đường mỏng từ khóe mắt trong, kéo dài và hơi cong lên ở đuôi mắt. Độ dày đường kẻ tăng dần về phía đuôi. Quan trọng là giữ đường kẻ sắc nét và đối xứng hai bên. Có thể dùng băng dính hỗ trợ để tạo đường thẳng hoàn hảo."
Kỹ thuật glossy lids là gì?,"Glossy lids (bờ mắt bóng) là xu hướng trang điểm mắt tạo hiệu ứng ẩm ướt, căng mọng. Kỹ thuật này sử dụng son bóng, gel hoặc kem highlight lên bầu mắt sau khi đánh phấn mắt. Bạn có thể dùng cọ hoặc ngón tay thoa đều để tạo độ bóng. Glossy lids giúp đôi mắt trông to tròn, thu hút và tạo điểm nhấn độc đáo cho makeup look."
Cách tạo khối cho mặt chữ nhật?,"Với mặt chữ nhật, tạo khối tập trung làm mềm các góc cạnh và tạo cảm giác khuôn mặt tròn trịa hơn. * **Trán:** Tạo khối nhẹ vùng trán trên, gần chân tóc. * **Gò má:** Đánh khối dọc theo xương gò má, tập trung vào phần lõm. * **Hàm:** Đánh khối dưới đường hàm để tạo chiều sâu. * **Cằm:** Đánh khối nhẹ ở cằm để làm ngắn khuôn"
Kỹ thuật pastel makeup là gì?,"Pastel makeup là xu hướng trang điểm sử dụng các gam màu pastel nhẹ nhàng, tươi sáng như hồng, xanh lavender, đào... Kỹ thuật này tập trung vào việc tạo lớp nền trong trẻo, đôi mắt và đôi môi với màu sắc dịu ngọt, mang đến vẻ ngoài thanh thoát, nữ tính và trẻ trung. Thường kết hợp với kiểu trang điểm sương mù hoặc đánh bóng nhẹ."
Cọ foundation brush dùng để làm gì?,"Cọ foundation brush là dụng cụ dùng để tán đều kem nền (foundation) lên da. Cọ có thể giúp bạn đạt được lớp nền mịn màng, tự nhiên hoặc che phủ hoàn toàn tùy thuộc vào kỹ thuật và loại cọ. Có nhiều loại cọ foundation khác nhau như cọ dẹt, cọ tròn, cọ kabuki, mỗi loại phù hợp với từng loại kem nền và sở thích cá nhân."
Small angled brush dùng khi nào?,"Cọ nhỏ vát (small angled brush) là công cụ đa năng, thường dùng để: * **Kẻ mắt:** Tạo đường kẻ sắc sảo, đặc biệt là eyeliner cánh gà. * **Tạo khối:** Định hình sống mũi, đường quai hàm. * **Chải chân mày:** Chuốt gel, tô bột hoặc vẽ chân mày. * **Tô son:** Tạo đường viền môi chính xác."
Large stippling brush có công dụng gì?,"Large stippling brush (cọ chấm lớn) là công cụ tuyệt vời để tạo lớp nền mỏng nhẹ, tự nhiên như da thật. Cọ được dùng để tán kem nền, phấn nước hoặc kem che khuyết điểm bằng cách chấm nhẹ, không gây vệt hay làm dày lớp trang điểm. Ngoài ra, cọ còn phù hợp để đánh highlight hoặc bronzer một cách tinh tế."
Tapered blending brush dùng ra sao?,"Cọ tán hình nón (tapered blending brush) là công cụ lý tưởng để tán màu mắt, tạo chiều sâu và làm mờ đường viền sắc nét. Đầu cọ nhỏ, vát giúp tập trung màu vào những vùng cụ thể như hốc mắt, khóe mắt hoặc dọc theo đường chân mi dưới. Chuyển động xoay tròn hoặc vuốt nhẹ để đạt hiệu quả tốt nhất."
Pointed foundation brush phù hợp với gì?,"Cọ nền đầu nhọn (Pointed foundation brush) lý tưởng để che phủ các vùng nhỏ, khó tiếp cận như quầng thâm mắt, vết mụn, hoặc các nốt đỏ. Cọ giúp bạn thoa kem nền một cách chính xác, tạo lớp nền mỏng nhẹ, tự nhiên và kiểm soát lượng sản phẩm tốt hơn so với các loại cọ khác."
Flat contour brush dùng để làm gì?,"Cọ contour dẹt (flat contour brush) được thiết kế để tạo khối và đường nét cho khuôn mặt một cách chính xác. Với bề mặt cọ dẹt và lông dày, cọ giúp bạn dễ dàng tán đều sản phẩm contouring (phấn hoặc kem) theo đường xương gò má, sống mũi, hoặc viền hàm, tạo hiệu ứng chiều sâu và thon gọn."
Small dome brush có công dụng gì?,"Cọ đầu tròn (small dome brush) là công cụ đa năng, thường dùng để tán phấn mắt tập trung ở vùng hốc mắt, tạo chiều sâu và làm nổi bật đôi mắt. Ngoài ra, cọ còn phù hợp để thoa kem che khuyết điểm ở các vùng nhỏ như khóe mũi, vết thâm hoặc bọng mắt, giúp che phủ hoàn hảo và tự nhiên."
Angled blush brush dùng ra sao?,"Cọ má góc (Angled blush brush) lý tưởng để tạo khối và đánh má hồng. Véo nhẹ cọ, lấy sản phẩm và gõ nhẹ để loại bỏ phần thừa. Đánh má hồng theo đường xương gò má, hướng lên thái dương. Để tạo khối, dùng màu tối hơn và đánh dưới xương gò má, tạo chiều sâu cho khuôn mặt."
Large angled brush phù hợp với gì?,"Large angled brush (cọ góc lớn) là công cụ đa năng, lý tưởng cho nhiều bước trang điểm. Bạn có thể dùng để đánh khối (contouring) tạo đường nét cho khuôn mặt, đánh highlight gò má, hoặc tán phấn má hồng một cách chính xác. Cọ cũng rất hiệu quả khi điền bột lông mày, tạo dáng sắc sảo."
Precision lip brush dùng khi nào?,"Cọ tô son môi Precision (cọ đầu nhỏ, dẹt) dùng để tạo đường viền môi sắc nét, đặc biệt khi đánh son màu đậm hoặc cần độ chính xác cao. Nó giúp son không bị lem, tạo hình môi đầy đặn và hỗ trợ che đi những khuyết điểm nhỏ trên môi. Cọ này cũng lý tưởng khi dùng với son kem lì."
Làm sao làm sạch cọ bằng dầu ô liu?,"Để làm sạch cọ trang điểm bằng dầu ô liu, bạn hãy thấm một lượng nhỏ dầu ô liu lên cọ, massage nhẹ nhàng để hòa tan mỹ phẩm. Sau đó, dùng sữa rửa mặt dịu nhẹ hoặc dầu gội em bé pha loãng với nước ấm để rửa sạch cọ. Cuối cùng, xả kỹ bằng nước sạch và phơi khô tự nhiên."
Small fluffy brush dùng để làm gì?,"Cọ nhỏ, tơi (small fluffy brush) thường được dùng để tán phấn mắt, đặc biệt là phấn nhũ hoặc phấn có màu sáng. Cọ giúp tạo hiệu ứng mềm mại, nhẹ nhàng, làm nổi bật vùng mắt mà không gây vón cục. Ngoài ra, cọ còn có thể dùng để highlight nhẹ nhàng vùng xương gò má hoặc nhân trung."
Round contour brush có công dụng gì?,"Cọ contour tròn (Round contour brush) có công dụng chính là tạo khối và đường nét mềm mại cho khuôn mặt. Thiết kế đầu cọ tròn giúp dễ dàng tán đều sản phẩm contour, tạo hiệu ứng tự nhiên, không bị vạch. Cọ phù hợp với cả contour kem và phấn, đặc biệt lý tưởng cho những người mới bắt đầu tập contour."
Flat top brush dùng ra sao?,"Cọ Flat Top (cọ đầu phẳng) đa năng, thường dùng để: * **Phủ nền:** Tạo lớp nền mịn, đều, che phủ tốt. * **Tạo khối:** Đánh khối nhẹ nhàng, tự nhiên. * **Phấn phủ:** Cố định lớp nền, giảm bóng dầu. * **Highlight:** Áp dụng highlight dạng kem hoặc lỏng. Đầu cọ phẳng giúp blend sản phẩm dễ dàng, không gây vệt."
Long bristle brush phù hợp với gì?,"Cọ lông tự nhiên (long bristle brush) lý tưởng để tán các sản phẩm dạng bột như phấn phủ, phấn má hồng và phấn mắt. Lông tự nhiên giúp lấy và giữ bột tốt, cho lớp nền mịn màng, tự nhiên và bám da hơn so với cọ sợi tổng hợp. Tuy nhiên, cần vệ sinh cọ thường xuyên để tránh tích tụ vi khuẩn."
Làm sao chọn cọ cho phấn mắt shimmer?,"Để chọn cọ phấn mắt shimmer, hãy ưu tiên cọ đầu nhỏ, dẹt hoặc hình nón, lông mềm mại (tổng hợp hoặc tự nhiên chất lượng tốt). Cọ dẹt giúp tán đều shimmer trên bầu mắt, còn cọ nón thích hợp đánh highlight hoặc nhấn nhá khóe mắt. Quan trọng là cọ phải lấy và thả bột shimmer tốt, tránh rơi rụng."
Large dome brush dùng khi nào?,"Cọ đầu tròn lớn (large dome brush) là công cụ đa năng, thường dùng để tán phấn má hồng, tạo khối nhẹ nhàng hoặc highlight trên gò má. Với thiết kế đầu cọ xù xì, mềm mại, nó giúp hòa trộn sản phẩm một cách tự nhiên, mang lại vẻ ngoài mềm mại, không bị vón cục. Bạn cũng có thể dùng để đánh phấn mắt cho màu sắc nhẹ"
Small precision brush có công dụng gì?,"Cọ nhỏ, chính xác (small precision brush) là công cụ đa năng, chuyên dùng cho các chi tiết nhỏ trong trang điểm. Cọ giúp bạn tán kem che khuyết điểm dưới mắt, tạo khối, highlight vùng chữ T, hoặc vẽ eyeliner sắc sảo. Đầu cọ nhỏ giúp kiểm soát lượng sản phẩm, mang lại hiệu ứng tự nhiên, tỉ mỉ."
Angled fan brush dùng ra sao?,"Angled fan brush (cọ quạt vát) đa năng, thường dùng để: * **Highlight:** Tạo hiệu ứng glow tự nhiên, tập trung highlight lên gò má, sống mũi. * **Contour:** Tán đều đường contour, tạo khối nhẹ nhàng. * **Phấn phủ:** Áp phấn phủ mỏng, loại bỏ bóng dầu. * **Tạo lớp nền:** Phủ một lớp phấn mỏng nhẹ, giúp lớp nền mịn màng."
Pointed highlighter brush phù hợp với gì?,"Cọ highlight đầu nhọn (pointed highlighter brush) lý tưởng để highlight những vùng nhỏ, cụ thể trên khuôn mặt. Bạn có thể dùng để đánh highlight đường sống mũi, nhân trung, khóe mắt, xương chân mày và đỉnh gò má. Đầu nhọn giúp kiểm soát lượng sản phẩm, tạo hiệu ứng bắt sáng tự nhiên, sắc nét."
Làm sao vệ sinh silicone sponge?,"Để vệ sinh mút trang điểm silicone, bạn dùng nước rửa chén dịu nhẹ hoặc dầu tẩy trang, nhẹ nhàng bóp và xoa đều. Rửa sạch lại với nước ấm, sau đó để khô tự nhiên ở nơi thoáng mát. Tránh dùng nước nóng hoặc chất tẩy rửa mạnh vì có thể làm hỏng silicone. Vệ sinh thường xuyên sau mỗi lần dùng để đảm bảo vệ sinh và kéo"
Small flat brush dùng để làm gì?,"Cọ nhỏ, dẹt (small flat brush) là dụng cụ đa năng trong trang điểm. Cọ thường được dùng để tán phấn mắt lên mí mắt, tạo đường viền mắt sắc nét hoặc tô điểm đường chân mày. Ngoài ra, cọ còn hữu ích trong việc che phủ các khuyết điểm nhỏ hoặc làm nổi bật vùng gò má."
Round fluffy brush có công dụng gì?,"Cọ tròn xù (Round fluffy brush) là công cụ đa năng trong trang điểm. Cọ được dùng để tán phấn má hồng, tạo khối nhẹ nhàng, hoặc highlight ở những vùng cao trên khuôn mặt. Nhờ độ mềm mại và độ xù của lông, cọ giúp tạo hiệu ứng tự nhiên, hòa trộn tốt và không gây vệt."
Tapered contour brush dùng ra sao?,"Cọ contour vát (tapered contour brush) lý tưởng để tạo khối và đường nét cho khuôn mặt. Bạn dùng cọ lấy một lượng nhỏ phấn contour, gõ nhẹ để loại bỏ phần thừa. Áp dụng dọc theo xương gò má, đường viền hàm và hai bên sống mũi, tán đều để có hiệu ứng tự nhiên, không bị vạch."
Large precision brush phù hợp với gì?,"Large precision brush (cọ lớn chính xác) rất đa năng! Cọ này lý tưởng để đánh khối (contour), tạo khối highlight trên gò má, hoặc thoa phấn má hồng một cách chính xác. Bạn cũng có thể dùng để đánh phấn bronzer hoặc phủ một lớp phấn nhẹ lên toàn bộ khuôn mặt. Kích thước lớn giúp thao tác nhanh chóng, còn độ chính xác đảm bảo đường nét sắc"
Làm sao chọn cọ cho da dầu?,"Với da dầu, ưu tiên cọ làm từ sợi tổng hợp vì chúng ít hấp thụ dầu thừa hơn so với lông tự nhiên. Chọn cọ đầu chặt, lông mềm mại để dễ dàng tán đều sản phẩm mà không gây bí da. Cọ đầu phẳng hoặc vát giúp kiểm soát lượng sản phẩm tốt hơn, tránh làm bóng nhờn da."
Small round brush dùng khi nào?,"Cọ tròn nhỏ thường được dùng để tạo khối, đánh highlight ở những vùng nhỏ như sống mũi, khóe mắt, hoặc nhân trung. Cọ cũng rất hữu ích để thoa kem che khuyết điểm ở các nốt mụn hoặc vùng da cần che phủ kỹ lưỡng, giúp bạn kiểm soát lượng sản phẩm tốt hơn."
Angled precision brush có công dụng gì?,"Angled precision brush (cọ vát đầu) là công cụ đa năng, chuyên dùng để tạo khối (contouring) và đánh highlight. Đầu vát giúp bạn dễ dàng xác định đường nét khuôn mặt, tạo chiều sâu và làm nổi bật các điểm trên gương mặt. Ngoài ra, cọ còn có thể dùng để tô chân mày, tạo đường viền mắt sắc sảo."
Large flat brush dùng để làm gì?,"Cọ phẳng lớn (Large flat brush) đa năng, thường dùng để đánh phấn má hồng, phấn bronzer hoặc highlight trên gò má. Với thiết kế bản rộng, cọ giúp tán đều sản phẩm, tạo khối nhẹ nhàng và mang lại lớp phủ tự nhiên, không gây vệt. Bạn cũng có thể dùng để đánh phấn phủ trên các vùng da rộng."
Pointed blending brush phù hợp với gì?,"Cọ blending đầu nhọn (pointed blending brush) lý tưởng để tán màu trong các vùng nhỏ, khó tiếp cận như hốc mắt, đường chân mày, hoặc tạo khối chữ V dưới cằm. Đầu nhọn giúp kiểm soát chính xác lượng sản phẩm, tạo hiệu ứng chuyển màu mờ ảo, sắc nét và tập trung vào điểm nhấn mong muốn."
Làm sao làm sạch cọ bằng giấm?,"Để làm sạch cọ trang điểm bằng giấm, bạn pha dung dịch 1:1 giữa giấm trắng và nước. Ngâm cọ trong khoảng 30 phút, sau đó xả sạch bằng nước ấm. Nhẹ nhàng bóp nhẹ đầu cọ để loại bỏ cặn bẩn. Cuối cùng, để cọ khô hoàn toàn trên khăn giấy, tránh ánh nắng trực tiếp. Giấm giúp khử trùng và làm mềm sợi cọ."
Small tapered brush dùng ra sao?,"Cọ nhỏ đầu vát (small tapered brush) là công cụ đa năng trong trang điểm. Dùng để tán phấn mắt tại vùng khó như khóe mắt, tạo khối mắt sâu, hoặc highlight đường xương chân mày. Ngoài ra, cọ còn phù hợp để che phủ các khuyết điểm nhỏ, vẽ eyeliner mảnh hoặc thoa son lên môi một cách chính xác."
Round stippling brush có công dụng gì?,"Cọ stippling tròn (Round stippling brush) là công cụ tuyệt vời để tạo lớp nền mịn màng, tự nhiên như da thật. Cọ được dùng để tán kem nền, kem che khuyết điểm hoặc phấn nước theo kiểu chấm nhẹ, giúp che phủ lỗ chân lông và tạo hiệu ứng lì, không gây dày phấn."
Large fluffy brush dùng khi nào?,"Cọ lớn, xốp (large fluffy brush) thường được dùng để tán phấn phủ hoặc phấn bronzer. Với thiết kế lông mềm mại, cọ giúp phấn bám đều lên da, tạo lớp nền mịn màng, tự nhiên. Bạn cũng có thể dùng cọ này để đánh highlight nhẹ nhàng trên gò má hoặc xương quai xanh."
Precision contour brush phù hợp với gì?,"Cọ contour chính xác (Precision contour brush) lý tưởng để tạo khối và highlight đường nét khuôn mặt một cách tỉ mỉ. Với đầu cọ nhỏ, vát chéo, nó giúp bạn dễ dàng xác định xương gò má, sống mũi, đường viền hàm và nhân trung. Cọ phù hợp với cả sản phẩm kem và phấn, mang lại hiệu ứng sắc sảo, tự nhiên."
Makeup cho tiệc tối nên chú ý gì?,"Makeup tiệc tối nên tập trung vào đôi mắt và môi để tạo điểm nhấn. Chọn tông màu đậm, có chiều sâu như mắt khói, hoặc đánh highlight lấp lánh. Đừng quên lớp nền hoàn hảo, che khuyết điểm kỹ càng và khóa bằng phấn phủ. Lưu ý giữ cho lớp makeup bền lâu với xịt khóa."
Cách tạo makeup cho chụp ảnh cưới?,"Makeup chụp ảnh cưới cần ưu tiên sự tự nhiên, bền màu và lên hình đẹp. Hãy tập trung vào lớp nền hoàn hảo, che khuyết điểm kỹ lưỡng. Mắt nhấn nhá nhẹ nhàng với tông màu ấm, tránh quá lòe loẹt. Son môi chọn màu nude, hồng đào hoặc đỏ cam để tươi tắn. Đừng quên khóa lớp makeup bằng xịt khoáng để giữ lâu trôi nhé!"
Makeup cho sự kiện ngoài trời cần sản phẩm gì?,"Makeup cho sự kiện ngoài trời cần ưu tiên độ bền và khả năng chống nắng. Hãy chọn kem nền, phấn phủ, má hồng, son môi có kết cấu lì hoặc bán lì, chống thấm nước. Đừng quên kem chống nắng, xịt khóa makeup và giấy thấm dầu để giữ lớp trang điểm tươi tắn suốt sự kiện."
Cách tạo makeup cho da sáng kiểu Hàn Quốc?,"Để có lớp makeup da sáng kiểu Hàn Quốc, hãy tập trung vào làn da căng bóng, tự nhiên. Bắt đầu với lớp nền mỏng nhẹ, sử dụng cushion hoặc kem nền có độ che phủ vừa phải. Đừng quên thoa kem chống nắng. Tiếp đó, đánh má hồng phớt nhẹ, tập trung vào vùng gò má. Cuối cùng, son môi tone màu tươi tắn sẽ hoàn thiện vẻ ngoài"
Makeup cho da ngăm kiểu Âu Mỹ nên dùng màu gì?,"Da ngăm kiểu Âu Mỹ rất hợp với các tông màu ấm và nổi bật. Nên ưu tiên phấn má hồng, son môi màu cam đất, đỏ gạch, hoặc berry. Với mắt, hãy thử các màu đồng, vàng gold, hoặc tím plum. Tránh các màu pastel quá nhạt hoặc quá sáng, chúng có thể làm da trông xám xịt."
Mẹo làm makeup cho mắt sụp?,"Với mắt sụp, hãy tạo hiệu ứng nâng mí bằng cách: * **Tạo khối:** Đánh tối phần hốc mắt và làm sáng bọng mắt. * **Kẻ mắt:** Kẻ mắt mảnh, tập trung 2/3 đường mắt ngoài, kéo dài và nâng đuôi mắt. * **Mascara:** Chải mascara tập trung vào mi cong và dày. * **Phấn mắt:** Sử dụng phấn mắt sáng ở vùng bọng mắt."
Makeup cho buổi hẹn hò nên thế nào?,"Makeup cho buổi hẹn hò nên tập trung vào vẻ tự nhiên, tươi tắn. Ưu tiên lớp nền mỏng nhẹ, che khuyết điểm vừa đủ. Đôi mắt có thể dùng phấn mắt tone màu ấm, đánh mascara để dài mi. Son môi chọn màu sắc phù hợp với màu da, tránh quá nổi bật. Quan trọng nhất là bạn cảm thấy tự tin với chính mình!"
Cách tạo makeup cho da dầu kiểu Nhật Bản?,"Makeup kiểu Nhật cho da dầu tập trung vào lớp nền mịn lì, kiểm soát dầu thừa. Bắt đầu với lớp lót kiềm dầu, sau đó dùng kem nền mỏng nhẹ, có độ che phủ vừa phải. Phấn bột trong suốt khóa lớp nền, đặc biệt vùng chữ T. Ưu tiên màu mắt, má hồng nhẹ nhàng, son môi tươi tắn để hoàn thiện vẻ ngoài tự nhiên, thanh tú."
Makeup cho lễ hội cần sản phẩm gì?,"Để makeup lễ hội thật ấn tượng, bạn cần: * **Kem nền/BB cream** bền màu, kiềm dầu tốt. * **Phấn mắt lấp lánh**, màu sắc nổi bật. * **Kẻ mắt waterproof** để giữ nét cả ngày. * **Má hồng/highlighter** tạo hiệu ứng tỏa sáng. * **Son môi lâu trôi** với màu sắc rực rỡ. * **Keo dán/đính đá** nếu muốn trang trí thêm. * **Xịt khóa makeup** để giữ lớp"
Mẹo làm makeup cho môi dày?,"Với môi dày, hãy tập trung cân bằng tỷ lệ khuôn mặt. Sử dụng son nude hoặc màu trung tính để tránh làm môi trông quá nổi bật. Kẻ viền môi mỏng hơn một chút so với đường viền tự nhiên, sau đó thoa son. Bạn có thể dùng son bóng ở giữa môi để tạo hiệu ứng căng mọng tự nhiên."
Makeup cho tiệc cưới ban ngày nên thế nào?,"Makeup cho tiệc cưới ban ngày nên ưu tiên sự tươi tắn, tự nhiên. Tập trung vào lớp nền nhẹ nhàng, che khuyết điểm vừa đủ. Màu mắt tone hồng đào, cam đất hoặc nâu nhạt sẽ phù hợp. Son môi chọn màu hồng san hô, nude hoặc đỏ cam tươi tắn. Đừng quên khóa lớp makeup để bền màu suốt buổi tiệc nhé!"
Cách tạo makeup cho da khô kiểu Âu Mỹ?,"Da khô kiểu Âu Mỹ cần ưu tiên dưỡng ẩm. Bắt đầu với lớp kem dưỡng ẩm giàu hyaluronic acid. Chọn nền dạng kem hoặc lỏng, có độ ẩm cao, tránh phấn bột. Đánh highlight dạng kem ở gò má, sống mũi để da căng bóng. Son dưỡng ẩm và màu son trầm ấm hoàn thiện vẻ ngoài khỏe khoắn, tự nhiên."
Makeup cho sự kiện công ty cần lưu ý gì?,"Makeup cho sự kiện công ty cần ưu tiên sự chuyên nghiệp, tinh tế. Chọn tông màu trung tính, tự nhiên, tập trung vào làm nổi bật ưu điểm khuôn mặt. Tránh màu sắc quá sặc sỡ hoặc kỹ thuật trang điểm cầu kỳ. Đảm bảo lớp nền bền vững, kiểm soát dầu tốt và đôi mắt không quá nặng nề để tạo vẻ ngoài chỉn chu, tự tin."
Mẹo làm makeup cho mắt lồi?,"Với mắt lồi, hãy tập trung vào kỹ thuật tạo chiều sâu. Sử dụng phấn mắt tối màu ở hốc mắt để tạo bóng, tránh tô đậm phần bọng mắt. Kẻ mắt mảnh, sát đường chân mi trên và chuốt mascara tập trung vào mi giữa để cân bằng. Tránh highlight góc mắt để mắt không bị lồi hơn."
Makeup cho chụp ảnh thời trang nên thế nào?,"Makeup cho chụp ảnh thời trang cần khác biệt so với makeup hàng ngày. Ưu tiên độ che phủ cao, làm nổi bật đường nét và tạo hiệu ứng 3D trên khuôn mặt. Đôi mắt thường được nhấn nhá mạnh với eyeshadow, eyeliner và mascara. Son môi nên chọn màu sắc tương phản hoặc nổi bật để thu hút ánh nhìn. Quan trọng nhất là phải phù hợp với concept"
Cách tạo makeup cho da nhạy cảm kiểu Hàn Quốc?,"Makeup kiểu Hàn cho da nhạy cảm cần ưu tiên tối giản và dịu nhẹ. Chọn sản phẩm có thành phần tự nhiên, không cồn, hương liệu. Luôn dùng kem lót dưỡng ẩm, nền dạng cushion mỏng nhẹ, thay vì kem nền dày. Tập trung vào đôi mắt và môi với tông màu pastel, tránh đánh quá đậm. Cuối cùng, tẩy trang kỹ lưỡng là bước không thể bỏ qua."
Makeup cho tiệc sinh nhật nên dùng màu gì?,"Với tiệc sinh nhật, bạn có thể chọn màu sắc tươi sáng, trẻ trung như hồng đào, cam san hô hoặc đỏ tươi cho đôi môi và má. Mắt có thể dùng phấn mắt màu champagne, nâu đồng hoặc tím nhạt để tạo chiều sâu. Lưu ý, nên ưu tiên tông màu hợp với màu da và trang phục để có vẻ ngoài hài hòa, rạng rỡ nhất nhé!"
Mẹo làm makeup cho lông mày không đều?,"Để khắc phục lông mày không đều, bạn có thể sử dụng các sản phẩm như chì kẻ mày, phấn mày hoặc gel mày. Hãy bắt đầu bằng việc chải lông mày theo chiều mọc tự nhiên. Sau đó, nhẹ nhàng tô điểm vào những chỗ thưa, vẽ lại hình dáng cân đối và dùng lược chải lại để hòa trộn màu sắc tự nhiên."
Makeup cho sự kiện ban ngày cần sản phẩm gì?,"Makeup cho sự kiện ban ngày nên ưu tiên nhẹ nhàng, tự nhiên. Bạn cần: kem nền/BB cream mỏng nhẹ, phấn phủ dạng bột, má hồng tone đào/cam đất, son môi màu nude/ hồng san hô. Thêm chút mascara và kẻ mắt mảnh để đôi mắt trông tươi tắn hơn. Đừng quên kem chống nắng trước khi makeup nhé!"
Cách tạo makeup cho da nám kiểu Nhật Bản?,"Makeup kiểu Nhật cho da nám tập trung che phủ nhẹ nhàng, tự nhiên. Dùng kem lót màu hồng/cam để trung hòa sắc tố nám. Tiếp đến, dùng kem nền mỏng, độ che phủ vừa phải, tán đều. Che khuyết điểm (nám) bằng concealer màu da, sau đó phủ lớp phấn bột mỏng. Ưu tiên màu má hồng đào, son môi nude/hồng nhạt để tạo vẻ tươi tắn."
Cọ nào phù hợp cho makeup sân khấu?,"Với makeup sân khấu, cần cọ chất lượng cao, bền và đa dạng. Cọ nền (foundation) đầu bằng hoặc đầu vát giúp tán đều. Cọ phấn phủ (powder) lớn, mềm mại để khóa lớp nền. Cọ mắt (eyeshadow) nhiều kích cỡ, cọ blending để tạo chiều sâu. Cọ contour, highlight giúp tạo khối và làm nổi bật đường nét. Quan trọng nhất là vệ sinh cọ thường xuyên."
Làm sao chọn beauty blender cho makeup cô dâu?,"Để chọn beauty blender cho makeup cô dâu, ưu tiên loại có độ đàn hồi tốt, không gây kích ứng da và khả năng giữ nước cao. Nên chọn size lớn để tăng tốc độ makeup, chất liệu không latex nếu cô dâu có dị ứng. Màu nude hoặc trắng dễ quan sát lượng sản phẩm còn lại và đảm bảo không làm lẫn màu makeup."
Cách vệ sinh cọ sau makeup nghệ thuật?,"Chào bạn! Vệ sinh cọ sau makeup nghệ thuật rất quan trọng để đảm bảo vệ sinh và kéo dài tuổi thọ cọ. Bạn có thể dùng nước rửa cọ chuyên dụng hoặc dầu baby để làm sạch. Xả sạch lại với nước ấm, vắt nhẹ và phơi khô đầu cọ xuống dưới. Tránh phơi trực tiếp dưới ánh nắng mặt trời."
Làm sao chọn cọ cho phấn mắt neon?,"Để đánh phấn mắt neon, bạn nên chọn cọ nhỏ, đầu bằng hoặc đầu vát. Cọ đầu bằng giúp tán đều màu trên bầu mắt, còn cọ vát thích hợp tạo điểm nhấn hoặc đánh phần khó như đuôi mắt. Chất liệu cọ mềm, dày dặn sẽ giúp màu neon bám tốt và không bị vón cục."
Cọ nào tốt cho makeup tiệc tối?,"Để makeup tiệc tối, bạn nên ưu tiên các loại cọ sau: * **Cọ đánh phấn:** Tạo khối, highlight giúp gương mặt sắc sảo. * **Cọ mắt:** Đa dạng kích cỡ để tán phấn mắt, tạo chiều sâu. * **Cọ môi:** Định hình đôi môi sắc nét. * **Cọ má hồng:** Tán đều màu, tạo vẻ tươi tắn. Chọn cọ chất lượng tốt, lông mềm mại để đảm bảo lớp"
Làm sao bảo quản cọ khi di chuyển?,"Để bảo quản cọ trang điểm khi di chuyển, bạn nên làm sạch cọ sau mỗi lần sử dụng và để khô hoàn toàn. Sử dụng túi đựng cọ chuyên dụng hoặc bọc từng cọ bằng khăn giấy, sau đó cho vào hộp đựng kín. Tránh để cọ tiếp xúc trực tiếp với nhiệt độ cao hoặc ánh nắng mặt trời."
Cách chọn cọ cho da mụn?,"Khi chọn cọ trang điểm cho da mụn, ưu tiên cọ sợi tổng hợp mềm mại, kháng khuẩn. Tránh cọ sợi tự nhiên vì dễ bám vi khuẩn, làm tình trạng mụn trầm trọng hơn. Chọn cọ đầu tròn, lông mịn để tránh gây kích ứng, tổn thương da. Vệ sinh cọ thường xuyên bằng dung dịch chuyên dụng để đảm bảo vệ sinh."
Làm sao làm sạch beauty blender sau makeup glitter?,"Glitter có thể khó làm sạch beauty blender! Hãy làm theo các bước sau: 1. Rửa sạch blender dưới nước ấm với xà phòng dịu nhẹ, bóp nhẹ nhàng. 2. Sử dụng miếng rửa chén hoặc bàn chải làm sạch chuyên dụng cho beauty blender để loại bỏ glitter bám sâu. 3. Xả kỹ và lặp lại nếu cần. 4. Để khô hoàn toàn trước khi sử dụng lại."
Cọ nào phù hợp cho makeup tự nhiên?,"Để trang điểm tự nhiên, bạn nên ưu tiên các loại cọ mềm mại, đầu cọ vát hoặc tròn. Cụ thể: * **Cọ nền:** Cọ đầu bằng hoặc cọ kabuki để tán đều lớp nền mỏng nhẹ. * **Cọ phấn má:** Cọ vát xéo để tạo khối nhẹ nhàng. * **Cọ mắt:** Cọ blending để tán màu mắt mềm mại, cọ nhỏ để đánh highlight."
Làm sao chọn cọ cho phấn mắt metallic?,"Để đánh phấn mắt metallic, bạn nên chọn cọ đầu bằng, dẹt và dày dặn. Chất liệu lông cọ nên là lông tổng hợp mềm mại để giúp phấn bám đều và không bị bay phấn. Kích thước cọ tùy thuộc vào diện tích bầu mắt cần đánh, nhưng nên ưu tiên loại vừa phải để dễ dàng kiểm soát lượng phấn."
Makeup cho da dầu cần bước nào quan trọng?,"Với da dầu, các bước quan trọng nhất là: 1. **Làm sạch sâu:** Loại bỏ dầu thừa, bụi bẩn. 2. **Toner cân bằng:** Se khít lỗ chân lông. 3. **Kem dưỡng ẩm:** Chọn loại nhẹ, không gây bí. 4. **Kiểm soát dầu:** Sử dụng primer kiềm dầu trước khi đánh phấn. 5. **Phấn phủ:** Cố định lớp makeup, giảm bóng dầu."
Cách tạo makeup cho da khô kiểu Nhật Bản?,"Makeup kiểu Nhật cho da khô tập trung vào dưỡng ẩm và lớp nền mịn màng. Bắt đầu bằng lớp kem dưỡng ẩm sâu. Tiếp theo, dùng primer cấp ẩm, sau đó đánh lớp nền mỏng, ẩm mịn (BB cream hoặc cushion). Dùng phấn phủ dạng bột nhẹ nhàng để khóa lớp nền. Cuối cùng, nhấn nhá má hồng đào và son dưỡng ẩm để hoàn thiện."
Makeup cho da mụn cần bước nào đầu tiên?,"Bước đầu tiên quan trọng nhất khi trang điểm cho da mụn là **làm sạch và dưỡng ẩm kỹ lưỡng**. Sử dụng sữa rửa mặt dịu nhẹ, không chứa dầu, sau đó thoa kem dưỡng ẩm không gây bí da. Việc này giúp làm dịu da, giảm viêm và tạo lớp nền mịn màng cho các bước trang điểm tiếp theo, đồng thời bảo vệ da khỏi các tác nhân"
Cách tạo makeup cho da nám kiểu Âu Mỹ?,"Với da nám kiểu Âu Mỹ, ưu tiên che phủ hoàn toàn nhưng vẫn tự nhiên. Dùng kem lót màu da hoặc cam để trung hòa sắc tố nám. Tiếp đến, dùng kem nền che phủ tốt, tán kỹ bằng cọ hoặc mút. Che khuyết điểm cho các đốm nám đậm. Hoàn thiện với phấn phủ để khóa lớp nền, tránh làm lộ vân nám."
Makeup cho da nhạy cảm cần bước nào cuối?,"Bước cuối cùng trong trang điểm cho da nhạy cảm là **khóa lớp nền bằng xịt khóa makeup dịu nhẹ, không cồn**. Việc này giúp giữ lớp trang điểm bền lâu, đồng thời tạo một lớp bảo vệ mỏng nhẹ, giảm thiểu ma sát và kích ứng từ môi trường. Ưu tiên xịt khóa có thành phần dưỡng ẩm, làm dịu da."
Cách tạo makeup cho da hỗn hợp kiểu Hàn Quốc?,"Makeup kiểu Hàn cho da hỗn hợp tập trung cân bằng ẩm và kiểm soát dầu. Bắt đầu với lớp lót kiềm dầu vùng T, cấp ẩm vùng còn lại. Nền trang điểm mỏng nhẹ, cushion hoặc foundation dạng lỏng là lựa chọn tốt. Đừng quên phấn phủ dạng bột khoáng để cố định lớp nền, tránh bóng dầu. Điểm nhấn nhẹ nhàng ở mắt và môi là hoàn hảo!"
Makeup cho da lão hóa nên tránh gì?,"Trang điểm cho da lão hóa nên tránh: * **Kem nền quá dày:** Gây nặng mặt, bám vào nếp nhăn. Ưu tiên nền mỏng nhẹ, ẩm mịn. * **Phấn bột quá nhiều:** Làm khô da, lộ rãnh nhăn. * **Màu son quá tối/sẫm:** Làm da xỉn màu, già hơn. * **Highlight quá bóng:** Lộ nếp nhăn, da không đều màu. * **Tránh tập trung makeup vào nếp nhăn:** Làm chúng"
Cách tạo makeup cho da sáng kiểu Âu Mỹ?,"Để có makeup da sáng kiểu Âu Mỹ, tập trung vào lớp nền hoàn hảo: dùng kem nền che phủ tốt, kết hợp highlighter ở gò má, sống mũi, trán và nhân trung. Đừng quên tán má hồng đào hoặc hồng san hô để tăng vẻ khỏe khoắn. Mắt nhấn nhá bằng phấn mắt nâu đồng, eyeliner và mascara dày. Son môi nude hoặc màu berry hoàn thiện phong cách."
Makeup cho da ngăm cần bước nào quan trọng?,"Với da ngăm, bước quan trọng nhất là **đánh lót (primer) màu cam hoặc đào** để trung hòa sắc tố da, giúp da sáng hơn và lớp nền mịn màng. Tiếp đó, chọn **kem nền và phấn nền tone ấm**, tránh các màu quá trắng hoặc xám. Cuối cùng, **tập trung vào đôi mắt và môi với màu sắc nổi bật** như cam đất, đỏ cam, hoặc burgundy để tạo"
Cách tạo makeup cho da dầu kiểu Âu Mỹ?,"Da dầu kiểu Âu Mỹ cần lớp nền kiểm soát dầu tốt. Bắt đầu với lớp lót kiềm dầu, sau đó dùng foundation matte hoặc cushion kiềm dầu. Cố định bằng phấn bột, đặc biệt vùng chữ T. Tập trung đánh highlight nhẹ nhàng, tránh bóng dầu. Son lì và phấn má hồng dạng bột là lựa chọn phù hợp."
Kỹ thuật nào phù hợp cho makeup sân khấu?,"Makeup sân khấu cần kỹ thuật khác biệt để đảm bảo khuôn mặt rõ nét dưới ánh đèn. Ưu tiên **makeup đậm**, sử dụng **contouring và highlighting** mạnh để tạo khối và chiều sâu. **Màu sắc đậm, tươi** và **phấn mắt nhũ** giúp thu hút ánh nhìn. **Lớp nền bền vững**, **son môi lì** và **mascara chống thấm nước** là lựa chọn tối ưu. Quan trọng nhất là **cố định"
Cách tạo makeup cho mắt một mí kiểu Nhật Bản?,"Makeup mắt một mí kiểu Nhật Bản tập trung vào sự tự nhiên, tinh tế. Đầu tiên, dùng phấn mắt màu nude hoặc nâu nhạt tán đều bầu mắt. Kẻ eyeliner mảnh, hơi cong ở đuôi mắt, không quá dài. Chuốt mascara nhẹ nhàng để làm cong mi. Cuối cùng, dùng highlighter ở khóe mắt để tạo chiều sâu."
Kỹ thuật nào tốt cho makeup cô dâu?,"Với makeup cô dâu, ưu tiên hàng đầu là sự bền vững và tự nhiên. Kỹ thuật **contouring nhẹ nhàng** giúp định hình khuôn mặt, **highlight** tạo điểm nhấn, và **phấn mắt tông màu nude/hồng đào** phù hợp nhiều phong cách. **Sử dụng kem nền lâu trổ, phấn phủ kiềm dầu** và **son môi bán lì** giúp makeup bền màu suốt ngày dài. Đừng quên **chuốt mi cong và kỹ**"
Cách tạo makeup cho mắt sụp kiểu Âu Mỹ?,"Với mắt sụp kiểu Âu Mỹ, hãy tập trung tạo chiều sâu và nâng mí. Bắt đầu với phấn mắt tối ở hốc mắt, blend đều lên trên. Sử dụng eyeliner mảnh, kéo dài đuôi mắt hướng lên trên để tạo hiệu ứng lift. Đừng quên mascara cho cả mi trên và mi dưới để mở rộng đôi mắt."
Kỹ thuật nào phù hợp cho makeup tiệc tối?,"Makeup tiệc tối nên tập trung vào đôi mắt và đôi môi. Kỹ thuật *smoky eyes* với tông màu đậm (đen, nâu, tím) giúp mắt sâu hút. Kèm theo là lớp phấn mắt nhũ lấp lánh. Son môi đỏ, burgundy hoặc nude matte sẽ hoàn thiện vẻ ngoài quyến rũ. Đừng quên đánh khối và highlight để tạo đường nét sắc sảo."
Cách tạo makeup cho mắt lồi kiểu Hàn Quốc?,"Để tạo makeup mắt lồi kiểu Hàn Quốc, bạn nên tập trung vào kỹ thuật tạo chiều sâu. Sử dụng phấn mắt màu tối (nâu, xám) tán đều ở hốc mắt, nhấn nhá đường mi dưới bằng chì kẻ mắt hoặc phấn mắt tối màu. Kẻ eyeliner mảnh, hơi cong ở đuôi mắt và sử dụng mascara để làm dày mi trên. Tránh đánh highlight quá nhiều ở bọng mắt."
Kỹ thuật nào tốt cho makeup chụp ảnh?,"Để makeup chụp ảnh đẹp, ưu tiên kỹ thuật **contouring và highlighting** để tạo chiều sâu, khắc phục khuyết điểm. Sử dụng **phấn mắt và son môi có sắc tố mạnh** để nổi bật trên ảnh. **Chuốt mi kỹ** và **cố định lớp nền** bằng xịt khóa để đảm bảo makeup bền màu, không bị bóng dầu khi chụp."
Cách tạo makeup cho mắt sâu kiểu Nhật Bản?,"Để tạo makeup mắt sâu kiểu Nhật Bản, hãy tập trung vào kỹ thuật tạo khối. Dùng phấn mắt màu nâu nhạt tán đều từ hốc mắt lên trên, tạo chiều sâu. Đánh phấn mắt tối màu ở đuôi mắt và hốc mắt, blend kỹ để không bị lộ đường. Kẻ eyeliner mảnh, sát đường chân mi trên và dưới, nhấn nhá bằng mascara."
Kỹ thuật nào phù hợp cho makeup nghệ thuật?,"Makeup nghệ thuật đòi hỏi kỹ thuật đa dạng, tùy thuộc vào concept. Tuy nhiên, những kỹ thuật nền tảng quan trọng bao gồm: **blend màu** (đánh khối, highlight), **contouring** (tạo hình khuôn mặt), **airbrushing** (phun nền mịn), **painting** (vẽ trực tiếp lên da) và **prosthetics** (sử dụng vật liệu tạo hình). Quan trọng nhất là luyện tập và nắm vững nguyên tắc phối màu."
Cách tạo makeup cho mắt nhỏ kiểu Âu Mỹ?,"Để tạo makeup cho mắt nhỏ kiểu Âu Mỹ, hãy tập trung vào mở rộng và làm sâu mắt: 1. **Màu mắt:** Sử dụng gam màu trung tính, tối dần từ hốc mắt ra ngoài. 2. **Kẻ mắt:** Kẻ mắt mèo mảnh, kéo dài đuôi mắt. 3. **Mascara:** Chải mascara dày cho mi trên, mi dưới chỉ chải nhẹ. 4. **Highlight:** Tăng sáng vùng khóe mắt và dưới chân mày."
Son đỏ cổ điển hợp với dịp nào?,"Son đỏ cổ điển là lựa chọn hoàn hảo cho nhiều dịp! Nó tôn lên vẻ đẹp sang trọng, quyến rũ trong các buổi tiệc tối, sự kiện quan trọng, hoặc hẹn hò lãng mạn. Thậm chí, một chút son đỏ cũng giúp bạn tự tin, nổi bật trong những ngày làm việc hoặc gặp gỡ bạn bè. Hãy chọn sắc đỏ phù hợp với tông da để có hiệu"
Cách chọn son hồng cho da dầu?,"Với da dầu, nên chọn son hồng có kết cấu lì (matte) hoặc kem mịn, tránh son bóng dễ làm da bóng nhờn. Ưu tiên thành phần nhẹ, không chứa dầu khoáng. Màu hồng phù hợp tùy tông da: da sáng hợp hồng san hô, da trung bình hợp hồng đào, da tối màu hợp hồng berry hoặc fuchsia."
Son cam cháy hợp với tông da nào?,"Son cam cháy là lựa chọn tuyệt vời cho những cô nàng có tông da trung bình đến da ngăm. Màu son này giúp làm nổi bật làn da, mang đến vẻ ấm áp, năng động và cá tính. Tuy nhiên, da trắng sáng vẫn có thể dùng được nếu chọn sắc cam cháy trầm hơn và kết hợp trang điểm mắt phù hợp."
Cách chọn son nude cho da sáng?,"Với da sáng, bạn nên chọn son nude có undertone ấm (hồng đào, cam san hô) hoặc trung tính. Tránh các màu nude quá lạnh (tím, xám) vì có thể khiến da trông nhợt nhạt. Ưu tiên các chất son mềm mịn, có dưỡng để đôi môi căng mọng, tươi tắn. Thử son trực tiếp lên môi để chọn màu phù hợp nhất nhé!"
Son tím hợp với phong cách makeup nào?,"Son tím là lựa chọn táo bạo, hợp với nhiều phong cách makeup. Với makeup mắt tối giản, son tím nổi bật tạo điểm nhấn. Nếu thích cá tính, kết hợp cùng mắt tím nhạt hoặc màu khói. Phong cách gothic, vintage hoặc futuristic cũng rất ""ăn ý"" với son tím. Lưu ý, nên cân bằng tỷ lệ để tránh ""quá tải"" màu sắc."
Cách chọn son đỏ cho da lạnh?,"Với da lạnh, hãy chọn son đỏ có undertone xanh lam hoặc tím. Các sắc đỏ như cherry, raspberry, hoặc đỏ hồng sẽ làm nổi bật làn da, mang đến vẻ tươi tắn. Tránh các tông đỏ cam hoặc đỏ gạch vì có thể khiến da trông xỉn màu và thiếu sức sống."
Son hồng phấn hợp với dịp nào?,"Son hồng phấn là lựa chọn tuyệt vời cho các dịp nhẹ nhàng, nữ tính như đi học, đi làm, dạo phố hoặc hẹn hò ban ngày. Màu son này tôn lên vẻ đẹp tự nhiên, tươi trẻ và phù hợp với nhiều phong cách trang điểm khác nhau, từ tối giản đến thanh lịch."
Cách chọn son berry cho da ngăm?,"Da ngăm hợp son berry tông ấm, có chút đỏ hoặc cam. Tránh các màu berry quá lạnh, tím than vì dễ làm da xỉn màu. Ưu tiên các sắc độ trung bình đến đậm, chất son mịn, ẩm để đôi môi căng mọng, nổi bật. Thử son trước khi mua là cách tốt nhất để tìm được màu phù hợp nhất!"
Son ombre làm thế nào để lâu trôi?,"Để son ombre lâu trôi, bạn cần chuẩn bị môi kỹ bằng cách tẩy tế bào chết và dưỡng ẩm. Sử dụng son kem hoặc son tint làm base, sau đó thoa son màu đậm hơn ở viền môi và blend đều vào giữa. Cuối cùng, dùng phấn bột trong suốt phủ nhẹ lên môi để khóa màu."
Cách chọn son bóng cho tiệc tối?,"Để chọn son bóng cho tiệc tối, ưu tiên các màu đậm như đỏ ruby, burgundy, hoặc nâu chocolate. Chất son nên bóng mượt, có thể có chút nhũ nhẹ để tăng hiệu ứng bắt sáng. Tránh các màu quá sặc sỡ hoặc chất son dính, dễ lem. Quan trọng nhất là son phải hài hòa với trang phục và màu da của bạn."
Phấn mắt xanh dương hợp với mắt nào?,"Phấn mắt xanh dương rất hợp với những người có đôi mắt nâu, nâu hạt dẻ hoặc xanh lá cây. Màu xanh dương sẽ làm nổi bật sắc tố ấm trong mắt nâu và nâu hạt dẻ, đồng thời tạo sự tương phản đẹp mắt với mắt xanh lá cây. Tuy nhiên, nếu bạn có mắt xanh dương, hãy chọn tông xanh dương đậm hoặc kết hợp với các màu"
Cách chọn phấn mắt vàng cho da ấm?,"Với da ấm, hãy chọn phấn mắt vàng có undertone vàng hoặc cam. Các sắc thái như vàng bơ, vàng mật ong, hoặc vàng đồng sẽ tôn lên màu da của bạn. Tránh các tông vàng quá lạnh hoặc bạc, vì chúng có thể làm da trông xỉn màu. Thử trước khi mua để đảm bảo màu sắc hòa hợp với làn da!"
Phấn mắt hồng hợp với phong cách nào?,"Phấn mắt hồng rất linh hoạt, hợp với nhiều phong cách! * **Ngọt ngào, nữ tính:** Hồng pastel hoặc baby pink cho vẻ ngoài dịu dàng. * **Hiện đại, trẻ trung:** Hồng đào hoặc hồng san hô kết hợp trang phục năng động. * **Sang trọng, quyến rũ:** Hồng đất hoặc hồng berry mix cùng son môi trầm. Phấn mắt hồng cũng tuyệt vời cho phong cách trang điểm hàng"
Cách chọn phấn mắt tím cho da lạnh?,"Với da lạnh, hãy chọn phấn mắt tím có undertone xanh hoặc tím than. Các sắc tím lavender, lilac, hoặc tím khói cũng rất hợp. Tránh các tông tím quá ấm như tím mận hoặc tím đào, vì chúng có thể làm da trông xỉn màu. Thử màu trên da trước khi mua để đảm bảo sự hài hòa nhé!"
Phấn mắt đỏ hợp với dịp nào?,"Phấn mắt đỏ là lựa chọn táo bạo, phù hợp với các dịp đặc biệt như tiệc tối, sự kiện thời trang, hoặc buổi hẹn hò lãng mạn. Để tránh quá nổi bật, hãy kết hợp với trang điểm da nhẹ nhàng và son môi trung tính. Đỏ burgundy hoặc đỏ gạch sẽ dễ phối hơn đỏ tươi, phù hợp với nhiều tông da."
Cách chọn phấn mắt nâu cho da ngăm?,"Với da ngăm, nên chọn phấn mắt nâu có undertone ấm như nâu mật ong, nâu đồng, hoặc nâu caramel. Tránh các tông nâu quá lạnh hoặc xám tro vì có thể làm da trông xỉn màu. Phấn mắt có chút ánh nhũ đồng hoặc vàng sẽ giúp đôi mắt bừng sáng và tôn lên sắc da."
Phấn mắt nhũ bạc hợp với phong cách nào?,"Phấn mắt nhũ bạc rất hợp với phong cách trang điểm hiện đại, cá tính và nổi bật. Nó đặc biệt tôn lên các phong cách như: * **""No makeup"" makeup:** Tạo điểm nhấn lấp lánh tinh tế. * **Smokey eyes:** Biến tấu độc đáo, ấn tượng. * **Future/Cyberpunk:** Thể hiện sự futuristic, mạnh mẽ. * **Party/Festival:** Lấp lánh, thu hút trong không khí sôi động."
Cách chọn phấn mắt cam cho da sáng?,"Với da sáng, phấn mắt cam nên chọn tông ấm, đào hoặc san hô để tạo vẻ tươi tắn, rạng rỡ. Tránh cam neon quá chói. Chất phấn mịn, có thể là matte hoặc shimmer nhẹ sẽ phù hợp. Thử trước lên da để đảm bảo màu hòa hợp với undertone da của bạn nhé!"
Phấn mắt đen hợp với kỹ thuật nào?,"Phấn mắt đen rất linh hoạt, hợp với nhiều kỹ thuật trang điểm. Bạn có thể dùng để tạo **smoky eyes** quyến rũ, nhấn nhá **cat-eye** sắc sảo, hoặc đơn giản là làm **base** (lớp nền) cho các màu mắt khác. Kỹ thuật **cut crease** với phấn đen cũng tạo hiệu ứng mắt sâu hơn. Quan trọng là chọn đúng tông đen và kết hợp khéo léo với các màu"
Cách chọn phấn mắt xanh lá cho da lạnh?,"Với da lạnh, hãy chọn phấn mắt xanh lá có undertone lạnh hoặc trung tính. Các sắc thái như xanh lá cây ngọc bích, xanh lá cây bạc hà, hoặc xanh lá cây ô liu sẽ làm nổi bật màu da và đôi mắt bạn. Tránh các tông xanh lá cây vàng hoặc quá ấm, vì chúng có thể khiến da trông xỉn màu."
Highlighter vàng hợp với da nào?,"Highlighter vàng phù hợp nhất với các tông da ấm, từ trắng sáng đến da ngăm. Màu vàng giúp da trông rạng rỡ, tươi sáng và khỏe mạnh hơn. Tuy nhiên, với da lạnh, nên chọn highlighter vàng đào hoặc champagne để tránh làm da trông xỉn màu. Quan trọng là thử màu để tìm ra sắc vàng phù hợp nhất với bạn!"
Cách chọn highlighter hồng cho da sáng?,"Với da sáng, highlighter hồng sẽ tạo hiệu ứng ửng hồng tự nhiên, tươi tắn. Hãy chọn các tông hồng đào, hồng san hô hoặc hồng ngọc trai. Chất phấn nên mềm mịn, có thể là dạng kem, sáp hoặc bột. Tập trung đánh highlighter ở gò má, sống mũi, nhân trung và khóe mắt để có đôi mắt bừng sáng."
Highlighter đồng hợp với phong cách nào?,"Highlighter đồng lý tưởng cho phong cách trang điểm tự nhiên, ấm áp và quyến rũ. Nó phù hợp với tông da trung bình đến ngăm, tạo hiệu ứng glow khỏe khoắn, bắt sáng nhẹ nhàng. Bạn có thể dùng cho phong cách hàng ngày, dự tiệc tối hoặc các dịp đặc biệt cần vẻ đẹp tinh tế, sang trọng."
Cách chọn highlighter trắng cho da lạnh?,"Với da lạnh, highlighter trắng lý tưởng sẽ có undertone xanh lam hoặc tím. Các sắc thái như ngọc trai, bạc, hoặc champagne hồng nhạt sẽ tạo hiệu ứng rạng rỡ tự nhiên, không bị vàng da. Tránh các highlighter quá vàng hoặc đồng, vì chúng có thể làm da trông xỉn màu. Hãy thử trước khi mua để đảm bảo màu sắc phù hợp nhất!"
Highlighter kem hay bột tốt hơn cho da khô?,"Với da khô, highlighter kem là lựa chọn tốt hơn. Công thức kem dưỡng ẩm, giúp làm sáng da mà không làm lộ vân khô hay bong tróc. Highlighter bột có thể làm da khô hơn và bám vào các vùng da không đều. Hãy chọn loại kem có thành phần dưỡng ẩm như hyaluronic acid hoặc glycerin để có hiệu quả tốt nhất."
Cách chọn highlighter cho makeup tự nhiên?,"Để có lớp highlighter tự nhiên, hãy chọn các tông màu champagne, ngọc trai hoặc hồng đào nhạt. Ưu tiên chất kem hoặc lỏng để dễ tán đều, tránh hạt lấp lánh quá to. Tập trung đánh highlighter ở những điểm cao như gò má, sống mũi, nhân trung và khóe mắt để tạo hiệu ứng bắt sáng nhẹ nhàng, tinh tế."
Highlighter dùng ở vùng nào ngoài gò má?,Highlighter không chỉ dành cho gò má! Bạn có thể dùng highlighter để tạo điểm nhấn ở: * **Dưới lông mày:** Mở rộng và nâng mắt. * **Cầu mũi:** Tạo cảm giác mũi cao và thẳng. * **Vùng chữ V trên trán:** Thu hút ánh nhìn và làm mặt thon gọn. * **Nhân trung:** Làm đầy đặn môi. * **Cằm:** Tạo hiệu ứng mặt dài hơn.
Cách chọn highlighter cho makeup sân khấu?,"Highlighter cho makeup sân khấu cần khác biệt! Ưu tiên phấn highlighter dạng kem hoặc lỏng, có chứa nhũ ngọc trai hoặc hạt lấp lánh lớn để bắt sáng tối đa dưới ánh đèn. Màu sắc nên chọn tông champagne, vàng ánh kim hoặc hồng ngọc tùy màu da. Tránh highlighter quá trắng hoặc quá nhũ, dễ gây phản tác dụng trên sân khấu."
Highlighter dạng lỏng dùng thế nào?,"Highlighter dạng lỏng giúp tạo hiệu ứng glow tự nhiên, căng bóng. Dùng cọ hoặc ngón tay chấm nhẹ lên các điểm cao trên khuôn mặt như gò má, sống mũi, nhân trung, khóe mắt. Lưu ý: * Lấy lượng sản phẩm vừa đủ, tránh quá nhiều gây vón cục. * Trộn với kem nền để có lớp glow nhẹ nhàng, đều màu. * Chọn màu phù hợp với tông"
Cách chọn highlighter cho da mụn?,"Với da mụn, ưu tiên highlighter dạng kem hoặc lỏng, chứa ít dầu và không gây bít tắc lỗ chân lông (non-comedogenic). Chọn các tông màu champagne, ngọc trai hoặc hồng đào nhẹ nhàng để làm sáng da tự nhiên, tránh các hạt nhũ quá lớn có thể làm lộ rõ khuyết điểm. Thoa highlighter ở vùng gò má, sống mũi, nhân trung và dưới chân mày."
Má hồng cam hợp với tông da nào?,"Má hồng cam đặc biệt tôn da trung bình và da ngăm. Với da trung bình, cam đào hoặc cam san hô tạo vẻ tươi sáng. Da ngăm nên chọn cam đất hoặc cam gạch để cân bằng và tạo hiệu ứng khỏe khoắn. Da trắng có thể dùng cam nhạt, nhưng cần lưu ý để tránh ""dừ"" da."
Má hồng đỏ gạch hợp với phong cách nào?,"Má hồng đỏ gạch là lựa chọn tuyệt vời cho phong cách **tự nhiên, năng động và có chút cổ điển**. Màu sắc này đặc biệt hợp với các cô nàng theo đuổi vẻ đẹp **""cool tone""**, trang điểm **hàng ngày**, hoặc muốn tạo điểm nhấn cho phong cách **vintage, retro**. Nó cũng rất tôn da với các tông da trung bình đến tối."
Cách chọn má hồng đào cho da sáng?,"Với da sáng, má hồng đào nên chọn tông màu đào san hô hoặc đào ngọc trai. Những màu này tạo vẻ tươi tắn, rạng rỡ tự nhiên mà không làm da bị ""bệt"". Ưu tiên chất phấn mịn, nhẹ để tránh làm dày lớp trang điểm. Thử màu trên da trước khi mua để đảm bảo phù hợp với undertone của bạn nhé!"
Má hồng tím hợp với dịp nào?,"Má hồng tím là lựa chọn táo bạo, hợp với các dịp đặc biệt như dự tiệc, lễ hội, hoặc khi bạn muốn tạo điểm nhấn ấn tượng cho phong cách cá tính. Màu tím đào hoặc tím hồng nhạt phù hợp trang điểm hàng ngày, còn tím đậm hơn dành cho các buổi tối. Lưu ý kết hợp với trang điểm mắt và môi hài hòa."
Cách chọn má hồng nâu cho da ngăm?,"Với da ngăm, nên chọn má hồng nâu có undertone ấm (cam, đào) thay vì lạnh (hồng tím). Các sắc độ như nâu đào, nâu cam đất hoặc nâu gạch sẽ giúp da trông tươi sáng, khỏe khoắn và tránh bị ""trôi"" màu. Tránh các màu quá sáng hoặc quá tối, ưu tiên chất phấn mịn, dễ tán."
Má hồng dạng kem dùng thế nào?,"Má hồng kem dễ tán, cho lớp nền tự nhiên, căng bóng. Dùng ngón tay hoặc cọ chấm nhẹ lên gò má, sau đó tán đều theo hướng lên thái dương. Bắt đầu với lượng sản phẩm ít, tăng dần nếu cần. Với da khô, có thể dùng trước lớp nền; da dầu dùng sau phấn phủ để bền màu hơn."
Cách chọn má hồng cho makeup cô dâu?,"Với makeup cô dâu, ưu tiên má hồng tự nhiên, giúp cô dâu rạng rỡ mà không quá lòe loẹt. Nên chọn các tông màu như hồng đào, cam đào, hoặc hồng san hô, phù hợp với màu da và concept cưới. Chất phấn mịn, bám tốt, không bị vón cục là yếu tố quan trọng để đảm bảo lớp trang điểm hoàn hảo suốt ngày dài."
Má hồng bột hay kem tốt hơn cho da dầu?,"Với da dầu, má hồng kem thường tốt hơn má hồng bột. Công thức kem nhẹ, dễ tán và bám da tốt hơn, hạn chế tình trạng vón cục do dầu thừa. Chọn sản phẩm không chứa dầu (oil-free) và có kết cấu lỏng để tránh làm bí lỗ chân lông, giúp lớp trang điểm bền đẹp suốt ngày."
Cách chọn má hồng cho makeup ban ngày?,"Để chọn má hồng cho makeup ban ngày, ưu tiên các tông màu tự nhiên, nhẹ nhàng như hồng đào, cam đào, hoặc hồng san hô. Chất phấn nên là mịn, dễ tán để tạo hiệu ứng gò má ửng hồng tự nhiên. Tránh các màu quá đậm hoặc có nhũ, sẽ làm makeup trông nặng nề. Quan trọng nhất là chọn màu phù hợp với tông da của bạn!"
Tại sao makeup cô dâu cần nền lâu trôi?,"Nền lâu trôi là yếu tố then chốt trong makeup cô dâu vì nhiều lý do: * **Thời gian dài:** Cô dâu cần lớp makeup hoàn hảo suốt ngày dài, từ lễ ăn hỏi đến tiệc tối. * **Ảnh chụp:** Nền bền màu giúp cô dâu rạng rỡ trong mọi khung hình. * **Cảm xúc:** Cô dâu cần tự tin, không lo makeup bị lem hay trôi khi xúc động."
Cách tạo makeup cô dâu kiểu Hàn Quốc?,"Makeup cô dâu kiểu Hàn Quốc tập trung vào làn da căng bóng, tự nhiên. Bắt đầu với lớp nền ẩm mịn, che khuyết điểm kỹ lưỡng. Mắt nhấn nhá đường eyeliner mảnh, màu mắt tone hồng đào/cam đất nhẹ nhàng. Má hồng phớt nhẹ, son môi ombre hoặc full màu hồng san hô. Quan trọng nhất là giữ cho lớp makeup mỏng nhẹ, tôn vẻ đẹp thanh tú của"
Makeup cô dâu kiểu Âu Mỹ có đặc điểm gì?,"Makeup cô dâu kiểu Âu Mỹ thường tập trung vào sự tự nhiên, tôn đường nét khuôn mặt và làn da khỏe khoắn. Da được chuẩn bị kỹ lưỡng, lớp nền mịn lì, đôi mắt nhấn nhá bằng tông màu trung tính hoặc smoky mắt nhẹ nhàng. Son môi thường là màu nude, hồng đào hoặc đỏ cam, kết hợp cùng đôi má ửng hồng tự nhiên."
Cách tạo makeup cô dâu cho da dầu?,"Để makeup cô dâu cho da dầu, ưu tiên lớp lót kiềm dầu, mịn da. Dùng phấn phủ dạng bột hoặc nén để hút dầu thừa, đánh nhẹ nhàng. Chọn kem nền matte, lâu trôi và hạn chế dùng highlighter quá nhiều. Thường xuyên dùng giấy thấm dầu trong ngày để giữ lớp makeup bền vững, không bị bóng nhờn."
Makeup cô dâu ban ngày nên dùng màu gì?,"Makeup cô dâu ban ngày nên ưu tiên vẻ tươi tắn, tự nhiên. Gam màu hồng đào, cam san hô, hoặc nude là lựa chọn hoàn hảo cho đôi mắt và má. Son môi nên chọn màu hồng baby, cam đất hoặc đỏ san hô nhẹ nhàng. Tránh các màu quá đậm, lòe loẹt để tránh bị ""lố"" dưới ánh sáng tự nhiên."
Cách tạo makeup cô dâu cho da khô?,"Với da khô, makeup cô dâu cần tập trung dưỡng ẩm. Bắt đầu bằng lớp kem dưỡng ẩm sâu. Chọn nền ẩm mịn, tránh phấn bột khô. Ưu tiên phấn nước hoặc cushion. Đừng quên xịt khóa ẩm sau mỗi lớp makeup. Son dưỡng môi là bước không thể thiếu để đôi môi căng mọng, tránh bong tróc."
Makeup cô dâu cần sản phẩm chống nước nào?,"Makeup cô dâu cần ưu tiên các sản phẩm chống nước để bền màu suốt ngày dài. Cụ thể: kem nền, phấn phủ, kem che khuyết điểm, eyeliner, mascara và son môi. Chọn loại có chỉ số chống nước (waterproof) hoặc long-lasting (bền lâu) để đảm bảo lớp trang điểm hoàn hảo, không bị lem hay trôi khi cô dâu xúc động trong ngày cưới."
Cách tạo makeup cô dâu cho da nhạy cảm?,"Makeup cô dâu cho da nhạy cảm cần ưu tiên sự nhẹ nhàng, tối giản. Chọn sản phẩm không gây kích ứng, không hương liệu, cồn. Ưu tiên các thành phần tự nhiên, dịu nhẹ. * **Chuẩn bị:** Dưỡng ẩm kỹ lưỡng. * **Nền:** Dùng kem nền khoáng, BB cream hoặc cushion dịu nhẹ. * **Phấn:** Phấn bột khoáng, tránh phấn nén quá dày. * **Test:** Thử sản phẩm trước"
Makeup cô dâu kiểu Nhật Bản có đặc điểm gì?,"Makeup cô dâu kiểu Nhật Bản (Hanayome makeup) tập trung vào vẻ đẹp thanh lịch, tinh khiết. Da trắng sứ là yếu tố then chốt, kết hợp với đôi mắt được nhấn nhá nhẹ nhàng, môi đỏ tươi tượng trưng cho hạnh phúc và sự duyên dáng. Lông mày thường được vẽ dáng thẳng, tự nhiên, tạo vẻ ngoài trang trọng nhưng vẫn giữ nét dịu dàng."
Cách tạo makeup cô dâu cho chụp ảnh?,"Makeup cô dâu chụp ảnh cần ưu tiên độ bền màu và lên hình đẹp. Lớp nền hoàn hảo, che phủ tốt nhưng vẫn tự nhiên. Mắt nhấn nhá bằng tông màu ấm, có thể dùng nhũ để bắt sáng. Môi tô son màu nude hoặc hồng đào, tránh màu quá đậm. Đừng quên khóa lớp makeup bằng xịt khoáng để giữ lâu trôi."
Tại sao makeup sân khấu cần màu đậm?,"Makeup sân khấu cần màu đậm để đảm bảo khuôn mặt diễn viên vẫn rõ nét dưới ánh đèn mạnh và từ xa. Ánh sáng sân khấu thường ""ăn"" màu, làm nhạt các tông màu tự nhiên. Sử dụng màu đậm giúp khắc phục điều này, tạo sự tương phản và biểu cảm mạnh mẽ, thu hút sự chú ý của khán giả."
Cách tạo makeup sân khấu cho da sáng?,"Để makeup sân khấu cho da sáng, ưu tiên tăng độ tương phản. Dùng kem nền lì, che phủ tốt, kết hợp phấn phủ trong suốt khóa lớp nền. Tạo khối và highlight đậm để định hình khuôn mặt. Mắt nhấn nhá bằng màu tối, eyeliner và mascara dày. Son môi chọn màu nổi bật, dùng thêm son bóng để tăng hiệu ứng sân khấu."
Makeup sân khấu kiểu Âu Mỹ có đặc điểm gì?,"Makeup sân khấu kiểu Âu Mỹ đặc trưng bởi sự đậm nét, tập trung vào đường nét góc cạnh và hiệu ứng chiều sâu. Màu sắc thường rực rỡ, tương phản cao để nổi bật dưới ánh đèn sân khấu. Kỹ thuật đánh khối (contouring) và highlight được sử dụng triệt để, nhấn mạnh cấu trúc xương và tạo sự ấn tượng mạnh mẽ. Lông mày thường được vẽ sắc"
Cách tạo makeup sân khấu cho da dầu?,"Makeup sân khấu cho da dầu cần kiểm soát dầu thừa và giữ lớp nền bền vững. Bắt đầu bằng lớp lót kiềm dầu, sau đó dùng kem nền matte, che khuyết điểm dạng lỏng. Cố định bằng phấn bột trong suốt, đặc biệt vùng chữ T. Thường xuyên dùng giấy thấm dầu và mang theo để dặm lại trong quá trình biểu diễn."
Makeup sân khấu cần sản phẩm gì đặc biệt?,"Makeup sân khấu đòi hỏi sản phẩm chuyên dụng, khác biệt với makeup hàng ngày. Cần có phấn nền độ che phủ cao, kem che khuyết điểm, phấn mắt/má/môi pigmented (nhiều sắc tố) và bền màu. Quan trọng là sử dụng sản phẩm chống thấm nước, mồ hôi và có khả năng giữ màu tốt dưới ánh đèn sân khấu mạnh. Đừng quên keo dán mi và sản phẩm khóa"
Cách tạo makeup sân khấu cho da khô?,"Makeup sân khấu cho da khô cần tập trung dưỡng ẩm và khóa nền. Bắt đầu bằng lớp kem dưỡng ẩm sâu, sau đó dùng primer cấp ẩm. Chọn foundation dạng kem giàu dưỡng, đánh lớp mỏng và build dần. Dùng phấn bột khoáng, đánh nhẹ nhàng để tránh làm khô da. Đừng quên xịt khóa nền để giữ lớp makeup bền lâu và căng bóng."
Makeup sân khấu kiểu Hàn Quốc có đặc điểm gì?,"Makeup sân khấu Hàn Quốc nổi bật với lớp nền trắng sáng, mịn màng, tạo hiệu ứng ""da thủy tinh"". Mắt thường được nhấn nhá bằng đường eyeliner cánh cong đậm, sử dụng phấn mắt lấp lánh và mi giả dày. Son môi tươi tắn, thường là màu đỏ hoặc cam, và đôi má ửng hồng tự nhiên là điểm nhấn cuối cùng."
Cách tạo makeup sân khấu cho da nhạy cảm?,"Makeup sân khấu cho da nhạy cảm cần ưu tiên dịu nhẹ. Chọn sản phẩm không gây kích ứng, kiểm tra trước trên vùng da nhỏ. Dùng kem lót dưỡng ẩm, nền dạng kem hoặc cushion, tránh phấn bột dày. Tập trung đánh khối, highlight để tạo chiều sâu, hạn chế makeup mắt quá đậm. Cuối cùng, dùng xịt khóa makeup dịu nhẹ."
Makeup sân khấu cần kỹ thuật nào nổi bật?,"Makeup sân khấu đòi hỏi kỹ thuật **tạo khối (contouring)** và **highlight** mạnh mẽ để khuôn mặt rõ nét dưới ánh đèn. Quan trọng là **khả năng che phủ hoàn toàn** để lớp nền không bị vỡ khi biểu diễn. **Màu sắc đậm, bão hòa cao** giúp khán giả dễ dàng nhận diện biểu cảm. Kỹ thuật **cố định lớp makeup** tốt là yếu tố then chốt để bền màu"
Cách tạo makeup sân khấu cho da ngăm?,"Với da ngăm, makeup sân khấu cần tập trung làm nổi bật đường nét và tăng độ sáng. Dùng phấn nền tông ấm, che khuyết điểm kỹ. Đánh khối tạo chiều sâu, highlight vùng gò má, sống mũi. Màu mắt nên chọn tông đồng, vàng gold, hoặc tím đậm. Son môi đỏ cam hoặc burgundy sẽ rất nổi bật. Quan trọng nhất là kỹ thuật blending kỹ lưỡng để tránh"
Tại sao makeup nghệ thuật cần sáng tạo?,"Makeup nghệ thuật cần sáng tạo vì nó vượt xa mục đích che khuyết điểm, mà là một hình thức biểu đạt cảm xúc, câu chuyện và tầm nhìn nghệ thuật. Sự sáng tạo giúp biến hóa khuôn mặt thành tác phẩm độc đáo, thể hiện cá tính và truyền tải thông điệp, không giới hạn bởi quy tắc thông thường."
Cách tạo makeup nghệ thuật kiểu festival?,"Makeup festival nên nổi bật và cá tính! Dùng phấn mắt/sơn màu neon, kim tuyến, đá đính để tạo điểm nhấn mắt, má. Vẽ họa tiết hình học, hoa lá, hoặc các biểu tượng theo chủ đề. Đừng quên môi tô màu sáng hoặc ombre. Quan trọng nhất là thỏa sức sáng tạo và sử dụng keo dán chuyên dụng để giữ lớp makeup bền vững suốt festival nhé!"
Makeup nghệ thuật kiểu editorial có đặc điểm gì?,"Makeup editorial (trang điểm biên tập) tập trung vào sự sáng tạo, thể hiện ý tưởng độc đáo hơn là vẻ đẹp tự nhiên. Đặc trưng bởi màu sắc táo bạo, hình khối ấn tượng, chất liệu khác biệt (nhũ, đá, sơn...), và kỹ thuật cao cấp như cắt dán, vẽ vời trên da. Mục tiêu là kể chuyện, tạo ấn tượng thị giác mạnh mẽ cho người xem trên"
Cách tạo makeup nghệ thuật cho da dầu?,"Để trang điểm nghệ thuật cho da dầu, hãy bắt đầu với lớp lót kiềm dầu để kiểm soát bóng nhờn. Sử dụng phấn nền dạng bột hoặc cushion kiềm dầu, đánh mỏng lớp. Cố định bằng phấn phủ bột mịn, tập trung vùng chữ T. Ưu tiên các sản phẩm không gây tắc lỗ chân lông và mang theo giấy thấm dầu để duy trì lớp trang điểm."
Makeup nghệ thuật cần sản phẩm gì đặc biệt?,"Makeup nghệ thuật đòi hỏi bảng màu đa dạng, chất lượng cao với nhiều tông màu đặc biệt (ví dụ: màu neon, màu ánh kim). Ngoài ra, cần có keo dán lông mi, sơn màu da chuyên dụng (body paint), phấn highlight/contour sắc nét, cọ vẽ đa dạng kích cỡ và chất liệu, cùng các phụ kiện như đá, kim tuyến để tạo hiệu ứng ấn tượng."
Cách tạo makeup nghệ thuật cho da khô?,"Da khô cần ưu tiên dưỡng ẩm! Bắt đầu bằng lớp kem dưỡng ẩm giàu hyaluronic acid. Chọn nền ẩm mịn, tránh phấn bột. Dùng kem highlight dạng lỏng hoặc dầu để tạo độ glow tự nhiên. Phấn mắt cream hoặc nhũ sẽ bám tốt hơn. Cuối cùng, khóa lớp makeup bằng xịt khóa ẩm để giữ da căng mọng suốt ngày."
Makeup nghệ thuật kiểu Hàn Quốc có đặc điểm gì?,"Makeup kiểu Hàn Quốc nổi bật với vẻ đẹp tự nhiên, trong trẻo, tập trung vào làn da khỏe khoắn và đôi mắt to tròn. Các đặc điểm chính bao gồm: lớp nền mỏng nhẹ, son môi gradient (từ đậm đến nhạt), má hồng phớt nhẹ, và nhấn nhá bằng eyeliner mảnh, hàng lông mi cong vút. Phong cách này ưu tiên sự tươi tắn, trẻ trung hơn là cầu"
Cách tạo makeup nghệ thuật cho da nhạy cảm?,"Makeup nghệ thuật cho da nhạy cảm cần ưu tiên sự dịu nhẹ. Chọn sản phẩm không gây kích ứng, không hương liệu, cồn. Ưu tiên các dòng mỹ phẩm hữu cơ, khoáng chất. Luôn thử sản phẩm trước trên vùng da nhỏ. Sử dụng cọ mềm, sạch và tẩy trang kỹ lưỡng sau khi makeup để tránh tắc nghẽn lỗ chân lông."
Makeup nghệ thuật cần kỹ thuật nào nổi bật?,"Makeup nghệ thuật đòi hỏi sự làm chủ về **kỹ thuật blending (tạo khối)** để chuyển màu mượt mà, **contouring (tạo dáng)** giúp thay đổi cấu trúc khuôn mặt và **highlighting (tạo điểm sáng)** để nhấn nhá. Bên cạnh đó, **kỹ năng vẽ chi tiết** (ví dụ: hoa văn, hình khối) và **sử dụng màu sắc linh hoạt** là yếu tố then chốt để tạo nên tác phẩm độc đáo,"
Cách tạo makeup nghệ thuật cho da ngăm?,"Với da ngăm, ưu tiên các tông màu ấm như cam đất, nâu, đồng, và đỏ gạch. Sử dụng kem nền và phấn phủ có undertone vàng hoặc trung tính. Đừng ngại đánh khối và highlight để tạo chiều sâu. Màu mắt đồng, vàng gold, hoặc tím burgundy sẽ rất nổi bật. Son môi màu nude đào, cam cháy hoặc đỏ rượu vang là lựa chọn hoàn hảo."
Kỹ năng nào quan trọng nhất cho makeup artist?,"Kỹ năng quan trọng nhất của một makeup artist là **khả năng nắm bắt và tái hiện mong muốn của khách hàng**. Điều này bao gồm kỹ năng lắng nghe, tư vấn màu sắc, dáng khuôn mặt và điều chỉnh phong cách trang điểm phù hợp. Bên cạnh đó, sự khéo léo với cọ, kiến thức về da và xu hướng cũng rất cần thiết."
Cách xây dựng portfolio cho makeup artist?,"Để xây dựng portfolio ấn tượng, hãy bắt đầu với những buổi chụp hình tự do hoặc hợp tác với nhiếp ảnh gia, người mẫu. Tập trung vào đa dạng phong cách trang điểm (tự nhiên, tiệc tùng, nghệ thuật...). Chú trọng chất lượng ảnh, ánh sáng tốt và chỉnh sửa vừa phải. Đăng tải lên website, Instagram, Behance để thu hút khách hàng tiềm năng."
Làm sao làm việc với khách hàng khó tính?,"Khi gặp khách hàng khó tính, hãy giữ bình tĩnh, lắng nghe cẩn thận yêu cầu và phàn nàn của họ. Thể hiện sự đồng cảm, xin lỗi vì sự bất tiện (nếu có) và tập trung vào giải pháp. Luôn giữ thái độ chuyên nghiệp, lịch sự, và cố gắng đáp ứng mong muốn của khách hàng trong khả năng có thể."
Cách chọn mỹ phẩm cho khách hàng da dầu?,"Với da dầu, ưu tiên mỹ phẩm **không chứa dầu (oil-free), không gây tắc lỗ chân lông (non-comedogenic)**. Chọn **kem nền, phấn phủ dạng bột** thay vì kem. Ưu tiên **son kem, son lì** thay vì son bóng. **Sữa rửa mặt, toner có chứa salicylic acid hoặc AHA/BHA** giúp kiểm soát dầu thừa. Luôn dùng **kem dưỡng ẩm nhẹ nhàng, dịu da**."
Làm sao tạo makeup nhanh cho khách hàng?,"Để makeup nhanh cho khách, ưu tiên các bước chính: kem nền/BB cream, phấn má hồng, mascara và son môi. Sử dụng các sản phẩm đa năng như cushion, son tint để tiết kiệm thời gian. Tập trung làm nổi bật một điểm nhấn trên khuôn mặt (mắt hoặc môi) thay vì trang điểm quá kỹ lưỡng."
Cách xử lý khi makeup bị lem?,"Khi makeup bị lem, đừng hoảng loạn! Dùng bông tẩm tẩy trang nhẹ nhàng xóa phần lem, tránh xoa mạnh gây loang lổ. Sau đó, dùng cọ sạch đánh lại lớp makeup bị mất, nhớ khóa lại bằng phấn phủ để tăng độ bền. Với mascara lem, dùng tăm bông hoặc cọ mascara sạch để chỉnh sửa."
Làm sao quảng bá dịch vụ makeup?,"Để quảng bá dịch vụ makeup, bạn có thể: * **Xây dựng portfolio ấn tượng:** Chụp ảnh/quay video trước & sau makeup chất lượng cao. * **Sử dụng mạng xã hội:** Đăng bài thường xuyên, livestream, chạy quảng cáo nhắm mục tiêu. * **Hợp tác với KOLs/Influencers:** Tiếp cận khách hàng tiềm năng. * **Tạo chương trình khuyến mãi:** Giảm giá, tặng quà cho khách hàng mới. * **Thu thập"
Cách chọn mỹ phẩm cho khách hàng da khô?,"Với khách hàng da khô, ưu tiên mỹ phẩm giàu ẩm, dịu nhẹ. Chọn sản phẩm chứa hyaluronic acid, glycerin, ceramides, dầu thực vật (jojoba, argan). Ưu tiên kết cấu kem, dầu thay vì gel, xịt. Tránh sản phẩm chứa cồn, hương liệu mạnh. Quan trọng nhất là tẩy trang dịu nhẹ, không gây khô da."
Làm sao làm việc với khách hàng da nhạy cảm?,"Khi trang điểm cho khách hàng da nhạy cảm, hãy ưu tiên sự nhẹ nhàng và an toàn. Luôn hỏi về tiền sử dị ứng và thử sản phẩm trước trên vùng da nhỏ. Chọn sản phẩm không chứa hương liệu, cồn, và chất bảo quản mạnh. Sử dụng cọ mềm, tránh chà xát mạnh, và giữ vệ sinh dụng cụ. Quan sát phản ứng da trong suốt quá trình."
Cách tạo ấn tượng với khách hàng mới?,"Chào bạn! Để tạo ấn tượng với khách hàng mới, hãy bắt đầu bằng sự tiếp đón nhiệt tình, chuyên nghiệp. Lắng nghe kỹ nhu cầu của họ, tư vấn chân thành và đưa ra giải pháp phù hợp. Kỹ năng trang điểm tốt là yếu tố quan trọng, nhưng sự tận tâm và thái độ tích cực sẽ giúp bạn ghi điểm tuyệt đối!"
Son nào hợp với makeup ban ngày?,"Với makeup ban ngày, nên ưu tiên son có màu sắc tự nhiên, nhẹ nhàng. Các lựa chọn lý tưởng bao gồm: * **Son nude:** Tạo vẻ thanh lịch, tinh tế. * **Son hồng đào/hồng baby:** Cho đôi môi tươi tắn, trẻ trung. * **Son cam đất:** Năng động, phù hợp nhiều phong cách. Chất son nên là lì nhẹ hoặc bóng mờ để không quá nổi bật."
Cách chọn son cho makeup sân khấu?,"Để chọn son cho makeup sân khấu, ưu tiên son **lì (matte)** hoặc **kem lì (cream matte)** vì độ bám màu tốt, hạn chế lem khi biểu diễn. Màu son cần **tươi sáng, nổi bật** dưới ánh đèn, thường là đỏ, cam, hồng đậm hoặc các màu theo concept. Nên thử son trước để đảm bảo lên màu chuẩn và không bị ""dừ"" da."
Phấn mắt nào hợp với makeup cô dâu?,"Với makeup cô dâu, phấn mắt nên ưu tiên sự tinh tế, sang trọng và bền màu. Các gam màu trung tính như champagne, nâu đào, hồng nude rất được ưa chuộng vì phù hợp với nhiều tông da và dễ phối hợp. Nếu muốn nổi bật, có thể thêm chút ánh nhũ vàng hoặc đồng ở khóe mắt. Quan trọng nhất là chọn phấn mắt có khả năng chống"
Cách chọn phấn mắt cho makeup tiệc tối?,"Để chọn phấn mắt cho makeup tiệc tối, ưu tiên các màu đậm, có ánh nhũ như: đen, xám, tím, xanh navy, đồng hoặc vàng gold. Chất phấn nên là lì hoặc shimmer để tăng chiều sâu cho đôi mắt. Nếu bạn mới bắt đầu, hãy thử các bảng màu trung tính có sẵn các tông màu này để dễ dàng phối hợp nhé!"
Highlighter nào hợp với makeup tự nhiên?,"Để có makeup tự nhiên, nên chọn highlighter dạng kem hoặc lỏng với tông màu champagne hoặc ngọc trai sáng. Ưu tiên các sản phẩm có kết cấu mịn, dễ tán đều để tạo hiệu ứng glow khỏe mạnh, tự nhiên. Tránh các loại highlighter quá lấp lánh hoặc có tông màu quá nổi bật như vàng đồng."
Cách chọn highlighter cho makeup nghệ thuật?,"Để chọn highlighter cho makeup nghệ thuật, hãy ưu tiên các sản phẩm có hạt phấn mịn, độ lên màu tốt và đa dạng sắc thái. Màu champagne, vàng hồng phù hợp da sáng, màu vàng đồng, bronze cho da trung bình đến tối. Chất kem dễ tán, chất phấn phù hợp tạo khối góc cạnh. Quan trọng nhất là thử màu trên da để đảm bảo hòa hợp và"
Má hồng nào hợp với makeup Hàn Quốc?,"Với makeup Hàn Quốc, má hồng tone đào, hồng san hô hoặc hồng baby là lựa chọn hoàn hảo. Ưu tiên chất phấn mịn, nhẹ nhàng để tạo hiệu ứng ửng hồng tự nhiên, khỏe khoắn. Kỹ thuật đánh má hồng kiểu ""cười"" (tập trung vào gò má khi cười) sẽ giúp khuôn mặt tươi tắn, trẻ trung hơn."
Cách chọn má hồng cho makeup sân khấu?,"Để chọn má hồng cho makeup sân khấu, ưu tiên các tông màu đậm, sắc nét như hồng san hô, đỏ cam hoặc tím hồng. Chất phấn má hồng nên là lì hoặc có chút shimmer để nổi bật dưới ánh đèn. Quan trọng nhất là thử màu trên da và đảm bảo màu má hồng tương phản với màu da và tổng thể trang điểm để tạo hiệu ứng"
Son nào hợp với makeup chụp ảnh?,"Với makeup chụp ảnh, son lì (matte) là lựa chọn hàng đầu vì lên màu chuẩn, không bị bóng loáng gây lóa. Màu son nên chọn dựa trên concept: đỏ cam/đỏ gạch cho tươi tắn, hồng đất/cam đất cho tự nhiên, hoặc nude/mlbb cho phong cách tây. Tránh son bóng hoặc quá sặc sỡ dễ bị ""dừ"" trong ảnh."
Cách chọn phấn mắt cho makeup tự nhiên?,"Để makeup mắt tự nhiên, hãy chọn phấn mắt với tông màu trung tính như nâu, be, đào hoặc cam đất. Ưu tiên các màu matte hoặc shimmer nhẹ để tránh quá lòe loẹt. Chọn phấn mắt có kết cấu mịn, dễ tán và phù hợp với màu da của bạn. Bạn có thể dùng một màu duy nhất hoặc kết hợp 2-3 màu gần nhau để tạo chiều sâu."
Tại sao cần làm sạch dụng cụ makeup trước khi dùng?,"Làm sạch dụng cụ makeup là bước quan trọng để đảm bảo vệ sinh và sức khỏe làn da. Dụng cụ bẩn chứa vi khuẩn, dầu thừa, tế bào chết có thể gây ra mụn, kích ứng, thậm chí nhiễm trùng da. Vệ sinh dụng cụ thường xuyên giúp kéo dài tuổi thọ sản phẩm và đảm bảo lớp makeup luôn mịn màng, tự nhiên."
Cách làm sạch cọ bằng nước micellar?,"Để làm sạch cọ trang điểm bằng nước micellar, bạn làm ướt nhẹ cọ, sau đó đổ một lượng nhỏ nước micellar lên bông tẩy trang. Nhẹ nhàng lau dọc theo sợi cọ, lặp lại cho đến khi bông tẩy trang sạch. Xả sạch cọ dưới nước ấm và để khô hoàn toàn, lông cọ hướng xuống dưới."
Làm sao làm sạch beauty blender nhanh?,"Để làm sạch beauty blender nhanh chóng, bạn hãy làm ướt blender, thoa một lượng nhỏ dầu tẩy trang hoặc xà phòng dịu nhẹ. Bóp nhẹ nhàng để loại bỏ mỹ phẩm, sau đó xả sạch dưới nước ấm. Lặp lại cho đến khi nước trong. Vắt nhẹ và phơi khô ở nơi thoáng mát, tránh ánh nắng trực tiếp."
Cách bảo quản mỹ phẩm trong thời tiết nóng?,"Thời tiết nóng có thể làm mỹ phẩm dễ bị biến đổi. Để bảo quản, bạn nên: * **Tránh ánh nắng trực tiếp:** Cất mỹ phẩm ở nơi khô ráo, thoáng mát. * **Không để trong xe hơi:** Nhiệt độ xe hơi rất cao, gây hại mỹ phẩm. * **Bảo quản lạnh (tùy loại):** Một số sản phẩm như mặt nạ, serum có thể để tủ lạnh. * **Đậy kín"
Làm sao kiểm tra mỹ phẩm giả?,"Để kiểm tra mỹ phẩm giả, hãy: 1. **Kiểm tra bao bì:** Tem nhãn lỗi chính tả, thông tin mờ nhạt, khác biệt so với sản phẩm thật. 2. **Mùi & Kết cấu:** Mùi lạ, kết cấu không đồng nhất, vón cục. 3. **Mã vạch:** Sử dụng ứng dụng quét mã vạch để xác minh nguồn gốc. 4. **Giá:** Quá rẻ so với thị trường là dấu hiệu đáng ngờ."
Cách tái sử dụng mỹ phẩm hết hạn an toàn?,"Mỹ phẩm hết hạn có thể gây kích ứng, nhiễm trùng. Tuyệt đối không dùng mascara, son môi hết hạn. Với phấn mắt, phấn má, bạn có thể dùng làm phấn tô bóng mắt, má hồng dạng bột. Kem nền, kem che khuyết điểm hết hạn có thể dùng trộn với kem dưỡng thể để tạo màu. Luôn kiểm tra kỹ trước khi dùng lại."
Làm sao chọn mỹ phẩm thuần chay?,"Để chọn mỹ phẩm thuần chay, hãy tìm các chứng nhận như Vegan Society, PETA hoặc leaping bunny. Đọc kỹ thành phần: tránh sáp ong, lanolin, carmine, collagen và các dẫn xuất từ động vật. Ưu tiên các thương hiệu công khai minh bạch về nguồn gốc nguyên liệu và quy trình sản xuất, đảm bảo không thử nghiệm trên động vật."
Cách xử lý khi mỹ phẩm gây kích ứng?,"Khi mỹ phẩm gây kích ứng, hãy **ngừng sử dụng ngay lập tức**. Rửa sạch vùng da bị ảnh hưởng bằng nước mát và sữa rửa mặt dịu nhẹ. Chườm mát để giảm sưng, đỏ. Nếu tình trạng nghiêm trọng (ngứa nhiều, phồng rộp), hãy **tham khảo ý kiến bác sĩ da liễu** để được điều trị và tư vấn."
Làm sao chọn mỹ phẩm cho da mụn?,"Chọn mỹ phẩm cho da mụn cần ưu tiên các sản phẩm: * **Không gây bít tắc lỗ chân lông (non-comedogenic):** Tránh thành phần dầu khoáng, silicone. * **Chứa hoạt chất trị mụn:** Salicylic acid, benzoyl peroxide, tea tree oil. * **Dịu nhẹ, không cồn, không hương liệu:** Giảm kích ứng. * **Ưu tiên sản phẩm dành riêng cho da mụn.** Luôn thử sản phẩm trên vùng da nhỏ trước"
Cách chọn mỹ phẩm cho da lão hóa?,"Da lão hóa cần được ưu tiên dưỡng ẩm, phục hồi và bảo vệ. Hãy chọn mỹ phẩm chứa các thành phần như: retinol, peptide, hyaluronic acid, vitamin C, và niacinamide. Ưu tiên kết cấu kem dưỡng giàu dưỡng chất, kem chống nắng phổ rộng SPF 30+ trở lên. Tránh sản phẩm chứa cồn và hương liệu mạnh để không gây kích ứng."
Makeup cho mắt tròn cần kỹ thuật nào?,"Với mắt tròn, kỹ thuật trang điểm cần tập trung vào tạo chiều sâu và độ dài. Sử dụng phấn tối ở đuôi mắt, tán đều để tạo bóng. Kẻ eyeliner mảnh, kéo dài ra ngoài thay vì đường dày. Chuốt mascara tập trung vào mi trên để ""đẩy"" mắt lên, tránh chuốt mi dưới quá đậm."
Cách tạo makeup cho mắt dài kiểu Hàn Quốc?,"Để tạo makeup mắt dài kiểu Hàn Quốc, bạn tập trung vào kỹ thuật tán màu và đường eyeliner. 1. **Phấn mắt:** Chọn màu nude/nâu nhạt tán đều bầu mắt, nhấn đậm hơn ở đuôi mắt. 2. **Eyeliner:** Kẻ eyeliner mỏng, dài, hơi chếch lên ở đuôi mắt. 3. **Mascara:** Chải mascara kỹ để làm dài và cong mi. 4. **Highlight:** Nhấn highlight ở bọng mắt để mắt trông to"
Makeup cho mắt sâu cần tránh gì?,"Khi trang điểm mắt sâu, bạn nên tránh: * **Màu tối toàn bộ bầu mắt:** Gây mắt trông sâu hơn, hốc hằn. * **Đánh phấn tối vào hốc mắt:** Làm mắt bị lõm. * **Đánh highlight quá đà:** Tạo vùng tối rõ rệt hơn. * **Mascara chỉ đánh mi trên:** Cần đánh cả mi dưới để mở rộng mắt. * **Kẻ mắt quá dày hoặc kéo dài:** Gây nặng nề"
Cách tạo makeup cho mắt lồi kiểu Nhật Bản?,"Để tạo makeup mắt lồi kiểu Nhật, hãy tập trung vào kỹ thuật tạo chiều sâu. Dùng phấn mắt tối màu (nâu, xám) đánh vào hốc mắt, tán đều lên trên. Kẻ eyeliner mảnh, tập trung vào 2/3 đường mắt trên, không kéo dài đuôi quá nhiều. Mascara chuốt kỹ mi trên, mi dưới nhẹ nhàng để mở rộng mắt."
Makeup cho mắt sụp cần sản phẩm gì?,"Để makeup cho mắt sụp, bạn cần: * **Kẻ mắt:** Chọn kẻ mắt gel/liquid, đường kẻ mảnh, tập trung 2/3 đường mắt ngoài, kéo dài đuôi mắt. * **Mascara:** Chuốt kỹ mi cong, tập trung vào mi trên để ""mở"" mắt. * **Phấn mắt:** Sử dụng tông màu sáng/trung tính, đánh highlight dưới chân mày để nâng mí. * **Che khuyết điểm:** Cần thiết để che đi vùng da sụp"
Cách tạo makeup cho mắt một mí kiểu Âu Mỹ?,"Để tạo makeup mắt một mí kiểu Âu Mỹ, hãy tập trung vào kỹ thuật tạo chiều sâu. Bắt đầu với phấn mắt màu trung tính tán đều từ hốc mắt lên. Sử dụng phấn màu đậm hơn ở đuôi mắt và hốc mắt để tạo độ sâu. Kẻ eyeliner dày, kéo dài ra ngoài, và đừng quên mascara để làm dày mi. Có thể dùng mi giả để tăng"
Makeup cho mắt nhỏ cần kỹ thuật nào?,"Để makeup cho mắt nhỏ, bạn cần tập trung vào kỹ thuật mở rộng và tạo chiều sâu: * **Tạo khối:** Sử dụng phấn tối ở đuôi mắt và phấn sáng ở khóe mắt, bọng mắt. * **Kẻ mắt:** Kẻ mắt mảnh, tập trung vào 2/3 đường mắt trên, tránh kéo dài đuôi mắt quá nhiều. * **Mascara:** Chải mascara kỹ ở mi trên, đặc biệt là phần đuôi mắt."
Cách tạo makeup cho mắt to kiểu Nhật Bản?,"Để tạo mắt to kiểu Nhật, hãy tập trung vào kỹ thuật mở rộng mắt. Sử dụng eyeliner màu nâu hoặc đen, vẽ đường mỏng ở mí trên, kéo dài đuôi mắt hướng lên trên. Đánh phấn mắt màu sáng ở bọng mắt và hốc mắt để tạo chiều sâu. Cuối cùng, đừng quên kẹp mi và chải mascara để mi cong và dày."
Makeup cho mắt cụp cần sản phẩm gì?,"Để makeup cho mắt cụp, bạn cần: * **Kẻ mắt:** Chọn kẻ mắt nước hoặc gel, vẽ đường kẻ mảnh, tập trung 2/3 đường kẻ ngoài và kéo dài đuôi mắt. * **Mascara:** Chuốt mascara cong và dày mi, tập trung vào mi trên để mở rộng mắt. * **Phấn mắt:** Sử dụng phấn mắt sáng ở bầu mắt, tối dần về hốc mắt để tạo chiều sâu. Tránh màu"
Cách tạo makeup cho mắt lồi kiểu Âu Mỹ?,"Với mắt lồi kiểu Âu Mỹ, hãy tập trung vào kỹ thuật tạo khối để làm sâu mắt hơn. Sử dụng phấn tối màu ở hốc mắt và đuôi mắt, tán đều. Đánh highlight ở bọng mắt và dưới chân mày. Kẻ eyeliner mảnh, tập trung vào 2/3 đường mắt ngoài, tránh kéo dài quá. Mascara chuốt dày mi trên."
Làm sao tạo makeup cho da dầu khi trời nóng?,"Với da dầu khi trời nóng, ưu tiên lớp nền mỏng nhẹ, kiềm dầu. Dùng kem lót có silicone giúp mịn da, khóa lỗ chân lông. Chọn foundation dạng kem lỏng, cushion hoặc BB cream thay vì kem đặc. Đánh phấn phủ bột khoáng để hút dầu thừa, đánh lại sau vài giờ. Đừng quên xịt khóa lớp trang điểm để giữ bền màu và kiểm soát dầu."
Cách tạo makeup cho da khô khi trời lạnh?,"Da khô khi trời lạnh cần cấp ẩm tối ưu. Bắt đầu bằng lớp kem dưỡng ẩm sâu. Chọn nền dạng kem hoặc cushion chứa hyaluronic acid, thoa mỏng. Dùng phấn bắt sáng dạng lỏng để da căng bóng tự nhiên. Tránh phấn bột, thay vào đó dùng xịt khóa nền để giữ ẩm. Son dưỡng môi là không thể thiếu!"
Makeup cho da nhạy cảm khi trời ẩm cần gì?,"Da nhạy cảm khi trời ẩm cần lớp nền mỏng nhẹ, ưu tiên các sản phẩm không chứa cồn, hương liệu và dầu khoáng. Chọn kem nền, phấn nền dạng lỏng hoặc cushion có thành phần dịu nhẹ, kiềm dầu. Đừng quên kem lót có khả năng bảo vệ da và hạn chế đổ dầu. Quan trọng nhất là tẩy trang kỹ lưỡng!"
Cách tạo makeup cho da mụn khi trời mưa?,"Khi trang điểm cho da mụn trời mưa, ưu tiên lớp nền mỏng nhẹ, không gây bí da. Chọn kem nền, phấn nước kiềm dầu, có thành phần dịu nhẹ. Đừng quên kem lót giúp khóa ẩm và bảo vệ da. Tránh đánh phấn quá dày, thay vào đó dùng giấy thấm dầu để kiểm soát bóng nhờn. Cuối cùng, cố định lớp makeup bằng xịt khóa để bền màu,"
Makeup cho da nám khi trời nắng cần gì?,"Khi trang điểm cho da nám dưới nắng, ưu tiên bảo vệ da là hàng đầu. Hãy dùng kem lót có chỉ số SPF từ 30 trở lên, sau đó đến kem nền che phủ nám, chọn loại có kết cấu nhẹ, mỏng. Cuối cùng, khóa lớp trang điểm bằng phấn phủ kiềm dầu và đừng quên thoa lại kem chống nắng sau 2-3 tiếng."
Cách tạo makeup cho da hỗn hợp khi trời khô?,"Với da hỗn hợp khi trời khô, ưu tiên dưỡng ẩm! Dùng kem lót cấp ẩm cho toàn mặt, đặc biệt vùng khô. Lớp nền mỏng, nhẹ, tập trung vào vùng dầu. Phấn phủ dạng bột nhẹ nhàng khóa vùng chữ T, tránh làm khô da. Son dưỡng ẩm và chút má hồng tạo độ tươi tắn là hoàn thiện."
Makeup cho da lão hóa khi trời nóng cần gì?,"Makeup cho da lão hóa khi trời nóng cần ưu tiên nhẹ nhàng, dưỡng ẩm và bảo vệ. Chọn kem nền lỏng, mỏng nhẹ, có SPF. Dùng phấn khoáng thay phấn bột để tránh làm khô da. Tập trung vào che khuyết điểm nếp nhăn quanh mắt, miệng. Màu son tươi tắn giúp trẻ trung. Quan trọng nhất, giữ lớp makeup tối giản để da ""thở""."
Cách tạo makeup cho da sáng khi trời mưa?,"Trời mưa, da thường thiếu sáng. Hãy ưu tiên lớp nền mỏng, nhẹ, tập trung dưỡng ẩm để da căng bóng tự nhiên. Sử dụng kem che khuyết điểm có độ che phủ vừa phải, tránh gây bí da. Thêm chút má hồng đào hoặc cam san hô để khuôn mặt tươi tắn. Son môi tone ấm cũng là lựa chọn lý tưởng. Đừng quên xịt khóa lớp makeup để"
Makeup cho da ngăm khi trời lạnh cần gì?,"Da ngăm khi trời lạnh cần ưu tiên dưỡng ẩm sâu để tránh khô bong tróc, làm lớp nền mịn màng. Chọn phấn nền tông ấm, trung bình, tránh quá sáng. Sử dụng màu má hồng, son môi tông cam đất, đỏ gạch, berry để nổi bật trên nền da. Đừng quên lớp xịt khóa nền để giữ lớp makeup bền lâu hơn nhé!"
Cách tạo makeup cho da dầu khi trời ẩm?,"Với da dầu khi trời ẩm, ưu tiên lớp nền mỏng nhẹ, kiềm dầu. Bắt đầu bằng lớp kem lót kiểm soát dầu, sau đó dùng foundation dạng lỏng, hoặc cushion có độ che phủ vừa phải. Cố định bằng phấn bột khoáng, đặc biệt ở vùng chữ T. Tránh dùng kem nền quá dày, dễ gây bí da và làm tăng tiết dầu."
Kỹ năng giao tiếp quan trọng thế nào với makeup artist?,"Kỹ năng giao tiếp cực kỳ quan trọng với makeup artist. Nó giúp bạn hiểu rõ mong muốn của khách hàng, tư vấn phong cách phù hợp và tạo sự thoải mái trong suốt quá trình làm việc. Giao tiếp tốt xây dựng niềm tin, tránh hiểu lầm và mang lại kết quả makeup ưng ý, vượt mong đợi của khách."
Cách xử lý khi khách hàng không thích makeup?,"Khi khách hàng không thích makeup, điều quan trọng nhất là **lắng nghe và tôn trọng** ý kiến của họ. Hỏi cụ thể điều gì họ không hài lòng (màu sắc, độ đậm nhạt, kỹ thuật...). **Điều chỉnh ngay lập tức** theo phản hồi, giảm bớt hoặc thay đổi sản phẩm. Luôn giữ thái độ **từ tốn, chuyên nghiệp** và ưu tiên sự thoải mái của khách hàng."
Làm sao tạo makeup cho khách hàng da nám?,"Với da nám, ưu tiên che phủ hoàn toàn và bảo vệ da. Dùng kem lót màu cam/hồng để trung hòa sắc tố nám. Tiếp đến, dùng kem nền che phủ tốt, nhưng mỏng nhẹ, tránh làm dày da. Cố định bằng phấn bột và thoa kem chống nắng kỹ lưỡng. Tránh các sản phẩm gây kích ứng, tập trung vào bảo vệ và làm đều màu da."
Cách chọn mỹ phẩm cho khách hàng da lão hóa?,"Khi chọn mỹ phẩm cho da lão hóa, ưu tiên các sản phẩm chứa: * **Retinol:** Kích thích collagen, giảm nếp nhăn. * **Vitamin C:** Chất chống oxy hóa, làm sáng da. * **Hyaluronic Acid:** Cấp ẩm, làm đầy da. * **Peptide:** Tăng độ đàn hồi. * **SPF:** Bảo vệ da khỏi tác hại của ánh nắng. Chọn kết cấu kem dưỡng ẩm giàu dinh dưỡng, tránh sản phẩm chứa"
Làm sao tạo makeup nhanh cho khách hàng bận rộn?,"Với khách hàng bận rộn, ưu tiên makeup tự nhiên, tập trung vào những điểm nhấn chính. Sử dụng kem nền đa năng, che khuyết điểm, má hồng dạng kem và mascara. Kẻ lông mày nhanh với bút chì hoặc gel. Son môi là bước cuối cùng, chọn màu sắc phù hợp với tông da. Quan trọng là tối ưu thời gian và giữ cho lớp makeup nhẹ nhàng, tươi"
Cách xử lý khi makeup bị cakey với khách hàng?,"Khi makeup bị cakey, hãy nhẹ nhàng xịt khoáng để làm mềm lớp nền. Dùng mút ẩm hoặc cọ mềm đánh lại, tập trung vào vùng bị cakey để hòa trộn sản phẩm. Tránh thêm phấn, thay vào đó, dùng giấy thấm dầu để kiểm soát bóng dầu. Nếu cần, thoa một lớp serum dưỡng ẩm mỏng trước khi đánh lại lớp nền."
Làm sao tư vấn makeup cho khách hàng mới?,"Chào bạn! Khi tư vấn makeup cho khách mới, hãy bắt đầu bằng việc tìm hiểu về phong cách, sở thích và nhu cầu của họ. Hỏi về routine skincare hiện tại, màu sắc yêu thích và dịp trang điểm. Đánh giá tông da, hình dáng khuôn mặt để đưa ra gợi ý phù hợp. Luôn ưu tiên makeup nhẹ nhàng, tự nhiên nếu khách chưa quen."
Cách tạo makeup cho khách hàng da sáng?,"Với da sáng, ưu tiên lớp nền mỏng nhẹ, tập trung làm đều màu da thay vì che phủ dày. Chọn phấn nền tông màu tự nhiên hoặc sáng hơn nửa tông. Sử dụng má hồng đào, cam san hô để tăng độ tươi tắn. Mắt có thể dùng màu pastel, nude hoặc nâu nhạt. Son môi nên chọn màu hồng, cam hoặc đỏ tươi để hoàn thiện."
Làm sao làm việc với khách hàng da dầu?,"Với khách hàng da dầu, hãy ưu tiên các bước sau: 1. **Làm sạch sâu:** Loại bỏ dầu thừa, bụi bẩn. 2. **Cân bằng da:** Sử dụng toner không cồn. 3. **Kiểm soát dầu:** Chọn kem lót, phấn nền kiềm dầu, lâu trôi. 4. **Phấn phủ:** Cố định lớp nền, giảm bóng dầu. 5. **Giữ ẩm:** Dù da dầu vẫn cần dưỡng ẩm nhẹ nhàng."
Cách tạo makeup cho khách hàng da khô?,"Với da khô, ưu tiên dưỡng ẩm là yếu tố then chốt. Bắt đầu bằng lớp kem dưỡng ẩm giàu ẩm. Chọn nền dạng kem hoặc lỏng, tránh phấn bột. Dùng phấn bắt sáng dạng kem để tạo độ glow tự nhiên. Đánh son dưỡng trước khi tô son màu. Xịt khóa makeup dạng xịt dưỡng ẩm để giữ lớp trang điểm lâu trôi và không làm khô da."
Son nào hợp với makeup nghệ thuật?,"Với makeup nghệ thuật, son lì (matte) là lựa chọn hàng đầu vì độ bám màu cao, không lem khi kết hợp các kỹ thuật đặc biệt. Màu sắc nên tương phản hoặc bổ sung với tổng thể trang điểm, ví dụ: son đỏ đậm với makeup tông xanh, hoặc son nude với mắt khói ấn tượng. Chất son mịn giúp dễ dàng tạo hình và chỉnh sửa."
Cách chọn son cho makeup cô dâu ban ngày?,"Với makeup cô dâu ban ngày, ưu tiên son nude, hồng đào, cam san hô hoặc đỏ cam tươi tắn. Chất son nên mềm mịn, bán lì hoặc bóng nhẹ để đôi môi căng mọng tự nhiên. Tránh son quá đậm hoặc lì hoàn toàn vì có thể gây nặng nề, không phù hợp với ánh sáng tự nhiên. Quan trọng nhất là son phải hài hòa với tông da"
Phấn mắt nào hợp với makeup sân khấu?,"Với makeup sân khấu, phấn mắt đậm màu, có độ bắt sáng cao là lựa chọn hàng đầu. Ưu tiên các gam màu như đen, xám, tím đậm, xanh dương hoặc đỏ burgundy. Phấn mắt nhũ, lấp lánh sẽ giúp đôi mắt nổi bật dưới ánh đèn sân khấu. Nên dùng phấn mắt có khả năng chống lem tốt để giữ lớp trang điểm bền vững."
Cách chọn phấn mắt cho makeup chụp ảnh?,"Để makeup chụp ảnh đẹp, bạn nên chọn phấn mắt có tông màu trầm ấm như nâu, cam đất, hoặc tím plum. Các màu này lên hình sẽ rõ nét và có chiều sâu hơn. Ưu tiên phấn mắt có shimmer hoặc nhũ để bắt sáng, tạo điểm nhấn. Tránh các màu quá sáng hoặc quá tối, vì có thể bị loá hoặc mất chi tiết khi chụp."
Highlighter nào hợp với makeup tiệc tối?,"Với makeup tiệc tối, highlighter dạng kem hoặc lỏng với tông màu champagne gold hoặc rose gold là lựa chọn lý tưởng. Chúng tạo hiệu ứng glow căng bóng, bắt sáng tốt hơn so với highlighter dạng bột. Tập trung đánh highlighter ở gò má, sống mũi, nhân trung và khóe mắt để khuôn mặt thêm nổi bật và thu hút."
Cách chọn highlighter cho makeup ban ngày?,"Để makeup ban ngày, hãy chọn highlighter có tông màu ngọc trai hoặc champagne. Chất phấn nên mịn, ít nhũ để tạo hiệu ứng glow tự nhiên, không quá lòe loẹt. Ưu tiên các sản phẩm dạng kem hoặc lỏng để dễ tán và hòa quyện với da. Tập trung đánh highlighter ở gò má, sống mũi, nhân trung và khóe mắt để khuôn mặt tươi sáng."
Má hồng nào hợp với makeup tự nhiên?,"Với makeup tự nhiên, má hồng kem hoặc phấn má hồng với tông màu đào, hồng san hô hoặc hồng baby là lựa chọn lý tưởng. Chúng mang lại vẻ ửng hồng khỏe khoắn, tự nhiên như từ bên trong. Nên chọn chất phấn mịn, dễ tán và ưu tiên các màu sắc gần với màu da tự nhiên của bạn."
Cách chọn má hồng cho makeup nghệ thuật?,"Để chọn má hồng cho makeup nghệ thuật, hãy cân nhắc tông da và concept trang điểm. Da trắng hợp má hồng đào, hồng baby; da trung bình dùng cam đào, hồng san hô; da ngăm chọn đỏ gạch, hồng đất. Màu sắc đậm, nổi bật phù hợp trang điểm sân khấu, còn màu pastel nhẹ nhàng cho makeup chụp ảnh hoặc biểu diễn gần."
Son nào hợp với makeup Hàn Quốc?,"Với makeup Hàn Quốc, son lì hoặc son tint bóng nhẹ là lựa chọn hoàn hảo. Các màu như hồng san hô, hồng đào, cam đất, hoặc đỏ gạch sẽ tôn lên vẻ tự nhiên, tươi trẻ. Ưu tiên các màu son trong tông ấm, tránh các màu quá sẫm hoặc nổi bật để giữ đúng tinh thần ""no makeup makeup"" của phong cách Hàn."
Cách chọn phấn mắt cho makeup Âu Mỹ?,"Để chọn phấn mắt cho makeup Âu Mỹ, ưu tiên các bảng màu trung tính như nâu, be, xám, đồng. Thêm các tông màu nhấn như burgundy, xanh rêu, hoặc tím plum để tạo chiều sâu. Chất phấn nên là matte hoặc shimmer để phù hợp với phong cách smoky eyes đặc trưng. Đừng quên phấn highlight cho bầu mắt thêm nổi bật!"
Tại sao cần thử mỹ phẩm trước khi dùng cho khách?,"Thử mỹ phẩm trước khi dùng cho khách là bước quan trọng để đảm bảo an toàn và hiệu quả. Việc này giúp phát hiện dị ứng, kích ứng da tiềm ẩn, tránh gây hại cho khách hàng. Đồng thời, bạn có thể đánh giá màu sắc, kết cấu sản phẩm có phù hợp với tông da và loại da của khách hay không, từ đó đưa ra lựa chọn"
Cách làm sạch cọ giữa các khách hàng?,"Để đảm bảo vệ sinh, giữa các khách hàng, hãy làm sạch cọ trang điểm bằng dung dịch vệ sinh cọ chuyên dụng hoặc dầu gội em bé dịu nhẹ. Xịt dung dịch lên cọ, nhẹ nhàng xoay và loại bỏ hết mỹ phẩm. Rửa sạch lại với nước ấm, vắt nhẹ và để khô tự nhiên, lông cọ hướng xuống dưới."
Làm sao làm sạch beauty blender cho khách hàng?,"Để làm sạch beauty blender cho khách hàng, bạn cần: 1. **Rửa sạch:** Xả dưới vòi nước ấm, nhẹ nhàng bóp để loại bỏ mỹ phẩm. 2. **Sử dụng dung dịch:** Dùng dầu tẩy trang chuyên dụng hoặc xà phòng dịu nhẹ, tạo bọt và rửa lại. 3. **Xả kỹ:** Đảm bảo không còn cặn mỹ phẩm. 4. **Phơi khô:** Để khô tự nhiên ở nơi thoáng mát, tránh ánh"
Cách bảo quản mỹ phẩm khi làm việc ngoài trời?,"Khi làm việc ngoài trời, bảo quản mỹ phẩm cần tránh ánh nắng trực tiếp và nhiệt độ cao. Nên để trong túi đựng cách nhiệt, hộp kín hoặc ba lô có bóng râm. Tránh để mỹ phẩm trong xe hơi nóng. Ưu tiên các sản phẩm có chỉ số SPF và kiểm tra hạn sử dụng thường xuyên để đảm bảo hiệu quả và an toàn."
Làm sao chọn mỹ phẩm cho khách hàng da mụn?,"Khi chọn mỹ phẩm cho da mụn, ưu tiên sản phẩm ""non-comedogenic"" (không gây tắc nghẽn lỗ chân lông), dịu nhẹ, không chứa cồn và hương liệu. Tìm các thành phần như salicylic acid, benzoyl peroxide, tea tree oil để hỗ trợ trị mụn. Quan trọng nhất, hãy hỏi rõ về loại mụn và mức độ nhạy cảm của da khách hàng để tư vấn sản phẩm phù hợp nhất."
Cách chọn mỹ phẩm cho khách hàng da nhạy cảm?,"Khi chọn mỹ phẩm cho da nhạy cảm, ưu tiên sản phẩm: * **Không chứa:** Hương liệu, cồn, paraben, chất tạo màu. * **Thành phần dịu nhẹ:** Ceramides, hyaluronic acid, lô hội, yến mạch. * **Kiểm tra:** Nhãn ""hypoallergenic"" (ít gây dị ứng) và ""dermatologist-tested"" (đã được bác sĩ da liễu kiểm nghiệm). * **Thử trước:** Luôn test sản phẩm trên vùng da nhỏ trước khi sử dụng toàn mặt."
Làm sao xử lý khi mỹ phẩm hết giữa lúc làm việc?,"Khi mỹ phẩm hết giữa lúc làm việc, đừng lo lắng! Hãy ưu tiên hoàn thành phần trang điểm đã có. Nếu cần thiết, mượn tạm sản phẩm tương tự từ đồng nghiệp hoặc sử dụng các sản phẩm đa năng (ví dụ: son môi làm má hồng). Ghi chú lại ngay để bổ sung mỹ phẩm sớm nhất có thể."
Cách chọn mỹ phẩm cho khách hàng da sáng?,"Với khách hàng da sáng, ưu tiên mỹ phẩm giúp duy trì độ sáng và bảo vệ khỏi tác hại của ánh nắng. Chọn nền, phấn có tông màu sáng tự nhiên, tránh quá trắng. Son môi nên chọn màu tươi tắn, nhẹ nhàng. Đặc biệt, kem chống nắng phổ rộng là không thể thiếu để ngăn ngừa nám và lão hóa."
Làm sao chọn mỹ phẩm cho khách hàng da ngăm?,"Với khách hàng da ngăm, ưu tiên các tông màu ấm như cam đất, nâu, đồng, và hồng đào. Tránh các màu quá sáng hoặc pastel, có thể làm da trông xỉn màu. Chọn phấn nền, phấn má, son môi và mắt có undertone ấm. Đừng quên kem chống nắng để bảo vệ da và giúp da đều màu hơn."
Làm sao để makeup khơi dậy sự tự tin?,"Makeup khơi dậy sự tự tin không phải là che đi khuyết điểm, mà là tôn lên vẻ đẹp tự nhiên của bạn. Hãy bắt đầu với làn da khỏe mạnh, sử dụng các sản phẩm phù hợp. Tập trung vào những điểm bạn yêu thích trên khuôn mặt và làm nổi bật chúng. Quan trọng nhất, hãy tận hưởng quá trình và cảm thấy thoải mái với chính mình!"
Cách makeup kể câu chuyện của bạn?,"Trang điểm là cách tôi kể câu chuyện về tâm trạng, cá tính và nguồn cảm hứng của mình. Một ngày năng động, tôi chọn màu sắc tươi sáng, rạng rỡ. Khi muốn thể hiện sự tự tin, tôi tập trung vào đôi mắt sắc sảo. Đôi khi, một chút son đỏ thẫm lại là lời kể về sự quyến rũ và bí ẩn. Trang điểm là ngôn ngữ không"
Makeup có thể chữa lành tâm hồn không?,"Trang điểm không chữa lành tâm hồn theo nghĩa y học, nhưng có thể mang lại tác động tích cực đến tinh thần. Quá trình trang điểm có thể là một nghi thức tự chăm sóc, giúp tăng sự tự tin, thể hiện bản thân và tạo cảm giác kiểm soát. Việc thay đổi diện mạo có thể cải thiện tâm trạng và giúp đối diện với thế giới một"
Tại sao makeup là hành trình khám phá bản thân?,"Makeup không chỉ che đi khuyết điểm, mà còn là cách bạn thể hiện cá tính, khám phá những khía cạnh khác nhau của bản thân. Qua từng màu son, kiểu mắt, bạn thử nghiệm và tìm ra phong cách phù hợp nhất, giúp tăng sự tự tin và yêu thương chính mình hơn. Đó là hành trình tìm kiếm ""chân tôi"" qua vẻ ngoài."
Cách makeup thể hiện tình yêu?,"Makeup thể hiện tình yêu qua việc tập trung làm nổi bật vẻ đẹp tự nhiên của đối phương. Sử dụng tông màu nhẹ nhàng, tươi tắn, nhấn vào đôi mắt và đôi môi để tạo ánh nhìn lãng mạn, quyến rũ. Quan trọng nhất là sự tỉ mỉ, cẩn thận, thể hiện sự quan tâm và trân trọng người mình yêu."
Makeup cho ngày cưới nên truyền tải gì?,"Makeup ngày cưới nên tôn vinh vẻ đẹp tự nhiên, khỏe khoắn của cô dâu, đồng thời thể hiện phong cách cá nhân. Ưu tiên sự bền vững, giúp bạn rạng rỡ suốt ngày dài. Quan trọng nhất, lớp trang điểm phải hài hòa với váy cưới, concept đám cưới và giúp cô dâu tự tin tỏa sáng trong ngày trọng đại."
Cách tạo makeup cho lễ cưới Việt Nam?,"Makeup cưới Việt Nam thường tập trung vào sự tinh tế, sang trọng và tôn vinh nét đẹp tự nhiên. * **Nền:** Chọn nền lì, che phủ tốt, bền màu. * **Mắt:** Phấn mắt tông ấm (nâu, cam đất), nhấn nhá bằng nhũ. * **Môi:** Son đỏ tươi hoặc hồng đất, đánh lòng môi để tự nhiên. * **Má:** Tạo khối nhẹ nhàng, má hồng đào. * **Lông mày:** Vẽ"
Makeup cho lễ hội Diwali cần cảm xúc gì?,"Trang điểm Diwali nên thể hiện sự rạng rỡ, tươi vui và một chút lấp lánh! Ưu tiên các tông màu ấm như vàng đồng, cam, đỏ và hồng. Đôi mắt nhấn nhá với eyeliner sắc sảo và phấn nhũ. Son môi màu đậm hoặc nude tùy sở thích. Quan trọng nhất là tạo cảm giác tự tin và hạnh phúc để đón lễ hội ánh sáng!"
Cách makeup cho lễ hội Carnival Brazil?,"Carnival Brazil nổi tiếng với sự rực rỡ! Hãy tập trung vào mắt với phấn mắt màu neon, kim tuyến và vẽ họa tiết cầu kỳ. Sử dụng mascara dày và mi giả ấn tượng. Đôi môi tô son đỏ tươi hoặc hồng sáng. Điểm nhấn là những viên đá lấp lánh, lông vũ hoặc hoa đính trên mặt và tóc. Đừng quên lớp nền bền vững, chống thấm nước!"
Makeup cho đêm giao thừa nên thế nào?,"Đêm giao thừa, hãy chọn phong cách makeup lấp lánh, nổi bật! Tập trung vào mắt với phấn nhũ, eyeliner lấp lánh hoặc đá trang trí. Son môi đỏ hoặc màu berry sẽ tạo điểm nhấn. Đừng quên lớp nền hoàn hảo, bền vững để giữ makeup lâu trôi suốt đêm. Quan trọng nhất, hãy tự tin tỏa sáng!"
Tại sao makeup là ngôn ngữ không lời?,"Makeup là ngôn ngữ không lời vì nó truyền tải thông điệp về cá tính, tâm trạng và phong cách của bạn mà không cần lời nói. Màu sắc, kỹ thuật và sản phẩm được sử dụng có thể thể hiện sự tự tin, sáng tạo, hoặc thậm chí là một câu chuyện riêng. Nó là một hình thức nghệ thuật giúp bạn ""nói"" lên con người mình."
Cách makeup cho buổi hẹn đầu tiên?,"Buổi hẹn đầu tiên, hãy ưu tiên vẻ ngoài tự nhiên, tươi tắn! * **Nền:** Kem nền mỏng nhẹ, che khuyết điểm vừa đủ. * **Mắt:** Phấn mắt tone nude hoặc nâu, chuốt mascara. * **Má:** Hồng đào nhẹ nhàng. * **Môi:** Son bóng hoặc son tint màu tự nhiên. Quan trọng nhất là bạn cảm thấy tự tin với chính mình! Đừng thử những kiểu makeup quá khác biệt"
Makeup cho buổi hòa nhạc rock cần gì?,"Makeup cho buổi hòa nhạc rock nên tập trung vào sự bền vững và nổi bật dưới ánh đèn sân khấu. Ưu tiên lớp nền lì, lâu trôi, kết hợp phấn mắt đậm (đen, xám, màu khói) và eyeliner sắc sảo. Son môi đậm màu, có độ bám tốt là lựa chọn hoàn hảo. Đừng quên highlight để tạo điểm nhấn và contour để khuôn mặt sắc nét hơn nhé!"
Cách tạo makeup cho ngày mưa buồn?,"Ngày mưa buồn, hãy ưu tiên vẻ đẹp tự nhiên, nhẹ nhàng. Chọn lớp nền mỏng, kem che khuyết điểm tập trung vùng cần thiết. Đôi mắt dùng phấn màu nude, nâu ấm, tránh màu quá nổi. Mascara nhẹ nhàng để mi cong tự nhiên. Son môi màu hồng đào, cam đất hoặc son dưỡng sẽ hoàn thiện vẻ ngoài tươi tắn, ấm áp."
Makeup cho buổi chụp ảnh nghệ thuật nên thế nào?,"Makeup cho chụp ảnh nghệ thuật cần khác biệt so với makeup hàng ngày. Ưu tiên độ che phủ cao, làm nổi bật đường nét và tạo hiệu ứng chiều sâu cho khuôn mặt. Sử dụng tông màu đậm hơn bình thường, tập trung vào mắt và môi. Đừng quên khóa lớp nền kỹ để tránh bị đổ dầu khi chụp dưới đèn. Quan trọng nhất là phù hợp với"
Cách makeup tôn vẻ đẹp nội tâm?,"Makeup tôn vẻ đẹp nội tâm tập trung vào sự tự nhiên, làm nổi bật những đường nét sẵn có thay vì thay đổi hoàn toàn. Ưu tiên làn da khỏe khoắn với lớp nền mỏng nhẹ, nhấn nhá đôi mắt và đôi môi với tông màu phù hợp với màu da. Quan trọng nhất, hãy chọn phong cách makeup khiến bạn cảm thấy tự tin và thoải mái nhất!"
Makeup cho lễ tốt nghiệp có ý nghĩa gì?,"Makeup cho lễ tốt nghiệp không chỉ giúp bạn xinh đẹp trong ngày trọng đại mà còn thể hiện sự tôn trọng với bản thân, gia đình và những nỗ lực đã bỏ ra. Lớp trang điểm tinh tế, tự nhiên giúp bạn tự tin tỏa sáng, lưu giữ khoảnh khắc đáng nhớ này một cách hoàn hảo nhất. Đó là lời tạm biệt ý nghĩa với thời học sinh"
Cách tạo makeup cho ngày sinh nhật?,"Để có makeup xinh lung linh cho ngày sinh nhật, bạn nên ưu tiên làn da căng bóng, mịn màng. Hãy bắt đầu với lớp nền hoàn hảo, nhấn nhá đôi mắt với phấn mắt lấp lánh hoặc eyeliner sắc sảo. Đừng quên má hồng để khuôn mặt tươi tắn và son môi nổi bật. Quan trọng nhất, hãy chọn phong cách phù hợp với trang phục và cá tính"
Makeup cho buổi phỏng vấn cần cảm xúc gì?,"Makeup cho buổi phỏng vấn cần thể hiện sự chuyên nghiệp, tự tin và đáng tin cậy. Ưu tiên vẻ ngoài tự nhiên, tươi tắn với lớp nền nhẹ nhàng, màu mắt trung tính (nâu, be), và son môi màu nude hoặc hồng nhạt. Tránh makeup quá đậm hoặc cầu kỳ, tập trung vào làm nổi bật những đường nét thanh tú trên gương mặt."
Cách makeup cho chuyến du lịch biển?,"Makeup cho du lịch biển nên ưu tiên nhẹ nhàng, tự nhiên và bền vững. Dùng kem chống nắng là bước đầu tiên. Tiếp theo, kem nền mỏng, chống nước, kết hợp phấn phủ dạng bột để kiềm dầu. Màu mắt nhẹ nhàng, mascara chống thấm nước và son dưỡng có màu là đủ. Đừng quên xịt khóa lớp makeup để giữ lâu trôi nhé!"
Makeup phong cách bohemian có gì đặc biệt?,"Makeup phong cách bohemian (boho) tập trung vào vẻ đẹp tự nhiên, phóng khoáng và lãng mạn. Điểm đặc biệt là lớp nền mỏng nhẹ, đôi mắt nhấn nhá bằng phấn màu đất, đồng hoặc ánh kim, thường vẽ eyeliner màu hoặc sử dụng mascara nâu. Son môi nude, cam đất hoặc hồng san hô là lựa chọn phổ biến. Thêm chút highlight và má hồng đào để tăng vẻ"
Cách tạo makeup phong cách châu Phi?,"Makeup phong cách châu Phi nổi bật với màu sắc đậm, rực rỡ và họa tiết độc đáo. Sử dụng phấn mắt màu đất, vàng đồng, xanh lam hoặc tím. Kẻ mắt mắt mèo sắc sảo, môi tô son đỏ tươi hoặc màu berry. Điểm nhấn là các họa tiết hình học, hoa văn trên má hoặc trán bằng eyeliner hoặc màu vẽ chuyên dụng. Đừng quên lớp nền hoàn"
Makeup phong cách gothic gợi cảm xúc gì?,"Makeup gothic gợi lên sự bí ẩn, nổi loạn và lãng mạn đen tối. Phong cách này thường tập trung vào đôi mắt smoky đậm, môi tối màu (đỏ burgundy, đen), và làn da trắng xanh xao. Nó thể hiện cá tính mạnh mẽ, sự quyến rũ ma mị và một chút u buồn, đồng thời mang hơi hướng nghệ thuật và phá cách."
Cách tạo makeup phong cách thập niên 80?,"Để tạo makeup phong cách thập niên 80, hãy tập trung vào màu sắc nổi bật! Sử dụng phấn mắt hồng, tím, xanh lam, hoặc cam, đánh đậm và có thể mix nhiều màu. Kẻ mắt đen dày, má hồng đậm và son môi tươi sáng (đỏ, hồng fuchsia) là điểm nhấn. Đừng quên chải mascara dày và có thể thêm chút nhũ để tăng hiệu ứng lấp lánh."
Makeup phong cách Việt Nam hiện đại thế nào?,"Makeup phong cách Việt Nam hiện đại đề cao sự tự nhiên, thanh lịch nhưng vẫn tôn được nét Á Đông. Da trong, mịn màng là ưu tiên hàng đầu, kết hợp với đôi mắt nhẹ nhàng, nhấn nhá bằng hàng mi cong và đôi môi tươi tắn. Màu sắc thường là các tông nude, hồng đào, cam đất, phù hợp với nhiều hoàn cảnh."
Cách tạo makeup phong cách Morocco?,"Phong cách Morocco tập trung vào đôi mắt ấn tượng và làn da khỏe khoắn. Sử dụng phấn mắt màu vàng đồng, nâu, cam để tạo chiều sâu. Kẻ mắt đen đậm, có thể kéo dài. Đừng quên đánh highlighter vàng đồng lên gò má, sống mũi và khóe mắt. Son môi màu nude hoặc đỏ cam hoàn thiện vẻ đẹp quyến rũ, bí ẩn."
Makeup phong cách Ấn Độ hiện đại cần gì?,"Makeup phong cách Ấn Độ hiện đại tập trung vào đôi mắt sắc sảo và làn da rạng rỡ. Bạn cần: * **Nền:** Che phủ hoàn hảo, tông màu phù hợp. * **Mắt:** Phấn mắt tông ấm (vàng đồng, nâu), eyeliner đen đậm, mascara dày. * **Má:** Hồng đào hoặc cam đất. * **Môi:** Son đỏ tươi hoặc màu nude đào. * **Điểm nhấn:** Bindi (đối với một số phong"
Cách tạo makeup phong cách Hàn Quốc lãng mạn?,"Để có makeup phong cách Hàn Quốc lãng mạn, hãy tập trung vào làn da căng bóng tự nhiên với lớp nền mỏng nhẹ. Sử dụng phấn má hồng đào hoặc hồng san hô tán đều lên gò má. Mắt trang điểm nhẹ nhàng với tông màu hồng, nâu đất, nhấn nhá bằng eyeliner mảnh và mascara. Son môi tint lì hoặc bóng nhẹ màu hồng, cam san hô là"
Makeup phong cách Pháp thanh lịch thế nào?,"Makeup phong cách Pháp tập trung vào vẻ đẹp tự nhiên, làn da khỏe khoắn. Lớp nền mỏng nhẹ, che khuyết điểm vừa đủ, đôi má ửng hồng tự nhiên. Mắt thường chỉ dùng mascara và chút phấn mắt màu nude, môi tô son đỏ hoặc hồng đào tươi tắn. Điểm nhấn là đôi lông mày được chải chuốt gọn gàng, tự nhiên."
Cách tạo makeup phong cách Mexico?,"Để tạo makeup phong cách Mexico, tập trung vào đôi mắt ấn tượng với đường kẻ mắt đậm, sắc nét (eyeliner) và bóng mắt màu sắc rực rỡ như đỏ, cam, xanh lam. Sử dụng má hồng đào hoặc cam để tạo gò má cao. Son môi đỏ tươi là điểm nhấn cuối cùng, kết hợp với lông mày được chải chuốt gọn gàng. Đừng quên chút lấp lánh!"
Kỹ thuật dreamy eyes gợi cảm xúc gì?,"Kỹ thuật dreamy eyes (đôi mắt mơ màng) gợi lên cảm xúc lãng mạn, dịu dàng và bí ẩn. Bằng cách làm mờ đường viền mắt, sử dụng phấn mắt tông màu pastel hoặc nhũ, cùng với hàng mi cong vút, dreamy eyes tạo hiệu ứng đôi mắt to tròn, long lanh như đang đắm chìm trong giấc mơ."
Cách tạo kỹ thuật ethereal glow?,"Để tạo kỹ thuật ""ethereal glow"" (hào quang thanh tao), hãy tập trung vào làn da căng bóng, mịn màng. Sử dụng kem nền nhẹ nhàng, kết hợp highlighter dạng lỏng hoặc kem ở những vị trí bắt sáng như gò má, sống mũi, và khóe mắt. Thêm chút phấn má hồng đào hoặc hồng san hô để tăng vẻ tươi tắn. Cuối cùng, xịt khóa lớp nền để giữ"
Kỹ thuật vampy lips là gì?,"Kỹ thuật Vampy Lips (hay còn gọi là ""môi ma cà rồng"") là xu hướng trang điểm môi tập trung vào sắc độ đậm, thường là đỏ burgundy, tím sẫm hoặc nâu đất. Kỹ thuật này tạo hiệu ứng đôi môi đầy đặn, quyến rũ và bí ẩn. Thường kết hợp với lớp son lì và viền môi sắc nét để tăng độ tương phản."
Cách tạo kỹ thuật fairy makeup?,"Kỹ thuật trang điểm fairy (tiên nữ) tập trung vào vẻ đẹp trong trẻo, mơ màng. Sử dụng phấn mắt màu pastel (hồng, tím, xanh), nhũ lấp lánh tập trung ở hốc mắt và xương gò má. Kẻ eyeliner mảnh, cong nhẹ và chuốt mascara kỹ. Son môi màu hồng baby hoặc cam đào. Điểm nhấn là thêm đá lấp lánh nhỏ hoặc vẽ họa tiết hoa lá đơn giản"
Kỹ thuật bold graphic liner thể hiện gì?,"Kỹ thuật bold graphic liner (kẻ mắt graphic đậm) là xu hướng trang điểm nhấn mạnh sự sáng tạo và cá tính qua đường kẻ mắt độc đáo, vượt ngoài khuôn khổ thông thường. Kỹ thuật này sử dụng eyeliner để tạo ra các hình khối, đường nét ấn tượng, màu sắc nổi bật, thay vì chỉ viền mắt đơn thuần, thể hiện phong cách mạnh mẽ và nghệ thuật."
Cách tạo kỹ thuật sunset blush?,"Kỹ thuật sunset blush tạo hiệu ứng má ửng hồng tự nhiên như hoàng hôn. Bắt đầu với phấn má hồng màu cam đào ở xương gò má, sau đó blend lên trên hướng thái dương với phấn hồng baby. Cuối cùng, thêm chút phấn tím hồng nhạt ở phần cao nhất để tạo chiều sâu. Blend kỹ để các màu hòa quyện vào nhau."
Kỹ thuật dewy siren eyes là gì?,"Dewy siren eyes là kỹ thuật trang điểm mắt tập trung tạo hiệu ứng đôi mắt lấp lánh, quyến rũ như ""ánh mắt nàng tiên cá"". Kỹ thuật này sử dụng phấn nhũ, highlight ở khóe mắt, đường eyeliner kéo dài và bóng mắt màu sáng để mở to và làm sáng đôi mắt, kết hợp với làn da căng bóng tự nhiên."
Cách tạo kỹ thuật velvet skin?,"Kỹ thuật ""velvet skin"" (da nhung) tạo hiệu ứng mịn màng, lì tiệp da. Bí quyết nằm ở lớp nền mỏng, nhẹ, tập trung vào dưỡng ẩm kỹ lưỡng trước khi trang điểm. Sử dụng kem nền có kết cấu lỏng, đánh lớp mỏng bằng cọ hoặc mút, sau đó dùng phấn bột trong suốt để khóa lớp nền, tránh bóng dầu."
Kỹ thuật holographic makeup gợi cảm xúc gì?,"Kỹ thuật trang điểm holographic (lăng kính) gợi lên cảm xúc về tương lai, sự kỳ ảo và vẻ đẹp phi thực tế. Màu sắc cầu vồng chuyển động trên da tạo hiệu ứng ánh sáng độc đáo, mang đến vẻ ngoài nổi bật, trẻ trung và đầy năng lượng. Phong cách này thường được liên kết với sự tự do, sáng tạo và cá tính mạnh mẽ."
Cách tạo kỹ thuật romantic flush?,"Kỹ thuật ""romantic flush"" tạo hiệu ứng má ửng hồng tự nhiên, lãng mạn. Bạn dùng phấn má hồng màu đào, hồng san hô, đánh lên gò má cao nhất, hướng về thái dương. Lưu ý: * **Đánh nhẹ nhàng:** Tán đều, không để vệt rõ. * **Tập trung:** Đánh nhiều nhất ở vùng trung tâm gò má. * **Kết hợp:** Có thể dùng thêm chút son dưỡng hồng để"
Tại sao makeup artist cần đam mê?,"Đam mê là yếu tố then chốt với makeup artist vì nghề này đòi hỏi sự sáng tạo, tỉ mỉ và cập nhật xu hướng liên tục. Đam mê giúp vượt qua áp lực thời gian, sự kỳ vọng của khách hàng và những thử thách kỹ thuật. Nó thúc đẩy sự học hỏi, trau dồi kỹ năng để tạo ra những tác phẩm nghệ thuật độc đáo, mang lại"
Cách makeup artist kết nối với khách hàng?,"Makeup artist kết nối với khách hàng qua việc **lắng nghe** nhu cầu, phong cách và mong muốn của họ. **Trao đổi** cởi mở về concept, màu sắc, kiểu tóc để đảm bảo sự hài lòng. **Gửi hình ảnh** tham khảo, **tư vấn** chuyên môn và **tạo không gian** thoải mái, thân thiện giúp xây dựng niềm tin và mối quan hệ tốt đẹp."
Làm sao vượt qua áp lực nghề makeup?,"Áp lực trong nghề makeup là điều khó tránh khỏi. Để vượt qua, hãy tập trung vào việc nâng cao kỹ năng, cập nhật xu hướng. Quan trọng nhất là đặt sức khỏe tinh thần lên hàng đầu, học cách chấp nhận không hoàn hảo và tìm kiếm sự hỗ trợ từ đồng nghiệp, bạn bè khi cần thiết. Đừng quên yêu chính bản thân mình!"
Cách makeup artist truyền cảm hứng cho khách?,"Makeup artist truyền cảm hứng cho khách bằng cách lắng nghe mong muốn, thấu hiểu cá tính và tôn vinh vẻ đẹp tự nhiên của họ. Họ không chỉ trang điểm mà còn chia sẻ kiến thức, kỹ thuật, giúp khách tự tin hơn với diện mạo mới và khám phá phong cách riêng. Sự nhiệt tình, chuyên nghiệp và lời khuyên chân thành là chìa khóa."
Tại sao makeup là nghệ thuật chữa lành?,"Makeup là nghệ thuật chữa lành vì nó vượt xa việc che đi khuyết điểm. Nó là công cụ để thể hiện bản thân, tăng cường sự tự tin và chấp nhận vẻ đẹp độc đáo của mỗi người. Quá trình trang điểm có thể trở thành nghi thức tự chăm sóc, giúp giải tỏa căng thẳng, tái tạo năng lượng và kết nối lại với chính mình."
Cách xây dựng phong cách makeup độc đáo?,"Để xây dựng phong cách makeup độc đáo, hãy bắt đầu bằng việc khám phá bản thân: sở thích, tính cách, và đặc điểm khuôn mặt. Đừng ngại thử nghiệm các xu hướng khác nhau, kết hợp màu sắc, chất liệu phấn, và kỹ thuật trang điểm. Quan trọng nhất là biến hóa để thể hiện cá tính riêng, đừng sao chép hoàn toàn mà hãy tạo dấu ấn cá"
Làm sao makeup artist giữ lửa nghề?,"Makeup artist giữ lửa nghề bằng cách không ngừng học hỏi xu hướng mới, thử nghiệm phong cách đa dạng và cập nhật kỹ thuật. Quan trọng là nuôi dưỡng niềm đam mê, tìm kiếm nguồn cảm hứng từ nghệ thuật, thời trang và vẻ đẹp xung quanh. Kết nối với cộng đồng, chia sẻ kinh nghiệm và đón nhận phản hồi cũng là yếu tố then chốt."
Cách xử lý khi khách hàng không hài lòng?,"Khi khách hàng không hài lòng, hãy bình tĩnh lắng nghe và xác nhận cảm xúc của họ. Xin lỗi chân thành, dù lỗi không hoàn toàn do bạn. Hỏi rõ vấn đề để hiểu rõ mong muốn của khách. Cố gắng điều chỉnh ngay lập tức nếu có thể, hoặc đề xuất giải pháp thay thế như giảm giá, tặng sản phẩm khác, hoặc hoàn tiền."
Làm sao makeup artist tạo dấu ấn cá nhân?,"Makeup artist tạo dấu ấn cá nhân qua phong cách riêng biệt, thể hiện qua kỹ thuật đánh màu, lựa chọn sản phẩm và cách nhấn nhá chi tiết. Họ không chỉ làm đẹp mà còn kể câu chuyện, tôn lên cá tính của khách hàng, đồng thời cập nhật xu hướng và không ngừng sáng tạo để tạo nên diện mạo độc đáo, khó lẫn."
Cách makeup artist đối mặt với thất bại?,"Makeup artist đối mặt với thất bại bằng cách xem đó là cơ hội học hỏi. Họ phân tích lỗi sai, tìm kiếm phản hồi từ khách hàng và đồng nghiệp, rồi thực hành lại kỹ năng. Sự kiên trì, cập nhật xu hướng và không ngừng trau dồi kiến thức là chìa khóa để vượt qua khó khăn và tiến bộ trong nghề."
Mẹo makeup giúp bạn cảm thấy mạnh mẽ?,"Để có vẻ ngoài mạnh mẽ, hãy tập trung vào đôi mắt và đôi môi. Kẻ mắt mèo sắc sảo hoặc sử dụng phấn mắt tông màu đất, nâu trầm sẽ tạo chiều sâu. Đừng quên mascara để mi dày và cong. Son môi màu đỏ gạch, cam đất hoặc nude trầm thể hiện sự tự tin. Quan trọng nhất, hãy makeup theo cách bạn cảm thấy thoải mái và"
Cách makeup cho ngày cảm thấy buồn?,"Khi buồn, hãy ưu tiên vẻ ngoài tự nhiên, tươi tắn để nâng ánimo. Tập trung vào dưỡng ẩm da, dùng kem nền mỏng nhẹ, má hồng tone đào hoặc hồng san hô. Kẻ lông mày tự nhiên, chuốt mascara nhẹ nhàng và tô son dưỡng hoặc son màu nude/hồng pastel. Tránh makeup quá đậm, cầu kỳ."
Mẹo makeup cho ngày cần sự tự tin?,"Ngày cần tự tin, hãy tập trung vào làn da khỏe khoắn! Ưu tiên nền mỏng nhẹ, che khuyết điểm vừa đủ. Đôi mắt sắc sảo với eyeliner mảnh và mascara. Son môi màu sắc yêu thích sẽ giúp bạn tỏa sáng. Đừng quên chút highlight để gương mặt bừng sáng và nụ cười rạng rỡ!"
Cách makeup cho ngày muốn phá cách?,"Ngày muốn phá cách, hãy thử các xu hướng táo bạo! Kẻ mắt graphic sắc sảo, màu mắt nổi bật như xanh neon, cam đất hoặc tím. Đừng ngại thử son môi đậm chất như đỏ cherry, hồng fuchsia. Thêm chút nhũ lấp lánh ở khóe mắt hoặc gò má để tăng hiệu ứng. Quan trọng nhất là tự tin thể hiện cá tính!"
Mẹo makeup để cảm thấy yêu đời?,"Để makeup cảm thấy yêu đời, hãy tập trung vào làn da khỏe khoắn! Ưu tiên dưỡng ẩm kỹ lưỡng, dùng kem nền nhẹ nhàng, kết hợp má hồng tươi tắn. Đừng quên nhấn nhá đôi mắt với mascara và son môi màu sắc yêu thích. Quan trọng nhất, hãy tận hưởng quá trình và đừng ngại thử nghiệm để tìm ra phong cách phù hợp nhất với bạn!"
Cách makeup cho ngày muốn tĩnh lặng?,"Để có vẻ ngoài tĩnh lặng, hãy tập trung vào sự tự nhiên. Sử dụng kem nền mỏng nhẹ, che khuyết điểm ở vùng cần thiết. Phấn mắt màu nude hoặc nâu nhạt, kết hợp với mascara nhẹ nhàng. Son môi màu hồng đào hoặc cam đất sẽ tạo cảm giác ấm áp, thư thái. Đừng quên chút má hồng phớt nhẹ để khuôn mặt tươi tắn."
Mẹo makeup để cảm thấy quyến rũ?,"Để có vẻ ngoài quyến rũ, hãy tập trung vào đôi mắt và đôi môi. Sử dụng phấn mắt màu nude hoặc nâu ấm, kết hợp với eyeliner và mascara để làm nổi bật đôi mắt. Son môi đỏ hoặc hồng đào sẽ tạo điểm nhấn cho đôi môi. Đừng quên đánh highlight nhẹ nhàng ở gò má và xương chân mày để tăng thêm sự lấp lánh."
Cách makeup cho ngày muốn nổi bật?,"Để nổi bật trong ngày, hãy tập trung vào đôi mắt và đôi môi. Sử dụng phấn mắt màu nổi bật như cam đất, hồng đào hoặc tím. Kẻ eyeliner mắt mèo sắc sảo và chốt mascara dày mi. Son môi màu đỏ tươi, cam cháy hoặc hồng san hô sẽ là điểm nhấn hoàn hảo. Đừng quên đánh highlight để tăng độ glow cho da nhé!"
Mẹo makeup để cảm thấy thanh thản?,"Để có lớp makeup thanh thản, hãy ưu tiên sự nhẹ nhàng. Chọn nền mỏng nhẹ, che khuyết điểm chỉ ở vùng cần thiết. Tập trung vào đôi mắt với phấn mắt màu nude hoặc nâu, kết hợp mascara nhẹ nhàng. Son môi màu hồng đào hoặc cam đất sẽ tạo cảm giác tươi tắn, tự nhiên. Đừng quên dặm phấn má hồng để khuôn mặt thêm sức sống."
Cách makeup cho ngày cần sự chuyên nghiệp?,"Để makeup cho ngày cần sự chuyên nghiệp, hãy ưu tiên vẻ ngoài tự nhiên, tinh tế. Nền mịn lì, che khuyết điểm kỹ lưỡng. Mắt tập trung vào tông màu trung tính (nâu, xám), kẻ eyeliner mảnh và chuốt mascara. Son môi chọn màu nude, hồng đào hoặc đỏ đất. Đừng quên phủ phấn để giữ lớp makeup bền lâu."
Makeup cho cô dâu châu Á cần cảm xúc gì?,"Makeup cô dâu châu Á cần sự tinh tế, tôn vinh nét đẹp tự nhiên và phù hợp với văn hóa. Ưu tiên làn da căng bóng, khỏe khoắn, đôi mắt to tròn, sắc sảo và đôi môi tươi tắn. Quan trọng nhất là thể hiện được niềm hạnh phúc, sự rạng rỡ và cảm xúc chân thật của cô dâu trong ngày trọng đại."
Cách tạo makeup cho cô dâu phong cách rustic?,"Makeup cô dâu rustic tập trung vào vẻ đẹp tự nhiên, mộc mạc. Ưu tiên nền trong suốt, nhẹ nhàng, che khuyết điểm vừa đủ. Mắt dùng tông màu đất, nâu ấm, cam đào, có thể thêm chút nhũ nhẹ. Má hồng đào hoặc cam đất tạo ửng hồng tự nhiên. Son môi chọn màu nude, hồng san hô hoặc đỏ cam dịu nhẹ. Quan trọng nhất là giữ cho"
Makeup cho cô dâu phong cách vintage thế nào?,"Makeup cô dâu vintage tập trung vào vẻ đẹp cổ điển, thanh lịch. Da nền hoàn hảo, mịn màng là ưu tiên. Mắt nhấn nhá với phấn mắt tông ấm (nâu, cam đất), kẻ mắt mèo tinh tế. Son đỏ gạch hoặc hồng đất là lựa chọn hoàn hảo. Đừng quên hàng lông mày cong vút và đôi má ửng hồng tự nhiên để hoàn thiện phong cách này."
Cách tạo makeup cho cô dâu phong cách hiện đại?,"Makeup cô dâu hiện đại tập trung vào sự tự nhiên, tôn đường nét sẵn có. Da được chuẩn bị kỹ lưỡng, lớp nền mỏng nhẹ, căng bóng. Mắt nhấn nhá bằng tông màu trung tính (nâu, cam đất) hoặc shimmer nhẹ, tránh quá lòe loẹt. Son môi chọn màu nude, hồng đào hoặc đỏ cam tùy màu da. Đừng quên highlight để tạo điểm nhấn và đôi lông mày"
Makeup cho cô dâu ngoài trời cần gì?,"Cô dâu trang điểm ngoài trời cần lớp nền bền vững, chống thấm nước và mồ hôi. Ưu tiên kem nền, phấn phủ kiềm dầu tốt. Màu mắt, má hồng nên chọn tông trầm ấm, có thể blend để tạo chiều sâu. Son môi nên dùng loại lâu trôi. Đừng quên xịt khóa lớp trang điểm để giữ vẻ đẹp cả ngày nhé!"
Cách tạo makeup cho cô dâu ban đêm?,"Makeup cô dâu ban đêm cần tập trung vào sự lộng lẫy và bền màu. Ưu tiên tông ấm như nâu, đồng, và chút ánh kim. Đánh lớp nền hoàn hảo, che khuyết điểm kỹ lưỡng. Mắt nhấn nhá smoky eyes hoặc glitter, môi son đỏ trầm hoặc hồng đất. Đừng quên khóa lớp makeup bằng xịt khoáng để giữ lâu trôi suốt đêm."
Makeup cho cô dâu da ngăm nên thế nào?,"Cô dâu da ngăm nên ưu tiên tông màu ấm áp như cam đào, hồng san hô, đất hoặc nâu. Tránh các màu quá sáng hoặc pastel. Nền chọn tông trung bình, không quá trắng. Đôi mắt có thể dùng màu đồng, vàng gold hoặc tím plum. Son môi nên chọn màu nude đào, cam cháy hoặc đỏ cam để tôn da và tạo sự tươi tắn."
Cách tạo makeup cho cô dâu da sáng?,"Với cô dâu da sáng, ưu tiên vẻ ngoài tự nhiên, rạng rỡ. Nền dùng kem nền mỏng nhẹ, che khuyết điểm vừa đủ. Màu mắt tone hồng đào, cam đất hoặc nâu tây tạo chiều sâu. Má hồng đào hoặc hồng san hô giúp khuôn mặt tươi tắn. Son môi tone hồng nude, cam san hô hoặc đỏ san hô tùy sở thích. Đừng quên highlight để tăng độ"
Makeup cho cô dâu phong cách hoàng gia cần gì?,"Makeup cô dâu phong cách hoàng gia cần sự sang trọng, tinh tế. Tập trung vào làn da hoàn hảo, đánh khối tạo đường nét sắc sảo. Mắt nhấn nhá bằng gam màu ấm như vàng đồng, nâu, kết hợp hàng mi dày và lông mày định hình. Son môi đỏ ruby hoặc hồng đào cổ điển là lựa chọn hoàn hảo, kết hợp cùng highlight để tỏa sáng."
Cách tạo makeup cho cô dâu phong cách tối giản?,"Makeup cô dâu tối giản tập trung vào làn da khỏe khoắn, tự nhiên. Ưu tiên lớp nền mỏng nhẹ, che khuyết điểm vừa đủ. Mắt dùng tông màu nude, nâu ấm, có thể thêm chút highlight. Son môi chọn màu hồng nude, cam đất hoặc đỏ san hô. Quan trọng nhất là giữ cho vẻ đẹp thanh tú, tươi tắn của cô dâu được tỏa sáng."
Makeup cho lễ hội âm nhạc cần cảm xúc gì?,"Makeup lễ hội âm nhạc cần thể hiện sự tự do, phóng khoáng và cá tính! Hãy ưu tiên các hiệu ứng lấp lánh (glitter, highlight), màu sắc nổi bật, đường kẻ mắt độc đáo hoặc thậm chí vẽ hình họa tiết trên mặt. Quan trọng nhất là tạo cảm giác vui tươi, tràn đầy năng lượng và phù hợp với phong cách âm nhạc bạn yêu thích."
Cách tạo makeup cho lễ hội Coachella?,"Coachella là lễ hội của sự tự do và cá tính! Hãy tập trung vào đôi mắt với phấn màu nổi bật như xanh, hồng, cam hoặc tím. Thêm chút nhũ lấp lánh và eyeliner graphic. Da mặt nên giữ tự nhiên với lớp nền nhẹ, má hồng đào hoặc cam. Son môi có thể chọn nude, hồng san hô hoặc màu đậm tùy sở thích. Đừng quên kem chống"
Makeup cho lễ hội Burning Man thế nào?,"Burning Man là lễ hội của sự tự do, sáng tạo! Trang điểm nên nổi bật, độc đáo, không ngại thử nghiệm. Ưu tiên màu neon, ánh kim, glitter, vẽ hình họa tiết trừu tượng hoặc lấy cảm hứng từ bộ lạc. Đừng quên kem chống nắng và xịt khóa để giữ lớp makeup bền bỉ giữa sa mạc khắc nghiệt. Quan trọng nhất là thể hiện cá tính!"
Cách tạo makeup cho lễ hội Songkran Thái Lan?,"Makeup Songkran nên tươi tắn, chống nước và bền màu. Ưu tiên kem nền, phấn nước chống trôi, kẻ mắt và mascara waterproof. Sử dụng màu cam, hồng đào trên má và môi để tạo vẻ rạng rỡ. Đừng quên kem chống nắng! Có thể thêm chút nhũ lấp lánh để thêm phần lễ hội, nhưng tránh quá cầu kỳ vì bạn sẽ bị ""tấn công"" bởi bột màu."
Makeup cho lễ hội Obon Nhật Bản cần gì?,"Trang điểm lễ hội Obon Nhật Bản thường nhẹ nhàng, tươi tắn. Ưu tiên làn da mịn màng, tự nhiên với lớp nền mỏng nhẹ. Màu mắt hồng đào, cam san hô tạo vẻ trẻ trung. Son môi màu hồng tươi hoặc cam san hô. Điểm nhấn là má hồng nhẹ nhàng và đôi môi rạng rỡ, phù hợp với trang phục Yukata."
Cách tạo makeup cho lễ hội Dia de los Muertos?,"Để có vẻ ngoài Dia de los Muertos (Ngày của người chết) ấn tượng, hãy tập trung vào đôi mắt và môi. Vẽ họa tiết hoa cúc marigold, hình hộp sọ hoặc các thiết kế phức tạp bằng màu trắng, đen và các màu sắc rực rỡ. Đừng quên thêm đá lấp lánh và lông mi dày. Môi tô son đỏ đậm hoặc kết hợp với họa tiết."
Makeup cho lễ hội hoa anh đào cần cảm xúc gì?,"Makeup cho lễ hội hoa anh đào nên ưu tiên sự tươi trẻ, nữ tính và lãng mạn. Tập trung vào đôi mắt với phấn màu hồng đào, tím nhạt hoặc cam san hô. Son môi nên chọn tone hồng baby, cam đào hoặc hồng san hô. Đừng quên lớp nền trong trẻo, má hồng nhẹ nhàng để tạo cảm giác ửng hồng tự nhiên như những cánh hoa anh"
Cách tạo makeup cho lễ hội Loy Krathong?,"Lễ hội Loy Krathong, hãy tập trung vào vẻ đẹp dịu dàng, nữ tính. Sử dụng phấn mắt màu vàng đồng, cam đất hoặc hồng đào. Kẻ mắt mèo nhẹ nhàng và mascara giúp đôi mắt to tròn. Son môi màu hồng san hô hoặc cam san hô sẽ tươi tắn. Đừng quên chút highlighter để da glowy dưới ánh nến!"
Makeup cho lễ hội Tết Hàn Quốc thế nào?,"Makeup Tết Hàn Quốc (Seollal) ưu tiên vẻ đẹp tự nhiên, tươi tắn. Da căng bóng, mịn màng là yếu tố quan trọng. Sử dụng cushion, phấn nước để có lớp nền hoàn hảo. Mắt trang điểm nhẹ nhàng với tông màu đào, cam đất. Son môi đỏ tươi hoặc cam san hô giúp khuôn mặt rạng rỡ, may mắn. Đừng quên chút má hồng phớt nhẹ để thêm phần"
Cách tạo makeup cho lễ hội La Tomatina?,"Lễ hội La Tomatina đòi hỏi lớp makeup bền vững, chống nước! Hãy dùng kem nền, phấn phủ chống thấm nước, và son môi lâu trôi. Tập trung vào mắt với mascara và eyeliner waterproof. Đừng quên xịt khóa lớp nền để giữ makeup cả ngày. Quan trọng nhất: hãy chấp nhận việc bạn sẽ bị dính cà chua và tận hưởng lễ hội!"
Kỹ thuật crystal tears là gì?,"Kỹ thuật ""crystal tears"" (nước mắt pha lê) là xu hướng trang điểm mắt độc đáo, tạo hiệu ứng đôi mắt long lanh như đang rưng rưng. Kỹ thuật này sử dụng đá lấp lánh (thường là đá pha lê) hoặc gel/keo dán gắn dưới đường viền mắt dưới, tạo thành những ""giọt nước mắt"" lấp lánh. Xu hướng này thường được sử dụng trong các sự kiện đặc biệt"
Cách tạo kỹ thuật starry eyes?,"Kỹ thuật ""starry eyes"" (mắt sao) tạo hiệu ứng lấp lánh như bầu trời đêm. Bạn dùng phấn mắt tối màu (đen, xám, xanh navy) làm nền, sau đó điểm thêm phấn nhũ lấp lánh (bạc, trắng, vàng) tập trung ở khóe mắt và dọc theo hốc mắt. Có thể dùng cọ nhỏ để tạo điểm nhấn như những ngôi sao. Đừng quên mascara để hoàn thiện!"
Kỹ thuật blooming blush gợi cảm xúc gì?,"Kỹ thuật blooming blush (đánh má hồng nở rộ) gợi lên vẻ đẹp tự nhiên, khỏe khoắn và tràn đầy sức sống. Thay vì đường viền sắc nét, má hồng được đánh loang nhẹ, tập trung ở vùng gò má cao nhất, tạo cảm giác đôi má ửng hồng như đang xúc động hoặc sau khi vận động. Kỹ thuật này mang đến vẻ ngoài tươi trẻ, lãng mạn và"
Cách tạo kỹ thuật mystic glow?,"Kỹ thuật ""Mystic Glow"" tạo hiệu ứng da căng bóng, khỏe khoắn từ bên trong. Bí quyết nằm ở lớp nền mỏng nhẹ, tập trung highlight ở các vị trí bắt sáng như gò má, sống mũi, nhân trung. Sử dụng phấn highlight dạng lỏng hoặc kem, trộn cùng kem nền để tạo độ bắt sáng tự nhiên. Đừng quên khóa lớp nền bằng xịt khóa để giữ glow bền"
Kỹ thuật smoky siren eyes là gì?,"Smoky siren eyes là kỹ thuật trang điểm mắt tập trung vào việc tạo chiều sâu và sự quyến rũ. Bằng cách sử dụng phấn mắt tối màu (đen, nâu, xám) tán đều từ khóe mắt ra ngoài và kéo dài đường eyeliner dưới, đôi mắt trông sắc sảo, bí ẩn và ""mê hoặc"" như đôi mắt của nàng tiên cá. Kỹ thuật này thường kết hợp với mi cong"
Cách tạo kỹ thuật floral makeup?,"Floral makeup (trang điểm hoa) tạo điểm nhấn bằng cách gắn hoa tươi hoặc hoa khô lên da. Đầu tiên, trang điểm nền hoàn chỉnh. Sau đó, dùng keo dán chuyên dụng cho da để gắn hoa lên vị trí mong muốn (thường là quanh mắt, trán, má). Lưu ý chọn hoa nhỏ, nhẹ và đảm bảo an toàn cho da."
Kỹ thuật golden hour makeup gợi gì?,"Golden hour makeup tập trung vào làn da căng bóng, khỏe khoắn và đôi mắt lấp lánh để tận dụng ánh sáng vàng ấm áp. Ưu tiên phấn highlight bắt sáng ở gò má, sống mũi, và khóe mắt. Màu mắt thường là tông ấm như cam đất, nâu đồng. Son môi chọn màu nude, hồng đào hoặc cam san hô để hoàn thiện vẻ ngoài tự nhiên, rạng rỡ."
Cách tạo kỹ thuật lunar beauty?,"Lunar Beauty (trang điểm ánh trăng) tập trung vào làn da căng bóng, mịn màng như ánh trăng. 1. **Dưỡng ẩm kỹ:** Sử dụng serum, kem dưỡng ẩm giàu ẩm. 2. **Highlight:** Thoa highlight ở gò má, sống mũi, trán, cằm để bắt sáng. 3. **Phấn nền:** Chọn phấn nền mỏng nhẹ, độ che phủ vừa phải. 4. **Màu mắt:** Sử dụng tông màu pastel, ánh ngọc trai. 5. **Son:**"
Kỹ thuật fiery eyes là gì?,"Kỹ thuật ""fiery eyes"" (mắt lửa) là xu hướng trang điểm mắt táo bạo, sử dụng các tông màu đỏ, cam, vàng hoặc cam đất ấm áp để tạo hiệu ứng rực lửa. Kỹ thuật này thường kết hợp tán màu đậm ở đuôi mắt, blend dần lên bầu mắt và có thể thêm chút nhũ vàng hoặc cam để tăng độ bắt sáng, tạo chiều sâu và sự cuốn"
Cách tạo kỹ thuật ocean vibe?,"Kỹ thuật ""ocean vibe"" tạo hiệu ứng trang điểm tươi mát, sảng khoái như bờ biển. Sử dụng phấn mắt màu xanh lam, xanh lục, trắng ngọc trai để tạo chiều sâu. Đừng quên highlight da với tông ngọc trai hoặc bạc để bắt sáng. Thêm chút nhũ lấp lánh nhỏ trên mắt hoặc má để tăng hiệu ứng lấp lánh như sóng biển."
Cọ nào phù hợp cho makeup lãng mạn?,"Để có vẻ ngoài lãng mạn, hãy ưu tiên các loại cọ mềm mại, đầu tròn. Cọ đánh phấn má vát giúp tạo khối nhẹ nhàng, cọ tán mắt fluffy cho màu mắt mềm mại, và cọ môi nhỏ để tô son tinh tế. Cọ highlight đầu nhỏ giúp bắt sáng tự nhiên, tạo vẻ glowy. Quan trọng là blend kỹ để có lớp trang điểm hòa quyện, không góc"
Làm sao chọn beauty blender cho makeup lễ cưới?,"Để chọn beauty blender cho makeup cưới, ưu tiên loại có độ đàn hồi tốt, xốp mịn và không gây kích ứng da. Nên chọn size lớn để tán kem nền nhanh chóng, đều màu trên diện rộng. Chất liệu không latex nếu bạn có dị ứng. Đừng quên làm ẩm blender trước khi dùng để đạt hiệu quả tốt nhất và tránh gây cakey."
Cách vệ sinh cọ sau makeup lễ hội?,"Sau makeup lễ hội, cọ cần được vệ sinh kỹ lưỡng để tránh vi khuẩn tích tụ. Ngâm cọ trong dung dịch vệ sinh cọ chuyên dụng hoặc dầu dừa ấm khoảng 5-10 phút. Sau đó, xả sạch bằng nước ấm và dùng khăn mềm thấm khô. Để cọ khô hoàn toàn, dựng đầu cọ xuống dưới."
Làm sao chọn cọ cho phấn mắt nhũ?,"Để chọn cọ phấn mắt nhũ, ưu tiên cọ đầu nhỏ, dẹt hoặc hình nón, lông mềm mại (tổng hợp hoặc tự nhiên chất lượng cao). Cọ dẹt giúp tán đều, cọ nón nhấn nhá điểm nhấn. Quan trọng là cọ phải lấy và giữ được lượng nhũ vừa đủ, tránh rơi rụng, giúp đôi mắt lấp lánh hoàn hảo."
Cọ nào tốt cho makeup phong cách gothic?,"Để trang điểm phong cách gothic, bạn cần: * **Cọ mắt:** Cọ blending để tán màu mắt khói, cọ nhỏ đầu vát để tạo đường eyeliner sắc sảo. * **Cọ má:** Cọ vát để tạo khối xương gò má sâu. * **Cọ môi:** Cọ nhỏ, dẹt để tô son môi đậm, sắc nét. Nên chọn cọ chất lượng tốt, lông mềm mại để dễ dàng thao tác và đạt hiệu"
Làm sao bảo quản cọ khi làm makeup ngoài trời?,"Khi trang điểm ngoài trời, bảo quản cọ rất quan trọng để đảm bảo vệ sinh và tuổi thọ. Hãy mang theo túi đựng cọ chuyên dụng, có ngăn riêng cho từng loại. Sau khi dùng, làm sạch sơ bộ bằng khăn giấy ẩm, xịt khử khuẩn và để khô tự nhiên trong túi. Tránh để cọ tiếp xúc trực tiếp với đất, cát."
Cách chọn cọ cho da nhạy cảm?,"Để chọn cọ trang điểm cho da nhạy cảm, ưu tiên chất liệu lông tự nhiên (như lông dê, lông sóc) hoặc sợi tổng hợp siêu mềm. Tránh cọ lông thô ráp, cứng. Chọn cọ có mật độ lông dày, mềm mại để giảm ma sát với da. Nên thử cọ trước khi mua và vệ sinh cọ thường xuyên để tránh tích tụ vi khuẩn."
Cọ nào phù hợp cho makeup phong cách bohemian?,"Phong cách bohemian tự do, phóng khoáng nên ưu tiên cọ mềm mại, tự nhiên. Cọ đầu vát (angled brush) cho khối contour nhẹ nhàng, cọ tán mắt cỡ vừa để tạo chiều sâu mắt smoky, và cọ highlight đầu tròn để bắt sáng tự nhiên. Quan trọng nhất là dùng cọ chất lượng tốt để tán đều, không gây vệt."
Làm sao chọn cọ cho kỹ thuật smoky eyes?,"Để smoky eyes chuẩn, bạn cần: * **Cọ đầu bằng, dẹt:** tán phấn mắt lên bầu mắt, tạo khối. * **Cọ blending (xù):** làm mềm đường chuyển màu, tránh bị vón cục. * **Cọ nhỏ, đầu vát:** đánh phấn mắt ở đuôi mắt, tạo đường viền sắc nét. * **Cọ highlight:** làm sáng vùng dưới chân mày và đầu mắt. Chọn cọ chất liệu mềm mại, tự nhiên để tránh"
Makeup cho buổi biểu diễn ballet cần gì?,"Trang điểm cho ballet cần tập trung vào sự rõ nét từ xa. Ưu tiên lớp nền mịn, che phủ tốt, má hồng đào nhẹ nhàng và son môi màu hồng san hô hoặc đỏ cam. Quan trọng nhất là nhấn mạnh mắt với eyeliner đen, mascara dày và phấn mắt màu trung tính để tạo chiều sâu, giúp biểu cảm trên sân khấu được truyền tải tốt."
Cách tạo makeup cho buổi trình diễn thời trang?,"Makeup cho trình diễn thời trang cần tập trung vào sự nổi bật trên sàn diễn và dưới ánh đèn. Ưu tiên đánh khối, highlight để tạo đường nét sắc sảo, đôi mắt ấn tượng với eyeliner sắc nét hoặc eyeshadow đậm. Son môi thường được chọn màu nổi bật, phù hợp với concept trang phục. Quan trọng nhất là đảm bảo lớp nền hoàn hảo, bền vững."
Makeup cho phim cổ trang Việt Nam thế nào?,"Makeup phim cổ trang Việt Nam chú trọng sự tái hiện vẻ đẹp truyền thống. Da trắng mịn, lông mày lá liễu, môi đỏ mọng là những yếu tố quan trọng. Màu sắc thường dịu nhẹ, hài hòa với trang phục. Kỹ thuật tạo khối nhẹ nhàng để tôn đường nét khuôn mặt, nhấn vào đôi mắt và đôi môi. Quan trọng nhất là phù hợp với từng nhân vật"
Cách tạo makeup cho phim giả tưởng?,"Makeup cho phim giả tưởng tập trung vào việc tạo hình nhân vật độc đáo, khác biệt. Sử dụng màu sắc đậm, nổi bật như xanh dương, tím, bạc. Kỹ thuật tạo khối, highlight giúp định hình khuôn mặt theo yêu cầu nhân vật (elf, tiên, quỷ...). Đừng quên các chi tiết đặc biệt như hình xăm, vết sẹo, hoặc hiệu ứng kỹ xảo để tăng tính chân thực."
Makeup cho buổi diễn kịch cần cảm xúc gì?,"Makeup cho buổi diễn kịch cần tập trung vào việc **khuếch đại cảm xúc** và **tính cách nhân vật**. Quan trọng là làm nổi bật nét diễn, hỗ trợ ánh sáng sân khấu và đảm bảo khán giả có thể nhìn rõ biểu cảm từ xa. Màu sắc, kỹ thuật đánh khối và đường nét cần phù hợp với bối cảnh, thời đại và nội dung vở diễn."
Cách tạo makeup cho vai ác nữ trong phim?,"Để tạo makeup cho vai ác nữ, hãy tập trung vào sự sắc sảo và quyền lực. Sử dụng phấn mắt tối màu như đen, xám, tím đậm, đánh mắt mèo sắc lẹm và kẻ môi đậm. Đừng quên contouring để tạo khối xương gò má cao, nhấn mạnh sự lạnh lùng. Son môi đỏ thẫm hoặc màu burgundy sẽ hoàn thiện vẻ ngoài đầy quyền lực và bí ẩn."
Makeup cho nhân vật cổ tích thế nào?,"Makeup cho nhân vật cổ tích cần tập trung vào sự nổi bật và thể hiện tính cách. Công chúa thường dùng tông hồng, đào nhẹ nhàng, nhấn mắt lấp lánh và môi căng mọng. Phù thủy hoặc mụ dì ghẻ sẽ dùng màu sắc đậm, tối như tím, đen, đường kẻ mắt sắc sảo và đôi môi trầm. Đừng quên thêm chút highlight để tạo hiệu ứng lung linh,"
Cách tạo makeup cho phim kinh dị?,"Makeup cho phim kinh dị tập trung vào hiệu ứng gây sốc, đáng sợ. Sử dụng phấn nền nhợt nhạt, tối màu vùng mắt để tạo vẻ mệt mỏi, bệnh tật. Thêm các chi tiết như vết thương giả (sử dụng gel tạo sẹo, máu giả), quầng thâm, bầm tím. Quan trọng là kỹ thuật đánh bóng, highlight để làm nổi bật các chi tiết ghê rợn, tăng tính chân"
Makeup cho vai siêu anh hùng cần gì?,"Trang điểm cho vai siêu anh hùng cần tập trung vào tạo khối, đường nét sắc sảo để tăng sự mạnh mẽ và cơ bắp. Sử dụng phấn tạo khối tối màu để nhấn sâu các vùng cơ, highlight để làm nổi bật. Màu mắt đậm, eyeliner sắc nét và son môi mạnh mẽ hoàn thiện vẻ ngoài quyền lực. Quan trọng nhất là đảm bảo lớp nền bền vững,"
Cách tạo makeup cho phim lãng mạn?,"Makeup cho phim lãng mạn tập trung vào vẻ đẹp tự nhiên, tươi tắn và có chút mơ màng. Ưu tiên làn da căng bóng, mịn màng với lớp nền nhẹ nhàng. Màu mắt tông ấm như hồng đào, cam đất, kết hợp mascara làm dài mi. Son môi màu hồng san hô hoặc nude đào sẽ tạo hiệu ứng đôi môi căng mọng, quyến rũ. Đừng quên chút má"
Tại sao makeup artist cần thấu hiểu khách hàng?,"Makeup artist cần thấu hiểu khách hàng vì mỗi người có nét đẹp riêng, phong cách và mong muốn khác nhau. Việc nắm bắt rõ tính cách, sở thích, hoàn cảnh sử dụng makeup (sự kiện, công việc...) giúp artist đưa ra layout phù hợp nhất, tôn lên ưu điểm, che khuyết điểm và khiến khách hàng tự tin tỏa sáng."
Cách makeup artist giúp khách hàng tự tin?,"Makeup artist (chuyên gia trang điểm) giúp khách hàng tự tin bằng cách: * **Nâng bật vẻ đẹp tự nhiên:** Tập trung làm nổi bật những đường nét sẵn có, thay vì thay đổi hoàn toàn. * **Che đi khuyết điểm:** Sử dụng kỹ thuật che phủ để giúp làn da mịn màng, đều màu hơn. * **Tạo sự thoải mái:** Lắng nghe mong muốn của khách hàng, tư vấn"
Làm sao makeup artist vượt qua ngày mệt mỏi?,"Makeup artist vượt qua ngày mệt mỏi bằng cách ưu tiên tự chăm sóc bản thân. Nghỉ ngơi đầy đủ, uống đủ nước và ăn uống lành mạnh là rất quan trọng. Họ cũng có thể thư giãn bằng cách nghe nhạc, tập yoga hoặc đơn giản là dành thời gian cho sở thích cá nhân để tái tạo năng lượng. Quan trọng nhất là giữ tinh thần lạc quan!"
Cách makeup artist làm việc với khách hàng nhút nhát?,"Với khách hàng nhút nhát, makeup artist cần tạo không khí thoải mái, thân thiện. Bắt đầu bằng việc trò chuyện nhẹ nhàng, hỏi về sở thích và mong muốn của họ, tránh áp đặt. Luôn giải thích từng bước thực hiện, cho khách xem sản phẩm và lắng nghe phản hồi. Quan trọng nhất là tôn trọng sự e ngại và giúp họ tự tin hơn với diện mạo"
Tại sao makeup artist cần học hỏi liên tục?,"Makeup artist cần học hỏi liên tục vì ngành làm đẹp luôn thay đổi. Xu hướng makeup, kỹ thuật mới, sản phẩm cải tiến xuất hiện liên tục. Việc cập nhật kiến thức giúp artist nâng cao tay nghề, đáp ứng nhu cầu đa dạng của khách hàng, duy trì sự sáng tạo và khẳng định vị thế trong nghề."
Cách makeup artist xử lý áp lực thời gian?,"Makeup artist đối phó với áp lực thời gian bằng cách: * **Lập kế hoạch:** Phác thảo trước quy trình makeup. * **Ưu tiên:** Tập trung vào các bước quan trọng nhất. * **Tối ưu dụng cụ:** Chuẩn bị sẵn sàng, sắp xếp khoa học. * **Giữ bình tĩnh:** Hít thở sâu, tránh hoảng loạn. * **Giao tiếp:** Thường xuyên trao đổi với khách hàng về tiến độ."
Làm sao makeup artist tạo trải nghiệm đáng nhớ?,"Makeup artist tạo trải nghiệm đáng nhớ bằng cách cá nhân hóa dịch vụ: lắng nghe mong muốn, tư vấn phù hợp với cá tính và sự kiện. Không chỉ trang điểm đẹp, họ còn tạo không gian thoải mái, trò chuyện thân thiện, giúp khách hàng tự tin tỏa sáng. Chú trọng đến từng chi tiết nhỏ và sự tận tâm là chìa khóa."
Cách makeup artist đối mặt với lời phê bình?,"Makeup artist chuyên nghiệp thường tiếp nhận phê bình một cách bình tĩnh và khách quan. Họ lắng nghe, phân tích để tìm hiểu nguyên nhân, không đổ lỗi. Phê bình xây dựng là cơ hội để học hỏi, cải thiện kỹ năng và hiểu rõ hơn mong muốn của khách hàng. Quan trọng là giữ thái độ tích cực và chuyên nghiệp."
Làm sao makeup artist cân bằng sáng tạo và yêu cầu khách?,"Makeup artist cân bằng sáng tạo và yêu cầu khách bằng cách **lắng nghe kỹ** mong muốn, phong cách của khách, đồng thời **đề xuất** những điều chỉnh phù hợp với khuôn mặt, tông da và xu hướng. Quan trọng là **trao đổi liên tục** trong quá trình makeup để đảm bảo khách hài lòng với kết quả cuối cùng, vừa thể hiện cá tính riêng vừa đạt tính thẩm"
Cách makeup artist xây dựng thương hiệu cá nhân?,"Makeup artist xây dựng thương hiệu cá nhân bằng cách: * **Xác định phong cách:** Tìm điểm độc đáo trong kỹ thuật, thẩm mỹ. * **Xây dựng portfolio:** Ảnh/video chất lượng cao, đa dạng phong cách. * **Hiện diện online:** Sử dụng mạng xã hội (Instagram, TikTok) đăng tải thường xuyên, tương tác cộng đồng. * **Networking:** Kết nối với khách hàng, đồng nghiệp, các nhãn hàng. * **Tạo dấu"
Son nào hợp với makeup lãng mạn?,"Với makeup lãng mạn, son hồng đào, hồng san hô hoặc màu nude đào là lựa chọn tuyệt vời. Những tông màu này tạo cảm giác ngọt ngào, nữ tính và tự nhiên. Nếu muốn nổi bật hơn, bạn có thể chọn son đỏ cam đất hoặc đỏ gạch, nhưng nên đánh lòng môi để giữ vẻ nhẹ nhàng, không quá sắc sảo."
Cách chọn son cho makeup phong cách gothic?,"Để makeup phong cách gothic, bạn nên chọn son với các tông màu đậm và tối. Đỏ burgundy, tím sẫm, nâu chocolate hoặc thậm chí đen tuyền là những lựa chọn hoàn hảo. Chất son lì (matte) sẽ tạo hiệu ứng mạnh mẽ, bí ẩn hơn so với son bóng. Ưu tiên các màu son có undertone lạnh để phù hợp với tổng thể makeup gothic."
Phấn mắt nào hợp với makeup lễ cưới?,"Với makeup lễ cưới, phấn mắt nên ưu tiên sự sang trọng, bền màu và dễ chụp ảnh. Các gam màu trung tính như champagne, nâu đồng, hoặc hồng đào là lựa chọn an toàn, phù hợp với nhiều tông da. Nếu muốn nổi bật, có thể thêm chút nhũ ánh kim hoặc màu tím plum. Quan trọng nhất là blend màu kỹ để tạo chiều sâu cho đôi mắt."
Cách chọn phấn mắt cho makeup lễ hội?,"Để makeup lễ hội nổi bật, hãy chọn phấn mắt với các tông màu rực rỡ như vàng đồng, đỏ ruby, xanh ngọc lục bảo hoặc tím than. Bạn có thể kết hợp các màu nhũ, lấp lánh để tăng hiệu ứng lung linh. Ưu tiên các bảng phấn có nhiều màu để thỏa sức sáng tạo và phù hợp với trang phục nhé!"
Highlighter nào hợp với makeup phong cách bohemian?,"Với makeup phong cách bohemian, highlighter lý tưởng là loại có tông màu vàng đồng hoặc đào ấm. Chúng tạo hiệu ứng bắt sáng tự nhiên, khỏe khoắn, phù hợp với vẻ đẹp phóng khoáng. Ưu tiên chất kem hoặc lỏng để dễ dàng tán đều, tránh highlighter quá lấp lánh sẽ làm mất đi nét tự nhiên của phong cách này."
Cách chọn highlighter cho makeup phim giả tưởng?,"Để chọn highlighter cho makeup phim giả tưởng, ưu tiên các tông màu độc đáo như ngọc trai, bạc ánh tím, hoặc vàng hồng. Chất phấn nên có độ bắt sáng cao, có thể là dạng lỏng, kem hoặc phấn nén. Tránh các màu quá vàng hoặc đồng, thay vào đó tập trung vào hiệu ứng ethereal (phi thực tế) và otherworldly (ngoài thế giới) để phù hợp với chủ"
Má hồng nào hợp với makeup phong cách Hàn Quốc?,"Với makeup phong cách Hàn Quốc, má hồng lý tưởng là tone màu tự nhiên, nhẹ nhàng. Các màu đào, hồng san hô, hoặc hồng baby sẽ tạo hiệu ứng đôi má ửng hồng khỏe khoắn, trẻ trung. Nên chọn chất phấn mịn, dễ tán và ưu tiên các dạng kem hoặc cushion để lớp makeup mỏng nhẹ, tự nhiên như da thật."
Cách chọn má hồng cho makeup phong cách châu Phi?,"Để chọn má hồng cho makeup phong cách châu Phi, hãy ưu tiên các tông màu đậm, rực rỡ như cam đất, đỏ gạch, tím berry hoặc nâu đồng. Các sắc thái này tôn lên sắc tố da đa dạng của người châu Phi. Chất phấn má hồng nên có độ lên màu tốt, có thể là matte hoặc shimmer nhẹ để tạo hiệu ứng khỏe khoắn, rạng rỡ."
Son nào hợp với makeup phong cách thập niên 80?,"Phong cách thập niên 80 nổi bật với sự táo bạo và rực rỡ. Son đỏ tươi, hồng fuchsia, cam san hô hoặc tím berry là những lựa chọn hoàn hảo. Chất son bóng hoặc có chút nhũ sẽ tăng thêm vẻ lấp lánh, đặc trưng của thời kỳ này. Đừng ngại thử những màu sắc nổi bật để hoàn thiện vẻ ngoài đậm chất retro!"
Cách chọn phấn mắt cho makeup phong cách Morocco?,"Để makeup phong cách Morocco, hãy chọn phấn mắt với các tông màu ấm áp như vàng đồng, cam đất, nâu gạch, và xanh turquoise. Bạn có thể kết hợp các màu này để tạo chiều sâu. Đừng quên thêm chút ánh nhũ vàng hoặc đồng để tăng vẻ lấp lánh, gợi nhớ đến kiến trúc và trang sức Morocco."
Makeup cho buổi họp mặt gia đình cần gì?,"Makeup cho buổi họp mặt gia đình nên ưu tiên tự nhiên, tươi tắn. Bạn cần kem nền nhẹ nhàng, che khuyết điểm, phấn má hồng đào hoặc cam đất, mascara và son môi màu nude hoặc hồng san hô. Tránh makeup quá đậm, tập trung vào làm nổi bật nét đẹp tự nhiên và rạng rỡ của bạn."
Cách tạo makeup cho buổi tiệc tối sang trọng?,"Để có makeup tiệc tối sang trọng, hãy tập trung vào đôi mắt và đôi môi. Sử dụng phấn mắt tông màu trầm ấm như nâu, đồng, hoặc burgundy, kết hợp với eyeliner và mascara. Đôi môi nên tô son màu đỏ rượu, hồng đất hoặc nude sang trọng. Đừng quên lớp nền hoàn hảo, đánh khối nhẹ nhàng và highlighter để tạo điểm nhấn."
Makeup cho buổi hẹn cà phê thế nào?,"Makeup cho buổi hẹn cà phê nên ưu tiên tự nhiên, tươi tắn. Dùng kem nền mỏng nhẹ, che khuyết điểm vừa đủ. Đánh má hồng đào hoặc cam đất, thoa son tint hoặc son kem lì màu nude, hồng san hô. Nhấn nhá mắt bằng phấn mắt nâu nhạt và mascara. Quan trọng nhất là làn da căng bóng, khỏe khoắn!"
Cách tạo makeup cho ngày làm việc năng động?,"Để có lớp makeup năng động cho ngày làm việc, hãy ưu tiên sự tự nhiên, nhẹ nhàng. Bắt đầu với kem nền mỏng, che khuyết điểm ở vùng cần thiết. Sử dụng phấn mắt màu nude hoặc nâu nhạt, kết hợp mascara. Đừng quên chút son dưỡng hoặc son màu nhẹ nhàng. Cuối cùng, thoa một chút má hồng để khuôn mặt tươi tắn hơn."
Makeup cho buổi triển lãm nghệ thuật cần gì?,"Makeup cho triển lãm nghệ thuật nên tập trung vào sự tinh tế, hỗ trợ vẻ ngoài thông minh, sáng tạo. Ưu tiên lớp nền nhẹ nhàng, tự nhiên, nhấn vào đôi mắt với tông màu trung tính hoặc màu sắc độc đáo, phù hợp với phong cách cá nhân và tác phẩm trưng bày. Son môi nude hoặc màu trầm sẽ hoàn thiện vẻ ngoài thanh lịch."
Cách tạo makeup cho ngày lễ Valentine?,"Ngày Valentine, hãy tập trung vào vẻ đẹp ngọt ngào, lãng mạn. Ưu tiên tông hồng đào, cam san hô ấm áp cho mắt, má và môi. Có thể nhấn nhá chút nhũ mắt lấp lánh. Đừng quên lớp nền mịn màng, tự nhiên và hàng lông mi cong vút. Quan trọng nhất, hãy tự tin với vẻ đẹp của mình!"
Makeup cho buổi tiệc hồ bơi thế nào?,"Makeup cho tiệc hồ bơi nên ưu tiên nhẹ nhàng, tự nhiên và chống nước. Dùng kem nền/BB cream mỏng, phấn phủ dạng bột hoặc kem chống thấm nước. Tập trung vào mascara chống thấm, son dưỡng có màu hoặc son tint. Đừng quên kem chống nắng! Màu sắc tươi sáng như cam, hồng đào sẽ phù hợp với không khí tiệc."
Cách tạo makeup cho ngày lễ Phục sinh?,"Makeup Phục sinh nên tươi tắn, rạng rỡ! Ưu tiên tông pastel như hồng đào, xanh bạc hà, tím lavender. Bạn có thể dùng phấn mắt nhũ nhẹ, má hồng đào, son môi tươi tắn. Thêm chút highlight để da căng bóng. Nếu thích, hãy vẽ thêm họa tiết hoa lá nhỏ nhắn hoặc đính đá lấp lánh để tăng thêm nét điệu đà."
Makeup cho buổi họp lớp cần cảm xúc gì?,"Makeup cho buổi họp lớp nên ưu tiên vẻ ngoài tươi tắn, tự nhiên và có chút hoài niệm. Tập trung vào làn da khỏe khoắn, đôi mắt sáng và đôi môi tươi tắn. Tránh makeup quá cầu kỳ, hãy chọn tông màu nhẹ nhàng, ấm áp để tôn lên vẻ đẹp thanh lịch và gợi nhớ những kỷ niệm xưa."
Cách tạo makeup cho ngày lễ Quốc khánh?,"Để có makeup ngày lễ Quốc khánh rực rỡ, hãy tập trung vào màu đỏ và vàng. Sử dụng phấn mắt màu vàng đồng hoặc cam đất, kết hợp eyeliner đỏ hoặc nâu. Đánh má hồng đào nhẹ nhàng và son đỏ tươi. Bạn có thể thêm chút nhũ vàng ở khóe mắt để tăng thêm phần lấp lánh, thể hiện tinh thần ngày lễ."
Kỹ thuật rose petal lips là gì?,"Kỹ thuật ""rose petal lips"" (môi cánh hoa hồng) là xu hướng trang điểm môi tạo hiệu ứng mềm mại, tự nhiên như cánh hoa. Cách thực hiện là đánh son lòng môi, sau đó dùng cọ hoặc ngón tay tán đều ra ngoài, tạo bờ môi nhòe nhẹ. Thêm chút son bóng ở giữa môi để tăng độ căng mọng."
Cách tạo kỹ thuật dewy dream?,"Kỹ thuật ""dewy dream"" tạo lớp nền căng bóng, tự nhiên bằng cách: 1. **Dưỡng ẩm kỹ:** Sử dụng serum, kem dưỡng ẩm phù hợp. 2. **Kem nền/BB cream:** Chọn loại có độ ẩm cao, chất lỏng. 3. **Highlight:** Tập trung ở gò má, sống mũi, nhân trung. 4. **Xịt khóa:** Giúp lớp nền mịn màng, căng bóng lâu hơn. Quan trọng là dùng ít sản phẩm, tán đều để"
Kỹ thuật midnight eyes gợi cảm xúc gì?,"Kỹ thuật ""midnight eyes"" (mắt đêm khuya) gợi lên vẻ đẹp bí ẩn, quyến rũ và có chút nổi loạn. Bằng cách sử dụng eyeliner đen đậm, tán nhạt ở phần đuôi mắt, kỹ thuật này tạo chiều sâu, khiến đôi mắt trông to hơn, sắc sảo hơn và đầy mời gọi, như ẩn chứa những bí mật đêm đen."
Cách tạo kỹ thuật desert bloom?,"Desert Bloom là kỹ thuật trang điểm tập trung vào đôi mắt với tông màu ấm áp, lấy cảm hứng từ vẻ đẹp sa mạc. 1. **Màu mắt:** Sử dụng các màu cam đất, nâu, đồng, và chút ánh nhũ vàng. 2. **Phủ màu:** Phủ màu đậm nhất ở đuôi mắt, nhạt dần về phía hốc mắt. 3. **Highlight:** Đánh highlight vùng đầu mắt và dưới chân mày. 4. **Kẻ"
Kỹ thuật aurora glow là gì?,"Kỹ thuật Aurora Glow là xu hướng trang điểm tạo hiệu ứng da căng bóng, khỏe mạnh tự nhiên như được ""ánh sáng phương Bắc"" chiếu rọi. Bí quyết nằm ở việc layer các sản phẩm dưỡng ẩm, kem nền mỏng nhẹ, kết hợp highlight dạng lỏng hoặc kem ở những vị trí bắt sáng như gò má, sống mũi, trán."
Cách tạo kỹ thuật velvet rose?,"Kỹ thuật Velvet Rose tạo lớp nền mịn lì, tự nhiên như nhung. Bạn cần kem nền ẩm mịn, dùng cọ đầu bằng tán đều. Tiếp đến, dùng phấn bột trong suốt, đánh nhẹ nhàng theo hình chữ M từ trán xuống cằm, tập trung vùng chữ T. Cuối cùng, xịt khóa nền để giữ lớp trang điểm bền lâu."
Kỹ thuật cosmic beauty gợi gì?,"Kỹ thuật cosmic beauty (vẻ đẹp vũ trụ) tập trung vào việc tôn vinh vẻ đẹp tự nhiên, độc đáo của mỗi người, lấy cảm hứng từ sự đa dạng và kỳ diệu của vũ trụ. Kỹ thuật này sử dụng các gam màu lấp lánh, hiệu ứng ánh sáng và kết cấu độc đáo để tạo ra vẻ ngoài nổi bật, thể hiện cá tính và sự tự tin."
Cách tạo kỹ thuật enchanted forest?,"Kỹ thuật ""Enchanted Forest"" (Khu Rừng Phép Thuật) tập trung vào vẻ đẹp tự nhiên, huyền ảo. Sử dụng phấn mắt màu xanh lá cây, nâu đồng, tím, tán đều và nhũ lấp lánh. Đừng quên highlight da để tạo hiệu ứng lung linh. Son môi nude hoặc berry hoàn thiện vẻ ngoài mơ màng, bí ẩn như nàng tiên rừng."
Kỹ thuật fiery blush là gì?,"Kỹ thuật fiery blush (đỏ rực rỡ) là xu hướng trang điểm má hồng táo bạo, tập trung đánh má hồng cao lên tận vùng thái dương và kéo dài về phía đuôi mắt. Kỹ thuật này tạo hiệu ứng đôi má ửng hồng tự nhiên, trẻ trung và đôi mắt trông to hơn. Thường sử dụng má hồng kem hoặc lỏng để dễ dàng tán đều và đạt hiệu"
Cách tạo kỹ thuật twilight sparkle?,"Kỹ thuật Twilight Sparkle tạo hiệu ứng mắt lấp lánh, huyền ảo. Bạn cần dùng phấn mắt màu tím, xanh lam, hồng, tán đều từ hốc mắt lên đến đuôi mắt. Thêm chút nhũ lấp lánh ở giữa bầu mắt và nhấn nhá đường eyeliner trắng ở viền mắt dưới. Cuối cùng, đừng quên mascara để hoàn thiện!"
Tại sao cần làm sạch cọ trước khi makeup?,"Làm sạch cọ trang điểm là bước quan trọng để đảm bảo vệ sinh và chất lượng lớp trang điểm. Cọ bẩn chứa vi khuẩn, tế bào chết, dầu thừa có thể gây ra mụn, kích ứng da. Ngoài ra, cọ sạch giúp màu son, phấn mắt lên chuẩn màu, dễ tán và kéo dài tuổi thọ cọ."
Cách làm sạch cọ sau makeup phong cách gothic?,"Với cọ dùng makeup gothic, thường có nhiều màu đậm và chất lỏng, bạn cần làm sạch kỹ lưỡng: 1. **Loại bỏ phần lớn sản phẩm:** Dùng khăn giấy hoặc dụng cụ gạt bỏ phần mỹ phẩm thừa. 2. **Sử dụng dầu tẩy trang:** Nhẹ nhàng làm tan các hạt màu khó trôi. 3. **Rửa với nước ấm & sữa rửa cọ:** Xả sạch dầu và cặn bẩn. 4. **Phơi"
Làm sao làm sạch beauty blender sau makeup lễ cưới?,"Sau makeup cưới, beauty blender cần được làm sạch kỹ lưỡng để tránh vi khuẩn. Đầu tiên, rửa sạch dưới vòi nước ấm với chất tẩy trang chuyên dụng cho cọ/blender. Bóp nhẹ nhàng, không xoắn. Xả sạch, sau đó dùng xà phòng dịu nhẹ rửa lại. Để khô tự nhiên ở nơi thoáng mát, tránh ánh nắng trực tiếp."
Cách bảo quản mỹ phẩm khi làm makeup ngoài trời?,"Để bảo quản mỹ phẩm khi makeup ngoài trời, bạn nên: * **Tránh ánh nắng trực tiếp:** Để mỹ phẩm trong bóng râm, túi cách nhiệt hoặc hộp kín. * **Nhiệt độ ổn định:** Tránh để mỹ phẩm trong xe hơi nóng hoặc nơi quá lạnh. * **Vệ sinh dụng cụ:** Khử trùng cọ, mút trang điểm thường xuyên. * **Sử dụng sản phẩm nhỏ:** Chia mỹ phẩm vào hũ"
Làm sao chọn mỹ phẩm cho makeup phong cách bohemian?,"Để makeup phong cách bohemian, ưu tiên mỹ phẩm màu đất, cam đất, nâu đồng ấm áp. Chọn phấn mắt lì hoặc nhũ nhẹ, má hồng đào hoặc cam san hô. Son môi màu nude, hồng đất hoặc đỏ gạch sẽ phù hợp. Đừng quên eyeliner màu nâu hoặc xanh rêu để tạo điểm nhấn mắt khói nhẹ nhàng, tự do."
Cách chọn mỹ phẩm cho makeup lễ hội Diwali?,"Diwali là lễ hội ánh sáng, hãy ưu tiên mỹ phẩm tông ấm như vàng đồng, cam, đỏ. Chọn phấn mắt nhũ, highlighter lấp lánh để tăng hiệu ứng tỏa sáng. Son môi đỏ, cam đất hoặc hồng san hô sẽ rất hợp. Đừng quên kem nền lâu trôi và mascara chống lem để giữ lớp trang điểm bền đẹp suốt đêm hội!"
Làm sao xử lý khi mỹ phẩm lem trong makeup lễ hội?,"Khi mỹ phẩm lem trong lễ hội, đừng hoảng loạn! Hãy mang theo giấy thấm dầu để dặm nhẹ, tránh chà xát làm loang lổ. Son môi lem có thể dùng tăm bông chỉnh sửa. Nếu có phấn mắt rơi, dùng cọ nhỏ quét sạch. Quan trọng nhất là giữ bình tĩnh và tận hưởng lễ hội!"
Cách chọn mỹ phẩm cho makeup phong cách Hàn Quốc?,"Để makeup phong cách Hàn Quốc, ưu tiên mỹ phẩm có kết cấu nhẹ, mỏng mịn, tập trung vào làn da tự nhiên. Chọn cushion, phấn nước thay kem nền, son tint/son kem lì, má hồng dạng kem. Màu sắc nên là các tông pastel, hồng đào, cam đất. Đừng quên kem chống nắng và các sản phẩm dưỡng ẩm để có lớp nền hoàn hảo!"
Làm sao chọn mỹ phẩm cho makeup phong cách gothic?,"Để makeup phong cách gothic, ưu tiên mỹ phẩm tông màu tối: đen, đỏ đậm, tím than, xám. Chọn phấn mắt, son môi, kẻ mắt, má hồng có kết cấu lì hoặc nhũ tối. Foundation và concealer cần che phủ tốt để tạo làn da trắng sứ. Đừng quên eyeliner đen sắc nét và mascara dày dặn để nhấn mạnh đôi mắt."
Cách chọn mỹ phẩm cho makeup phong cách thập niên 80?,"Để makeup phong cách thập niên 80, ưu tiên mỹ phẩm màu sắc nổi bật! Chọn phấn mắt hồng, tím, xanh dương, má hồng đậm chất ""búp bê"", son môi đỏ tươi hoặc hồng fuchsia. Đừng quên eyeliner xanh navy hoặc đen đậm, và mascara dày mi. Chất liệu phấn mắt có thể là nhũ hoặc lì đều được, tùy sở thích."
Mẹo tránh makeup bị lem khi khóc?,"Để tránh makeup bị lem khi khóc, hãy ưu tiên các sản phẩm waterproof (chống nước) cho mắt, lông mày và mascara. Sử dụng phấn mắt và phấn má có kết cấu mịn, bám tốt. Thấm dầu thừa trên da trước khi trang điểm. Mang theo giấy thấm dầu và bông tăm để dặm lại khi cần."
Cách xử lý khi phấn mắt rơi xuống má?,"Khi phấn mắt rơi xuống má, đừng lo lắng! Dùng cọ nhỏ, sạch hoặc tăm bông nhẹ nhàng quét phần phấn thừa. Nếu phấn bám chặt, hãy dùng khăn giấy ẩm thấm nhẹ nhàng. Cuối cùng, dùng phấn phủ để làm đều màu da và che đi bất kỳ vết tích nào còn sót lại."
Mẹo giữ son môi lâu trôi trong tiệc tối?,"Để son môi giữ lâu trôi trong tiệc tối, bạn hãy: 1. Tẩy tế bào chết và dưỡng ẩm môi. 2. Lót một lớp son dưỡng trước khi đánh son màu. 3. Đánh son nhiều lớp mỏng, dùng khăn giấy thấm bớt. 4. Sử dụng bút kẻ viền môi cùng màu son. 5. Phủ một lớp phấn rôm trong suốt lên trên."
Cách tránh kem nền bị cakey?,"Để tránh kem nền bị cakey, hãy dưỡng ẩm kỹ lưỡng trước khi trang điểm. Chọn kem nền phù hợp với loại da và sử dụng một lượng nhỏ, thoa đều bằng mút hoặc cọ. Tránh chồng nhiều lớp và dùng phấn phủ nhẹ nhàng để khóa lớp nền. Nếu cần, xịt khóa nền để giúp lớp trang điểm mịn màng hơn."
Mẹo giữ makeup đẹp khi trời nóng?,"Để giữ makeup bền đẹp khi trời nóng, hãy ưu tiên các bước sau: * **Dưỡng ẩm:** Dùng kem dưỡng nhẹ, không gây bí da. * **Kiềm dầu:** Sử dụng primer kiềm dầu và phấn phủ dạng bột. * **Sản phẩm chống nước:** Chọn foundation, mascara, eyeliner chống nước. * **Setting spray:** Xịt khóa lớp makeup để tăng độ bền. * **Dặm lại:** Mang theo giấy thấm dầu và son"
Cách xử lý khi eyeliner bị lệch?,"Eyeliner bị lệch là chuyện thường gặp! Đừng lo lắng, bạn có thể dùng tăm bông nhúng nước tẩy trang để nhẹ nhàng xóa phần bị lệch. Sau đó, dùng eyeliner kẻ lại đường viền, tập trung vào việc tạo hình dáng cân đối. Nếu vẫn khó khăn, hãy thử kẻ từng đoạn ngắn thay vì một đường liền mạch nhé!"
Mẹo giữ lông mày đẹp cả ngày?,"Để lông mày đẹp cả ngày, hãy bắt đầu với việc chải lông mày theo hướng mong muốn và dùng gel lông mày trong suốt hoặc có màu để cố định dáng. Thoa nhẹ son dưỡng môi lên lông mày giúp giữ ẩm và tránh bị khô. Tránh chạm vào lông mày thường xuyên để tránh làm xáo trộn."
Cách tránh má hồng quá đậm?,"Để tránh má hồng quá đậm, hãy dùng cọ nhỏ, gõ nhẹ cọ để loại bỏ phấn thừa trước khi đánh lên má. Bắt đầu với một lượng sản phẩm rất ít, rồi tăng dần nếu cần. Đánh má hồng theo đường chéo từ xương gò má về thái dương, hòa trộn kỹ để màu sắc tự nhiên nhất."
Mẹo giữ highlighter lấp lánh lâu?,"Để highlighter giữ lâu, hãy chuẩn bị da kỹ bằng kem dưỡng ẩm. Chọn highlighter dạng kem hoặc lỏng, dễ bám da hơn phấn. Dùng cọ nhỏ đánh highlighter sau khi hoàn thành lớp nền. Thêm một chút xịt khóa trang điểm để ""khóa"" highlighter, giúp nó bền màu và tỏa sáng suốt cả ngày."
Cách xử lý khi makeup bị nứt?,"Khi makeup bị nứt, nguyên nhân thường do lớp nền quá dày hoặc da thiếu ẩm. Bạn có thể dùng xịt khoáng làm ẩm lại da trước khi đánh lớp nền mỏng hơn. Thoa kem dưỡng ẩm kỹ lưỡng trước khi trang điểm cũng giúp hạn chế tình trạng này. Tránh dùng phấn bột quá nhiều và chọn sản phẩm phù hợp với loại da."
Makeup cho buổi chụp ảnh cưới ngoài trời cần gì?,"Makeup chụp ảnh cưới ngoài trời cần ưu tiên bền, tự nhiên và phù hợp ánh sáng. Chuẩn bị kem nền lâu trôi, phấn khóa dầu, má hồng/bronzer có tông ấm. Mắt nên tập trung vào kỹ thuật tạo khối, dùng mascara chống thấm. Son môi nên chọn màu nude hoặc hồng đào, hạn chế bóng. Đừng quên xịt khóa makeup!"
Cách tạo makeup cho buổi tiệc sinh nhật bạn thân?,"Để makeup cho tiệc sinh nhật bạn thân, hãy tập trung vào điểm nhấn! Nền mịn, mắt đánh shimmer hoặc nhũ lấp lánh, chọn tone màu bạn yêu thích. Đừng quên mascara và hàng lông mi cong vút. Son môi nổi bật, cùng chút highlight để khuôn mặt rạng rỡ. Quan trọng nhất là makeup sao cho bạn cảm thấy tự tin và xinh đẹp nhất nhé!"
Makeup cho buổi họp mặt bạn cũ thế nào?,"Buổi họp mặt bạn cũ, ưu tiên vẻ ngoài tự nhiên, tươi tắn. Hãy dùng kem nền mỏng nhẹ, che khuyết điểm vừa đủ. Phấn má hồng tone đào hoặc cam đất giúp da ửng hồng. Kẻ mắt mảnh, mascara nhẹ nhàng và son môi tone nude hoặc hồng san hô là lựa chọn hoàn hảo. Đừng quên xịt khóa lớp trang điểm để giữ lâu nhé!"
Cách tạo makeup cho ngày lễ Tình nhân?,"Ngày Valentine, hãy tập trung vào vẻ đẹp ngọt ngào, lãng mạn. Ưu tiên tông hồng đào, cam san hô ấm áp cho mắt, má và môi. Đừng quên lớp nền mịn màng, chút highlight để da căng bóng. Nếu thích, bạn có thể thêm chút nhũ mắt lấp lánh hoặc son bóng để tăng thêm sự quyến rũ. Quan trọng nhất là tự tin với chính mình!"
Makeup cho buổi dã ngoại cần cảm xúc gì?,"Makeup cho buổi dã ngoại nên ưu tiên sự tươi trẻ, tự nhiên và năng động. Tập trung vào làn da khỏe khoắn với lớp nền nhẹ, má hồng cam đào hoặc hồng san hô, và son dưỡng ẩm có màu. Đừng quên kem chống nắng! Tránh makeup quá đậm, cầu kỳ để giữ vẻ ngoài thoải mái, tràn đầy sức sống hòa mình vào thiên nhiên."
Cách tạo makeup cho buổi tiệc barbecue?,"Makeup cho tiệc BBQ nên ưu tiên tự nhiên, nhẹ nhàng, bền màu. Dùng kem nền mỏng, phấn má hồng cam đào, mắt đánh nhũ nhẹ hoặc màu đất. Đừng quên chống nắng và dùng mascara chống thấm nước. Son môi chọn màu tươi tắn như cam, hồng san hô. Quan trọng nhất là giữ cho lớp makeup thông thoáng, tránh bí bách dưới trời nắng."
Makeup cho buổi xem phim tình cảm thế nào?,"Để makeup cho buổi xem phim tình cảm, hãy tập trung vào vẻ đẹp tự nhiên, trong trẻo. Sử dụng kem nền nhẹ, phấn má hồng đào hoặc hồng san hô để đôi má ửng hồng. Kẻ mắt mảnh, mascara nhẹ nhàng và son dưỡng ẩm hoặc son tint màu hồng baby/cam đất là đủ. Quan trọng nhất là đừng quên dặm lại son trong suốt buổi phim nhé!"
Cách tạo makeup cho buổi tiệc Giáng sinh?,"Để có makeup Giáng sinh lấp lánh, hãy bắt đầu với lớp nền mịn màng. Sử dụng phấn mắt màu đỏ burgundy, xanh lá cây đậm hoặc vàng gold. Đừng quên highlight ở gò má, sống mũi và khóe mắt. Kẻ mắt mèo sắc sảo và son môi đỏ tươi hoặc màu berry sẽ hoàn thiện vẻ ngoài quyến rũ. Thêm chút nhũ lấp lánh để tăng thêm sự lung"
Makeup cho buổi tiệc Halloween cần gì?,"Makeup Halloween cần tập trung vào tạo hình độc đáo, ấn tượng. Bạn cần: * **Phấn nền:** Màu sắc tùy chủ đề (trắng, xám, xanh lá...). * **Màu mắt:** Đậm, nổi bật, có thể dùng nhũ. * **Sản phẩm tạo khối:** Để tạo hiệu ứng 3D, nhấn sâu đường nét. * **Màu vẽ:** Vẽ hình xăm, vết sẹo, họa tiết ma quái. * **Mascara & Mi giả:** Làm mắt to,"
Cách tạo makeup cho buổi lễ tốt nghiệp?,"Makeup cho lễ tốt nghiệp nên ưu tiên sự tự nhiên, thanh lịch. Hãy bắt đầu với lớp nền nhẹ nhàng, che khuyết điểm vừa đủ. Sử dụng phấn mắt tông màu nude hoặc nâu nhạt, kết hợp với mascara để mở rộng đôi mắt. Son môi màu hồng đào hoặc cam san hô sẽ tạo vẻ tươi tắn. Đừng quên chút highlighter để có làn da rạng rỡ nhé!"
Kỹ thuật nào phù hợp cho makeup phong cách lãng mạn?,"Để có phong cách trang điểm lãng mạn, hãy tập trung vào đôi mắt và đôi môi. Sử dụng phấn mắt màu hồng đào, tím lavender hoặc nâu đồng để tạo chiều sâu. Kỹ thuật *smudging* nhẹ nhàng giúp mắt trông mềm mại. Đánh má hồng ửng tự nhiên và son môi màu hồng san hô hoặc đỏ cherry là hoàn hảo. Đừng quên lớp nền mỏng nhẹ, căng bóng."
Cách tạo makeup cho phong cách bohemian chụp ảnh?,"Để có makeup bohemian cho buổi chụp ảnh, hãy tập trung vào vẻ đẹp tự nhiên, phóng khoáng. Sử dụng phấn mắt màu đất, đồng, hoặc cam đào. Kẻ mắt mảnh, nâu hoặc đen, và chuốt mascara nhẹ nhàng. Má hồng đào hoặc cam, đánh xéo để tạo gò má cao. Son môi nude, hồng san hô hoặc cam cháy. Đừng quên highlight nhẹ nhàng để bắt sáng."
Kỹ thuật nào tốt cho makeup lễ hội Diwali?,"Với lễ hội Diwali, hãy tập trung vào đôi mắt lấp lánh và đôi môi đậm! Sử dụng phấn mắt màu vàng đồng, cam hoặc đỏ ruby, kết hợp với eyeliner cánh mèo và mascara dày. Thêm chút nhũ lấp lánh ở khóe mắt. Son môi đỏ tươi hoặc màu berry sẽ hoàn thiện vẻ ngoài rực rỡ, truyền thống. Đừng quên lớp nền hoàn hảo và highlighter để tỏa"
Cách tạo makeup cho phong cách gothic sân khấu?,"Để tạo makeup gothic sân khấu ấn tượng, hãy tập trung vào mắt và môi. Sử dụng phấn mắt đen, xám đậm, hoặc burgundy, đánh nhũm và kéo dài ra ngoài. Kẻ mắt đen sắc sảo, có thể vẽ thêm họa tiết. Môi tô son đen, đỏ đậm hoặc tím sẫm, đánh kỹ đường viền. Da mặt đánh nền trắng bệch để tăng độ tương phản. Đừng quên nhấn mạnh"
Kỹ thuật nào phù hợp cho makeup thập niên 80?,"Makeup thập niên 80 nổi bật với sự táo bạo và màu sắc rực rỡ. Hãy tập trung vào: * **Mắt:** Phấn mắt nhiều màu (hồng, tím, xanh lam), đánh nhũ, kẻ mắt đậm và mascara dày. * **Má:** Má hồng đậm, đánh cao và chếch lên thái dương. * **Môi:** Son môi tươi sáng (đỏ, hồng fuchsia), có thể dùng son bóng. * **Da:** Nền da hoàn hảo, có"
Cách tạo makeup cho phong cách Hàn Quốc hiện đại?,"Makeup Hàn Quốc hiện đại tập trung vào làn da tự nhiên, khỏe khoắn. Hãy bắt đầu với lớp nền mỏng nhẹ, che khuyết điểm vừa đủ. Sử dụng phấn má hồng đào hoặc hồng san hô để tạo vẻ tươi tắn. Mắt trang điểm đơn giản với tông màu nude hoặc nâu, nhấn nhá bằng eyeliner mảnh. Son môi gradient hoặc son tint bóng là lựa chọn hoàn hảo."
Kỹ thuật nào tốt cho makeup phong cách Morocco?,"Để trang điểm theo phong cách Morocco, hãy tập trung vào đôi mắt khói đậm với eyeliner đen sắc nét, kéo dài. Sử dụng phấn mắt màu vàng đồng, nâu hoặc tím. Đôi môi nên tô son màu nude hoặc đỏ cam. Da hoàn hảo với lớp nền mịn lì và nhấn nhá gò má bằng phấn má hồng đào. Đừng quên thêm chút lấp lánh!"
Cách tạo makeup cho phong cách Ấn Độ lễ hội?,"Để có phong cách trang điểm Ấn Độ lễ hội, hãy tập trung vào mắt với phấn mắt màu đậm (vàng đồng, đỏ, xanh lục bảo), kẻ mắt mèo sắc sảo và mascara dày. Sử dụng highlighter để làm nổi bật gò má và xương chân mày. Son môi màu đỏ tươi hoặc hồng đậm là lựa chọn hoàn hảo. Đừng quên trang trí bằng bindi (chấm trên trán) để"
Kỹ thuật nào phù hợp cho makeup lễ cưới?,"Makeup cưới cần ưu tiên sự bền vững và vẻ đẹp tự nhiên. Kỹ thuật **contouring** nhẹ nhàng để tạo khối, **highlight** để làm nổi bật đường nét và **phấn phủ khóa nền** là rất quan trọng. Chọn **son môi lâu trôi** và **mascara chống thấm nước** để giữ makeup tươi tắn suốt ngày dài. Đừng quên **xịt khóa makeup** để cố định lớp trang điểm nhé!"
Cách tạo makeup cho phong cách Pháp buổi tối?,"Phong cách Pháp buổi tối thanh lịch, tinh tế tập trung vào làn da khỏe khoắn. Ưu tiên lớp nền mỏng nhẹ, má hồng phớt nhẹ nhàng và son đỏ cổ điển. Mắt có thể dùng phấn mắt màu nude hoặc nâu trầm, kẻ mắt mảnh và mascara. Điểm nhấn là đôi môi quyến rũ và hàng lông mày tự nhiên. Đừng quên chút hương nước hoa tinh tế!"
Son nào hợp với makeup phong cách lễ hội?,"Với makeup lễ hội, son lì hoặc son kem lì là lựa chọn hàng đầu vì độ bền màu cao, giúp bạn thoải mái tận hưởng bữa tiệc. Màu sắc nên nổi bật như đỏ tươi, cam đất, hồng fuchsia hoặc thậm chí tím berry. Nếu thích hiệu ứng lấp lánh, bạn có thể dùng son có nhũ hoặc tô thêm chút glitter lên môi."
Cách chọn son cho makeup phong cách bohemian?,"Phong cách bohemian tự do, phóng khoáng nên son môi cũng vậy! Ưu tiên các màu nude đất, cam gạch, hồng đất hoặc đỏ nâu trầm. Chất son nên chọn lì hoặc bán lì để tạo cảm giác tự nhiên, đôi môi ""sương sương"" như vừa dặm nhẹ. Tránh các màu son quá nổi bật hay bóng bẩy nhé!"
Phấn mắt nào hợp với makeup phong cách gothic?,"Để makeup phong cách gothic, phấn mắt tối màu là lựa chọn hàng đầu. Các màu như đen, xám đậm, tím than, đỏ burgundy hoặc xanh navy sẽ tạo hiệu ứng ấn tượng. Bạn có thể sử dụng phấn mắt nhũ hoặc matte tùy sở thích. Kỹ thuật tán mắt đậm, smoky eyes là ""must-have"" cho phong cách này."
Cách chọn phấn mắt cho makeup lễ cưới?,"Để chọn phấn mắt cho makeup cưới, ưu tiên các tông màu trung tính như nâu, champagne, hồng đào. Nếu muốn nổi bật, có thể thêm chút ánh kim hoặc nhũ. Quan trọng là chọn phấn mắt có độ bám tốt, không bị lem và phù hợp với màu da, ánh sáng để có đôi mắt long lanh, cuốn hút trong suốt buổi lễ."
Highlighter nào hợp với makeup phong cách Hàn Quốc?,"Với makeup phong cách Hàn Quốc, highlighter lý tưởng là loại có tông màu ngọc trai hoặc champagne, chất phấn mịn, bắt sáng nhẹ nhàng. Ưu tiên các dạng kem hoặc lỏng để tạo hiệu ứng ""da bóng khỏe"" tự nhiên, căng mọng. Các vị trí đánh highlighter tập trung ở gò má, sống mũi, khóe mắt và nhân trung."
Cách chọn highlighter cho makeup phong cách thập niên 80?,"Để có makeup lấp lánh kiểu thập niên 80, hãy chọn highlighter có tông màu ngọc trai, vàng champagne hoặc hồng đào. Chất phấn nên có chút nhũ để tăng hiệu ứng bắt sáng. Tập trung đánh highlighter ở gò má cao, sống mũi, xương chân mày và khóe mắt để tạo vẻ ngoài nổi bật, sắc sảo đặc trưng của phong cách này."
Má hồng nào hợp với makeup phong cách lãng mạn?,"Với makeup phong cách lãng mạn, má hồng hồng đào, hồng san hô hoặc màu hoa hồng tím là lựa chọn tuyệt vời. Các tông màu này tạo cảm giác ửng hồng tự nhiên, mềm mại, phù hợp với vẻ đẹp nữ tính và dịu dàng. Nên chọn chất phấn mịn, dễ tán để có đôi má ửng hồng tinh tế, không quá gắt."
Cách chọn má hồng cho makeup phong cách Morocco?,"Để makeup phong cách Morocco, hãy chọn má hồng tông ấm như cam đất, hồng đào, hoặc màu mận chín. Ưu tiên chất phấn mịn, có chút ánh nhũ để tăng vẻ bừng sáng, khỏe khoắn. Đánh má hồng hơi chếch lên xương gò má, tạo hiệu ứng gầy và sắc sảo, phù hợp với đường nét đặc trưng của phong cách này."
Son nào hợp với makeup phong cách Pháp?,"Phong cách trang điểm Pháp ưu tiên vẻ đẹp tự nhiên, thanh lịch. Son đỏ tươi, đỏ cherry hoặc hồng nude là lựa chọn hoàn hảo. Chất son nên là satin hoặc matte nhẹ, tránh quá bóng. Quan trọng nhất là đánh son lòng môi và dùng khăn giấy thấm bớt để tạo hiệu ứng ""môi hôn"" đặc trưng của phong cách Pháp."
Cách chọn phấn mắt cho makeup phong cách lễ hội?,"Để makeup lễ hội, hãy chọn phấn mắt với các tông màu nổi bật như: vàng đồng, đồng, bạc, xanh lam, tím, hoặc hồng. Bạn có thể ưu tiên các bảng phấn có nhiều màu nhũ lấp lánh để tăng hiệu ứng lung linh. Đừng ngại kết hợp nhiều màu sắc và thử nghiệm các kiểu đánh mắt khác nhau để tạo điểm nhấn độc đáo!"
Makeup cho teen nên chú ý gì?,"Makeup cho teen nên ưu tiên sự tự nhiên, tập trung làm nổi bật nét đẹp sẵn có thay vì thay đổi hoàn toàn. Chọn sản phẩm nhẹ nhàng, không gây bí da như BB cream, son tint, má hồng kem. Tránh dùng quá nhiều phấn, contour đậm. Quan trọng nhất là tẩy trang kỹ lưỡng để giữ da khỏe mạnh!"
Cách tạo makeup tự nhiên cho học sinh?,"Để có makeup tự nhiên cho học sinh, hãy tập trung vào làn da khỏe khoắn. Sử dụng kem dưỡng ẩm, kem chống nắng. Tiếp theo, dùng BB cream hoặc phấn nước mỏng nhẹ để che khuyết điểm. Đánh má hồng đào hoặc cam đất, son tint màu nude hoặc hồng baby. Cuối cùng, chuốt mi và dùng chì kẻ mày tự nhiên để hoàn thiện."
Makeup cho người trung niên cần sản phẩm gì?,"Makeup cho người trung niên nên ưu tiên các sản phẩm dưỡng ẩm, nhẹ nhàng. Kem nền ẩm mịn, che phủ tốt nếp nhăn là lựa chọn hàng đầu. Phấn phủ dạng bột mịn giúp khóa lớp nền, tránh lộ vân da. Son dưỡng, son kem mềm mại giúp môi căng mọng. Màu mắt trung tính, tự nhiên giúp đôi mắt trông tươi sáng hơn."
Cách tạo makeup cho người lớn tuổi?,"Trang điểm cho người lớn tuổi nên tập trung vào sự tươi tắn, tự nhiên. Ưu tiên kem dưỡng ẩm, kem nền mỏng nhẹ, che khuyết điểm nếp nhăn và quầng thâm. Sử dụng phấn má hồng đào hoặc hồng san hô để tạo gò má ửng hồng. Kẻ lông mày tự nhiên, tránh màu tối. Son môi màu nude hoặc hồng nhạt giúp khuôn mặt bừng sáng."
Makeup cho teen da dầu nên dùng gì?,"Teen da dầu nên ưu tiên lớp nền mỏng nhẹ, kiềm dầu tốt như cushion, phấn nước hoặc kem nền dạng mousse. Chọn sản phẩm có thành phần kiểm soát dầu như salicylic acid, zinc PCA. Đừng quên dùng phấn phủ để cố định lớp nền và blotting paper (giấy thấm dầu) để hút dầu thừa trong ngày. Son tint hoặc son kem lì sẽ bền màu hơn son bóng."
Cách chọn son cho teen da sáng?,"Với da sáng, teen có nhiều lựa chọn son đa dạng! Ưu tiên các màu tươi trẻ như hồng san hô, cam đào, hồng baby hoặc đỏ cam. Nên chọn chất son mịn, ẩm (son kem, son tint) để đôi môi căng mọng tự nhiên. Tránh các màu quá tối hoặc trầm, có thể làm da trông nhợt nhạt."
Makeup cho người trung niên da khô thế nào?,"Với da khô ở người trung niên, ưu tiên dưỡng ẩm là số một! Dùng kem lót giàu ẩm, nền dạng kem hoặc cushion thay vì phấn bột. Chọn màu mắt ấm áp, son dưỡng ẩm và má hồng kem để tránh làm khô da. Hạn chế đánh phấn quá nhiều, tập trung vào làm nổi bật ưu điểm và che khuyết điểm nhẹ nhàng."
Cách tạo makeup cho người lớn tuổi da nám?,"Với da nám của người lớn tuổi, ưu tiên lớp nền nhẹ nhàng, che phủ vừa phải để không làm lộ rõ nếp nhăn. Chọn kem nền có dưỡng ẩm, màu sáng hơn da một chút để tươi tắn. Đánh nhẹ son môi màu hồng đào hoặc cam san hô, tránh màu tối. Tập trung vào làm nổi bật đôi mắt với phấn mắt màu trung tính và mascara."
Makeup cho teen sự kiện trường học nên thế nào?,"Makeup cho teen sự kiện trường học nên ưu tiên tự nhiên, tươi tắn. Tập trung vào làn da khỏe khoắn với kem nền mỏng nhẹ, má hồng đào/cam san hô. Mắt có thể dùng phấn mắt màu pastel hoặc nâu nhạt, kết hợp mascara. Son môi chọn tone hồng baby, cam san hô hoặc nude. Tránh makeup quá đậm, cầu kỳ."
Cách tạo makeup cho người trung niên dự tiệc?,"Với người trung niên dự tiệc, ưu tiên sự thanh lịch, tự nhiên. Nền mịn màng, che phủ nhẹ nếp nhăn. Mắt nhấn đường viền, dùng phấn mắt tông ấm (nâu, đồng) tránh quá lòe loẹt. Má hồng đào hoặc cam đất tạo ửng hồng khỏe khoắn. Son môi màu nude, hồng san hô hoặc đỏ trầm giúp khuôn mặt tươi tắn, sang trọng."
Makeup cho Halloween cần sản phẩm gì?,"Để có lớp trang điểm Halloween ấn tượng, bạn cần: * **Kem nền, phấn phủ:** Tạo lớp base hoàn hảo. * **Màu mắt, phấn má:** Chọn tông màu đậm, nổi bật. * **Son môi:** Đỏ, đen, tím... tùy theo concept. * **Sản phẩm tạo khối, highlight:** Định hình khuôn mặt. * **Đồ trang điểm đặc hiệu:** Màu vẽ mặt, máu giả, lens... để hóa trang."
Cách tạo makeup ma cà rồng cho Halloween?,"Để có makeup ma cà rồng ấn tượng cho Halloween, bạn cần: 1. **Da nhợt nhạt:** Dùng phấn nền sáng hơn tông da. 2. **Mắt khói:** Đánh mắt màu đen, đỏ, tím đậm, tán đều. 3. **Má hóp:** Tạo khối bằng phấn màu lạnh, nhấn sâu xương gò má. 4. **Son đỏ:** Chọn son đỏ đậm hoặc màu burgundy. 5. **Răng nanh:** Đừng quên răng nanh giả để hoàn thiện!"
Makeup cho Giáng sinh có đặc điểm gì?,"Trang điểm Giáng sinh thường tập trung vào sự lấp lánh và ấm áp. Các tông màu đỏ, xanh lá cây, vàng đồng và bạc được sử dụng phổ biến. Điểm nhấn là mắt nhũ lấp lánh, má hồng đào hoặc cam, và son môi đỏ tươi hoặc màu berry. Đừng quên thêm chút highlighter để có vẻ ngoài rạng rỡ trong đêm Giáng sinh nhé!"
Cách tạo makeup tuyết cho Giáng sinh?,"Để tạo makeup tuyết Giáng sinh, hãy bắt đầu với lớp nền sáng mịn. Sử dụng phấn mắt màu xanh lam nhạt, trắng ánh kim và bạc để tạo hiệu ứng lấp lánh như tuyết. Đừng quên kẻ mắt mèo sắc sảo và chuốt mascara dày. Thêm chút highlight lấp lánh ở gò má, sống mũi và nhân trung để hoàn thiện vẻ ngoài lung linh."
Makeup cho cosplay cần chú ý gì?,"Cosplay makeup cần chú trọng vào việc **phóng đại nét đặc trưng** của nhân vật. Hãy tập trung vào: * **Đường nét:** Tạo khối, highlight để thay đổi hình dáng khuôn mặt. * **Màu sắc:** Sử dụng màu sắc đặc trưng của nhân vật, có thể khác hoàn toàn với tông da tự nhiên. * **Độ bền:** Chọn sản phẩm lâu trôi, chịu được vận động nhiều. * **Tham khảo:**"
Cách tạo makeup nhân vật anime cho cosplay?,"Để tạo makeup nhân vật anime cho cosplay, hãy tập trung vào đôi mắt to tròn và làn da không tì vết. Sử dụng phấn mắt màu sắc nổi bật, kẻ mắt to và dài, gắn mi giả dày. Đừng quên tạo khối highlight để làm nổi bật các đường nét và sử dụng kính áp tròng nếu cần. Quan trọng nhất là nghiên cứu kỹ nhân vật để bắt"
Makeup cho lễ hội Tết Việt Nam nên thế nào?,"Makeup Tết Việt Nam nên ưu tiên vẻ tươi tắn, rạng rỡ. Da nền mịn màng, kết hợp má hồng đào hoặc cam san hô để tăng nét trẻ trung. Mắt có thể dùng phấn màu ấm như cam đất, nâu đồng, hoặc chút nhũ vàng. Son đỏ tươi hoặc cam đỏ là lựa chọn hoàn hảo, thể hiện sự may mắn và tràn đầy năng lượng."
Cách tạo makeup cho lễ hội Holi Ấn Độ?,"Holi là lễ hội màu sắc, nên makeup cần nổi bật và bền màu. Ưu tiên kem nền, phấn mắt, mascara chống thấm nước. Chọn màu sắc tươi sáng như hồng, cam, vàng. Đừng quên khóa lớp nền kỹ để màu bột khó bám. Thêm chút nhũ lấp lánh để tăng thêm phần rực rỡ! Quan trọng nhất là giữ tinh thần vui vẻ và tận hưởng lễ hội nhé!"
Makeup cho sự kiện carnival cần sản phẩm gì?,"Để có makeup ấn tượng cho carnival, bạn cần: * **Kem nền, phấn:** Tạo lớp base bền vững. * **Màu mắt, phấn má:** Gam màu rực rỡ, lấp lánh. * **Kẻ mắt, mascara:** Làm nổi bật đôi mắt. * **Son môi:** Màu sắc tươi sáng hoặc đậm chất nghệ thuật. * **Đồ trang trí:** Kim tuyến, đá quý, hình vẽ để tăng tính độc đáo. * **Keo dán:** Cố định"
Cách tạo makeup cho lễ hội Trung Thu?,"Makeup Trung Thu nên ưu tiên vẻ đẹp dịu dàng, cổ điển. Bạn có thể tập trung vào đôi mắt với phấn màu cam đất, nâu vàng, và eyeliner mảnh. Son môi màu đỏ cam hoặc hồng đất sẽ tạo sự ấm áp. Đừng quên chút má hồng đào nhẹ nhàng và highlighter để da glow khỏe. Quan trọng nhất là giữ lớp nền tự nhiên, không quá dày."
Kỹ thuật 3D makeup là gì?,"Kỹ thuật trang điểm 3D (hay contouring & highlighting) là tạo khối và đường nét cho khuôn mặt bằng cách sử dụng các sản phẩm tối màu (contour) để tạo chiều sâu và sản phẩm sáng màu (highlight) để làm nổi bật các vùng gồ ghề. Kỹ thuật này giúp khuôn mặt trông thon gọn, sắc sảo và có chiều sâu hơn."
Cách tạo makeup hiệu ứng da rắn?,"Để tạo makeup hiệu ứng da rắn, bạn cần: 1. **Tạo lớp nền** mịn, làm đều màu da. 2. **Vẽ vảy rắn** bằng eyeliner đen hoặc màu mắt tối, tập trung quanh mắt, trán, gò má. 3. **Tạo khối** để làm nổi bật vảy. 4. **Sử dụng phấn highlight** để tăng hiệu ứng 3D. 5. **Hoàn thiện** với son môi tối hoặc màu nude."
Kỹ thuật micro-blading trong makeup là gì?,"Micro-blading là kỹ thuật tạo hình lông mày bằng cách sử dụng một dụng cụ cầm tay với các lưỡi dao siêu nhỏ để khắc từng đường nét lông mày giống như lông thật. Phương pháp này giúp cải thiện hình dáng lông mày, tạo độ dày và tự nhiên, phù hợp với những người có lông mày thưa hoặc mất dáng."
Cách tạo makeup hiệu ứng kim cương?,"Để tạo makeup hiệu ứng kim cương, bạn cần: 1. **Highlight:** Chọn highlight nhũ ngọc trai hoặc bạc, đánh lên gò má, sống mũi, nhân trung, khóe mắt và lông mày. 2. **Phấn kim tuyến:** Dùng cọ nhỏ tán phấn kim tuyến mịn lên những vị trí highlight để tăng độ lấp lánh. 3. **Keo dán:** Dán đá hoặc kim tuyến lớn hơn lên mặt để tạo điểm nhấn."
Kỹ thuật hiệu ứng đặc biệt (SFX) trong makeup là gì?,"Kỹ thuật hiệu ứng đặc biệt (SFX) trong makeup là sử dụng các vật liệu như latex, silicone, máu giả, và kỹ năng tạo hình để biến đổi ngoại hình, tạo ra các vết thương, biến dạng, hoặc nhân vật giả tưởng. SFX vượt xa trang điểm thông thường, tập trung vào việc *tạo ra ảo ảnh* thực tế trên da, thường thấy trong phim ảnh, sân khấu, hoặc các"
Cách tạo makeup vết sẹo cho SFX?,"Để tạo makeup vết sẹo cho SFX, bạn cần: 1. **Tạo hình:** Dùng keo dán chuyên dụng (liquid latex) hoặc silicone tạo hình vết sẹo. Có thể dùng bông gòn hoặc vật liệu khác để tạo độ nổi. 2. **Đánh màu:** Sử dụng phấn màu đỏ, tím, xanh lá để tạo chiều sâu và vết bầm. 3. **Hoàn thiện:** Phủ một lớp mỏng phấn bột để cố định và tạo"
Kỹ thuật airbrush makeup là gì?,"Kỹ thuật airbrush makeup (trang điểm bằng súng phun) là sử dụng máy nén khí để phun lớp nền, phấn mắt, má hồng... lên da dưới dạng hạt siêu mịn. Kỹ thuật này tạo lớp trang điểm mỏng nhẹ, đều màu, tự nhiên, che phủ tốt lỗ chân lông và thường được dùng trong các buổi chụp hình, quay phim, hoặc trang điểm cô dâu."
Cách tạo makeup hiệu ứng da nứt?,"Để tạo hiệu ứng da nứt độc đáo, bạn cần dùng kem nền/base màu da, sau đó vẽ các đường nứt bằng bút kẻ mắt đen hoặc màu tối. Tô nhẹ phấn mắt tối vào khe nứt để tạo chiều sâu. Cuối cùng, dùng phấn highlight làm nổi bật vùng da xung quanh vết nứt, tăng tính chân thực và ấn tượng."
Kỹ thuật bald cap trong makeup là gì?,"Kỹ thuật bald cap trong makeup là tạo hiệu ứng đầu trọc hoàn toàn bằng cách sử dụng một miếng dán silicon mỏng (bald cap) lên đầu, sau đó dùng mỹ phẩm để che đi đường viền và hòa hợp với tông da thật. Kỹ thuật này thường được dùng trong các dự án điện ảnh, sân khấu hoặc tạo hình nhân vật đặc biệt."
Cách tạo makeup hiệu ứng zombie?,"Để tạo makeup hiệu ứng zombie, bạn cần: 1. **Tạo lớp nền nhợt nhạt:** Dùng phấn trắng hoặc kem nền sáng hơn da vài tông. 2. **Tạo vùng mắt trũng sâu:** Sử dụng phấn màu tím, nâu, đen để đánh khối xung quanh mắt. 3. **Vết thương giả:** Dùng sáp tạo hình, màu máu giả và gel tạo đặc hiệu để tạo vết thương, vết rách. 4. **Hoàn thiện:** Thêm"
Thương hiệu high-end nào nổi tiếng về kem nền?,"Có nhiều thương hiệu high-end nổi tiếng về kem nền, nhưng nổi bật nhất phải kể đến **Giorgio Armani Beauty** với dòng Luminous Silk Foundation, được yêu thích nhờ độ che phủ hoàn hảo, mỏng nhẹ và hiệu ứng glow tự nhiên. **Chanel** và **Dior** cũng là lựa chọn hàng đầu với các sản phẩm chất lượng, đa dạng tông màu và phù hợp nhiều loại da."
Thương hiệu drugstore nào tốt cho son môi?,"Có nhiều lựa chọn drugstore tốt cho son môi! **Maybelline** và **NYX** nổi tiếng với đa dạng màu sắc, chất lượng ổn và giá cả phải chăng. **Revlon** cũng là lựa chọn đáng cân nhắc với nhiều dòng son dưỡng và màu sắc cổ điển. **Milani** được yêu thích bởi chất son mịn và độ bền màu khá tốt. Hãy thử nghiệm để tìm ra thương hiệu phù hợp với"
Cách chọn mỹ phẩm high-end cho da dầu?,"Với da dầu, ưu tiên mỹ phẩm high-end không gây bí lỗ chân lông. Chọn sản phẩm có ghi ""oil-free"", ""non-comedogenic"". Foundation dạng lỏng, cushion hoặc powder là lựa chọn tốt. Tìm kiếm serum, kem dưỡng ẩm chứa hyaluronic acid, niacinamide để kiểm soát dầu thừa và làm dịu da. Đừng quên kem chống nắng phổ rộng, chỉ số SPF 30 trở lên."
Thương hiệu nào nổi tiếng về phấn mắt?,"Có rất nhiều thương hiệu phấn mắt nổi tiếng, tùy thuộc vào nhu cầu và ngân sách của bạn. **Urban Decay** nổi tiếng với bảng màu đa dạng, sắc tố cao. **MAC** được yêu thích vì chất lượng ổn định và nhiều lựa chọn. **Anastasia Beverly Hills** nổi tiếng với các ô phấn mắt có khả năng phối màu tuyệt vời. **NARS** và **Dior** là lựa chọn cao cấp với"
Cách chọn mỹ phẩm drugstore cho da khô?,"Da khô cần cấp ẩm tối đa! Ưu tiên mỹ phẩm drugstore chứa hyaluronic acid, glycerin, ceramides, dầu thực vật (jojoba, argan). Chọn kem nền, phấn nền dạng kem hoặc lỏng, son dưỡng ẩm. Tránh sản phẩm chứa cồn, hương liệu mạnh. Ưu tiên sữa rửa mặt dịu nhẹ, không xà phòng. Đừng quên mặt nạ dưỡng ẩm 1-2 lần/tuần!"
Thương hiệu high-end nào tốt cho highlighter?,"Để có highlighter high-end, tôi khuyên dùng **Hourglass** với công thức phấn siêu mịn, cho hiệu ứng glow tự nhiên, không bị bột. **Charlotte Tilbury** cũng là lựa chọn tuyệt vời với các tông màu ""Hollywood glow"" nổi tiếng. **Dior Backstage** phù hợp cho makeup chuyên nghiệp, độ bám cao và đa dạng màu sắc."
Cách chọn mỹ phẩm drugstore cho da nhạy cảm?,"Chọn mỹ phẩm drugstore cho da nhạy cảm, ưu tiên sản phẩm: * **Không chứa hương liệu, cồn, paraben:** Giảm kích ứng. * **Thành phần dịu nhẹ:** Ceramides, hyaluronic acid, lô hội. * **Nhãn ""hypoallergenic"" (ít gây dị ứng) & ""non-comedogenic"" (không gây mụn).** * **Thử nghiệm trên vùng da nhỏ:** Trước khi dùng toàn mặt. * **Ưu tiên các thương hiệu uy tín:** Cetaphil, La Roche-Posay, CeraVe."
Thương hiệu nào nổi tiếng về mascara?,"Có rất nhiều thương hiệu mascara nổi tiếng, nhưng nổi bật nhất phải kể đến **Maybelline**, **L'Oréal Paris** và **Benefit Cosmetics**. Maybelline được yêu thích nhờ giá cả phải chăng và hiệu quả làm dài mi. L'Oréal Paris nổi tiếng với công thức cải tiến, còn Benefit Cosmetics được biết đến với sản phẩm They're Real! mang tính biểu tượng, giúp mi cong và dày ấn tượng."
Cách chọn mỹ phẩm high-end cho da mụn?,"Chọn mỹ phẩm high-end cho da mụn, ưu tiên thành phần dịu nhẹ, không gây kích ứng như salicylic acid, niacinamide, tea tree oil. Tìm sản phẩm ""non-comedogenic"" (không gây tắc lỗ chân lông). Ưu tiên các thương hiệu dược mỹ phẩm uy tín, có kiểm nghiệm. Test sản phẩm trên vùng da nhỏ trước khi dùng toàn mặt để tránh phản ứng."
Thương hiệu drugstore nào tốt cho phấn phủ?,"Có nhiều lựa chọn phấn phủ drugstore tốt! **Maybelline Fit Me** và **Revlon Colorstay** được yêu thích nhờ khả năng kiểm soát dầu tốt và lớp phủ tự nhiên. **NYX Professional Makeup HD Finishing Powder** phù hợp để làm mịn da và cố định lớp trang điểm. **e.l.f. Halo Glow Setting Powder** là lựa chọn giá rẻ, cho hiệu ứng glowy. Hãy chọn loại phù hợp với loại da của"
Xu hướng makeup năm 2025 là gì?,"Xu hướng makeup 2025 sẽ tập trung vào vẻ đẹp tự nhiên, khỏe khoắn nhưng vẫn có điểm nhấn. Da trong suốt, căng bóng cùng đôi môi ""mọng nước"" sẽ lên ngôi. Màu sắc phấn mắt trung tính, kết hợp chút ánh nhũ nhẹ nhàng và má hồng đào tự nhiên là lựa chọn hàng đầu. Đừng quên chú trọng đến hàng lông mày tỉa tót tự nhiên!"
Cách tạo makeup theo xu hướng neon 2025?,"Xu hướng neon 2025 tập trung vào sự tương phản và cá tính! Sử dụng phấn mắt neon (hồng, cam, xanh lá) làm điểm nhấn, kết hợp với lớp nền trong suốt, tự nhiên. Kẻ mắt neon hoặc highlight lấp lánh cũng là lựa chọn táo bạo. Đừng quên son môi nude hoặc trong suốt để cân bằng tổng thể, tránh quá lòe loẹt."
Makeup monochromatic là xu hướng thế nào?,"Makeup monochromatic là xu hướng sử dụng **một** tông màu chủ đạo trên toàn bộ khuôn mặt – mắt, má, môi và thậm chí cả chân mày. Xu hướng này tạo nên vẻ ngoài hài hòa, tinh tế và hiện đại. Màu sắc phổ biến thường là hồng đào, cam đất, hoặc nude. Quan trọng là chọn sắc độ phù hợp với màu da để đạt hiệu quả tốt nhất."
Cách tạo makeup da căng bóng 2025?,"Xu hướng makeup da căng bóng 2025 tập trung vào sự tự nhiên, khỏe khoắn. Bí quyết nằm ở lớp dưỡng ẩm kỹ lưỡng, dùng kem nền mỏng nhẹ, kết hợp highlighter dạng lỏng ở gò má, sống mũi, trán. Đừng quên tán đều để hiệu ứng glow tự nhiên, tránh quá bóng. Son dưỡng ẩm và má hồng dạng kem hoàn thiện vẻ ngoài căng mọng."
Xu hướng phấn mắt nhũ 2025 dùng thế nào?,"Xu hướng phấn mắt nhũ 2025 sẽ tập trung vào sự tối giản, tinh tế. Thay vì phủ đầy, hãy dùng nhũ highlight ở khóe mắt, bầu mắt trong hoặc đường viền dưới để tạo điểm nhấn. Màu sắc hot là champagne, hồng ngọc, bạc ánh kim. Kỹ thuật ""wet look"" (mắt ướt) với nhũ lỏng cũng sẽ lên ngôi, mang đến vẻ ngoài lấp lánh, hiện đại."
Cách tạo makeup môi gradient 2025?,"Xu hướng môi gradient 2025 tập trung vào sự tự nhiên, căng mọng. Bạn dùng son kem/son tint màu nude hoặc hồng đào làm base, tán đều từ lòng môi ra. Sau đó, dùng son màu đậm hơn (hồng đất, cam cháy) đánh tập trung ở viền môi, loang nhẹ vào trong. Cuối cùng, dùng tăm bông hoặc cọ nhỏ hòa trộn để tạo hiệu ứng chuyển màu mềm mại."
Xu hướng eyeliner màu 2025 là gì?,"Xu hướng eyeliner năm 2025 sẽ đa dạng và táo bạo hơn! Màu sắc nổi bật như xanh cobalt, tím lavender, và cam san hô sẽ lên ngôi. Bên cạnh đó, eyeliner trắng vẫn giữ vị thế, tạo hiệu ứng đôi mắt to tròn. Kỹ thuật eyeliner graphic, vẽ đường nét cách điệu, cũng sẽ được ưa chuộng."
Cách tạo makeup tự nhiên theo xu hướng 2025?,"Xu hướng makeup tự nhiên 2025 tập trung vào làn da khỏe khoắn, căng bóng. Ưu tiên dưỡng da kỹ lưỡng, dùng kem nền mỏng nhẹ hoặc BB cream. Màu mắt nude, nâu đất, má hồng đào nhẹ nhàng và son dưỡng có tint màu là lựa chọn hoàn hảo. Đừng quên nhấn nhá bằng mascara trong suốt để đôi mắt trông to hơn."
Xu hướng makeup tối giản 2025 có đặc điểm gì?,"Xu hướng makeup tối giản 2025 tập trung vào làn da khỏe mạnh, tự nhiên. Điểm nhấn là lớp nền mỏng nhẹ, che khuyết điểm vừa đủ, đôi môi căng mọng với son dưỡng hoặc son tint màu nude, và đôi lông mày tự nhiên. Màu sắc chủ đạo là các tông màu trung tính, ấm áp, kết hợp cùng kỹ thuật contour nhẹ nhàng để tôn dáng khuôn mặt."
Cách tạo makeup bold eyes theo xu hướng 2025?,"Xu hướng mắt đậm 2025 tập trung vào sự tương phản và màu sắc táo bạo. Sử dụng phấn mắt ombre với gam màu như xanh cobalt, tím lavender kết hợp đen than. Kẻ mắt graphic, đường nét sắc sảo, có thể là double eyeliner hoặc floating liner. Đừng quên mascara dày và lông mày được chải chuốt tỉ mỉ để hoàn thiện vẻ ngoài ấn tượng."
Makeup phong cách Việt Nam có đặc điểm gì?,"Makeup phong cách Việt Nam thường đề cao vẻ đẹp tự nhiên, thanh tú. Da trong, mịn màng là ưu tiên hàng đầu, kết hợp với đôi mắt to tròn, lông mày lá liễu và đôi môi tươi tắn. Màu sắc thường nhẹ nhàng, hài hòa, ít sử dụng đường nét quá sắc sảo, tạo cảm giác dịu dàng, nữ tính và phù hợp với khí hậu châu Á."
Cách tạo makeup phong cách Ấn Độ?,"Makeup phong cách Ấn Độ tập trung vào đôi mắt sắc sảo và làn da rạng rỡ. Sử dụng phấn mắt màu đậm như vàng đồng, đỏ ruby, kết hợp kỹ thuật tán nhũ. Kẻ mắt mèo đậm và chuốt mascara dày. Đừng quên highlighter để làm nổi bật gò má và xương chân mày. Son môi đỏ tươi hoặc hồng san hô hoàn thiện vẻ đẹp quyến rũ."
Makeup phong cách Trung Đông nên thế nào?,"Makeup phong cách Trung Đông nổi bật với đôi mắt sắc sảo, ấn tượng. Tập trung vào kỹ thuật đánh mắt đậm với eyeliner đen dày, thường kéo dài, và phấn mắt màu tối (đen, nâu, tím). Lông mày được định hình rõ nét, sắc sảo. Son môi thường là màu nude, hồng đào hoặc đỏ trầm. Da được trang điểm mịn màng, hoàn hảo."
Cách tạo makeup phong cách Nhật Bản 2025?,"Makeup Nhật Bản 2025 tập trung vào làn da trong trẻo, tự nhiên. Ưu tiên nền mỏng nhẹ, che khuyết điểm kỹ càng. Mắt nhấn nhá bằng phấn mắt màu pastel hoặc nâu đất, kẻ eyeliner mảnh, không quá sắc sảo. Son môi màu nude, hồng đào hoặc cam san hô tạo vẻ ngọt ngào, thanh lịch. Đừng quên má hồng phớt nhẹ để khuôn mặt tươi tắn!"
Makeup phong cách Hàn Quốc 2025 có gì mới?,"Makeup Hàn Quốc 2025 tập trung vào làn da khỏe mạnh, tự nhiên với lớp nền mỏng nhẹ, căng bóng ""glass skin"". Màu sắc chủ đạo là tông pastel, đào, hồng san hô. Xu hướng ""no makeup makeup"" vẫn được ưa chuộng, kết hợp với đôi mắt to tròn nhờ kỹ thuật kẻ mắt tinh tế và son môi bóng mọng. Điểm nhấn là đôi má ửng hồng tự nhiên."
Cách tạo makeup phong cách Âu Mỹ 2025?,"Makeup Âu Mỹ 2025 tập trung vào làn da khỏe khoắn, tự nhiên. Ưu tiên lớp nền mỏng nhẹ, làm nổi bật da thật. Mắt nhấn nhá bằng phấn mắt tông màu đất, nâu, hoặc cam đất, kết hợp eyeliner mảnh và mascara dày mi. Son môi nude, hồng đào hoặc đỏ gạch là lựa chọn hoàn hảo. Đừng quên highlighter để tạo hiệu ứng glow!"
Makeup phong cách Thái Lan có đặc điểm gì?,"Makeup phong cách Thái Lan nổi bật với làn da trắng sáng không tì vết, đôi mắt to tròn long lanh và đôi môi căng mọng. Kỹ thuật contour, highlight được sử dụng triệt để để tạo khối cho gương mặt, nhấn mạnh sống mũi cao và gò má. Màu sắc thường tươi tắn, rực rỡ, đặc biệt là các tông cam, hồng, đỏ."
Cách tạo makeup phong cách Trung Quốc?,"Makeup phong cách Trung Quốc tập trung vào làn da trắng mịn, đôi lông mày lá liễu thanh tú và đôi môi đỏ tươi. Sử dụng phấn nền tông sáng, đánh má hồng đào nhẹ nhàng. Nhấn nhá mắt với phấn màu đất hoặc cam, kẻ eyeliner mảnh và chuốt mascara. Quan trọng nhất là son đỏ, có thể ombre hoặc đánh full môi."
Makeup phong cách Nga nên thế nào?,"Makeup phong cách Nga nổi bật với đôi mắt mèo sắc sảo, thường dùng eyeliner đen đậm và mi cong vút. Da mặt được trang điểm tự nhiên, lớp nền mịn màng, đôi má ửng hồng nhẹ nhàng. Son môi đỏ tươi hoặc màu berry là điểm nhấn, tạo vẻ quyến rũ, sang trọng. Chú trọng đường nét rõ ràng, tỉ lệ để tôn lên vẻ đẹp cổ điển."
Cách tạo makeup phong cách Brazil?,"Makeup phong cách Brazil nổi bật với làn da khỏe khoắn, bắt nắng. Tập trung vào lớp nền mỏng nhẹ, bronzer tạo đường nét góc cạnh và highlighter bắt sáng ở gò má, sống mũi. Mắt thường được trang điểm với tông màu ấm như đồng, vàng, kết hợp eyeliner mèo sắc sảo. Son môi đỏ tươi hoặc cam là điểm nhấn hoàn hảo."
Mẹo tránh makeup bị cakey?,"Để tránh makeup bị cakey, hãy tập trung vào dưỡng ẩm kỹ lưỡng trước khi trang điểm. Sử dụng kem lót phù hợp với loại da và đánh lớp nền mỏng, đều. Dùng cọ hoặc mút trang điểm để tán đều sản phẩm, tránh chà xát mạnh. Cuối cùng, khóa lớp nền bằng xịt khóa makeup để giữ cho lớp trang điểm mịn màng, tự nhiên."
Cách xử lý khi mascara bị vón cục?,"Mascara bị vón cục? Đừng lo! Hãy nhỏ 1-2 giọt dung dịch nước muối sinh lý hoặc thuốc nhỏ mắt vào tuýp mascara, lắc nhẹ nhàng. Điều này giúp làm loãng mascara, trả lại độ mượt mà. Tránh bơm khí vào tuýp vì sẽ làm khô mascara nhanh hơn. Nếu tình trạng nghiêm trọng, hãy thay mascara mới để đảm bảo vệ sinh mắt nhé!"
Mẹo tránh son môi bị lem?,"Để son môi lâu trôi, bạn hãy: 1. **Tẩy tế bào chết & dưỡng ẩm môi:** Giúp son bám tốt hơn. 2. **Kẻ viền môi:** Tạo khung, ngăn son lan. 3. **Sử dụng phấn bột:** Thấm nhẹ lên môi sau khi đánh son lót. 4. **Dặm son nhiều lớp mỏng:** Thay vì một lớp dày. 5. **Sử dụng khăn giấy:** Thấm bớt dầu thừa sau mỗi lớp son."
Cách xử lý khi phấn mắt bị rơi?,"Khi phấn mắt bị rơi, đừng hoảng sợ! Dùng cọ nhỏ, sạch hoặc tăm bông nhẹ nhàng quét phần phấn rơi. Bạn có thể dùng băng dính (loại giấy) để lấy những hạt phấn li ti. Cuối cùng, dùng cọ sạch phủ nhẹ lên vùng da để hòa trộn và hoàn thiện lớp trang điểm."
Mẹo tránh eyeliner bị lem?,"Để eyeliner không bị lem, hãy chọn loại chống thấm nước hoặc gel. Bôi một lớp phấn mắt cùng màu lên mí mắt trước khi kẻ eyeliner, giúp tạo lớp nền bám dính. Kẻ eyeliner theo từng lớp mỏng thay vì một đường dày. Cuối cùng, dùng tăm bông thấm nhẹ để loại bỏ dầu thừa ở mí mắt."
Cách xử lý khi kem nền không đều?,"Khi kem nền không đều, đừng lo! Hãy dùng mút trang điểm ẩm hoặc cọ để tán đều lại, tập trung vào vùng da bị loang lổ. Thêm một lớp kem mỏng ở những chỗ cần thiết thay vì chồng nhiều lớp. Nếu vẫn không cải thiện, dùng phấn phủ để cố định và làm mịn bề mặt da."
Mẹo tránh lông mày bị đậm quá?,"Để tránh lông mày bị đậm quá, hãy bắt đầu với lượng sản phẩm ít và tăng dần. Sử dụng cọ đầu vát để tạo dáng tự nhiên, tránh đường nét quá sắc sảo. Chải lông mày bằng lược xoắn ốc sau mỗi lần tô để làm mờ và hòa trộn màu. Cuối cùng, dùng tăm bông hoặc che khuyết điểm để xóa những vùng bị lem hoặc quá đậm."
Cách xử lý khi highlighter quá sáng?,"Khi highlighter quá sáng, bạn có thể ""tone down"" bằng cách: 1. **Dặm thêm phấn phủ:** Lấy một lớp phấn phủ mỏng, tán đều lên vùng highlighter để làm giảm độ bóng. 2. **Sử dụng phấn má hồng:** Tán nhẹ phấn má hồng có màu tương đồng lên trên highlighter để trung hòa độ sáng. 3. **Blend kỹ:** Dùng cọ sạch blend đều highlighter với phấn nền để làm mờ"
Mẹo tránh má hồng bị loang?,"Để tránh má hồng bị loang, hãy chọn phấn má hồng chất lượng, mịn và phù hợp với loại da. Dùng cọ má hồng mềm, đánh phấn theo chuyển động xoay nhẹ nhàng từ gò má về thái dương. Đánh lớp mỏng, tăng dần độ đậm nhạt để kiểm soát tốt hơn. Cuối cùng, dùng xịt khóa trang điểm để cố định lớp phấn."
Makeup cho da dầu khi trời mưa cần gì?,"Khi trang điểm cho da dầu trời mưa, ưu tiên lớp nền lì, lâu trôi và kiểm soát dầu tốt. Dùng kem lót kiềm dầu, phấn phủ dạng bột để hút dầu thừa. Tránh dùng phấn nước hoặc kem nền có độ ẩm cao. Đừng quên giấy thấm dầu và son lì để giữ lớp trang điểm bền vững suốt ngày mưa nhé!"
Cách tạo makeup cho da khô khi trời nóng?,"Với da khô khi trời nóng, ưu tiên dưỡng ẩm là chìa khóa! Dùng kem lót dưỡng ẩm, nền dạng kem hoặc cushion có độ ẩm cao. Chọn phấn phủ dạng bột mịn, đánh nhẹ nhàng. Thay vì phấn má hồng dạng bột, dùng kem má hồng để giữ ẩm tốt hơn. Đừng quên xịt khóa lớp trang điểm để giữ da căng mọng suốt ngày."
Makeup cho da nhạy cảm khi trời lạnh cần gì?,"Da nhạy cảm khi trời lạnh cần lớp nền dưỡng ẩm, dịu nhẹ. Ưu tiên các sản phẩm chứa ceramides, hyaluronic acid. Chọn kem nền, phấn nền dạng lỏng hoặc kem thay vì phấn bột. Tránh cọ khô, dùng mút hoặc ngón tay để thoa. Luôn tẩy trang kỹ, cấp ẩm sau makeup để bảo vệ da."
Cách tạo makeup cho da mụn khi trời ẩm?,"Với da mụn khi trời ẩm, ưu tiên lớp nền mỏng nhẹ, không gây bí da. Chọn kem nền/BB cream kiềm dầu, có thành phần trị mụn (salicylic acid, tea tree). Dùng phấn phủ bột khoáng để hút dầu thừa, tránh dùng phấn nước. Đừng quên kem chống nắng phổ rộng, không gây mụn. Tập trung vào che khuyết điểm cục bộ thay vì đánh full mặt."
Makeup cho da nám khi trời lạnh cần gì?,"Trời lạnh, da nám dễ khô và kích ứng, cần ưu tiên dưỡng ẩm sâu trước khi makeup. Chọn kem nền ẩm mịn, độ che phủ vừa phải, tránh làm lộ vân nám. Dùng phấn khóa dầu nhẹ nhàng, tập trung vào vùng chữ T. Ưu tiên màu hồng đào, cam đất để da tươi tắn, tránh các tông màu quá sáng làm nổi bật vết nám."
Cách tạo makeup cho da hỗn hợp khi trời nóng?,"Với da hỗn hợp ngày nóng, ưu tiên lớp nền mỏng nhẹ, kiểm soát dầu vùng T. Dùng kem lót kiềm dầu, sau đó đánh phấn nền dạng lỏng hoặc cushion. Cố định bằng phấn bột khoáng ở vùng chữ T. Chọn phấn má hồng, son môi có kết cấu nhẹ, tránh gây bí da. Đừng quên xịt khóa lớp trang điểm để giữ bền màu và tươi mát."
Makeup cho da lão hóa khi trời ẩm cần gì?,"Da lão hóa khi trời ẩm cần lớp nền mỏng nhẹ, ưu tiên kem nền lỏng hoặc cushion để tránh bí bách. Chọn sản phẩm có thành phần dưỡng ẩm, chống oxy hóa. Đừng quên kem lót kiềm dầu, phấn phủ dạng bột mịn để giữ lớp trang điểm bền lâu, hạn chế tình trạng lem trôi do mồ hôi."
Cách tạo makeup cho da sáng khi trời nóng?,"Để có lớp makeup sáng mịn khi trời nóng, ưu tiên các sản phẩm nhẹ tênh như kem nền/BB cream mỏng, kết hợp phấn phủ dạng bột để kiềm dầu. Thay vì phấn má hồng kem, hãy dùng phấn má hồng dạng bột. Đừng quên xịt khóa lớp makeup để giữ lớp trang điểm bền lâu, hạn chế trôi và xuống tông nhé!"
Makeup cho da ngăm khi trời ẩm cần gì?,"Da ngăm khi trời ẩm cần lớp nền mỏng, nhẹ, ưu tiên các sản phẩm kiềm dầu. Chọn tông màu nền ấm áp, trung tính hoặc hơi vàng để tránh xỉn màu. Sử dụng phấn phủ dạng bột khoáng giúp kiểm soát dầu thừa và giữ lớp makeup bền lâu. Đừng quên kem chống nắng và son môi tươi sáng để nổi bật!"
Cách tạo makeup cho da dầu khi trời lạnh?,"Với da dầu khi trời lạnh, ưu tiên dưỡng ẩm nhẹ nhàng, không gây bí. Chọn kem nền kiềm dầu, kết cấu mỏng, nhẹ. Dùng phấn phủ dạng bột khoáng để kiểm soát dầu thừa, tránh dùng quá nhiều. Đừng quên lớp xịt khóa makeup giúp giữ lớp trang điểm bền lâu, hạn chế bóng dầu do nhiệt độ thay đổi."
Makeup cho mắt tròn kiểu Hàn Quốc cần gì?,"Makeup mắt tròn kiểu Hàn Quốc tập trung vào sự tự nhiên, long lanh. Bạn cần: * **Kẻ mắt:** Kẻ eyeliner mảnh, hơi cong ở đuôi mắt. * **Màu mắt:** Sử dụng tông màu nude, hồng đào, cam đất. * **Mascara:** Chuốt mascara kỹ để mi cong và dày. * **Highlight:** Nhấn highlight ở đầu và đuôi mắt để tạo chiều sâu. * **Lens:** Có thể dùng lens nâu/xám để"
Cách tạo makeup cho mắt dài kiểu Âu Mỹ?,"Với mắt dài kiểu Âu Mỹ, hãy tập trung làm nổi bật chiều sâu. Bắt đầu với phấn mắt tông màu trung tính, tán đều từ hốc mắt lên. Sử dụng màu đậm hơn ở đuôi mắt và hốc mắt để tạo chiều sâu. Kẻ eyeliner mảnh, hơi kéo dài ở đuôi mắt. Đừng quên mascara dày mi và chân mày được chải chuốt gọn gàng."
Makeup cho mắt sâu kiểu Hàn Quốc cần gì?,"Makeup mắt sâu kiểu Hàn Quốc tập trung tạo chiều sâu và vẻ tự nhiên. Bạn cần: * **Phấn mắt:** Tone nâu, cam đất, hồng đào. Đánh tối ở hốc mắt, sáng dần về bọng mắt. * **Kẻ mắt:** Mỏng, sát đường mi trên, hơi kéo dài. * **Mascara:** Chuốt kỹ mi trên, dưới để mở rộng mắt. * **Highlight:** Bọng mắt để tạo điểm nhấn."
Makeup cho mắt sụp kiểu Nhật Bản cần gì?,"Makeup mắt sụp kiểu Nhật Bản tập trung tạo chiều sâu và mở rộng mắt. Cần: * **Kẻ mắt:** Kẻ mắt mèo mảnh, kéo dài đuôi hướng lên, tập trung 2/3 đường mắt trên. * **Màu mắt:** Sử dụng màu sáng ở hốc mắt, màu tối ở đuôi mắt và nhấn nhá mí dưới. * **Mascara:** Chải kỹ mi trên, đặc biệt là phần đuôi. * **Tạo khối:** Nhấn nhá"
Cách tạo makeup cho mắt một mí kiểu cosplay?,"Để makeup mắt một mí kiểu cosplay, bạn cần: 1. **Tạo chiều sâu:** Dùng phấn tối vẽ đường hốc mắt lớn, đậm hơn bình thường. 2. **Mở rộng mắt:** Kẻ eyeliner dày, kéo dài đuôi mắt. Có thể dùng mi giả để tăng hiệu ứng. 3. **Tạo bọng mắt:** Dùng phấn highlight hoặc bút chì tạo bọng mắt dưới, giúp mắt trông to tròn hơn. 4. **Màu sắc:** Chọn màu"
Makeup cho mắt nhỏ kiểu Hàn Quốc cần gì?,"Makeup mắt kiểu Hàn Quốc cho mắt nhỏ tập trung vào tạo hiệu ứng to tròn, long lanh. Cần: * **Kẻ mắt:** Kẻ eyeliner mảnh, tập trung 2/3 đường mắt trên, hất nhẹ. * **Mascara:** Chuốt kỹ mi trên, dưới để mi dày, cong. * **Màu mắt:** Sử dụng tone sáng, nhũ nhẹ ở bầu mắt, tối dần về góc mắt. * **Highlight:** Tăng sáng khóe mắt, bọng mắt. *"
Cách tạo makeup cho mắt to kiểu Âu Mỹ?,"Để tạo mắt to kiểu Âu Mỹ, tập trung vào kỹ thuật tạo khối và highlight. Dùng phấn mắt màu tối tán đều ở hốc mắt, nhấn nhá bằng màu sáng ở bọng mắt và đầu mắt. Kẻ eyeliner mắt mèo, chuốt mascara dày mi trên và dưới. Đừng quên dùng highlight ở đường chân mày để mở rộng đôi mắt."
Makeup cho mắt cụp kiểu Nhật Bản cần gì?,"Makeup mắt cụp kiểu Nhật Bản tập trung tạo chiều sâu và mở rộng mắt. Cần: * **Kẻ mắt:** Kẻ mắt mèo mảnh, kéo dài đuôi hướng lên. * **Màu mắt:** Sử dụng màu sáng ở bầu mắt, màu tối ở hốc mắt để tạo chiều sâu. * **Mascara:** Chải mascara kỹ phần mi trên, có thể dùng mi giả. * **Tạo khối:** Nhấn nhá vùng hốc mắt bằng phấn"
Cách tạo makeup cho mắt lồi kiểu cosplay?,"Để tạo mắt lồi kiểu cosplay, bạn cần kỹ thuật đánh khối và highlight. Sử dụng phấn tối (nâu, xám) đánh vào hốc mắt, đuôi mắt và bọng mắt để tạo chiều sâu. Highlight vùng bọng mắt, khóe mắt trong và dưới chân mày để làm nổi bật. Đừng quên kẻ eyeliner mảnh và mascara để hoàn thiện!"
Son nào hợp với makeup Halloween?,"Với makeup Halloween, son đậm và nổi bật là lựa chọn hoàn hảo! Đỏ máu, đen tuyền, tím than hoặc cam đất sẽ tăng thêm vẻ bí ẩn, ma mị. Nếu hóa trang thành ma cà rồng, hãy thử son đỏ burgundy. Còn với hình ảnh búp bê ma, son hồng baby kết hợp hiệu ứng lem luốc sẽ rất ấn tượng."
Cách chọn son cho makeup Giáng sinh?,"Để chọn son cho makeup Giáng sinh, hãy ưu tiên các tông màu ấm áp, nổi bật như đỏ ruby, đỏ cherry, cam đất, hoặc nâu chocolate. Nếu thích phong cách nhẹ nhàng, hồng đất, cam san hô cũng là lựa chọn tốt. Chất son lì hoặc satin sẽ giúp màu son giữ lâu và tạo hiệu ứng đẹp mắt trong các bữa tiệc."
Phấn mắt nào hợp với makeup cosplay?,"Phấn mắt cho cosplay nên ưu tiên **bắt sáng, pigmented (lên màu tốt)** và **đa dạng màu sắc**. Phấn mắt **nhũ, glitter** tạo hiệu ứng đặc biệt, phù hợp với các nhân vật anime/manga. Bảng phấn mắt nhiều tông màu, chất liệu khác nhau (matte, shimmer, metallic) giúp bạn linh hoạt biến hóa, tái hiện chính xác makeup của nhân vật. Đừng quên **chất lượng tốt** để giữ màu lâu"
Cách chọn phấn mắt cho makeup Tết?,"Để chọn phấn mắt cho makeup Tết, ưu tiên các tông màu ấm áp như đỏ, cam, đồng, vàng gold. Nếu thích phong cách tây, có thể chọn màu champagne, nâu tây. Chất phấn nên chọn loại có nhũ nhẹ hoặc lì để tăng sự sang trọng. Lưu ý chọn bảng màu có nhiều sắc độ để dễ dàng tạo chiều sâu cho đôi mắt nhé!"
Highlighter nào hợp với makeup lễ hội?,"Với makeup lễ hội, highlighter lấp lánh là lựa chọn hoàn hảo! Ưu tiên các tông màu champagne, vàng hồng hoặc ngọc trai để tạo hiệu ứng tỏa sáng. Dạng kem dễ tán, còn dạng phấn phù hợp đánh điểm nhấn. Bạn có thể thử highlighter dạng lỏng hoặc bột nhũ để tăng độ nổi bật cho đôi mắt, gò má và sống mũi."
Cách chọn highlighter cho makeup cosplay?,"Để chọn highlighter cho makeup cosplay, ưu tiên các tông màu phù hợp với nhân vật. Da trắng có thể dùng highlighter ngọc trai/bạc, da ngăm chọn vàng champagne hoặc đồng. Chất phấn mịn, bám tốt, ít bắt sáng quá đà để tránh bị ""ảo"" dưới ánh đèn. Dạng kem dễ tán, dạng bột phù hợp tạo khối góc cạnh."
Má hồng nào hợp với makeup Tết?,"Với makeup Tết, má hồng tone đào, cam san hô hoặc hồng baby là lựa chọn tuyệt vời. Những màu này mang đến vẻ tươi tắn, rạng rỡ, phù hợp với không khí lễ hội. Nên ưu tiên chất phấn mịn, dễ tán để có đôi má ửng hồng tự nhiên, tránh chọn màu quá đậm gây nặng nề."
Cách chọn má hồng cho makeup Halloween?,"Để chọn má hồng cho makeup Halloween, hãy ưu tiên màu sắc đậm và nổi bật như cam đất, đỏ burgundy, tím đậm hoặc thậm chí xanh lá cây/xanh dương nếu hợp với concept. Chất phấn có thể là lì hoặc nhũ tùy theo phong cách. Đừng ngại thử các màu sắc không truyền thống để tạo hiệu ứng ấn tượng và độc đáo cho diện mạo Halloween của bạn!"
Son nào hợp với makeup phong cách Ấn Độ?,"Với makeup phong cách Ấn Độ, son đỏ là lựa chọn hoàn hảo! Các sắc đỏ như đỏ cam, đỏ gạch hoặc đỏ rượu vang sẽ tôn lên vẻ đẹp quyến rũ, truyền thống. Bạn cũng có thể thử các màu nude đào hoặc hồng đất nếu muốn một vẻ ngoài nhẹ nhàng hơn, nhưng vẫn đảm bảo sự ấm áp và tươi tắn."
Cách chọn phấn mắt cho makeup Trung Đông?,"Để chọn phấn mắt cho makeup Trung Đông, ưu tiên các tông màu ấm như đồng, vàng gold, nâu, cam đất và đỏ burgundy. Thêm chút ánh nhũ đồng hoặc vàng để tăng độ lấp lánh đặc trưng. Nên chọn phấn mắt có kết cấu mịn, dễ tán và bền màu để phù hợp với khí hậu nóng ẩm. Đừng ngại kết hợp nhiều màu để tạo chiều sâu cho"
Kỹ thuật nào phù hợp cho makeup teen?,"Makeup cho teen nên ưu tiên sự tự nhiên, tươi tắn. Kỹ thuật ""no-makeup makeup"" là lựa chọn hoàn hảo: dùng kem nền mỏng nhẹ, che khuyết điểm ở mức tối thiểu, má hồng dạng kem, son tint hoặc son dưỡng có màu. Nhấn nhá bằng mascara và kẻ lông mày tự nhiên. Tránh các lớp makeup dày, cầu kỳ."
Cách tạo makeup cho teen da mụn?,"Teen da mụn cần ưu tiên nhẹ nhàng, che phủ vừa đủ. 1. **Làm sạch:** Dùng sữa rửa mặt dịu nhẹ, không cồn. 2. **Dưỡng ẩm:** Cấp ẩm đủ để da không đổ dầu nhiều hơn. 3. **Che khuyết điểm:** Chọn loại không gây bí da, thoa nhẹ lên nốt mụn. 4. **Phấn phủ:** Dùng loại kiềm dầu, đánh mỏng để tránh làm tắc nghẽn lỗ chân lông. 5. **Tránh:**"
Kỹ thuật nào tốt cho makeup người lớn tuổi?,"Với người lớn tuổi, ưu tiên hàng đầu là làm nổi bật vẻ đẹp tự nhiên, không che đậy tuổi tác. Nên tập trung vào: * **Dưỡng ẩm kỹ:** Da thường khô hơn, cần cấp ẩm đầy đủ. * **Nền mỏng nhẹ:** Tránh nền dày gây nặng mặt, chọn BB/CC cream. * **Tập trung mắt & má:** Sử dụng phấn mắt/má hồng tông ấm áp, tự nhiên. * **Son môi"
Cách tạo makeup cho người trung niên da dầu?,"Với da dầu của người trung niên, ưu tiên lớp nền mỏng nhẹ, kiểm soát dầu tốt như cushion hoặc foundation dạng lỏng. Dùng phấn phủ khoáng chất để hút dầu thừa, tránh gây bí da. Tập trung vào che khuyết điểm nếp nhăn quanh mắt, khóe miệng. Màu mắt trung tính, son môi dưỡng ẩm là lựa chọn phù hợp."
Kỹ thuật nào phù hợp cho makeup Halloween?,"Với makeup Halloween, kỹ thuật **tạo khối (contouring)** và **đánh highlight** là chìa khóa để tạo hình nhân vật ấn tượng. Bạn có thể dùng màu sắc đậm, tối để tạo chiều sâu cho các vết sẹo, hốc mắt sâu hoặc xương gò má nhô cao. **Vẽ hình (face painting)** và sử dụng **đồ giả (prosthetics)** cũng rất phổ biến để biến hóa thành zombie, ma quỷ hay các nhân"
Cách tạo makeup cho Giáng sinh kiểu Âu Mỹ?,"Makeup Giáng sinh kiểu Âu Mỹ tập trung vào đôi mắt lấp lánh và đôi môi đỏ quyến rũ. Dùng phấn mắt tông đỏ burgundy, nâu đồng, hoặc xanh lá cây đậm, kết hợp nhũ vàng/bạc. Kẻ mắt mèo sắc sảo và mascara dày mi. Son đỏ tươi hoặc đỏ cherry là lựa chọn hoàn hảo. Đừng quên chút highlighter để da tỏa sáng!"
Kỹ thuật nào tốt cho makeup cosplay?,"Makeup cosplay đòi hỏi kỹ thuật khác biệt so với makeup hàng ngày. **Đánh khối (contouring)** và **highlight** là chìa khóa để tạo hình khuôn mặt nhân vật. **Makeup mắt** cần tập trung, thường sử dụng màu sắc đậm, mi giả ấn tượng và kỹ thuật vẽ mắt to hơn. **Sử dụng keo dán chuyên dụng** để tạo hình các chi tiết đặc biệt như sẹo, vết thương hoặc hình"
Cách tạo makeup cho Tết kiểu Việt Nam?,"Makeup Tết Việt Nam thường tập trung vào sự tươi tắn, rạng rỡ và may mắn. Hãy ưu tiên làn da căng bóng, sử dụng phấn má hồng đào hoặc cam san hô để tăng nét tươi trẻ. Mắt có thể đánh nhũ vàng/đỏ nhẹ nhàng, kết hợp eyeliner mảnh. Son đỏ tươi hoặc cam đất là lựa chọn hoàn hảo, thể hiện sự duyên dáng, ấm áp ngày Tết."
Kỹ thuật nào phù hợp cho makeup lễ hội Holi?,"Makeup cho lễ hội Holi cần bền màu, chống nước và hạn chế lem. Ưu tiên kem nền, phấn mắt, má hồng và son lì, chống thấm nước. Bạn có thể dùng thêm setting spray để khóa lớp trang điểm. Tránh dùng quá nhiều sản phẩm dạng lỏng và tập trung vào đôi mắt với màu sắc rực rỡ để nổi bật giữa không khí lễ hội."
Cách tạo makeup cho carnival kiểu Brazil?,"Makeup Carnival Brazil nổi bật với sự rực rỡ, lấp lánh! Tập trung vào mắt với phấn màu sáng, kim tuyến, đá đính. Vẽ thêm họa tiết lông vũ, hoa lá cầu kỳ. Má hồng đậm, son môi tươi tắn. Đừng quên body glitter để tỏa sáng trên đường phố! Quan trọng nhất là thỏa sức sáng tạo và thể hiện cá tính."
Cọ nào phù hợp cho makeup Halloween?,"Để makeup Halloween ấn tượng, bạn cần đa dạng cọ: * **Cọ lớn, đầu vát:** Tạo khối, đường nét ma quái. * **Cọ nhỏ, đầu nhọn:** Vẽ chi tiết, họa tiết phức tạp (vết sẹo, mạng nhện). * **Cọ dẹt:** Tô màu nền, tạo hiệu ứng ombre. * **Cọ xốp:** Phủ bột, làm mờ đường viền. Đừng quên cọ môi để hoàn thiện diện mạo ""quỷ dị""!"
Làm sao chọn beauty blender cho makeup cosplay?,"Để chọn beauty blender cho makeup cosplay, ưu tiên loại có độ nén cao, bề mặt mịn và không gây kích ứng da. Nên chọn size nhỏ hoặc vừa để dễ dàng thao tác trên các chi tiết nhỏ của makeup cosplay. Chất liệu không latex là lựa chọn tốt cho da nhạy cảm. Đừng quên vệ sinh blender kỹ lưỡng sau mỗi lần dùng!"
Cách vệ sinh cọ sau makeup SFX?,"Vệ sinh cọ SFX cần kỹ lưỡng vì chất liệu đặc biệt. Sau mỗi lần dùng, loại bỏ phần makeup thừa bằng khăn giấy. Sau đó, dùng dầu tẩy trang chuyên dụng cho SFX hoặc nước rửa cọ dịu nhẹ, xả sạch với nước ấm. Để khô tự nhiên, tránh ánh nắng trực tiếp. Định kỳ khử trùng cọ bằng dung dịch chuyên dụng."
Làm sao chọn cọ cho phấn mắt 3D?,"Để chọn cọ phấn mắt 3D, bạn cần đa dạng loại: * **Cọ đầu bằng:** Đánh phấn nền, tạo khối. * **Cọ đầu vát:** Tạo chiều sâu hốc mắt, tán màu chuyển tiếp. * **Cọ nhỏ đầu tròn:** Đánh phấn highlight, chi tiết khó. * **Cọ blending:** Tán màu mềm mại, không vón cục. Chọn cọ lông mềm, chất lượng để đảm bảo hiệu quả và không gây kích ứng"
Cọ nào tốt cho makeup Giáng sinh?,"Để trang điểm Giáng sinh lộng lẫy, bạn nên có: * **Cọ đầu bằng lớn:** Đánh phấn nền, tạo lớp nền hoàn hảo. * **Cọ tán phấn má hồng:** Tạo ửng hồng tự nhiên. * **Cọ mắt nhũ:** Tán đều nhũ kim tuyến, tạo điểm nhấn. * **Cọ nhỏ vát:** Vẽ eyeliner sắc sảo. * **Cọ môi:** Tô son chính xác, sắc nét. Chọn cọ chất lượng tốt để có"
Làm sao bảo quản cọ khi làm makeup lễ hội?,"Sau mỗi lần trang điểm lễ hội, hãy vệ sinh cọ ngay lập tức bằng dung dịch chuyên dụng hoặc dầu gội em bé dịu nhẹ. Xả sạch và phơi khô tự nhiên, đầu cọ hướng xuống để tránh nước vào thân cọ. Bảo quản cọ trong túi đựng hoặc hộp thoáng khí, tránh ánh nắng trực tiếp và nơi ẩm ướt để giữ vệ sinh và độ bền."
Cách chọn cọ cho da lão hóa?,"Với da lão hóa, ưu tiên cọ mềm mại, lông tự nhiên (chồn, dê) hoặc sợi tổng hợp chất lượng cao. Cọ đầu tròn, đầu vát giúp tán kem nền, phấn phủ nhẹ nhàng, không gây áp lực lên da. Tránh cọ cứng, lông thô vì có thể làm tăng nếp nhăn. Cọ nhỏ dùng cho vùng mắt, cọ lớn cho má và trán."
Làm sao làm sạch beauty blender sau makeup neon?,"Sau khi dùng beauty blender với makeup neon, bạn cần làm sạch kỹ để tránh màu bám lại. Rửa blender dưới vòi nước ấm với xà phòng chuyên dụng cho cọ/blender. Bóp nhẹ nhàng, không xoắn. Xả sạch đến khi nước trong. Phơi khô ở nơi thoáng mát, tránh ánh nắng trực tiếp."
Cọ nào phù hợp cho makeup Tết?,"Để makeup Tết rạng rỡ, bạn cần: * **Cọ nền:** Phủ đều, mịn màng lớp nền. * **Cọ phấn phủ:** Tạo lớp finish khô thoáng, kiểm soát dầu. * **Cọ mắt:** Đa dạng kích cỡ để tán phấn mắt, tạo chiều sâu. * **Cọ má hồng:** Tạo đôi má ửng hồng tự nhiên. * **Cọ môi:** Tô son sắc nét, chuẩn màu. Ưu tiên cọ chất lượng tốt, lông mềm"
Làm sao chọn cọ cho phấn mắt nhũ 2025?,"Để chọn cọ phấn mắt nhũ cho xu hướng 2025, hãy ưu tiên cọ đầu dẹt, lông mềm mại (tổng hợp hoặc tự nhiên chất lượng cao). Cọ nhỏ giúp tán đều nhũ lên mí mắt, cọ lớn hơn phù hợp đánh nhũ bầu mắt. Cọ đầu vát giúp tạo điểm nhấn và cọ blending tán đều màu, tránh vón cục."
Makeup cho teen cần bước nào quan trọng?,"Makeup cho teen nên tập trung vào sự tự nhiên, làm nổi bật nét đẹp sẵn có. Các bước quan trọng nhất là: 1. **Dưỡng ẩm:** Chuẩn bị da đủ ẩm là bước nền tảng. 2. **Che khuyết điểm:** Chỉ che những vùng cần thiết như mụn, thâm. 3. **Mascara:** Làm dài và dày mi mắt. 4. **Son dưỡng/Son tint:** Chọn màu nhẹ nhàng, phù hợp với tuổi."
Cách tạo makeup cho người lớn tuổi kiểu Nhật?,"Makeup kiểu Nhật cho người lớn tuổi tập trung vào sự tự nhiên, thanh lịch. 1. **Dưỡng ẩm:** Quan trọng hàng đầu để da căng mịn. 2. **Nền:** Dùng kem nền mỏng, nhẹ, màu trùng với da. 3. **Mắt:** Phấn mắt màu nude/hồng nhạt, kẻ mắt mảnh, mascara nhẹ nhàng. 4. **Má hồng:** Màu đào/hồng san hô, đánh nhẹ nhàng. 5. **Môi:** Son màu hồng đào/cam đất, dưỡng ẩm trước"
Makeup cho người trung niên cần bước nào đầu?,"Makeup cho người trung niên nên bắt đầu với việc dưỡng ẩm kỹ lưỡng. Da thường mỏng và khô hơn, nên lớp kem dưỡng ẩm giúp làm mềm da, che đi nếp nhăn li ti và giúp lớp nền mịn màng hơn. Tiếp theo, dùng kem lót có chức năng làm đầy nếp nhăn để chuẩn bị cho bước đánh phấn."
Cách tạo makeup cho teen kiểu Âu Mỹ?,"Makeup kiểu Âu Mỹ cho teen tập trung vào sự tươi trẻ, tự nhiên. Ưu tiên làn da khỏe khoắn với lớp nền mỏng nhẹ, che khuyết điểm vừa đủ. Đôi mắt nhấn nhá bằng mascara và phấn mắt tone nude/pastel. Son môi bóng hoặc tint màu hồng đào/cam san hô là lựa chọn hoàn hảo. Đừng quên chút má hồng để khuôn mặt thêm rạng rỡ!"
Makeup cho Halloween cần bước nào cuối?,"Bước cuối cùng trong trang điểm Halloween là **cố định lớp makeup**. Dùng xịt khóa makeup (setting spray) để giữ cho lớp trang điểm không bị lem, trôi trong suốt buổi tiệc. Bạn có thể thoa thêm một lớp phấn phủ nhẹ nếu cần thiết để kiểm soát dầu và tăng độ bền màu."
Cách tạo makeup cho cosplay kiểu anime?,"Để makeup cosplay anime, hãy tập trung vào đôi mắt to tròn và làn da không tì vết. Sử dụng phấn mắt màu sáng, vẽ eyeliner dày, và gắn mi giả để mở rộng mắt. Đừng quên dùng lens mắt màu để tăng hiệu quả. Tạo khối nhẹ nhàng để khuôn mặt trông trẻ trung và sử dụng son môi màu tươi tắn."
Makeup cho Tết cần bước nào quan trọng?,"Makeup Tết cần tập trung vào sự tươi tắn, rạng rỡ. Các bước quan trọng nhất là: 1. **Dưỡng ẩm:** Da căng bóng là nền tảng. 2. **Che khuyết điểm:** Giấu quầng thâm, mụn để có làn da hoàn hảo. 3. **Tạo khối:** Định hình khuôn mặt, giúp nét thanh tú hơn. 4. **Son đỏ:** Màu son truyền thống, biểu tượng của may mắn và sự tươi mới."
Cách tạo makeup cho lễ hội Holi kiểu Ấn Độ?,"Để có makeup lễ hội Holi chuẩn Ấn, ưu tiên sự rực rỡ và bền màu! Dùng kem nền lì, phấn mắt màu neon hoặc pastel, kẻ mắt waterproof. Thêm chút nhũ lấp lánh ở gò má và môi. Quan trọng nhất, khóa lớp makeup bằng xịt khóa để chống lem màu khi bị phết bột màu. Đừng quên son môi bền màu!"
Makeup cho carnival cần bước nào đầu tiên?,"Bước đầu tiên quan trọng nhất khi trang điểm cho Carnival là **chuẩn bị da kỹ lưỡng**. Hãy làm sạch, dưỡng ẩm và dùng kem lót phù hợp với loại da. Carnival thường kéo dài và bạn sẽ vận động nhiều, nên lớp nền bền vững là yếu tố then chốt để giữ cho lớp trang điểm không bị trôi hoặc xuống tông."
Cách tạo makeup cho Giáng sinh kiểu Hàn Quốc?,"Makeup Giáng sinh kiểu Hàn Quốc tập trung vào vẻ đẹp tự nhiên, trong trẻo. Da căng bóng, má hồng đào nhẹ nhàng, mắt dùng phấn màu champagne hoặc nâu nhạt, nhấn nhá hàng mi cong vút. Son môi đỏ ruby hoặc cam đất là lựa chọn hoàn hảo. Đừng quên chút lấp lánh ở bầu mắt hoặc má để tăng thêm không khí lễ hội nhé!"
Son nào hợp với makeup người lớn tuổi?,"Với makeup cho người lớn tuổi, nên ưu tiên son có dưỡng ẩm, chất son mềm mịn, tránh làm lộ rãnh môi. Màu son phù hợp là các tông trầm ấm, tự nhiên như hồng đào, cam đất, đỏ nâu, hoặc các màu nude có chút sắc ấm. Tránh các màu quá sáng, quá nổi bật hoặc quá tối."
Cách chọn son cho makeup teen?,"Với makeup teen, nên ưu tiên son có màu sắc tươi trẻ, tự nhiên như hồng san hô, cam đào, hoặc đỏ cam. Chất son lì nhẹ, tint hoặc son dưỡng có màu là lựa chọn tốt, giúp đôi môi căng mọng mà không quá ""dừ"". Tránh các màu son quá đậm hoặc quá tối, tập trung vào sự năng động, trong sáng nhé!"
Phấn mắt nào hợp với makeup lễ hội?,"Với makeup lễ hội, phấn mắt lấp lánh là lựa chọn hoàn hảo! Bạn có thể chọn phấn mắt kim tuyến, nhũ hoặc các màu sắc nổi bật như vàng đồng, bạc, xanh lam, hồng tím. Đừng ngại mix nhiều màu để tạo hiệu ứng ấn tượng. Quan trọng là đảm bảo phấn mắt bám tốt và không bị rơi rụng trong suốt buổi tiệc nhé!"
Cách chọn phấn mắt cho makeup người trung niên?,"Với người trung niên, nên ưu tiên phấn mắt có màu trung tính, ấm áp như nâu, đồng, cam đất, hoặc các tông màu đào nhẹ. Tránh các màu quá sáng, quá nổi bật hoặc quá nhiều nhũ. Chất phấn mịn, dễ tán và bền màu là lựa chọn tốt. Tập trung đánh nhẹ nhàng, tạo chiều sâu cho mắt thay vì cầu kỳ, lòe loẹt."
Highlighter nào hợp với makeup Tết?,"Để makeup Tết rạng rỡ, highlighter dạng kem hoặc lỏng với tông màu champagne, vàng hồng hoặc ngọc trai là lựa chọn tuyệt vời. Chúng tạo hiệu ứng glow tự nhiên, phù hợp với nhiều tông da. Chấm highlighter lên gò má, sống mũi, nhân trung và khóe mắt để khuôn mặt thêm bừng sáng và thu hút."
Cách chọn highlighter cho makeup Halloween?,"Để makeup Halloween nổi bật, hãy chọn highlighter dựa trên concept nhé! * **Ma quái:** Highlighter trắng ngà hoặc bạc ánh tím tạo hiệu ứng lạnh lẽo. * **Fantasy/Tiên:** Highlighter hồng ngọc, vàng champagne lấp lánh cho vẻ bay bổng. * **Vampire:** Highlighter đỏ tía hoặc đồng ánh đỏ tăng độ sắc sảo. Ưu tiên phấn highlighter dạng kem hoặc lỏng để dễ tán và giữ lâu."
Má hồng nào hợp với makeup cosplay?,"Má hồng hợp với makeup cosplay phụ thuộc vào nhân vật! * **Phong cách anime/manga:** Má hồng hồng đào, cam đào hoặc tím baby đánh cao, tạo hiệu ứng má phúng phính. * **Phong cách chân thực:** Chọn màu má hồng tự nhiên như hồng san hô, hồng đất, phù hợp với tông da và tạo khối nhẹ nhàng. Quan trọng nhất là màu má hồng phải hài hòa với"
Cách chọn má hồng cho makeup người lớn tuổi?,"Với người lớn tuổi, nên ưu tiên má hồng tông màu ấm áp, tự nhiên như hồng đào, cam san hô hoặc nâu đào. Chất phấn mịn, ít nhũ giúp gương mặt tươi tắn mà không bị quá lòe loẹt. Đánh má hồng tập trung vào gò má, nhẹ nhàng hòa tan để tạo hiệu ứng nâng cơ, trẻ trung. Tránh các màu quá rực rỡ hoặc đánh quá tay."
Son nào hợp với makeup carnival?,"Với makeup carnival, son đậm và nổi bật là lựa chọn hoàn hảo! Đỏ tươi, cam cháy, hồng fuchsia hoặc thậm chí tím là những gợi ý tuyệt vời. Ưu tiên chất son lì hoặc velvet để giữ màu tốt, đồng thời tạo hiệu ứng ấn tượng, thu hút mọi ánh nhìn trong không khí lễ hội. Đừng ngại thử các màu son độc đáo để thể hiện cá tính"
Cách chọn phấn mắt cho makeup Holi?,"Để makeup Holi, ưu tiên phấn mắt **không trôi nước, chống lem** và có **màu sắc rực rỡ** như cam, hồng, xanh dương, vàng. Chọn chất liệu **bột mịn hoặc kem** dễ tán đều. **Tránh nhũ quá lớn** vì có thể gây khó chịu khi tiếp xúc với bột màu Holi. Đừng quên **khóa phấn mắt bằng kem lót** để tăng độ bền màu."
Tại sao cần thử mỹ phẩm cho makeup cosplay?,"Thử mỹ phẩm trước khi cosplay rất quan trọng để đảm bảo: * **Phù hợp da:** Tránh dị ứng, kích ứng do dùng sản phẩm lạ. * **Màu sắc chính xác:** Đảm bảo màu sắc mỹ phẩm lên đúng tông da, khớp với nhân vật. * **Khả năng bám dính:** Kiểm tra độ bền màu, đặc biệt khi vận động nhiều. * **Hiệu ứng mong muốn:** Thử nghiệm kỹ thuật"
Cách làm sạch cọ sau makeup lễ hội?,"Sau lễ hội, cọ trang điểm cần được làm sạch kỹ lưỡng để tránh vi khuẩn. Ngâm cọ trong dầu tẩy trang hoặc nước ấm pha xà phòng nhẹ, xoay nhẹ nhàng để loại bỏ mỹ phẩm. Rửa sạch lại với nước và phơi khô tự nhiên, lông cọ hướng xuống dưới. Có thể dùng bình xịt khử trùng cọ để đảm bảo vệ sinh."
Làm sao làm sạch beauty blender sau makeup SFX?,"Để làm sạch beauty blender sau makeup SFX, bạn cần: 1. **Loại bỏ phần makeup thừa:** Rửa dưới vòi nước ấm, bóp nhẹ nhàng. 2. **Sử dụng chất tẩy rửa chuyên dụng:** Dùng xà phòng/dung dịch tẩy trang cho beauty blender, tạo bọt và rửa kỹ. 3. **Xả sạch:** Đảm bảo không còn cặn sản phẩm. 4. **Phơi khô:** Để khô tự nhiên ở nơi thoáng mát, tránh ánh nắng"
Cách bảo quản mỹ phẩm khi làm makeup cosplay?,"Để bảo quản mỹ phẩm cosplay, bạn nên: * **Phân loại:** Tách riêng mỹ phẩm dùng cho da và tóc. * **Vệ sinh:** Lau sạch đầu cọ, tuýp mỹ phẩm sau mỗi lần dùng. * **Bảo quản:** Đựng trong hộp kín, tránh ánh nắng trực tiếp và nhiệt độ cao. * **Hạn sử dụng:** Ghi lại ngày mở nắp và kiểm tra thường xuyên. * **Không dùng chung:** Tránh lây"
Làm sao chọn mỹ phẩm cho makeup Halloween?,"Để chọn mỹ phẩm Halloween, ưu tiên sản phẩm chất lượng, an toàn cho da. Chọn bảng màu đậm, sắc nét như cam, đen, tím, xanh lá. Kèm theo đó là phấn mắt nhũ, son môi nổi bật, keo dán lông mi giả và các sản phẩm tạo hiệu ứng đặc biệt như máu giả, sáp tạo hình. Đừng quên tẩy trang kỹ sau khi dùng!"
Cách chọn mỹ phẩm cho makeup người lớn tuổi?,"Với người lớn tuổi, ưu tiên mỹ phẩm dưỡng ẩm, nhẹ tênh, không gây bí da. Chọn nền, phấn nền có độ che phủ vừa phải, tránh làm lộ nếp nhăn. Màu mắt nên là tông ấm áp, trung tính. Son môi ưu tiên chất son mềm mịn, màu sắc tươi tắn nhưng không quá rực rỡ. Quan trọng nhất là tối giản lớp makeup để giữ vẻ tự nhiên."
Cách chọn mỹ phẩm cho makeup teen da sáng?,"Với da sáng ở tuổi teen, ưu tiên mỹ phẩm nhẹ nhàng, tự nhiên. Chọn foundation/BB cream mỏng, che phủ vừa phải, có chỉ số SPF. Phấn má hồng, son môi nên chọn tone màu tươi tắn, trẻ trung như hồng đào, cam san hô. Tránh các sản phẩm quá nhiều dầu hoặc glitter để không gây bí da, nổi mụn."
Làm sao chọn mỹ phẩm cho makeup carnival?,"Để chọn mỹ phẩm cho makeup carnival, ưu tiên sự nổi bật và bền màu. Chọn phấn mắt/son môi màu neon, kim tuyến, hoặc holographic. Kem nền/phấn phủ cần khả năng khóa màu tốt, chống thấm nước. Đừng quên keo dán lông mi, đá trang trí, và xịt giữ lớp trang điểm để ""look"" của bạn tỏa sáng suốt đêm hội!"
Cách chọn mỹ phẩm cho makeup Tết?,"Để chọn mỹ phẩm makeup Tết, ưu tiên các sản phẩm có tông ấm áp như cam đất, đỏ rượu, nâu tây. Chọn phấn nền có độ che phủ tốt, bền màu. Son lì hoặc son kem có dưỡng là lựa chọn lý tưởng. Đừng quên highlighter để tạo hiệu ứng glow và mascara để đôi mắt thêm long lanh nhé!"
Kỹ năng nào cần cho makeup cosplay chuyên nghiệp?,"Để makeup cosplay chuyên nghiệp, bạn cần: * **Nắm vững giải phẫu khuôn mặt:** Tạo hình chính xác. * **Kỹ năng vẽ, tô bóng:** Biến hóa, tạo chiều sâu. * **Sử dụng đa dạng sản phẩm:** Màu nước, acrylic, keo dán chuyên dụng. * **Khéo léo với tóc giả:** Cắt tỉa, tạo kiểu. * **Kiên nhẫn, tỉ mỉ:** Cosplay đòi hỏi thời gian và sự cẩn thận."
Cách xây dựng portfolio cho makeup lễ hội?,"Để xây dựng portfolio makeup lễ hội ấn tượng, hãy tập trung vào: * **Chụp ảnh chất lượng cao:** Thể hiện rõ kỹ năng trang điểm, màu sắc và concept. * **Đa dạng phong cách:** Từ lấp lánh, cầu vồng đến dark, gothic. * **Hợp tác với người mẫu:** Tạo hình ảnh độc đáo, thể hiện được tinh thần lễ hội. * **Sử dụng hashtag phù hợp:** Tiếp cận đối"
Làm sao làm việc với khách hàng cosplay?,"Khi trang điểm cho khách cosplay, điều quan trọng nhất là **tham khảo kỹ lưỡng hình ảnh nhân vật**. Hỏi rõ về mong muốn của khách, chất liệu trang phục để điều chỉnh tông màu, độ đậm nhạt cho phù hợp. Ưu tiên **kỹ thuật tạo khối, highlight** để biến hóa khuôn mặt, sử dụng **màu sắc đặc trưng** và **mi giả ấn tượng**. Luôn giữ giao tiếp tốt để"
Cách chọn mỹ phẩm cho khách hàng teen?,"Khi chọn mỹ phẩm cho khách hàng teen, ưu tiên sự nhẹ nhàng, lành tính. Chọn sản phẩm không gây kích ứng, không chứa cồn và hương liệu mạnh. BB cream, cushion, son tint, mascara, phấn má hồng dạng kem là lựa chọn tốt. Quan trọng nhất là tư vấn để họ hiểu rõ về làn da và cách chăm sóc phù hợp."
Làm sao tạo makeup nhanh cho khách hàng lễ hội?,"Để makeup nhanh cho khách hàng lễ hội, tập trung vào điểm nhấn: 1. **Nền:** Kem nền mỏng, nhẹ, che phủ nhanh. 2. **Mắt:** Phấn mắt nhũ lấp lánh, kẻ mắt highlight. 3. **Má:** Má hồng tone nổi bật, highlight gò má. 4. **Môi:** Son bóng hoặc son màu tươi tắn. Ưu tiên các sản phẩm đa năng, lược bỏ bước phức tạp để tiết kiệm thời gian."
Cách xử lý khi makeup cosplay bị lem?,"Khi makeup cosplay bị lem, đừng hoảng loạn! Hãy chuẩn bị sẵn giấy thấm dầu và bông tẩm dung dịch tẩy trang chuyên dụng. Nhẹ nhàng thấm dầu, sau đó dùng bông tẩy trang chỉnh sửa các phần bị lem. Với các chi tiết vẽ phức tạp, dùng cọ nhỏ và màu tương ứng để ""chữa cháy"". Cố định lại bằng xịt khóa nền để bền màu hơn nhé!"
Làm sao quảng bá dịch vụ makeup cosplay?,"Để quảng bá dịch vụ makeup cosplay, bạn nên: * **Xây dựng portfolio ấn tượng:** Ảnh/video chất lượng cao các cosplay đã thực hiện. * **Sử dụng mạng xã hội:** TikTok, Instagram, Facebook là những nền tảng lý tưởng. * **Hợp tác với cosplayer:** Tăng độ nhận diện qua các dự án chung. * **Tham gia sự kiện cosplay:** Trực tiếp makeup, quảng bá dịch vụ. * **Chạy quảng cáo:**"
Cách chọn mỹ phẩm cho khách hàng Halloween?,"Để chọn mỹ phẩm Halloween cho khách hàng, hãy ưu tiên các sản phẩm chất lượng, an toàn cho da. Gợi ý: * **Phấn mắt/màu mắt:** Chọn bảng màu đậm, nổi bật như cam, tím, đen, xanh lá. * **Son môi:** Đỏ đậm, đen, hoặc các màu độc đáo khác. * **Phấn tạo khối/highlight:** Tạo hiệu ứng 3D, ma mị. * **Keo dán/màu vẽ:** Dùng cho trang điểm hiệu ứng"
Làm sao làm việc với khách hàng Tết?,"Với khách hàng Tết, hãy ưu tiên tư vấn makeup tự nhiên, tươi tắn, phù hợp áo dài hoặc trang phục truyền thống. Hỏi rõ lịch trình của khách để đảm bảo thời gian trang điểm không ảnh hưởng kế hoạch. Chuẩn bị sẵn các tông màu đỏ, hồng đào, cam đất và nhấn nhá chút lấp lánh. Luôn giữ thái độ niềm nở, tận tâm để khách cảm thấy"
Cách tạo ấn tượng với khách hàng lễ hội?,"Để tạo ấn tượng với khách hàng lễ hội, hãy tập trung vào trang điểm lấp lánh, màu sắc nổi bật và hiệu ứng độc đáo! Sử dụng phấn nhũ, đá đính, hoặc vẽ họa tiết cầu kỳ. Đừng quên nhấn mạnh mắt và môi với tông màu rực rỡ. Tư vấn phong cách phù hợp với trang phục và cá tính khách hàng để họ tỏa sáng nhất!"
Makeup cho teen chụp ảnh cần gì?,"Makeup cho teen chụp ảnh cần tập trung vào sự tươi trẻ, tự nhiên nhưng vẫn nổi bật trên hình. Ưu tiên lớp nền mỏng nhẹ, che khuyết điểm vừa đủ. Mắt nên dùng tone màu pastel hoặc nâu đất, nhấn nhẹ eyeliner và mascara. Son môi chọn màu tươi tắn, phù hợp với màu da. Đừng quên highlight để tạo hiệu ứng bắt sáng."
Cách tạo makeup cho người lớn tuổi dự tiệc?,"Makeup cho người lớn tuổi dự tiệc nên ưu tiên sự tự nhiên, tươi tắn. Tập trung làm đều màu da với lớp nền mỏng nhẹ, che khuyết điểm nếp nhăn, quầng thâm. Sử dụng phấn má hồng đào hoặc cam đất để có đôi má ửng hồng. Kẻ mắt nhẹ nhàng, chọn son môi màu nude, hồng san hô để khuôn mặt rạng rỡ, trẻ trung."
Makeup cho Halloween da dầu cần gì?,"Da dầu Halloween cần lớp nền kiềm dầu, lâu trôi. Dùng primer giúp kiểm soát dầu, mịn da. Chọn foundation dạng bột hoặc matte, tránh kem nền ẩm. Cố định lớp nền bằng phấn bột. Đừng quên blotting paper để thấm dầu thường xuyên, giữ makeup bền màu suốt đêm tiệc nhé!"
Cách tạo makeup cho cosplay da khô?,"Da khô cần cấp ẩm kỹ trước khi makeup cosplay. Dùng kem dưỡng ẩm giàu glycerin, hyaluronic acid. Chọn lớp nền ẩm mịn, tránh phấn bột khô. Phủ lớp xịt khóa makeup có dưỡng ẩm để giữ lớp nền bền và tránh bong tróc. Ưu tiên son dưỡng môi và tránh các sản phẩm chứa cồn."
Makeup cho Tết da nhạy cảm cần gì?,"Makeup Tết cho da nhạy cảm cần ưu tiên sự dịu nhẹ. Chọn sản phẩm không cồn, không hương liệu, đã kiểm nghiệm da liễu. Dùng kem lót dưỡng ẩm, nền dạng kem hoặc cushion mỏng nhẹ. Tránh phấn bột dày, thay vào đó dùng phấn nước khoáng. Quan trọng nhất, tẩy trang kỹ lưỡng sau mỗi lần trang điểm để da được thông thoáng."
Cách tạo makeup cho lễ hội Holi da mụn?,"Chào bạn! Với da mụn khi trang điểm lễ hội Holi, hãy ưu tiên các bước sau: 1. **Dưỡng ẩm kỹ:** Da đủ ẩm sẽ hạn chế kích ứng. 2. **Sử dụng kem nền/BB cream nhẹ:** Tránh gây bí lỗ chân lông. 3. **Phấn bột khoáng:** Giúp kiểm soát dầu thừa, giảm bóng nhờn. 4. **Tránh mắt đậm:** Tập trung vào môi với son lì, bền màu. 5. **Quan trọng"
Makeup cho carnival da ngăm cần gì?,"Carnival cho da ngăm nên ưu tiên màu sắc nổi bật, có độ tương phản. Chọn phấn mắt tông ấm như đồng, cam, tím, kết hợp với má hồng đào hoặc cam san hô. Son môi đỏ tươi, hồng fuchsia hoặc cam đất sẽ rất hợp. Đừng quên highlight vùng gò má, sống mũi để tạo điểm nhấn và làm da sáng hơn."
Cách tạo makeup cho Giáng sinh da sáng?,"Để có lớp trang điểm Giáng sinh rạng rỡ, hãy bắt đầu với lớp nền ẩm mịn, tập trung làm sáng vùng trung tâm khuôn mặt. Sử dụng phấn má hồng tông ấm như hồng đào hoặc cam san hô. Đôi mắt nhấn nhá với phấn màu đồng, nâu ấm hoặc đỏ burgundy, kết hợp eyeliner và mascara. Son môi đỏ tươi hoặc màu berry sẽ hoàn thiện vẻ ngoài"
Makeup cho teen da hỗn hợp cần gì?,"Teen da hỗn hợp cần makeup nhẹ nhàng, tập trung kiểm soát dầu vùng T và cấp ẩm cho vùng còn lại. Ưu tiên các sản phẩm dạng lỏng, mousse, hoặc cushion mỏng nhẹ. * **Kem nền/BB cream:** Chọn loại không gây bí da, có chỉ số SPF. * **Phấn phủ:** Dùng nhẹ nhàng vùng chữ T. * **Má hồng/son:** Màu sắc tươi trẻ, tự nhiên. * **Luôn tẩy trang"
Cách tạo makeup cho người trung niên da lão hóa?,"Với da lão hóa, ưu tiên makeup nhẹ nhàng, tập trung vào dưỡng ẩm và che phủ nếp nhăn. Dùng kem lót có silicone giúp làm mờ lỗ chân lông. Chọn nền lỏng, độ che phủ vừa phải, tránh nền dày gây lộ nếp nhăn. Đánh phấn mắt màu trung tính, má hồng nhẹ nhàng và son dưỡng ẩm. Tránh tô son quá đậm."
Kỹ thuật nào tốt cho makeup teen chụp ảnh?,"Với makeup teen chụp ảnh, ưu tiên sự tự nhiên, tươi tắn. Tập trung vào làn da mịn màng với lớp nền nhẹ, che khuyết điểm vừa đủ. Mắt nên dùng tone màu pastel hoặc nâu đất, đánh highlight nhẹ nhàng ở bầu mắt. Son môi chọn màu nude, hồng baby hoặc cam đào. Đừng quên mascara để mở to mắt và má hồng để có đôi má ửng hồng."
Cách tạo makeup cho Halloween kiểu Âu Mỹ?,"Makeup Halloween kiểu Âu Mỹ thường tập trung vào các nhân vật kinh dị, siêu nhiên. Bạn có thể chọn một trong các ý tưởng: zombie (da tái, vết thương giả), ma cà rồng (mắt khói, môi đỏ đậm), phù thủy (màu sắc nổi bật, nhấn mạnh xương gò má). Đừng quên sử dụng các sản phẩm tạo khối, highlight và màu mắt đậm để tăng hiệu ứng nhé!"
Kỹ thuật nào phù hợp cho makeup Giáng sinh?,"Makeup Giáng sinh nên tập trung vào sự lấp lánh và ấm áp. Hãy thử kỹ thuật **ánh mắt nhũ**, sử dụng phấn mắt màu đỏ burgundy, xanh lá cây đậm hoặc vàng gold. **Má hồng ửng hồng** và **son môi đỏ ruby** sẽ tạo vẻ tươi tắn. Đừng quên **highlight** để tăng độ glow và một chút **nhũ lấp lánh** trên gò má hoặc khóe mắt nhé!"
Cách tạo makeup cho cosplay kiểu Nhật Bản?,"Makeup cosplay kiểu Nhật Bản thường tập trung vào đôi mắt to tròn, da trắng mịn và đường nét thanh tú. Sử dụng kem nền sáng tông, phấn mắt màu pastel hoặc nhũ, kẻ eyeliner mắt mèo dài và chuốt mascara dày. Đừng quên tạo khối nhẹ nhàng để khuôn mặt trông thon gọn hơn và tô son môi màu tươi tắn, phù hợp với nhân vật."
Kỹ thuật nào tốt cho makeup Tết?,"Makeup Tết nên ưu tiên sự tươi tắn, rạng rỡ. Kỹ thuật **makeup sương mai** với lớp nền mỏng nhẹ, tập trung highlight ở gò má, sống mũi giúp da căng bóng tự nhiên là lựa chọn tuyệt vời. Kết hợp **màu mắt ấm áp** như cam đất, nâu đồng và **son đỏ tươi/cam san hô** sẽ tạo nên vẻ ngoài nổi bật, may mắn."
Cách tạo makeup cho lễ hội Holi kiểu phá cách?,"Để có makeup Holi phá cách, hãy dùng phấn mắt neon, chì kẻ mắt màu sáng và mascara trắng. Vẽ họa tiết hình học hoặc ombre màu trên mắt. Thêm sticker, kim tuyến hoặc vẽ hình bằng màu body paint an toàn lên mặt. Đừng quên son môi nổi bật và xịt khóa makeup để bền màu suốt lễ hội nhé!"
Kỹ thuật nào phù hợp cho makeup carnival?,"Makeup carnival nên ưu tiên sự sáng tạo và nổi bật! Các kỹ thuật phù hợp bao gồm: * **Đính đá, kim tuyến:** Tạo điểm nhấn lấp lánh. * **Vẽ họa tiết cầu vồng, hình khối:** Thể hiện tinh thần lễ hội. * **Màu sắc tươi sáng, neon:** Tăng độ bắt mắt. * **Sử dụng eyeliner graphic:** Đường kẻ mắt độc đáo, ấn tượng. * **Phấn mắt nhũ:** Tạo chiều"
Cách tạo makeup cho người lớn tuổi kiểu Hàn Quốc?,"Makeup kiểu Hàn Quốc cho người lớn tuổi tập trung vào sự tự nhiên, tươi trẻ. Dùng kem nền mỏng nhẹ, che khuyết điểm nếp nhăn, đánh má hồng đào/cam nhạt để có làn da hồng hào. Mắt nên dùng phấn mắt màu nude/nâu nhạt, kẻ mắt mảnh và mascara nhẹ nhàng. Son môi màu hồng san hô hoặc cam đất giúp khuôn mặt bừng sáng."
Kỹ thuật nào tốt cho makeup teen da dầu?,"Với da dầu của teen, ưu tiên lớp nền mỏng nhẹ, kiểm soát dầu tốt như cushion, kem nền dạng lỏng. Dùng phấn phủ bột khoáng để hút dầu thừa, đặc biệt vùng chữ T. Chọn mỹ phẩm không gây bí da, không chứa dầu (oil-free). Đừng quên tẩy trang kỹ lưỡng mỗi tối để lỗ chân lông thông thoáng."
Cách tạo makeup cho người trung niên kiểu Âu Mỹ?,"Makeup cho người trung niên kiểu Âu Mỹ nên tập trung vào sự tươi trẻ, tự nhiên. Ưu tiên nền mịn, che phủ nhẹ nếp nhăn, tránh quá dày. Màu mắt trung tính như nâu, beige, kết hợp chút ánh nhũ. Kẻ mắt mảnh, mascara nhẹ nhàng. Son môi màu nude, hồng đào hoặc đỏ san hô giúp khuôn mặt bừng sáng. Quan trọng nhất là dưỡng da kỹ lưỡng"
Son nào hợp với makeup cosplay anime?,"Son lì (matte) là lựa chọn hàng đầu cho cosplay anime vì độ bám màu tốt, giúp giữ màu son lâu dài trong suốt quá trình hóa trang. Màu son nên chọn dựa trên nhân vật: đỏ tươi/cam đỏ cho các nhân vật năng động, hồng baby/cam đào cho nhân vật nữ tính, hoặc các màu độc đáo như tím, xanh tùy theo tạo hình."
Cách chọn son cho makeup lễ hội Holi?,"Holi là lễ hội màu sắc, nên ưu tiên son bền màu, chống lem. Son kem lì hoặc son tint là lựa chọn tốt. Màu sắc rực rỡ như đỏ, cam, hồng fuchsia sẽ nổi bật trên nền da sáng. Tránh các màu nude hoặc quá nhạt vì dễ bị ""mất tích"" giữa không khí lễ hội. Đừng quên lớp son dưỡng trước khi đánh son màu nhé!"
Phấn mắt nào hợp với makeup carnival?,"Với makeup carnival, phấn mắt lấp lánh, màu sắc nổi bật là lựa chọn hoàn hảo! Bạn có thể thử các tông màu như xanh dương, hồng neon, cam, tím, hoặc vàng gold. Đừng ngại mix nhiều màu sắc và sử dụng nhũ để tăng hiệu ứng lung linh, tạo điểm nhấn ấn tượng cho đôi mắt."
Cách chọn phấn mắt cho makeup người lớn tuổi?,"Với người lớn tuổi, nên ưu tiên phấn mắt màu trung tính, ấm áp như nâu, be, đào, đồng. Tránh các màu quá sáng, quá nổi bật hoặc có nhũ quá nhiều. Chất phấn mịn, dễ tán và bền màu là lựa chọn tốt. Tập trung đánh nhẹ nhàng vào hốc mắt để tạo chiều sâu, tránh đánh quá đậm gây nặng nề."
Highlighter nào hợp với makeup cosplay?,"Highlighter dạng kem hoặc lỏng với tông màu ngọc trai hoặc vàng champagne là lựa chọn tốt nhất cho cosplay. Chúng tạo hiệu ứng bắt sáng 3D, giúp đường nét trên khuôn mặt sắc sảo hơn, đặc biệt dưới ánh đèn sân khấu hoặc khi chụp ảnh. Tránh highlighter quá nhũ, vì có thể trông không tự nhiên."
Cách chọn highlighter cho makeup Tết?,"Để chọn highlighter cho makeup Tết, bạn nên ưu tiên các tông màu champagne, vàng hồng hoặc ngọc trai. Những màu này phù hợp với nhiều tông da và tạo hiệu ứng glow tự nhiên, rạng rỡ. Chất phấn mịn, dễ tán và ít gây vón cục là lựa chọn tốt. Nếu da dầu, nên chọn dạng kem hoặc lỏng để tránh bị cakey."
Má hồng nào hợp với makeup Halloween?,"Với makeup Halloween, bạn có thể thỏa sức sáng tạo với má hồng! Má hồng cam đất, đỏ gạch hoặc tím đậm sẽ phù hợp với các concept ma mị, bí ẩn. Nếu muốn nổi bật, hãy thử má hồng màu xanh lá cây, xanh dương hoặc thậm chí đen. Đừng ngại kết hợp nhiều màu để tạo hiệu ứng độc đáo nhé!"
Cách chọn má hồng cho makeup carnival?,"Để chọn má hồng cho makeup carnival, ưu tiên các màu nổi bật, rực rỡ như hồng neon, cam san hô, tím lavender hoặc xanh dương pastel. Chất phấn nên chọn dạng kem hoặc lỳ để giữ màu tốt, tránh phấn nhũ quá nhiều gây khó chịu. Quan trọng nhất là thử màu trên da để đảm bảo phù hợp với tông da và concept trang điểm nhé!"
Son nào hợp với makeup Giáng sinh?,"Với makeup Giáng sinh, son đỏ là lựa chọn kinh điển, mang đến vẻ quyến rũ và ấm áp. Bạn có thể chọn đỏ tươi, đỏ cherry, hoặc đỏ burgundy tùy tông da. Ngoài ra, son nude hồng đất hoặc màu rượu vang cũng rất hợp, tạo vẻ thanh lịch và tinh tế. Đừng quên lớp son dưỡng để đôi môi căng mọng nhé!"
Tại sao cần làm sạch cọ sau makeup cosplay?,"Làm sạch cọ sau makeup cosplay rất quan trọng để ngăn ngừa tích tụ vi khuẩn từ mỹ phẩm, da và môi trường. Việc này giúp tránh mụn, kích ứng da và nhiễm trùng. Cọ sạch còn giúp duy trì chất lượng sản phẩm, đảm bảo màu sắc chính xác cho lần sử dụng tiếp theo và kéo dài tuổi thọ của cọ."
Cách làm sạch cọ sau makeup carnival?,"Sau carnival makeup, làm sạch cọ là bước quan trọng để đảm bảo vệ sinh và kéo dài tuổi thọ cọ. Ngâm cọ trong dầu tẩy trang hoặc nước ấm pha xà phòng dịu nhẹ, xoay nhẹ nhàng để loại bỏ makeup. Xả sạch, dùng khăn mềm thấm khô và để khô tự nhiên, lông cọ hướng lên trên."
Làm sao làm sạch beauty blender sau makeup Tết?,"Để làm sạch beauty blender sau makeup Tết, bạn làm theo các bước sau: 1. **Rửa sạch:** Xả dưới vòi nước ấm, nhẹ nhàng bóp để loại bỏ hết mỹ phẩm. 2. **Sử dụng dung dịch chuyên dụng:** Dùng sữa rửa mặt hoặc dung dịch làm sạch beauty blender, tạo bọt và tiếp tục bóp nhẹ. 3. **Xả sạch & Phơi khô:** Rửa lại bằng nước sạch, vắt nhẹ và"
Cách bảo quản mỹ phẩm khi làm makeup Halloween?,"Để bảo quản mỹ phẩm Halloween, hãy ưu tiên dùng sản phẩm mới hoặc ít dùng. Sau mỗi lần dùng, làm sạch cọ, dụng cụ kỹ lưỡng bằng dung dịch chuyên dụng. Đậy kín nắp, tránh ánh nắng trực tiếp và nhiệt độ cao. Mỹ phẩm dạng kem, sáp nên bảo quản trong tủ lạnh để tránh bị chảy, biến đổi chất lượng."
Làm sao chọn mỹ phẩm cho makeup lễ hội Holi?,"Để makeup lễ hội Holi, ưu tiên mỹ phẩm **chống nước**, **lâu trôi** như mascara, eyeliner, son lì và foundation/kem nền có chỉ số SPF. Chọn màu sắc **tươi sáng**, **rực rỡ** như cam, hồng, vàng để phù hợp không khí lễ hội. **Tránh** các sản phẩm có dầu, dễ lem khi gặp nước và bột màu. Đừng quên kem dưỡng ẩm để bảo vệ da nhé!"
Cách chọn mỹ phẩm cho makeup Giáng sinh?,"Để chọn mỹ phẩm cho makeup Giáng sinh, ưu tiên các tông màu ấm áp như đỏ, vàng gold, nâu đồng, và xanh emerald. Son đỏ, phấn mắt nhũ lấp lánh, má hồng tone ấm sẽ tạo hiệu ứng rạng rỡ. Đừng quên highlighter để bắt sáng và son dưỡng để đôi môi căng mọng trong mùa đông nhé!"
Làm sao xử lý khi mỹ phẩm lem trong makeup cosplay?,"Khi mỹ phẩm lem trong makeup cosplay, đừng hoảng loạn! Hãy chuẩn bị sẵn bông tẩm dầu tẩy trang hoặc nước micellar để nhẹ nhàng làm sạch vùng bị lem. Nếu cần thiết, dùng cọ nhỏ lấy một chút kem nền/phấn để che lại. Quan trọng nhất là giữ bình tĩnh và sửa lỗi một cách tỉ mỉ để không ảnh hưởng đến tổng thể makeup."
Cách chọn mỹ phẩm cho makeup teen da mụn?,"Chọn mỹ phẩm cho teen da mụn cần ưu tiên dịu nhẹ, không gây bí lỗ chân lông. Ưu tiên các sản phẩm: * **Không dầu (oil-free)**, **không gây mụn (non-comedogenic)**. * **Thành phần:** BHA/AHA (nồng độ thấp), trà xanh, lô hội, niacinamide giúp giảm mụn, kiểm soát dầu. * **Dạng:** Kem nền/phấn nền dạng lỏng, nhẹ; son kem/son tint thay vì son thỏi. * **Thử nghiệm:** Luôn test sản"
Làm sao chọn mỹ phẩm cho makeup người lớn tuổi da khô?,"Với da khô của người lớn tuổi, ưu tiên mỹ phẩm giàu ẩm, dịu nhẹ. Chọn nền dạng kem dưỡng, phấn nền lỏng thay vì phấn bột. Son dưỡng, son kem ẩm mượt thay vì son lì. Tránh các sản phẩm chứa cồn, hương liệu mạnh. Ưu tiên các thành phần như hyaluronic acid, ceramides, dầu thực vật để cấp ẩm, làm mềm da."
Cách chọn mỹ phẩm cho makeup carnival da ngăm?,"Da ngăm nên ưu tiên mỹ phẩm tông ấm như cam, đào, đỏ gạch. Nền chọn màu trung tính, tránh quá sáng hoặc tối. Nên dùng phấn má hồng, son môi màu berry, plum để nổi bật. Kẻ mắt và mascara màu nâu hoặc tím than thay vì đen giúp mềm mại hóa gương mặt. Nhũ highlight màu vàng đồng sẽ tạo hiệu ứng bắt sáng đẹp."
Phong cách trang điểm tự nhiên thập niên 80 Hàn Quốc có đặc điểm gì?,"Phong cách trang điểm tự nhiên thập niên 80 Hàn Quốc tập trung vào làn da trắng sáng, mịn màng. Môi tô son đỏ cam hoặc hồng đào nhẹ nhàng, má hồng phớt đào tạo vẻ tươi trẻ. Mắt thường được trang điểm đơn giản với phấn mắt màu be hoặc nâu nhạt, nhấn nhá bằng mascara. Lông mày được vẽ tự nhiên, không quá sắc sảo."
Làm sao tái tạo lớp nền mịn kiểu Hàn Quốc thập niên 80?,"Để tái tạo lớp nền mịn kiểu Hàn Quốc thập niên 80, hãy tập trung vào làn da trắng sáng, mịn màng. Sử dụng kem nền dày, độ che phủ cao, tán kỹ bằng mút trang điểm. Đừng quên phấn phủ dạng bột để cố định lớp nền và tạo hiệu ứng ""da kính"". Kỹ thuật đánh khối nhẹ nhàng, tập trung vào đường viền hàm để tạo chiều sâu."
Son hồng san hô thập niên 80 Hàn Quốc được áp dụng thế nào?,"Son hồng san hô thập niên 80 Hàn Quốc được đánh full môi, tạo hiệu ứng ""môi trái đào"" căng mọng. Kỹ thuật tán son tập trung vào giữa môi, mờ dần về khóe để tạo độ tự nhiên. Thường kết hợp với phấn má hồng cùng tông, nhấn nhá đôi mắt với tông màu ấm áp để hoàn thiện phong cách tươi trẻ, rạng rỡ đặc trưng."
Tại sao lông mày dày lại phổ biến trong makeup Hàn Quốc 80s?,"Lông mày dày, tự nhiên là biểu tượng sắc đẹp của thập niên 80 ở Hàn Quốc, phản ánh sự mạnh mẽ, cá tính của phụ nữ thời kỳ đó. Xu hướng này nổi lên như một sự phá cách so với vẻ đẹp thanh mảnh truyền thống, đồng thời tạo cảm giác khuôn mặt trẻ trung, tươi tắn và đầy sức sống."
Phấn mắt màu nào được yêu thích trong thập niên 80 Hàn Quốc?,"Trong thập niên 80 Hàn Quốc, phấn mắt màu hồng đào và tím lavender là những lựa chọn được yêu thích nhất. Các cô gái thường kết hợp hai màu này để tạo chiều sâu cho đôi mắt, cùng với đường kẻ mắt đậm và mascara dày. Phong cách trang điểm này tạo nên vẻ ngoài ngọt ngào, nữ tính đặc trưng của thời kỳ đó."
Kỹ thuật kẻ eyeliner thập niên 80 Hàn Quốc khác hiện đại ra sao?,"Eyeliner thập niên 80 Hàn Quốc tập trung vào đường kẻ dày, sắc nét, thường kéo dài vượt quá đuôi mắt tạo vẻ mạnh mẽ, cá tính. Màu sắc phổ biến là đen tuyền. Hiện đại, eyeliner Hàn Quốc đề cao sự tự nhiên, tinh tế với đường kẻ mỏng, mềm mại, thường tập trung vào đường viền mắt trên và có thể tán nhẹ. Màu sắc đa dạng hơn,"
Má hồng kiểu Hàn Quốc thập niên 80 được đánh thế nào?,"Má hồng kiểu Hàn Quốc thập niên 80 tập trung vào vẻ ngoài tươi trẻ, rạng rỡ. Người ta đánh má hồng **cao hơn** vị trí gò má thông thường, gần như **lên đến thái dương**, tạo thành một vệt màu rộng, **hình tam giác ngược**. Màu sắc thường là **hồng đào hoặc cam san hô**, được blend kỹ để tạo hiệu ứng tự nhiên nhưng vẫn nổi bật."
Tại sao makeup Hàn Quốc 80s chuộng son màu sáng?,"Makeup Hàn Quốc thập niên 80 chuộng son màu sáng (hồng baby, cam san hô) vì phản ánh xu hướng trẻ trung, nữ tính và tươi tắn thời bấy giờ. Son sáng giúp khuôn mặt trông rạng rỡ, phù hợp với phong cách trang điểm tập trung vào làn da tự nhiên và đôi mắt to tròn đặc trưng của Hàn Quốc."
Sản phẩm nào là biểu tượng trong makeup Hàn Quốc thập niên 80?,"Son kem Rouge & Lounge của Shiseido là biểu tượng makeup Hàn Quốc thập niên 80. Chất son kem lì, màu sắc tươi tắn như đỏ cam, hồng san hô được ưa chuộng, tạo vẻ đẹp hiện đại, cá tính. Sản phẩm này định hình phong cách trang điểm ""môi trái tim"" đặc trưng của thời kỳ đó."
Làm sao tạo phong cách makeup của Lee Mi-sook thập niên 80?,"Để tái hiện phong cách makeup của Lee Mi-sook thập niên 80, hãy tập trung vào: * **Nền:** Sử dụng phấn nền lì, che phủ hoàn toàn. * **Mắt:** Phấn mắt màu hồng đào, tím, hoặc xanh lam, đánh nhũ và tạo khối mắt đậm. Kẻ eyeliner đen dày, chuốt mascara tơi. * **Má:** Phấn má hồng đậm, đánh cao và chếch lên. * **Môi:** Son đỏ tươi hoặc hồng"
Phong cách makeup nhạc pop thập niên 80 Hàn Quốc có gì đặc biệt?,"Phong cách makeup nhạc pop thập niên 80 Hàn Quốc nổi bật với sự tươi trẻ, rực rỡ và có phần ""quá đà"". Điểm nhấn là phấn má hồng đậm, đánh cao lên gò má, mắt trang điểm màu sắc nổi bật như xanh, tím, kết hợp với eyeliner dày và môi đỏ tươi. Phong cách này thể hiện sự lạc quan, năng động của tuổi trẻ."
Làm sao chọn son hồng cho da sáng kiểu Hàn Quốc 80s?,"Với da sáng kiểu Hàn Quốc 80s, hãy chọn son hồng có undertone lạnh hoặc tím hồng. Các sắc độ như hồng baby, hồng san hô nhạt, hoặc hồng đào sẽ tôn da, tạo vẻ trẻ trung, trong trẻo. Tránh son hồng quá sặc sỡ hoặc có undertone vàng, vì có thể làm da trông xỉn màu."
Tại sao makeup Hàn Quốc 80s chuộng lớp nền mịn?,"Makeup Hàn Quốc thập niên 80 ưa chuộng lớp nền mịn màng vì chịu ảnh hưởng từ làn da trắng sáng, không tì vết được coi là chuẩn mực vẻ đẹp. Lớp nền hoàn hảo giúp che phủ hoàn toàn khuyết điểm, tạo hiệu ứng ""da thủy tinh"" – trắng, mịn, trong suốt, phù hợp với xu hướng thời trang tối giản, thanh lịch của thời kỳ đó."
Kỹ thuật làm mắt to kiểu Hàn Quốc thập niên 80 là gì?,"Kỹ thuật làm mắt to kiểu Hàn Quốc thập niên 80 tập trung vào đường kẻ mắt dưới dày, kéo dài vượt quá đuôi mắt, thường dùng phấn mắt màu tối. Kèm theo đó là chuốt mascara đậm và sử dụng mi giả để tạo hiệu ứng mắt to tròn, long lanh. Phong cách này nhấn mạnh sự tương phản và đôi mắt sắc sảo."
Son bóng trong makeup Hàn Quốc 80s được dùng ra sao?,"Trong makeup Hàn Quốc thập niên 80, son bóng được sử dụng để tạo hiệu ứng đôi môi căng mọng, quyến rũ. Thường kết hợp với kỹ thuật đánh ombre, son bóng được thoa ở trung tâm môi sau khi đánh son màu đậm ở viền, tạo chiều sâu và sự nổi bật cho đôi môi. Màu son phổ biến là đỏ tươi, hồng san hô."
Tại sao makeup Hàn Quốc 80s nhấn mạnh vào vẻ thanh lịch?,"Makeup Hàn Quốc thập niên 80 nhấn mạnh vẻ thanh lịch vì bối cảnh xã hội lúc bấy giờ. Sau giai đoạn phát triển kinh tế, người Hàn Quốc hướng đến hình ảnh tinh tế, sang trọng để thể hiện sự thành đạt và đẳng cấp. Phong cách trang điểm tập trung vào làn da trắng sáng, đôi mắt to tròn tự nhiên và đôi môi ửng hồng, tạo nên"
Làm sao tái tạo phong cách makeup của Kim Ji-mee thập niên 80?,"Để tái hiện phong cách makeup Kim Ji-mee thập niên 80, tập trung vào đôi mắt sắc sảo và đôi môi đậm. Sử dụng phấn mắt màu xanh dương, tím hoặc hồng, đánh nhũ và kẻ eyeliner dày. Đừng quên chuốt mascara kỹ lưỡng. Son môi đỏ tươi hoặc hồng fuchsia là điểm nhấn cuối cùng, kết hợp với má hồng đào để hoàn thiện vẻ ngoài quyến rũ, nổi"
Phong cách makeup của Cho Yong-pil thập niên 80 có gì nổi bật?,"Phong cách trang điểm của Cho Yong-pil những năm 80 nổi bật với sự nam tính pha lẫn nét quyến rũ. Ông thường sử dụng phấn mắt màu đậm (xanh dương, tím), kẻ mắt dày và son môi đỏ tươi. Lớp nền được giữ tự nhiên, kết hợp với tạo khối nhẹ để tôn đường nét khuôn mặt, tạo nên vẻ ngoài mạnh mẽ, cá tính."
Tại sao phấn mắt pastel lại phổ biến trong Hàn Quốc 80s?,"Phấn mắt pastel trở nên phổ biến ở Hàn Quốc những năm 80 vì chúng phản ánh sự chuyển đổi văn hóa. Khi đất nước hiện đại hóa, thẩm mỹ trang điểm cũng thay đổi, từ vẻ ngoài tự nhiên sang phong cách tươi sáng, trẻ trung hơn. Màu pastel tượng trưng cho sự lạc quan, nữ tính và phù hợp với xu hướng thời trang đầy màu sắc của"
Làm sao tạo phong cách makeup của Yoon Yeo-jeong thập niên 80?,"Để tái hiện phong cách makeup của Yoon Yeo-jeong thập niên 80, tập trung vào đôi mắt và má hồng. Sử dụng phấn mắt màu hồng đào, cam đất, tán đều và nhấn nhá đường eyeliner đậm. Kẻ lông mày ngang, hơi dày. Má hồng đánh cao, đậm màu để tạo gò má sắc nét. Son môi màu đỏ cam hoặc hồng san hô là lựa chọn hoàn hảo."
Tại sao makeup Hàn Quốc 80s chuộng son hồng đậm?,"Makeup Hàn Quốc thập niên 80 chuộng son hồng đậm vì chịu ảnh hưởng lớn từ văn hóa phương Tây và làn sóng nhạc Pop. Son hồng đậm, đặc biệt là tông neon, thể hiện sự tươi trẻ, năng động và cá tính, đối lập với vẻ đẹp tự nhiên, kín đáo trước đó. Nó cũng là biểu tượng của sự giải phóng và hiện đại hóa."
Làm sao chọn kem nền cho makeup Hàn Quốc 80s?,"Để chọn kem nền cho makeup Hàn Quốc thập niên 80, ưu tiên độ che phủ trung bình đến cao, chất kem mịn, hơi ẩm để tạo lớp nền lì mịn, tự nhiên. Tone màu nên chọn sáng hơn da 1-2 tông để tạo hiệu ứng ""da sứ"" đặc trưng. Ưu tiên các sản phẩm có kết cấu dạng kem hoặc cushion để dễ tán đều và bền màu."
Phong cách makeup của phim truyền hình 80s Hàn Quốc có gì đặc biệt?,"Phong cách makeup phim Hàn những năm 80 nổi bật với làn da trắng sứ, đôi lông mày lá liễu thanh mảnh, và đôi mắt to tròn được nhấn nhá bằng phấn mắt màu pastel hoặc tím nhạt. Son môi thường là màu đỏ tươi hoặc hồng san hô, tạo vẻ ngoài tươi tắn, trẻ trung. Điểm nhấn là kỹ thuật đánh má hồng cao, tạo hiệu ứng gò má"
Kỹ thuật viền môi thập niên 80 Hàn Quốc được thực hiện ra sao?,"Kỹ thuật viền môi thập niên 80 Hàn Quốc tập trung tạo hình môi trái tim rõ rệt. Đầu tiên, dùng bút chì kẻ môi màu đậm hơn màu son, vẽ viền ngoài môi, nhấn mạnh phần nhân trung và kéo dài phần môi trên thành hình trái tim. Sau đó, tô son lì màu đỏ tươi hoặc hồng đất, thường có hiệu ứng ombre từ đậm ở viền đến"
Tại sao makeup Hàn Quốc 80s ít dùng tạo khối?,"Makeup Hàn Quốc thập niên 80 tập trung vào vẻ đẹp tự nhiên, trong trẻo, với làn da trắng sáng là trung tâm. Tạo khối chưa phổ biến vì kỹ thuật này chưa được phát triển mạnh và không phù hợp với xu hướng ""da thủy tinh"" thời bấy giờ. Thay vào đó, họ ưu tiên đánh phấn má hồng để tạo vẻ tươi tắn, khỏe khoắn."
Làm sao tái tạo phong cách makeup của Lee Sun-hee thập niên 80?,"Để tái hiện phong cách makeup Lee Sun-hee thập niên 80, tập trung vào mắt và má hồng. Sử dụng phấn mắt màu sáng, nổi bật với tông xanh dương hoặc tím, vẽ eyeliner dày, và chuốt mascara tơi. Má hồng ửng hồng, đánh cao và rộng. Son môi màu đỏ tươi hoặc hồng san hô hoàn thiện vẻ ngoài rực rỡ, đặc trưng của thời đại."
Phong cách makeup của ca sĩ nhạc trot 80s có gì đặc biệt?,"Phong cách makeup của ca sĩ nhạc trot thập niên 80 nổi bật với sự đậm đà, quyến rũ. Mắt thường được đánh phấn màu tối, kẻ eyeliner dày, và chuốt mascara cong vút. Má hồng ửng đỏ, son môi đỏ tươi hoặc cam đất là điểm nhấn. Lớp nền trắng sáng, tạo hiệu ứng da không tì vết cũng rất đặc trưng."
Làm sao chọn mascara cho phong cách Hàn Quốc 80s?,"Để có hàng mi theo phong cách Hàn Quốc thập niên 80, hãy chọn mascara đen nhánh, ưu tiên loại có khả năng làm dày và cong mi. Chải kỹ từ chân mi, tập trung vào phần giữa để tạo hiệu ứng ""búp bê"". Có thể dùng lược mi để tách sợi, tránh vón cục và tạo vẻ tự nhiên nhưng vẫn nổi bật."
Tại sao makeup Hàn Quốc 80s chuộng mắt tự nhiên?,"Makeup Hàn Quốc thập niên 80 tập trung vào vẻ đẹp tự nhiên, trong trẻo, phản ánh sự chuyển đổi xã hội và thẩm mỹ. Thay vì đường eyeliner đậm, họ ưu tiên tán phấn mắt màu nude, nâu nhạt, kết hợp kỹ thuật đánh khối nhẹ nhàng để tạo chiều sâu tự nhiên cho đôi mắt. Điều này thể hiện sự tinh tế, thanh lịch và phù hợp với"
Làm sao tạo phong cách makeup của Nam Jin thập niên 80?,"Để tái hiện phong cách makeup của Nam Jin thập niên 80, tập trung vào đôi mắt sắc sảo và đôi môi đậm. Sử dụng phấn mắt màu xanh dương, tím hoặc hồng đậm, đánh nhũ và kẻ eyeliner dày. Đừng quên chuốt mascara kỹ lưỡng. Son môi đỏ tươi hoặc hồng fuchsia là lựa chọn hoàn hảo. Phấn má hồng đánh xéo lên gò má để tạo hiệu ứng"
Phong cách lông mày trong phim 80s Hàn Quốc được tạo thế nào?,"Lông mày trong phim Hàn Quốc thập niên 80 thường được tạo dáng thẳng, hơi dày và đậm, kéo dài gần như song song với đường chân mày tự nhiên. Màu lông mày thường tương đồng hoặc đậm hơn một tông so với màu tóc, tạo nên vẻ ngoài mạnh mẽ, sắc sảo và có phần ""cứng cáp"" đặc trưng của thời kỳ đó."
Tại sao son đỏ nhạt lại được yêu thích trong Hàn Quốc 80s?,"Son đỏ nhạt (coral red) được yêu thích ở Hàn Quốc thập niên 80 vì nó tượng trưng cho vẻ đẹp tự nhiên, tươi trẻ, phù hợp với xu hướng trang điểm trong trẻo thời đó. Màu son này giúp tôn da, tạo cảm giác đôi môi căng mọng mà không quá nổi bật, phản ánh sự nữ tính, thanh lịch của phụ nữ Hàn Quốc."
Làm sao tái tạo phong cách makeup của Kang Soo-yeon thập niên 80?,"Để tái hiện phong cách makeup Kang Soo-yeon thập niên 80, tập trung vào đôi mắt và má hồng. Sử dụng phấn mắt màu pastel hoặc xanh dương nhạt, đánh đậm mi trên và mi dưới. Kẻ mắt mèo sắc sảo và chuốt mascara dày. Má hồng màu hồng đào đánh cao, tạo gò má rõ nét. Son môi màu đỏ tươi hoặc hồng san hô hoàn thiện vẻ ngoài"
Phong cách makeup của ca sĩ pop 80s Hàn Quốc có gì đặc biệt?,"Phong cách makeup của các ca sĩ pop Hàn Quốc thập niên 80 nổi bật với sự tươi tắn, rực rỡ. Điểm đặc trưng là phấn má hồng đậm, đánh cao gò má để tạo khối, môi đỏ tươi và thường kết hợp với kiểu tóc xoăn phồng. Trang điểm mắt nhấn mạnh đường eyeliner sắc sảo, màu mắt xanh dương hoặc tím, tạo vẻ ngoài trẻ trung, năng động."
Làm sao chọn son đỏ cho da sáng kiểu Hàn Quốc 80s?,"Với da sáng kiểu Hàn Quốc 80s, hãy chọn son đỏ tươi, đỏ cam hoặc đỏ gạch. Các tông này tôn da, tạo vẻ trẻ trung, năng động. Tránh son đỏ quá trầm hoặc tím, có thể làm da trông xỉn màu. Chất son bóng hoặc satin sẽ giúp đôi môi căng mọng, hợp với xu hướng trang điểm Hàn Quốc."
Tại sao makeup Hàn Quốc 80s chuộng nền mịn màng?,"Makeup Hàn Quốc thập niên 80 ưa chuộng nền mịn màng vì chịu ảnh hưởng từ làn da trắng sáng, không tì vết được coi là chuẩn mực vẻ đẹp. Khi đó, công nghệ makeup chưa phát triển, nền mịn giúp che đi khuyết điểm và tạo hiệu ứng da hoàn hảo trên cả ảnh chụp và truyền hình, đồng thời tôn lên vẻ thanh lịch, dịu dàng."
Làm sao tạo phong cách makeup của Kim Wan-sun thập niên 80?,"Để tái hiện phong cách makeup Kim Wan-sun thập niên 80, tập trung vào mắt và má hồng đậm. Sử dụng phấn mắt màu xanh lam, tím hoặc hồng, đánh nhũ và kẻ eyeliner dày. Má hồng đánh cao và rộng, tạo hiệu ứng gò má sắc nét. Son môi đỏ tươi hoặc hồng sáng là điểm nhấn cuối cùng. Đừng quên lớp nền lì và lông mày vẽ đậm!"
Kỹ thuật tán phấn mắt thập niên 80 Hàn Quốc là gì?,"Kỹ thuật tán phấn mắt thập niên 80 Hàn Quốc tập trung vào sự tương phản mạnh mẽ. Phấn mắt thường có màu sắc tươi sáng như hồng, tím, xanh lam, được tán rộng từ mí mắt dưới lên đến đuôi mắt, tạo hiệu ứng ombre rõ rệt. Thường kết hợp thêm phấn nhũ và eyeliner đậm để tăng độ nổi bật."
"Phong cách makeup của ""Firebird"" K-drama có gì đặc biệt?","Phong cách trang điểm trong ""Firebird"" K-drama tập trung vào sự lấp lánh, quyến rũ và mạnh mẽ. Điểm nhấn là đôi mắt mèo sắc sảo với eyeliner đen dày, kết hợp phấn nhũ lấp lánh. Son môi đỏ tươi hoặc cam đất tôn lên vẻ ngoài tự tin, quyền lực của nhân vật. Lớp nền hoàn hảo, không tì vết là yếu tố không thể thiếu."
Làm sao chọn phấn mắt cho da ngăm kiểu Hàn Quốc 80s?,"Với da ngăm kiểu Hàn Quốc 80s, hãy ưu tiên phấn mắt tông ấm như cam đất, nâu gạch, hồng đào. Các màu này sẽ làm nổi bật làn da, tạo chiều sâu và vẻ quyến rũ. Tránh các màu quá sáng hoặc pastel, vì có thể làm da trông xỉn màu. Nên chọn phấn mắt có kết cấu mịn, dễ tán để có đôi mắt đẹp tự nhiên."
Tại sao makeup Hàn Quốc 80s ít dùng highlighter?,"Makeup Hàn Quốc thập niên 80 tập trung vào vẻ đẹp tự nhiên, trong trẻo, không cầu kỳ. Khi đó, xu hướng là làn da mịn màng, căng bóng tự nhiên chứ không phải hiệu ứng bắt sáng lấp lánh. Highlighter chưa phổ biến và không phù hợp với triết lý ""ít là nhiều"" của phong cách trang điểm thời kỳ này."
Làm sao tạo phong cách makeup của Shin Il-ryong thập niên 80?,"Để tái hiện phong cách makeup của Shin Il-ryong thập niên 80, hãy tập trung vào đôi mắt sắc sảo và đôi môi đậm. Sử dụng phấn mắt màu sáng, kết hợp đường kẻ mắt đen dày, kéo dài. Đừng quên chuốt mascara kỹ lưỡng. Son môi đỏ tươi hoặc hồng fuchsia là lựa chọn hoàn hảo. Phấn má hồng phớt nhẹ nhàng sẽ cân bằng tổng thể."
Kỹ thuật tán má hồng Hàn Quốc 80s được làm thế nào?,"Kỹ thuật tán má hồng Hàn Quốc thập niên 80 tập trung tạo khối má cao, rõ nét. Bạn tán má hồng màu đậm (thường là hồng san hô hoặc cam đất) theo hình tam giác ngược, từ đỉnh má hướng về thái dương, kéo dài đến gần đuôi mắt. Lưu ý tán đều để không bị vón cục, tạo hiệu ứng gò má tự nhiên, sắc sảo."
"Phong cách makeup của ""Love and Ambition"" K-drama có gì đặc biệt?","Phong cách trang điểm trong ""Love and Ambition"" (Giữa Yêu Thương và Tham Vọng) tập trung vào vẻ đẹp tinh tế, sang trọng và quyền lực của phụ nữ thành đạt. Điểm nhấn là lớp nền hoàn hảo, đôi mắt sắc sảo với eyeliner mảnh và tông màu nude, hồng đào nhẹ nhàng. Son môi đỏ gạch hoặc hồng đất tôn lên khí chất tự tin, mạnh mẽ của nhân"
Làm sao chọn son hồng phấn cho da lạnh kiểu Hàn Quốc 80s?,"Với da lạnh kiểu Hàn Quốc 80s, ưu tiên son hồng phấn có undertone xanh hoặc tím. Các sắc độ như hồng baby, hồng đào nhạt, hoặc hồng san hô pha tím sẽ giúp da sáng hơn, che đi vẻ xỉn màu. Tránh son quá cam hoặc vàng, vì có thể làm da trông thiếu sức sống."
Tại sao makeup Hàn Quốc 80s chuộng màu pastel?,"Makeup Hàn Quốc thập niên 80 chuộng màu pastel vì phản ánh bối cảnh xã hội lúc bấy giờ. Sau giai đoạn khó khăn, Hàn Quốc bước vào thời kỳ phát triển kinh tế, người dân khao khát sự tươi mới, nhẹ nhàng. Màu pastel tượng trưng cho vẻ đẹp thanh lịch, nữ tính, lạc quan, khác biệt với phong cách sắc sảo trước đó."
Làm sao tạo phong cách makeup của Lee Hye-young thập niên 80?,"Để tái hiện phong cách makeup của Lee Hye-young thập niên 80, hãy tập trung vào: * **Nền:** Sử dụng phấn nền lì, tông màu sáng. * **Mắt:** Phấn mắt màu hồng đào, tím, hoặc xanh lam, đánh nhũ và chuốt mascara dày. * **Má:** Má hồng hồng đậm, đánh cao và chếch lên. * **Môi:** Son đỏ tươi hoặc hồng sáng, đánh lòng môi. * **Điểm nhấn:** Kẻ mắt"
Phong cách makeup của ca sĩ nam 80s Hàn Quốc có gì nổi bật?,"Phong cách trang điểm của các ca sĩ nam Hàn Quốc thập niên 80 nổi bật với làn da trắng sáng, mịn màng. Họ thường sử dụng phấn nền dày để che khuyết điểm, kết hợp với má hồng đậm màu (thường là hồng đào hoặc cam đất) tạo vẻ tươi trẻ. Son môi cũng là điểm nhấn, với các tông màu như đỏ tươi hoặc hồng san hô."
Làm sao tạo lớp nền mịn kiểu Hàn Quốc 80s?,"Để có lớp nền mịn kiểu Hàn Quốc thập niên 80, hãy tập trung vào kỹ thuật layering (phủ nhiều lớp mỏng). Bắt đầu với kem dưỡng ẩm, sau đó dùng cushion hoặc foundation mỏng nhẹ. Tiếp tục với một lớp phấn bột trong suốt để khóa lớp nền. Đừng quên tán đều và kỹ để tránh vệt, tạo hiệu ứng da không tì vết, căng bóng tự nhiên."
Tại sao phấn mắt xanh nhạt lại phổ biến trong Hàn Quốc 80s?,"Phấn mắt xanh nhạt rất phổ biến ở Hàn Quốc những năm 80 vì nó tượng trưng cho sự trẻ trung, hiện đại và tinh tế, phù hợp với xu hướng thời trang lúc bấy giờ. Màu sắc này cũng giúp làm nổi bật đôi mắt, tạo vẻ ngoài tươi sáng và thu hút, đồng thời thể hiện sự phá cách trong phong cách trang điểm."
Làm sao tái tạo phong cách makeup của Ahn Sung-ki thập niên 80?,"Để tái hiện phong cách makeup của Ahn Sung-ki thập niên 80, tập trung vào đôi mắt và má hồng. Sử dụng phấn mắt màu xanh lam hoặc tím nhạt, đánh nhũ mắt và kẻ eyeliner đậm. Má hồng nên đánh cao và đậm, tạo hiệu ứng gò má cao. Son môi màu hồng hoặc đỏ tươi sẽ hoàn thiện vẻ ngoài cổ điển này."
"Phong cách makeup của ""The Last Witness"" K-drama có gì đặc biệt?","Phong cách trang điểm trong ""The Last Witness"" tập trung vào vẻ đẹp tự nhiên, thanh lịch nhưng vẫn toát lên sự mạnh mẽ, quyết đoán của nhân vật. Da được ưu tiên trong suốt, mịn màng với lớp nền mỏng nhẹ. Màu mắt thường là tông đất ấm, nâu hoặc cam đào, kết hợp eyeliner mảnh và mascara tự nhiên. Son môi nude hoặc hồng san hô tạo cảm"
Làm sao chọn son bóng cho phong cách Hàn Quốc 80s?,"Để chọn son bóng cho phong cách Hàn Quốc thập niên 80, hãy ưu tiên các màu đỏ cam, hồng san hô hoặc tím berry. Chất son nên bóng mọng, căng mọng để tạo hiệu ứng đôi môi đầy đặn. Bạn có thể tìm các sản phẩm có nhũ nhẹ để tăng thêm vẻ lấp lánh, đặc trưng của thời kỳ này."
Tại sao makeup Hàn Quốc 80s chuộng lông mày tự nhiên?,"Makeup Hàn Quốc thập niên 80 tập trung vào vẻ đẹp tự nhiên, trong trẻo, đối lập với xu hướng trang điểm đậm của phương Tây. Lông mày tự nhiên, không quá sắc sảo, thể hiện sự thanh lịch, nữ tính và phù hợp với thẩm mỹ ""ít là nhiều"" thời bấy giờ. Nó cũng nhấn mạnh vào đôi mắt to tròn, đặc trưng của vẻ đẹp Hàn Quốc."
Làm sao tạo phong cách makeup của Kim Soo-mi thập niên 80?,"Để tái hiện phong cách makeup Kim Soo-mi thập niên 80, tập trung vào: * **Nền:** Phấn nền lì, tông màu sáng. * **Mắt:** Phấn mắt màu hồng đào/cam đất, đánh nhũ, kẻ mắt mèo đậm. * **Má:** Má hồng đậm, đánh cao và chếch lên. * **Môi:** Son đỏ tươi hoặc hồng san hô, đánh lòng môi. * **Điểm nhấn:** Lông mày vẽ đậm, hơi cong."
Kỹ thuật viền môi Hàn Quốc 80s được làm thế nào?,"Kỹ thuật viền môi Hàn Quốc thập niên 80 tập trung tạo hình môi trái tim đầy đặn. Đầu tiên, đánh base màu nude. Sau đó, dùng bút chì kẻ môi màu đậm hơn môi tự nhiên, vẽ viền ngoài rộng hơn, tập trung nhấn điểm cao ở nhân trung và vẽ đầy phần môi trên tạo hình trái tim. Cuối cùng, tô son lì trùng màu viền."
"Phong cách makeup của ""Country Diaries"" K-drama có gì đặc biệt?","Phong cách trang điểm trong ""Country Diaries"" tập trung vào vẻ đẹp tự nhiên, khỏe khoắn của cuộc sống nông thôn. Da trong trẻo, căng bóng là ưu tiên hàng đầu, kết hợp với đôi mắt nhẹ nhàng, màu son nude hoặc cam đất. Điểm nhấn là đôi má ửng hồng tự nhiên, tạo cảm giác tươi tắn, gần gũi, phản ánh tính cách chân thật của nhân vật."
Làm sao chọn mascara cho da ngăm kiểu Hàn Quốc 80s?,"Với da ngăm kiểu Hàn Quốc 80s, hãy ưu tiên mascara màu nâu đậm, burgundy hoặc xanh navy thay vì đen tuyền. Màu sắc này tạo chiều sâu, giúp mắt trông to hơn và không bị ""dừ"". Chất mascara nên là sợi mảnh, không quá dày để tránh làm mắt trông nặng nề. Chọn loại có khả năng chống thấm nước để giữ lớp trang điểm lâu trôi."
Tại sao makeup Hàn Quốc 80s ít dùng son đậm?,"Makeup Hàn Quốc thập niên 80 tập trung vào vẻ đẹp tự nhiên, trong trẻo. Son đậm bị hạn chế vì không phù hợp với xu hướng ""innocent look"" (vẻ đẹp ngây thơ) thời bấy giờ. Thay vào đó, các cô gái chuộng son nude, hồng đào hoặc cam nhạt để tôn lên làn da trắng sáng và đôi mắt to tròn, tạo cảm giác thanh lịch, dịu dàng."
Làm sao tái tạo phong cách makeup của Lee Moon-sae thập niên 80?,"Để tái hiện phong cách makeup Lee Moon-sae thập niên 80, hãy tập trung vào đôi mắt và má hồng. Sử dụng phấn mắt màu xanh dương hoặc tím nhạt, đánh nhũ mắt và kẻ eyeliner đậm. Má hồng nên đánh cao và đậm, tạo hiệu ứng gò má cao. Son môi màu hồng hoặc đỏ tươi sẽ hoàn thiện vẻ ngoài đặc trưng của thời kỳ đó."
"Phong cách makeup của ""Whale Hunting"" K-drama có gì đặc biệt?","Phong cách trang điểm trong ""Whale Hunting"" tập trung vào vẻ đẹp tự nhiên, trong trẻo, nhấn mạnh sự tươi mới của tuổi trẻ. Da được ưu tiên dưỡng ẩm, căng bóng, kết hợp lớp nền mỏng nhẹ. Màu sắc chủ yếu là tông hồng đào, cam san hô dịu dàng trên mắt, má và môi, tạo cảm giác ấm áp, gần gũi."
Làm sao chọn phấn mắt nhũ cho da sáng kiểu Hàn Quốc 80s?,"Với da sáng kiểu Hàn Quốc thập niên 80, hãy chọn phấn mắt nhũ tông ấm như cam đào, hồng san hô, hoặc đồng ánh vàng. Ưu tiên chất phấn mịn, dễ tán để tạo hiệu ứng lấp lánh tự nhiên, không quá ""tắc"". Kết hợp với eyeliner nâu và má hồng đào để hoàn thiện phong cách retro ngọt ngào."
Tại sao makeup Hàn Quốc 80s chuộng vẻ cổ điển?,"Makeup Hàn Quốc thập niên 80 chuộng vẻ cổ điển vì chịu ảnh hưởng lớn từ điện ảnh và âm nhạc phương Tây. Thời kỳ này, các ngôi sao Hollywood với vẻ đẹp quyến rũ, sang trọng là hình mẫu lý tưởng. Xu hướng này thể hiện qua lớp nền trắng sáng, son đỏ đậm, mắt kẻ eyeliner sắc sảo và nhấn nhá má hồng, tạo nên diện mạo thanh"
Làm sao tạo phong cách makeup của Park Won-sook thập niên 80?,"Để tái hiện phong cách makeup của Park Won-sook thập niên 80, tập trung vào: * **Nền:** Sử dụng phấn nền dày, tông màu sáng. * **Mắt:** Phấn mắt màu hồng đào/cam đất, đánh nhũ, kẻ mắt mèo đậm. * **Má:** Phấn má hồng đậm, đánh cao và chếch lên. * **Môi:** Son đỏ tươi hoặc hồng san hô, đánh lòng môi. * **Lông mày:** Vẽ lông mày đậm, ngang"
Kỹ thuật làm môi căng mọng Hàn Quốc 80s là gì?,"Kỹ thuật môi căng mọng Hàn Quốc thập niên 80 tập trung tạo hiệu ứng ""môi trái tim"" với phần môi trên đầy đặn, nhọn ở giữa như hình trái tim. Kỹ thuật này sử dụng son lì, đánh đậm viền môi và thường kết hợp với phấn má hồng để tạo khối, giúp môi trông đầy đặn và quyến rũ hơn."
"Phong cách makeup của ""The Barefooted Young"" K-drama có gì đặc biệt?","Phong cách trang điểm trong ""The Barefooted Young"" tập trung vào vẻ đẹp tự nhiên, trong trẻo. Lớp nền mỏng nhẹ, đôi môi ửng hồng tự nhiên và đôi mắt được nhấn bằng mascara hoặc eyeliner mảnh mai là chủ đạo. Mục tiêu là tôn lên vẻ tươi tắn, khỏe khoắn của nhân vật, phù hợp với bối cảnh nông thôn và câu chuyện chữa lành."
Làm sao chọn son hồng cho da dầu kiểu Hàn Quốc 80s?,"Da dầu kiểu Hàn Quốc 80s thường bóng, cần son lì, mịn. Chọn son hồng đất, hồng san hô hoặc hồng đào để trung hòa da. Ưu tiên chất son nhẹ, không gây bí, tránh son bóng. Thoa son mỏng, dùng giấy thấm dầu trước khi đánh để son bám tốt, lâu trôi và không làm da thêm dầu."
Tại sao makeup Hàn Quốc 80s chuộng da mịn màng?,"Makeup Hàn Quốc thập niên 80 tập trung vào làn da mịn màng, trắng sáng vì chịu ảnh hưởng từ tiêu chuẩn vẻ đẹp Á Đông thời bấy giờ. Da không tì vết tượng trưng cho sự thanh lịch, nữ tính và tầng lớp. Kỹ thuật trang điểm nền dày, sử dụng phấn phủ nhiều giúp che phủ hoàn toàn khuyết điểm, tạo hiệu ứng da ""không tì vết"" đặc"
Làm sao tái tạo phong cách makeup của Kim Hye-ja thập niên 80?,"Để tái hiện phong cách makeup Kim Hye-ja thập niên 80, tập trung vào: * **Nền:** Phấn nền lì, tông màu sáng. * **Mắt:** Phấn mắt màu hồng đào/cam đất, đánh nhũ, kẻ mắt đậm, mascara dày. * **Má:** Hồng phấn ửng hồng, đánh cao và chếch lên. * **Môi:** Son đỏ cam hoặc hồng san hô, đánh lòng môi. Quan trọng là tạo hiệu ứng tươi tắn, rạng rỡ"
Phong cách makeup của ca sĩ nữ 80s Hàn Quốc có gì nổi bật?,"Phong cách makeup của các ca sĩ nữ Hàn Quốc thập niên 80 nổi bật với sự mạnh mẽ, cá tính. Điểm nhấn là **lông mày đậm, sắc sảo**, **mắt kẻ eyeliner dày**, thường màu đen hoặc xanh navy, tạo chiều sâu. **Má hồng ửng đỏ** đánh cao, rộng và **son môi đỏ tươi** là những yếu tố không thể thiếu, mang đến vẻ đẹp quyến rũ, kiêu kỳ."
Làm sao tạo lớp nền tự nhiên kiểu Hàn Quốc 80s?,"Để tạo lớp nền tự nhiên kiểu Hàn Quốc thập niên 80, hãy ưu tiên dưỡng ẩm kỹ lưỡng. Sử dụng kem nền mỏng nhẹ, có độ che phủ vừa phải, tán đều bằng mút trang điểm theo chiều từ trong ra ngoài. Thêm chút má hồng đào hoặc hồng san hô để tăng vẻ tươi tắn. Cuối cùng, khóa lớp nền bằng xịt khoáng để giữ bền màu và"
Tại sao phấn mắt hồng phấn lại phổ biến trong Hàn Quốc 80s?,"Phấn mắt hồng phấn rất phổ biến ở Hàn Quốc những năm 80 vì nó tượng trưng cho vẻ đẹp thanh lịch, nữ tính và lãng mạn, phù hợp với thẩm mỹ thời bấy giờ. Màu sắc này cũng được các ngôi sao hàng đầu lăng xê, tạo nên xu hướng và được giới trẻ bắt theo rộng rãi. Nó giúp làm nổi bật đôi mắt và tôn lên làn"
Làm sao tái tạo phong cách makeup của Lee Kwang-soo thập niên 80?,"Để tái hiện phong cách makeup của Lee Kwang-soo thập niên 80, hãy tập trung vào: * **Da:** Nền sáng, đánh khối nhẹ nhàng để tạo chiều sâu. * **Mắt:** Phấn mắt màu xanh dương hoặc tím nhạt, đánh nhũ. Kẻ eyeliner dày, hơi kéo dài. * **Má:** Phấn má hồng đậm, đánh cao trên gò má. * **Môi:** Son đỏ tươi hoặc cam đất. Đừng quên lông mày được"
"Phong cách makeup của ""The Road to Sampo"" K-drama có gì đặc biệt?","Phong cách trang điểm trong ""The Road to Sampo"" tập trung vào vẻ đẹp tự nhiên, trong trẻo, phản ánh cuộc sống đời thường của nhân vật. Da được ưu tiên dưỡng ẩm, căng bóng khỏe mạnh. Màu sắc chủ yếu là tông nude, hồng đào nhẹ nhàng, nhấn vào đôi mắt to tròn với eyeliner mảnh và mascara. Son môi thường là màu cam đất hoặc hồng san hô,"
Làm sao chọn son bóng cho da ngăm kiểu Hàn Quốc 80s?,"Với da ngăm kiểu Hàn Quốc 80s, ưu tiên son bóng có sắc độ ấm, như cam đất, nâu gạch, hoặc đỏ nâu. Tránh các màu quá sáng hoặc tím than, vì có thể làm da trông xỉn màu. Chất son bóng giúp môi căng mọng, tạo hiệu ứng đôi môi dày dặn, rất hợp với xu hướng trang điểm retro."
Tại sao makeup Hàn Quốc 80s chuộng vẻ thanh tú?,"Makeup Hàn Quốc thập niên 80 chuộng vẻ thanh tú vì chịu ảnh hưởng từ làn sóng Hallyu sơ khai, hướng đến hình tượng ""nam thần"" và ""nữ thần"" trong sáng, tinh khiết. Gương mặt nhỏ nhắn, đường nét mềm mại, đôi mắt to tròn được nhấn mạnh để tạo nên vẻ đẹp dịu dàng, thanh lịch, phù hợp với thẩm mỹ thời bấy giờ."
Làm sao tạo phong cách makeup của Lee Eun-ha thập niên 80?,"Để tái hiện phong cách makeup của Lee Eun-ha thập niên 80, tập trung vào đôi mắt sắc sảo với phấn mắt xanh lam hoặc tím, kẻ eyeliner dày và mascara đậm. Má hồng hồng đào nổi bật, thoa cao lên gò má. Son môi đỏ tươi hoặc hồng sáng là điểm nhấn cuối cùng. Đừng quên lớp nền trắng sáng và đôi lông mày cong vút!"
Kỹ thuật làm lông mày dày Hàn Quốc 80s là gì?,"Kỹ thuật lông mày dày Hàn Quốc 80s (hay còn gọi là lông mày thẳng đuôi) tạo hình lông mày rộng, dày, tự nhiên với phần đầu to và phần đuôi thẳng hoặc hơi chếch lên. Kỹ thuật này nhấn mạnh sự trẻ trung, năng động, thường sử dụng chì kẻ hoặc bột để tạo khối và lược chải để định hình."
"Phong cách makeup của ""Love and Truth"" K-drama có gì đặc biệt?","Phong cách trang điểm trong ""Love and Truth"" tập trung vào vẻ đẹp tự nhiên, trong trẻo, tôn vinh làn da khỏe mạnh. Điểm nhấn là đôi mắt long lanh với eyeliner mảnh, mascara nhẹ nhàng và đôi môi căng mọng với son tint màu hồng san hô hoặc đào. Phong cách này hướng đến sự tươi tắn, gần gũi, phù hợp với hình ảnh học sinh trung học."
Làm sao chọn mascara cho phong cách K-pop 80s?,"Để có phong cách K-pop thập niên 80, hãy chọn mascara **dày mi, đen nhánh** và có khả năng **cong mi** tối đa. Ưu tiên loại có **chổi lớn** để phủ đều mi, tạo hiệu ứng mi dày bồng ấn tượng. Có thể dùng thêm **mascara sợi** để mi dài và sắc sảo hơn, kết hợp với **eyeliner** sắc nét để hoàn thiện vẻ ngoài."
Tại sao makeup Hàn Quốc 80s chuộng son lì?,"Makeup Hàn Quốc thập niên 80 chịu ảnh hưởng lớn từ văn hóa phương Tây, đặc biệt là sự lên ngôi của son lì. Son lì tạo hiệu ứng đôi môi sắc nét, đầy đặn, phù hợp với xu hướng trang điểm đậm, nhấn mạnh đường nét thời kỳ đó. Màu son đỏ tươi, cam đất là lựa chọn phổ biến, thể hiện sự mạnh mẽ, cá tính của phụ"
Làm sao tái tạo phong cách makeup của Kim Young-chul thập niên 80?,"Để tái hiện phong cách makeup Kim Young-chul thập niên 80, tập trung vào: * **Nền:** Phấn nền dày, trắng sáng, tạo hiệu ứng ""mặt nạ"". * **Mắt:** Phấn mắt màu sáng (hồng, tím), đánh nhũ, kẻ mắt mèo đậm, mascara dày. * **Má:** Má hồng đậm, đánh cao và chếch lên thái dương. * **Môi:** Son đỏ tươi hoặc hồng đậm, đánh viền rõ nét. Đừng quên nhấn mạnh"
"Phong cách makeup của ""The Faraway River"" K-drama có gì đặc biệt?","Phong cách trang điểm trong ""The Faraway River"" ( dòng sông xa xôi) tập trung vào vẻ đẹp tự nhiên, thanh lịch của những năm 1990. Da trong veo, đôi môi nhuốm màu đào hoặc cam đất, và phấn mắt tông màu ấm áp là những điểm nhấn. Kỹ thuật trang điểm nhẹ nhàng, ưu tiên sự tươi tắn, phù hợp với bối cảnh nông thôn và tính cách nhân"
Làm sao tạo lớp nền mịn màng kiểu Hàn Quốc 80s?,"Để có lớp nền mịn màng kiểu Hàn Quốc thập niên 80, hãy tập trung vào kỹ thuật layering (phủ nhiều lớp mỏng). Bắt đầu với kem dưỡng ẩm, sau đó dùng cushion hoặc foundation mỏng nhẹ. Tiếp tục với một lớp phấn bột tơi để khóa lớp nền. Đừng quên tán đều và kỹ để tránh vệt, tạo hiệu ứng da không tì vết, căng bóng tự nhiên."
Tại sao phấn mắt tím nhạt lại phổ biến trong Hàn Quốc 80s?,"Phấn mắt tím nhạt rất phổ biến ở Hàn Quốc những năm 80 vì nó tượng trưng cho sự tinh tế, lãng mạn và nữ tính, phù hợp với thẩm mỹ thời đó. Màu sắc này cũng được coi là tôn lên vẻ đẹp tự nhiên của đôi mắt, đồng thời thể hiện sự hiện đại và thời thượng trong bối cảnh xã hội đang phát triển."
Làm sao tái tạo phong cách makeup của Choi Soo-jong thập niên 80?,"Để tái hiện phong cách makeup của Choi Soo-jong thập niên 80, tập trung vào: * **Nền:** Sử dụng phấn nền lì, che phủ hoàn toàn. * **Mắt:** Phấn mắt màu hồng đào/cam đất, đánh nhũ, kẻ mắt mèo đậm và mascara dày. * **Má:** Phấn má hồng đậm, đánh cao và chếch lên. * **Môi:** Son đỏ tươi hoặc hồng san hô, đánh lòng môi. * **Điểm nhấn:** Lông"
"Phong cách makeup của ""Sandglass"" K-drama thập niên 80 có gì đặc biệt?","Phong cách makeup ""Sandglass"" thập niên 80 nổi bật với sự tương phản mạnh mẽ. Lớp nền trắng sáng, má hồng đậm (thường là màu hồng đào hoặc cam), và son môi đỏ tươi là những yếu tố chủ chốt. Mắt được nhấn nhá bằng phấn mắt màu tối, kẻ eyeliner dày và mascara cong vút, tạo vẻ đẹp sắc sảo, quyến rũ đặc trưng của thời đại."
Làm sao chọn son hồng phấn cho da sáng kiểu Hàn Quốc 80s?,"Với da sáng kiểu Hàn Quốc 80s, hãy chọn son hồng phấn có undertone lạnh hoặc trung tính. Các sắc thái như hồng baby, hồng đào nhạt, hoặc hồng san hô sẽ tạo hiệu ứng tươi trẻ, tự nhiên. Ưu tiên chất son mịn, ẩm để đôi môi căng mọng, tránh son quá lì gây khô môi và làm mất đi vẻ ngoài thanh lịch."
Tại sao makeup Hàn Quốc 80s chuộng màu nhạt?,"Makeup Hàn Quốc thập niên 80 chuộng màu nhạt vì chịu ảnh hưởng từ làn sóng văn hóa Nhật Bản và xu hướng ""idol"" thời đó. Màu sắc tươi sáng bị coi là quá phô trương, thay vào đó, các cô gái hướng đến vẻ đẹp trong trẻo, tự nhiên với tông màu pastel, hồng đào nhẹ nhàng, nhấn mạnh sự tinh khiết và nữ tính."
Làm sao tạo phong cách makeup của Lee Deok-hwa thập niên 80?,"Để tái hiện phong cách makeup Lee Deok-hwa thập niên 80, hãy tập trung vào: * **Nền:** Sử dụng phấn nền dày, tông màu sáng hơn da. * **Mắt:** Phấn mắt màu xanh dương hoặc tím đậm, đánh nhũ. Kẻ eyeliner đen dày, kéo dài. * **Má:** Phấn má hồng đậm, đánh cao và chếch. * **Môi:** Son đỏ tươi hoặc hồng đậm, đánh rõ viền. Đừng quên lông mày"
Kỹ thuật tán phấn mắt pastel Hàn Quốc 80s là gì?,"Kỹ thuật tán phấn mắt pastel Hàn Quốc thập niên 80 tập trung vào sự mềm mại, nữ tính. Bắt đầu với phấn mắt pastel (hồng, tím lavender, xanh mint) tán đều từ mí mắt dưới lên đến hốc mắt, tạo hiệu ứng ombre nhẹ nhàng. Điểm nhấn là đường viền mắt dưới rõ nét bằng phấn cùng tông, tạo đôi mắt to tròn, mơ màng đặc trưng."
"Phong cách makeup của ""The House of Dawn"" K-drama có gì đặc biệt?","Phong cách trang điểm trong ""The House of Dawn"" (Nhà Mặt Trời) tập trung vào vẻ đẹp tự nhiên, thanh lịch nhưng vẫn toát lên sự bí ẩn, cổ điển. Da trong suốt, đôi mắt nhấn nhá nhẹ nhàng bằng tông màu trầm ấm, môi phớt nhẹ màu hồng đào hoặc cam đất là những điểm đặc trưng. Phong cách này tôn lên vẻ đẹp mong manh, u buồn của"
Làm sao chọn son đỏ nhạt cho da lạnh kiểu Hàn Quốc 80s?,"Với da lạnh kiểu Hàn Quốc 80s, hãy chọn son đỏ nhạt có undertone xanh hoặc tím. Các sắc thái như hồng đào, cam san hô pha đỏ, hoặc đỏ cherry sẽ giúp da sáng hơn, che đi vẻ tái và tạo hiệu ứng ""gương mặt ửng hồng"" tự nhiên, đặc trưng của phong cách trang điểm Hàn Quốc thập niên 80."
Tại sao makeup Hàn Quốc 80s ít dùng eyeliner đậm?,"Makeup Hàn Quốc thập niên 80 tập trung vào vẻ đẹp tự nhiên, trong trẻo. Eyeliner đậm thường được xem là tạo cảm giác sắc sảo, không phù hợp với tiêu chuẩn ""mỹ nhân tự nhiên"" thời bấy giờ. Thay vào đó, họ ưu tiên tán mắt nhẹ nhàng với phấn mắt màu pastel và nhấn vào đôi môi căng mọng."
Làm sao tái tạo phong cách makeup của Park Geun-hyung thập niên 80?,"Để tái hiện phong cách makeup của Park Geun-hyung thập niên 80, tập trung vào: * **Nền:** Sử dụng phấn nền dày, tông màu sáng. * **Mắt:** Phấn mắt màu xanh lam hoặc tím đậm, đánh nhũ. Kẻ mắt đen dày, mi cong vút. * **Má:** Phấn má hồng đậm, đánh cao và chếch lên. * **Môi:** Son đỏ tươi hoặc hồng đậm, đánh rõ viền. Đây là phong cách"
"Phong cách makeup của ""The Dawn of the Empire"" K-drama có gì đặc biệt?","Phong cách trang điểm trong ""The Dawn of the Empire"" tập trung vào vẻ đẹp tự nhiên, thanh lịch của tầng lớp quý tộc Joseon. Da trong suốt, lông mày thẳng tự nhiên, và son môi phớt nhẹ là điểm nhấn. Màu sắc chủ yếu là tông trầm ấm, tạo cảm giác cổ điển, quyền lực nhưng vẫn giữ được nét dịu dàng, tinh tế của nhân vật."
Làm sao chọn phấn mắt nhũ cho da ngăm kiểu Hàn Quốc 80s?,"Với da ngăm kiểu Hàn Quốc 80s, hãy ưu tiên phấn mắt nhũ tông ấm như cam đất, nâu đồng, vàng gold hoặc hồng san hô. Tránh các màu quá lạnh như xanh bạc hà hay tím than. Chọn phấn có kết cấu mịn, dễ tán để đôi mắt trông sâu và có chiều hơn. Đừng quên dùng kem lót mắt để phấn bám lâu và lên màu chuẩn nhé!"
Tại sao makeup Hàn Quốc 80s chuộng son hồng?,"Makeup Hàn Quốc thập niên 80 chuộng son hồng vì phản ánh lý tưởng về vẻ đẹp nữ tính, dịu dàng thời bấy giờ. Son hồng, đặc biệt là các tông baby pink, nude hồng, tạo cảm giác trẻ trung, trong sáng, phù hợp với xu hướng ""ulzzang"" sơ khai và hình tượng ""nàng thơ"" được ưa chuộng. Màu son này cũng giúp làm nổi bật làn da trắng mịn"
Làm sao tạo phong cách makeup của Kim Hyung-ja thập niên 80?,"Để tái hiện phong cách makeup Kim Hyung-ja thập niên 80, tập trung vào mắt và má hồng. Sử dụng phấn mắt màu sáng, nổi bật như xanh dương hoặc hồng, đánh nhũ và kẻ eyeliner đậm. Má hồng đánh cao, đậm màu, tạo hiệu ứng gò má cao. Son môi đỏ tươi hoặc hồng đất là lựa chọn hoàn hảo. Đừng quên lông mày được tỉa gọn, vẽ cong"
Kỹ thuật làm môi đỏ nhạt Hàn Quốc 80s là gì?,"Kỹ thuật môi đỏ nhạt Hàn Quốc thập niên 80 tập trung vào hiệu ứng ""môi mọng như trái cherry"". Bạn dùng son đỏ tươi đánh tràn viền môi, sau đó dùng bông tăm hoặc cọ tán đều ra ngoài, tạo hiệu ứng mờ mềm, tự nhiên. Thêm chút son dưỡng để đôi môi căng bóng là hoàn chỉnh!"
"Phong cách makeup của ""The Gate of Desire"" K-drama có gì đặc biệt?","Phong cách trang điểm trong ""The Gate of Desire"" (Cánh Cổng Ham Muốn) tập trung vào vẻ đẹp cổ điển, quyến rũ của những năm 1980. Điểm nhấn là lớp nền hoàn hảo, đôi mắt mèo sắc sảo với eyeliner đậm và son môi đỏ tươi. Kỹ thuật đánh khối và highlight được sử dụng tinh tế để tạo chiều sâu cho gương mặt, tôn lên vẻ sang trọng, quyền"
Làm sao chọn mascara cho da sáng kiểu Hàn Quốc 80s?,"Để có đôi mắt kiểu Hàn Quốc thập niên 80, hãy chọn mascara đen nhánh, ưu tiên công thức dày và cong mi. Chải kỹ từ chân mi, tập trung vào phần đuôi để tạo hiệu ứng mắt xếch đặc trưng. Có thể dùng thêm lược mi để gỡ tơ thừa, giữ mi tự nhiên nhưng vẫn rõ nét, phù hợp với làn da sáng."
Tại sao makeup Hàn Quốc 80s chuộng vẻ tự nhiên?,"Makeup Hàn Quốc thập niên 80 chuộng vẻ tự nhiên vì chịu ảnh hưởng từ làn sóng Hallyu sơ khai, hướng đến hình ảnh trẻ trung, trong sáng. Khi đó, các ngôi sao Hàn Quốc muốn tạo dấu ấn khác biệt với phong cách trang điểm cầu kỳ của phương Tây. Ưu tiên làn da khỏe khoắn, đôi mắt to tròn và đôi môi tự nhiên là điểm nhấn."
Làm sao tái tạo phong cách makeup của Lee Young-ha thập niên 80?,"Để tái hiện phong cách makeup Lee Young-ha thập niên 80, tập trung vào: * **Nền:** Phấn nền lì, tông màu sáng. * **Mắt:** Phấn mắt màu pastel hoặc neon, đánh nhũ khắp bầu mắt, kẻ eyeliner đậm và dài. * **Má:** Má hồng đậm, đánh cao và chếch lên. * **Môi:** Son đỏ tươi hoặc hồng sáng, đánh tràn viền nhẹ. * **Điểm nhấn:** Lông mày vẽ cao và"
"Phong cách makeup của ""The Land"" K-drama có gì đặc biệt?","Phong cách trang điểm trong ""The Land"" tập trung vào vẻ đẹp tự nhiên, trong trẻo, tôn vinh làn da khỏe mạnh. Điểm nhấn là đôi mắt long lanh với eyeliner mảnh, hàng mi cong nhẹ và đôi môi căng mọng với son tint màu san hô hoặc đào. Màu sắc chủ yếu là tông pastel dịu dàng, phù hợp với bối cảnh thanh xuân tươi sáng của phim."
Làm sao tạo lớp nền mịn tự nhiên kiểu Hàn Quốc 80s?,"Để có lớp nền mịn tự nhiên kiểu Hàn Quốc thập niên 80, hãy tập trung vào kỹ thuật layering (xếp lớp). Bắt đầu với lớp kem dưỡng ẩm, sau đó dùng cushion hoặc foundation mỏng nhẹ. Tiếp tục với một lớp phấn bột trong suốt để khóa lớp nền. Đừng quên tán đều và kỹ ở vùng chữ T để kiểm soát dầu, tạo hiệu ứng da không tì"
Tại sao phấn mắt be lại phổ biến trong Hàn Quốc 80s?,"Phấn mắt be (taupe) trở nên phổ biến ở Hàn Quốc thập niên 80 vì nó tạo hiệu ứng đôi mắt sâu hơn, phù hợp với xu hướng trang điểm tự nhiên nhưng vẫn có chiều sâu thời bấy giờ. Màu sắc này cũng giúp làm nổi bật màu mắt đen tự nhiên của người châu Á, đồng thời dễ phối hợp với nhiều phong cách trang điểm khác nhau."
Làm sao tái tạo phong cách makeup của Shin Seong-il thập niên 80?,"Để tái hiện phong cách makeup của Shin Seong-il thập niên 80, hãy tập trung vào: * **Nền:** Sử dụng phấn nền lì, tông màu sáng. * **Mắt:** Phấn mắt màu hồng đào, tím, hoặc xanh lam, đánh nhũ. Kẻ mắt đen đậm, kéo dài. * **Má:** Má hồng hồng đào, đánh cao và chếch lên. * **Môi:** Son đỏ tươi hoặc hồng san hô, đánh lòng môi. Đừng quên"
"Phong cách makeup của ""The Woman"" K-drama có gì đặc biệt?","Phong cách trang điểm trong ""The Woman"" (Người Phụ Nữ) K-drama tập trung vào vẻ đẹp trưởng thành, quyến rũ và có phần bí ẩn. Điểm đặc biệt là lớp nền hoàn hảo, đôi mắt nhấn nhá bằng eyeliner và tông màu mắt trầm ấm, cùng đôi môi đỏ rượu sang trọng. Phong cách này tôn lên sự tự tin và quyền lực của nhân vật chính."
Làm sao chọn son hồng san hô cho da ngăm kiểu Hàn Quốc 80s?,"Với da ngăm kiểu Hàn Quốc 80s, hãy chọn son hồng san hô có undertone ấm (vàng hoặc cam) để trung hòa sắc tố da. Ưu tiên các sắc độ trung bình đến đậm, tránh hồng phấn quá sáng. Chất son lì hoặc satin sẽ giúp màu son lên chuẩn và bền màu hơn, tạo hiệu ứng đôi môi căng mọng, quyến rũ."
Tại sao makeup Hàn Quốc 80s chuộng lông mày dày?,"Makeup Hàn Quốc thập niên 80 chuộng lông mày dày, tự nhiên vì chịu ảnh hưởng từ vẻ đẹp khỏe khoắn, trẻ trung của các nữ diễn viên thời kỳ đó. Lông mày dày thể hiện sự tự tin, cá tính và tạo nên diện mạo sắc sảo, đồng thời giúp cân đối khuôn mặt, đặc biệt khi kết hợp với kiểu tóc phồng và trang điểm mắt nhấn nhá."
Làm sao tạo phong cách makeup của Kim Ji-young thập niên 80?,"Để tái hiện phong cách makeup Kim Ji-young những năm 80, tập trung vào đôi mắt và má hồng. Sử dụng phấn mắt màu hồng đào, cam đất, vẽ eyeliner đậm, và chuốt mascara dày. Má hồng ửng hồng, đánh cao lên gò má. Son môi màu đỏ cam hoặc hồng san hô là lựa chọn hoàn hảo. Đừng quên làn da trắng sáng tự nhiên!"
Kỹ thuật làm lông mày tự nhiên Hàn Quốc 80s là gì?,"Kỹ thuật lông mày tự nhiên Hàn Quốc 80s (hay còn gọi là microblading) tạo hình lông mày bằng cách sử dụng kim siêu nhỏ để tạo các đường nét mảnh, giống như sợi lông mày thật. Phương pháp này phù hợp với mọi dáng khuôn mặt, giúp lông mày trông đầy đặn, tự nhiên và bền màu từ 1-2 năm."
"Phong cách makeup của ""The Hill of the Sun"" K-drama có gì đặc biệt?","Phong cách trang điểm trong ""The Hill of the Sun"" (Private Lives) tập trung vào vẻ đẹp tự nhiên, trong trẻo, phù hợp với bối cảnh phim. Da được ưu tiên dưỡng ẩm, căng bóng, kết hợp lớp nền mỏng nhẹ. Màu mắt thường là tông nude, nâu ấm, nhấn nhá bằng eyeliner mảnh và mascara. Son môi thiên về các màu hồng đào, cam san hô, tạo cảm giác"
Làm sao chọn son đỏ nhạt cho da sáng kiểu Hàn Quốc 80s?,"Với da sáng kiểu Hàn Quốc 80s, hãy chọn son đỏ nhạt có undertone ấm (cam, đào) để tạo vẻ tươi trẻ, tự nhiên. Tránh các tông đỏ lạnh (tím, xanh) vì có thể làm da trông xỉn màu. Chất son lì hoặc satin sẽ giúp son lâu trôi và lên màu chuẩn hơn. Thử trước khi mua để tìm màu phù hợp nhất!"
Tại sao makeup Hàn Quốc 80s chuộng màu sáng?,"Makeup Hàn Quốc thập niên 80 chuộng màu sáng vì chịu ảnh hưởng từ làn sóng New Wave và sự phát triển của ngành công nghiệp giải trí. Màu sắc tươi sáng như hồng, cam đào, tím lavender tạo hiệu ứng trẻ trung, năng động trên phim ảnh và sân khấu. Xu hướng này cũng phản ánh mong muốn thoát khỏi sự gò bó của phong cách trang điểm truyền"
Làm sao tái tạo phong cách makeup của Lee Soon-jae thập niên 80?,"Để tái hiện phong cách makeup Lee Soon-jae thập niên 80, tập trung vào: * **Nền:** Phấn nền dày, tông màu sáng. * **Mắt:** Phấn mắt xanh lam/hồng đậm, đánh nhũ, kẻ mắt to và đậm. * **Má:** Má hồng đậm, đánh cao và chếch lên. * **Môi:** Son đỏ tươi hoặc hồng sáng, đánh viền rõ nét. Đừng quên lông mày được vẽ đậm và sắc sảo!"
"Phong cách makeup của ""The Family"" K-drama có gì đặc biệt?","Phong cách trang điểm trong ""The Family"" K-drama tập trung vào vẻ đẹp tự nhiên, thanh lịch, phù hợp với bối cảnh gia đình tài phiệt. Da trong veo, lông mày thẳng tự nhiên, và son môi màu nude hoặc hồng đào là những điểm nhấn. Thay vì cầu kỳ, makeup nhấn mạnh sự tinh tế, thể hiện đẳng cấp và sự kín đáo của các nhân vật."
Làm sao tạo phong cách makeup của Kim Soo-hyun thập niên 80?,"Để tái hiện phong cách makeup Kim Soo-hyun thập niên 80, tập trung vào: * **Nền:** Sử dụng phấn nền lì, tông màu sáng tự nhiên. * **Mắt:** Phấn mắt màu hồng đào/nâu nhạt, đánh nhũ nhẹ nhàng. Kẻ eyeliner mảnh, hơi cong. * **Má:** Phấn má hồng đào, đánh cao và chếch lên tạo gò má rõ nét. * **Môi:** Son đỏ cam hoặc hồng san hô, đánh lòng"
"Phong cách makeup của ""The Wind Orchid"" K-drama có gì đặc biệt?","Phong cách trang điểm trong ""The Wind Orchid"" tập trung vào vẻ đẹp tự nhiên, thanh lịch của phụ nữ Joseon. Da trong suốt, lông mày thẳng tự nhiên, và son môi phớt nhẹ là điểm nhấn. Màu sắc chủ yếu là tông đất, đào, và hồng san hô, tạo cảm giác dịu dàng, tinh tế, phù hợp với bối cảnh lịch sử và nhân vật chính."
Làm sao chọn phấn mắt pastel cho da lạnh kiểu Hàn Quốc 80s?,"Với da lạnh kiểu Hàn Quốc 80s, hãy ưu tiên phấn mắt pastel có undertone xanh hoặc tím. Các màu như lavender, baby blue, peach hồng pha tím sẽ làm nổi bật sắc da. Tránh các màu quá ấm như cam đất hay vàng mật ong. Nên chọn chất phấn mịn, dễ tán để tạo hiệu ứng nhẹ nhàng, trong trẻo đặc trưng."
Tại sao makeup Hàn Quốc 80s ít dùng phấn phủ đậm?,"Makeup Hàn Quốc thập niên 80 tập trung vào vẻ đẹp tự nhiên, trong trẻo. Khi đó, phấn phủ đậm bị xem là tạo lớp trang điểm dày, thiếu tinh tế. Thay vào đó, các chuyên gia trang điểm Hàn Quốc ưu tiên sử dụng kem nền mỏng nhẹ, kết hợp kỹ thuật che khuyết điểm tỉ mỉ để giữ lớp nền mịn màng, căng bóng tự nhiên."
Làm sao tái tạo phong cách makeup của Choi Bul-am thập niên 80?,"Để tái hiện phong cách makeup Choi Bul-am thập niên 80, tập trung vào đôi mắt và má hồng. Sử dụng phấn mắt màu pastel hoặc neon, đánh đậm và kéo dài đuôi mắt. Kẻ mắt đen dày dặn, chuốt mascara tơi. Má hồng ửng hồng, đánh cao và rộng. Son môi đỏ tươi hoặc hồng san hô hoàn thiện vẻ ngoài quyến rũ, lộng lẫy đặc trưng."
"Phong cách makeup của ""The Stars"" K-drama có gì đặc biệt?","Phong cách trang điểm trong ""The Stars"" K-drama tập trung vào vẻ đẹp tự nhiên, trong trẻo nhưng vẫn toát lên sự sang trọng, quyến rũ. Da căng bóng ""glass skin"" là yếu tố then chốt, kết hợp với đôi mắt long lanh, hàng mi cong vút và đôi môi màu nude hoặc hồng đào. Điểm nhấn là kỹ thuật highlight tinh tế, tạo chiều sâu cho gương mặt."
Làm sao chọn son hồng phấn cho da dầu kiểu Hàn Quốc 80s?,"Da dầu kiểu Hàn Quốc 80s thường bóng, cần son lì, mịn. Chọn son hồng phấn có chút tím hoặc cam đào để trung hòa da, tạo vẻ tươi trẻ. Ưu tiên chất son matte, velvet hoặc kem lì, tránh bóng nhũ. Thoa son mỏng, dùng giấy thấm dầu trước khi đánh để son bám lâu hơn."
Tại sao makeup Hàn Quốc 80s chuộng vẻ quý phái?,"Makeup Hàn Quốc thập niên 80 chuộng vẻ quý phái vì chịu ảnh hưởng từ làn sóng Hallyu đầu tiên và mong muốn xây dựng hình ảnh quốc gia sang trọng, hiện đại. Đường nét trang điểm tập trung vào mắt sâu, môi đỏ quyến rũ, má hồng ửng tự nhiên, tạo nên vẻ đẹp thanh lịch, kiêu sa, khác biệt với phong cách tự nhiên trước đó."
Làm sao tạo phong cách makeup của Lee Nak-hoon thập niên 80?,"Để tái hiện phong cách makeup của Lee Nak-hoon thập niên 80, hãy tập trung vào đôi mắt và má hồng. Sử dụng phấn mắt màu xanh lam hoặc tím nhạt, đánh nhũ mắt và kẻ eyeliner đậm. Má hồng nên đánh đậm, theo đường chéo từ gò má lên thái dương. Son môi màu đỏ tươi hoặc hồng san hô sẽ hoàn thiện vẻ ngoài lãng tử, đặc trưng"
Kỹ thuật làm môi hồng nhạt Hàn Quốc 80s là gì?,"Kỹ thuật môi hồng nhạt Hàn Quốc thập niên 80 tập trung tạo hiệu ứng ""môi gặm"" tự nhiên. Bắt đầu bằng đánh lớp base nude, sau đó dùng son kem hoặc tint màu hồng đào/cam đào đánh đều lòng môi, mờ dần về phía viền. Cuối cùng, dùng khăn giấy thấm bớt để tạo hiệu ứng lì, nhẹ nhàng và trẻ trung."
"Phong cách makeup của ""The Tree Blooming with Love"" K-drama có gì đặc biệt?","Phong cách trang điểm trong ""The Tree Blooming with Love"" tập trung vào vẻ đẹp tự nhiên, trong trẻo, nhấn mạnh sự tươi mới của tuổi trẻ. Da căng bóng, mịn màng là yếu tố then chốt, kết hợp với đôi mắt long lanh, hàng mi cong nhẹ và đôi môi phớt màu. Son tint bóng hoặc son dưỡng được ưu tiên để tạo hiệu ứng đôi môi căng mọng,"
Làm thế nào để tái tạo phong cách môi nâu đậm thập niên 90?,"Để tái hiện phong cách môi nâu đậm thập niên 90, bạn cần: 1. **Tẩy tế bào chết & dưỡng ẩm:** Đảm bảo môi mềm mịn. 2. **Kẻ viền môi:** Sử dụng bút chì nâu đậm hơn màu son. 3. **Tô son:** Chọn son kem hoặc son thỏi màu nâu chocolate, nâu gạch. 4. **Hoàn thiện:** Có thể dùng thêm son bóng nếu muốn."
Son màu nào là biểu tượng của makeup thập niên 90?,"Son màu nâu gạch, màu mận chín và các tông nude trầm là biểu tượng của makeup thập niên 90. Phong cách này thường kết hợp với son bóng hoặc son lì mờ, tạo nên vẻ đẹp có phần u tối, bí ẩn nhưng vẫn rất thời thượng. Các sắc thái này phản ánh xu hướng minimalism và grunge đang thịnh hành lúc bấy giờ."
Phấn mắt màu xanh lam thập niên 90 được dùng như thế nào?,"Phấn mắt xanh lam thập niên 90 thường được đánh full bầu mắt, từ hốc mắt đến chân mày, tạo hiệu ứng nổi bật. Bạn có thể kết hợp với phấn mắt trắng hoặc ngọc trai ở hốc mắt để làm sáng. Để giảm độ ""nổi loạn"", hãy dùng màu xanh lam nhạt hơn hoặc kết hợp với eyeliner đen và son môi nude."
Tại sao môi viền đậm hơn son lại phổ biến trong thập niên 90?,"Xu hướng môi viền đậm hơn son những năm 90 phản ánh sự nổi lên của phong cách grunge và minimal. Việc sử dụng viền môi đậm giúp định hình và làm nổi bật đôi môi, thường kết hợp với son nude hoặc màu trầm, tạo nên vẻ đẹp có phần nổi loạn, cá tính và phá cách so với vẻ ngoài hoàn hảo trước đó."
Kỹ thuật kẻ eyeliner cánh ngắn thập niên 90 khác hiện đại thế nào?,"Kẻ eyeliner cánh ngắn thập niên 90 thường dày hơn, đường kẻ tập trung nhiều ở mi mắt trên và kéo dài một đường ngắn, hơi cong lên trên. Hiện đại, eyeliner cánh thường mảnh hơn, sắc sảo hơn, có thể kéo dài và nhọn hơn, tạo hiệu ứng mắt to và sâu hơn. Thập niên 90 chuộng vẻ tự nhiên, còn hiện đại đề cao sự tinh tế."
Phong cách lông mày thập niên 90 có đặc điểm gì?,"Lông mày thập niên 90 nổi bật với vẻ mỏng, sắc sảo và được tỉa gọn gàng, tạo hình cong cao. Màu lông mày thường nhạt hơn màu tóc tự nhiên, đôi khi được tẩy trắng hoàn toàn. Phong cách này tạo nên đôi mắt to tròn, biểu cảm mạnh mẽ, là xu hướng làm đẹp được nhiều ngôi sao ưa chuộng thời bấy giờ."
Má hồng thập niên 90 thường được đánh ra sao?,"Má hồng thập niên 90 thường được đánh đậm và tập trung hơn so với xu hướng hiện tại. Thay vì đánh nhẹ nhàng lên gò má, người ta đánh má hồng kéo dài từ gò má lên đến gần thái dương, tạo khối màu sắc nổi bật. Màu sắc phổ biến là hồng đào, hồng san hô hoặc cam đất."
Sản phẩm nào không thể thiếu trong túi makeup thập niên 90?,"Trong túi makeup thập niên 90, son bóng (lip gloss) là không thể thiếu, đặc biệt là các màu nude, hồng baby hoặc tím. Kẻ mắt nước màu đen đậm, phấn mắt màu nâu đồng hoặc tím than, và phấn má hồng đào cũng là những item ""must-have"". Đừng quên mascara để tạo đôi mắt to tròn!"
Phong cách makeup grunge thập niên 90 là gì?,"Phong cách makeup grunge thập niên 90 nổi bật với vẻ đẹp ""bẩn"" có chủ ý, phản ánh tinh thần nổi loạn của thời đại. Điểm nhấn là mắt smoky đậm với màu xám, nâu hoặc burgundy, thường lem nhẹ. Son môi màu nude, nâu đất hoặc đỏ burgundy mờ, kết hợp với lớp nền mỏng tự nhiên, đôi khi để lộ khuyết điểm."
Làm sao tạo lớp nền mỏng tự nhiên kiểu 90s?,"Để có lớp nền mỏng tự nhiên kiểu 90s, hãy ưu tiên dưỡng ẩm kỹ lưỡng. Dùng kem nền mỏng nhẹ, có thể mix cùng kem dưỡng để giảm độ dày. Thoa đều bằng mút hoặc ngón tay, tập trung vào vùng cần che phủ. Hoàn thiện với chút phấn phủ dạng bột để kiềm dầu và giữ lớp nền bền vững."
Tại sao phấn mắt nhũ lại thịnh hành trong thập niên 90?,"Phấn mắt nhũ bùng nổ trong thập niên 90 nhờ sự ảnh hưởng lớn từ văn hóa pop và phong cách thời trang nổi loạn. Các ca sĩ nhạc pop như Britney Spears, Christina Aguilera thường xuyên sử dụng, tạo nên xu hướng. Chất liệu nhũ lấp lánh thể hiện sự tự tin, cá tính và tinh thần phóng khoáng của giới trẻ thời bấy giờ."
Mascara màu nào được ưa chuộng trong thập niên 90?,"Trong thập niên 90, mascara màu nâu sẫm và đen tuyền là những lựa chọn phổ biến nhất. Các cô gái thường chuộng mascara đen để tạo đôi mắt sắc sảo, cá tính. Bên cạnh đó, mascara nâu sẫm cũng được ưa chuộng để có vẻ ngoài tự nhiên, nhẹ nhàng hơn, phù hợp với xu hướng trang điểm tối giản của thời kỳ đó."
Kiểu makeup nào phổ biến trong video nhạc thập niên 90?,"Trong video nhạc thập niên 90, kiểu makeup phổ biến là **tông màu đất, nâu và nude**. Mắt thường được đánh mắt khói nhẹ nhàng với màu nâu hoặc xám, kết hợp eyeliner mỏng. Son môi thường là màu nude, nâu hoặc đỏ gạch. Điểm nhấn là **làn da tự nhiên, ít phấn**, đôi khi có chút má hồng đào để tạo vẻ khỏe khoắn."
Làm sao tái tạo phong cách makeup của Jennifer Aniston thập niên 90?,"Để tái tạo phong cách makeup của Jennifer Aniston thập niên 90, hãy tập trung vào vẻ đẹp tự nhiên. Nền mịn lì, má hồng đào nhẹ nhàng, mắt nhấn bằng phấn mắt nâu đồng hoặc beige, và hàng lông mày được chải tự nhiên. Son môi nude hoặc hồng đào là lựa chọn hoàn hảo. Đừng quên sử dụng mascara để làm dài mi và tạo đôi mắt to"
Lip gloss trong suốt thập niên 90 được dùng thế nào?,"Lip gloss trong suốt những năm 90 thường được dùng để tạo hiệu ứng đôi môi căng mọng, bóng bẩy, thường kết hợp với son môi màu nude hoặc hồng nhạt. Một số người còn dùng riêng lip gloss để có đôi môi tự nhiên, khỏe mạnh. Xu hướng này nhấn mạnh vẻ đẹp tự nhiên, tươi trẻ và đôi khi được dùng để ""tô điểm"" thêm cho son môi"
Tại sao makeup thập niên 90 thường nhấn mạnh vào môi?,"Makeup thập niên 90 tập trung vào môi vì nó là biểu tượng của sự nổi loạn, cá tính và vẻ đẹp quyến rũ. Son môi đậm, đặc biệt là màu nâu, đỏ gạch và tím berry, được sử dụng để tạo điểm nhấn mạnh mẽ, tương phản với làn da mỏng nhẹ và đôi mắt trang điểm tối giản. Đây là cách thể hiện bản thân độc đáo của"
Kiểu eyeliner kohl smudge thập niên 90 được tạo ra sao?,"Eyeliner kohl smudge thập niên 90 tạo hiệu ứng mắt khói mềm mại, bí ẩn. Bạn dùng eyeliner kohl (sáp) đen kẻ sát đường chân mi trên và dưới, sau đó dùng cọ nhỏ hoặc tăm bông tán đều, nhòe ra. Quan trọng là tạo độ đậm nhạt tùy ý, không cần đường kẻ sắc nét. Thêm chút phấn mắt tối màu để tăng chiều sâu."
Phong cách makeup của TLC trong thập niên 90 có gì đặc biệt?,"Phong cách makeup của TLC những năm 90 nổi bật với sự tối giản, tập trung vào làn da khỏe mạnh và đôi mắt sắc sảo. Họ thường dùng phấn mắt màu đất, nâu hoặc tím than, kết hợp eyeliner đen đậm và son bóng nude hoặc màu berry. Điểm nhấn là đôi môi căng mọng, không quá cầu kỳ, tạo nên vẻ đẹp tự nhiên, mạnh mẽ và cá"
Làm sao tạo phong cách makeup của Drew Barrymore thập niên 90?,"Để tái hiện phong cách makeup của Drew Barrymore những năm 90, hãy tập trung vào vẻ đẹp tự nhiên, có chút ""nổi loạn"". Sử dụng phấn mắt màu nâu đồng hoặc tím nhạt, đánh nhũ mắt nhẹ. Kẻ mắt mèo mảnh, son môi màu nude hoặc đỏ gạch. Điểm nhấn là làn da mộc mạc, tàn nhang được giữ lại, cùng đôi má ửng hồng tự nhiên."
Tại sao phấn mắt màu tím lại phổ biến trong thập niên 90?,"Phấn mắt màu tím bùng nổ trong thập niên 90 nhờ ảnh hưởng lớn từ văn hóa pop. Các biểu tượng như Britney Spears, Christina Aguilera thường xuyên sử dụng, tạo nên xu hướng. Màu tím tượng trưng cho sự nổi loạn, cá tính và vẻ đẹp độc đáo, phù hợp với tinh thần thời đại. Đồng thời, sự phát triển của ngành công nghiệp âm nhạc cũng góp phần"
Mỹ phẩm nào là biểu tượng của thập niên 90?,"Thập niên 90 chứng kiến sự lên ngôi của son môi màu nâu đất, son bóng, phấn mắt màu khói và kẻ mắt đen đậm. MAC Lipstick (đặc biệt màu Ruby Woo), phấn mắt của Revlon và Benefit, cùng với phấn má hồng Benefit Benetint là những biểu tượng không thể thiếu. Làn da tự nhiên, ít trang điểm cũng là xu hướng chủ đạo."
Làm sao tái tạo phong cách makeup của Spice Girls?,"Để tái hiện phong cách Spice Girls, hãy tập trung vào cá tính! * **Ginger Spice:** Son đỏ tươi, mắt mèo sắc sảo. * **Baby Spice:** Má hồng baby, bóng mắt nhũ, môi hồng. * **Scary Spice:** Mắt khói đậm, son nude hoặc nâu. * **Sporty Spice:** Trang điểm tối giản, tập trung vào làn da khỏe khoắn. * **Posh Spice:** Mắt khói nhẹ, son nude, đường kẻ môi sắc"
Kiểu tóc nào thường kết hợp với makeup thập niên 90?,"Makeup thập niên 90 thường kết hợp với các kiểu tóc đơn giản, tự nhiên hoặc có chút nổi loạn. Tóc thẳng rẽ ngôi giữa, tóc bob ngắn, hoặc tóc xoăn nhẹ buông xõa là những lựa chọn phổ biến. Thêm vào đó, những phụ kiện như kẹp tóc, dây buộc đầu nhỏ nhắn cũng rất ""chất"" trong thời kỳ này."
Tại sao makeup thập niên 90 chuộng màu sắc đậm?,"Makeup thập niên 90 chuộng màu sắc đậm như nâu đất, đỏ burgundy, và tím plum vì phản ánh tinh thần nổi loạn, cá tính mạnh mẽ của thời đại. Nó là sự phá cách so với vẻ ngoài tươi sáng của những năm 80, đồng thời chịu ảnh hưởng lớn từ văn hóa grunge, âm nhạc rock và các biểu tượng như Kate Moss."
Làm sao tạo phong cách makeup của Alicia Silverstone trong Clueless?,"Để tái hiện phong cách makeup của Alicia Silverstone trong Clueless, tập trung vào làn da tự nhiên, đôi mắt nhẹ nhàng và đôi môi căng mọng. Sử dụng kem nền mỏng nhẹ, phấn má hồng đào, và mắt kẻ viền màu nâu nhạt. Đừng quên mascara để làm dài mi và son bóng màu hồng nude để hoàn thiện vẻ ngoài tươi trẻ, trong sáng đặc trưng của Cher"
Kỹ thuật baking có được dùng trong makeup thập niên 90 không?,"Kỹ thuật ""baking"" (dùng phấn bột dày để khóa lớp nền) **không** phổ biến trong makeup thập niên 90. Xu hướng lúc bấy giờ là lớp nền mỏng nhẹ, tự nhiên, tập trung vào đôi mắt khói và son môi đậm. ""Baking"" chỉ thực sự nổi lên vào những năm 2010 nhờ các beauty blogger và xu hướng contouring, highlighting."
Phong cách makeup của Gwen Stefani thập niên 90 có gì nổi bật?,"Phong cách trang điểm của Gwen Stefani những năm 90 nổi bật với đôi môi đỏ thẫm sắc nét, kết hợp hoàn hảo với làn da trắng sứ và đôi lông mày đậm, được vẽ góc cạnh. Cô thường sử dụng eyeliner đen dày, đánh xếch, tạo đôi mắt mèo sắc sảo. Phong cách này mang đậm dấu ấn cá tính, nổi loạn và là biểu tượng của thời đại."
Làm sao chọn son môi nâu cho da sáng kiểu 90s?,"Với da sáng kiểu 90s, son nâu nên chọn tone ấm, có chút đỏ gạch hoặc cam đất để tránh bị tái. Ưu tiên chất son lì hoặc satin, tránh bóng quá nhiều. Thử các màu như nâu đào, nâu caramel, hoặc nâu gỗ. Quan trọng là đánh lòng môi hoặc dùng cọ để tạo hiệu ứng ombre mềm mại, giúp đôi môi thêm gợi cảm."
Tại sao lông mày mỏng lại là xu hướng trong thập niên 90?,"Lông mày mỏng manh, sắc sảo là biểu tượng của vẻ đẹp thời thượng trong thập niên 90, chịu ảnh hưởng lớn từ các siêu mẫu như Kate Moss. Xu hướng này phản ánh gu thẩm mỹ tối giản, hiện đại của thời kỳ đó, đối lập với lông mày rậm tự nhiên của thập niên 80. Việc tỉa tót lông mày cũng trở nên phổ biến hơn nhờ các"
Màu má hồng nào hợp với son nâu thập niên 90?,"Son nâu thập niên 90 thường hợp với má hồng tông ấm, tạo sự hài hòa cổ điển. Bạn có thể chọn các màu như: * **Cam đào:** Mang đến vẻ tươi trẻ, năng động. * **Hồng đất:** Tạo hiệu ứng đôi má ửng hồng tự nhiên, quyến rũ. * **Nâu đào:** Tông da tông màu, tinh tế và sang trọng. Tránh các màu quá sáng hoặc lạnh để không"
Làm sao tái tạo phong cách makeup của Winona Ryder thập niên 90?,"Để tái hiện phong cách makeup của Winona Ryder những năm 90, hãy tập trung vào làn da tự nhiên, đôi môi màu berry hoặc nude, và mắt nhạt. Sử dụng phấn nền mỏng nhẹ, đánh má hồng đào nhẹ nhàng. Điểm nhấn là lông mày tự nhiên, không quá sắc nét, và mascara đen huyền thoại. Đừng quên son bóng để hoàn thiện vẻ đẹp cổ điển này!"
Phong cách makeup hip-hop thập niên 90 có đặc điểm gì?,"Phong cách makeup hip-hop thập niên 90 nổi bật với làn da lì, mịn màng, đôi mắt được nhấn nhá bằng phấn mắt màu tối (nâu, tím, xám) và đường kẻ mắt sắc sảo. Son môi thường là màu nude, nâu đất hoặc burgundy. Điểm nhấn là đôi môi được viền rõ nét và đôi lông mày đậm, góc cạnh, tạo nên vẻ ngoài mạnh mẽ, cá tính."
Kiểu môi ombre có phổ biến trong thập niên 90 không?,"Có, kiểu môi ombre rất phổ biến trong thập niên 90! Phong cách này thường kết hợp màu son đậm ở viền môi, chuyển dần sang màu nhạt hơn ở trung tâm, tạo hiệu ứng đôi môi đầy đặn và quyến rũ. Son đỏ nâu, tím plum và hồng đất là những lựa chọn phổ biến cho kiểu trang điểm này."
Làm sao tạo phong cách makeup của Madonna thập niên 90?,"Để tái hiện phong cách makeup của Madonna thập niên 90, tập trung vào làn da hoàn hảo, đánh khối rõ nét và đôi môi đậm. Sử dụng kem nền lì, phấn má hồng tông hồng đào. Kẻ mắt mèo sắc sảo, chuốt mascara dày. Son đỏ tươi hoặc màu burgundy là điểm nhấn hoàn hảo. Đừng quên lông mày được tỉa gọn gàng, sắc sảo!"
Tại sao phấn mắt nhũ bạc lại được yêu thích trong thập niên 90?,"Phấn mắt nhũ bạc thống trị thập niên 90 vì nó tượng trưng cho sự nổi loạn, phá cách và tinh thần disco đang hồi sinh. Màu bạc lấp lánh tạo hiệu ứng đôi mắt nổi bật, thu hút ánh nhìn, phù hợp với xu hướng trang điểm đậm và phong cách thời trang táo bạo của thời kỳ đó. Nó cũng là lựa chọn phổ biến trong các MV"
Làm sao tạo lớp nền matte kiểu thập niên 90?,"Để tạo lớp nền matte kiểu thập niên 90, hãy bắt đầu với lớp kem lót kiềm dầu. Tiếp theo, dùng phấn nền dạng bột hoặc kem với độ che phủ cao, tán đều bằng cọ hoặc mút. Đừng quên phấn phủ bột để khóa lớp nền và loại bỏ bóng dầu. Quan trọng là dặm phấn kỹ ở vùng chữ T để đạt hiệu ứng matte hoàn hảo."
Phong cách makeup của Courtney Love thập niên 90 là gì?,"Phong cách trang điểm của Courtney Love những năm 90 mang đậm chất grunge, nổi loạn và có phần ""bừa bộn"" có chủ ý. Cô thường sử dụng son môi đỏ thẫm, kẻ mắt đen lem nhem, phấn mắt tối màu và đôi khi là đánh má hồng đậm. Làn da thường để tự nhiên, không quá cầu kỳ, tạo nên vẻ đẹp cá tính, mạnh mẽ và không theo"
Làm sao chọn lip gloss cho phong cách 90s?,"Để chọn lip gloss cho phong cách 90s, hãy ưu tiên các màu nude, hồng baby, hoặc màu nâu caramel. Chất gloss nên bóng, hơi dính và có thể có nhũ nhẹ. Tránh các màu quá đậm hoặc lì. Son bóng trong suốt (clear gloss) cũng là lựa chọn hoàn hảo để tạo hiệu ứng môi căng mọng, tự nhiên đặc trưng của thập niên 90."
Tại sao makeup thập niên 90 ít dùng highlighter?,"Makeup thập niên 90 tập trung vào vẻ đẹp tự nhiên, tối giản. Xu hướng thời kỳ đó ưa chuộng làn da matte (lì) và màu sắc trung tính. Highlighter, với hiệu ứng bắt sáng, được xem là quá cầu kỳ, không phù hợp với tinh thần ""ít makeup trông như không makeup"" của thập niên 90. Thay vào đó, người ta chú trọng đánh phấn má hồng nhẹ nhàng"
Làm sao tái tạo phong cách makeup của Pamela Anderson thập niên 90?,"Để tái hiện phong cách makeup Pamela Anderson thập niên 90, tập trung vào đôi mắt khói nhẹ nhàng với tông màu nâu ấm, kết hợp eyeliner đen mảnh và mascara dày. Da mặt hoàn hảo với lớp nền matte, má hồng đào nổi bật và son môi nude hoặc hồng baby. Đừng quên nhấn nhá đôi môi căng mọng!"
Màu phấn mắt nào hợp với son đỏ thập niên 90?,"Son đỏ thập niên 90 thường hợp với phấn mắt tông màu trung tính để tạo sự cân bằng. Các lựa chọn tuyệt vời bao gồm: * **Nâu:** Từ nâu nhạt đến nâu đậm, tạo vẻ cổ điển. * **Xám:** Xám tro hoặc xám khói, mang đến vẻ bí ẩn. * **Be:** Be nude hoặc be đào, làm nổi bật đôi môi đỏ. Tránh phấn mắt quá sặc sỡ để"
Làm sao tạo phong cách makeup của Destiny’s Child thập niên 90?,"Để tái hiện phong cách makeup của Destiny’s Child những năm 90, hãy tập trung vào đôi mắt khói nhẹ nhàng với tông màu nâu hoặc tím, kết hợp eyeliner đen mảnh. Da mặt hoàn hảo với lớp nền lì, má hồng đào hoặc hồng cam. Son bóng hoặc son kem màu nude, nâu hoặc đỏ gạch là lựa chọn hoàn hảo. Đừng quên nhấn mạnh hàng lông mi cong"
Kỹ thuật smudging eyeliner thập niên 90 được làm thế nào?,"Kỹ thuật smudging eyeliner thập niên 90 tạo hiệu ứng mắt khói mềm mại bằng cách vẽ eyeliner (thường là chì đen) đậm dọc theo đường mi trên và mi dưới. Sau đó, dùng cọ nhỏ, bông tăm hoặc đầu ngón tay tán đều đường eyeliner ra ngoài, tạo độ nhòe mờ. Thêm phấn mắt tối màu để tăng chiều sâu và độ sắc nét."
Tại sao son đỏ gạch lại được yêu thích trong thập niên 90?,"Son đỏ gạch là biểu tượng của thập niên 90 nhờ sự kết hợp giữa nét cổ điển và hiện đại. Màu son này tôn da, dễ phối đồ với trang phục tối giản thịnh hành thời đó, đồng thời thể hiện sự tự tin, mạnh mẽ của phụ nữ. Các biểu tượng như Drew Barrymore, Winona Ryder thường xuyên lăng xê, góp phần tạo nên cơn sốt son đỏ"
Làm sao tạo phong cách makeup của Kate Moss thập niên 90?,"Để tái hiện phong cách makeup của Kate Moss thập niên 90, hãy tập trung vào vẻ đẹp tự nhiên, ""mặt mộc có chủ đích"". Sử dụng lớp nền mỏng nhẹ, má hồng đào phớt, và son môi nude hoặc màu berry trầm. Điểm nhấn là mắt: kẻ eyeliner mỏng, hơi lem nhẹ, và chuốt mascara để tạo hàng mi cong tự nhiên. Đừng quên lông mày tự nhiên, không"
Phong cách makeup pop thập niên 90 có gì đặc biệt?,"Phong cách makeup pop thập niên 90 nổi bật với sự tươi trẻ, màu sắc rực rỡ và đôi chút nổi loạn. Điểm nhấn là son bóng, phấn mắt màu pastel hoặc neon, kẻ mắt đen dày và má hồng đậm. Lớp nền thường mỏng nhẹ, tập trung vào đôi môi và mắt để tạo vẻ ngoài năng động, cá tính."
Làm sao chọn mascara cho phong cách 90s?,"Để có đôi mắt kiểu 90s, hãy chọn mascara đen nhánh, ưu tiên công thức dày mi và độ cong vừa phải. Tránh các loại quá volumizing hoặc quá dài. Chuốt kỹ từng lớp, tập trung vào mi trên, có thể dùng lược mi để tách sợi mi sau khi khô, tạo hiệu ứng mi dày tự nhiên, hơi ""nhện chân"" đặc trưng."
Tại sao makeup thập niên 90 chuộng viền môi đậm?,"Makeup thập niên 90 chuộng viền môi đậm vì một vài lý do. Xu hướng thời trang lúc bấy giờ đề cao sự nổi bật và cá tính. Viền môi đậm, thường với màu sắc tương phản với son, giúp định hình và làm đầy đặn đôi môi, tạo điểm nhấn mạnh mẽ cho khuôn mặt. Ngoài ra, nó cũng là biểu tượng của phong cách grunge và alternative đang"
Làm sao tái tạo phong cách makeup của Aaliyah thập niên 90?,"Để tái hiện phong cách makeup của Aaliyah thập niên 90, hãy tập trung vào làn da mịn màng, tự nhiên. Sử dụng kem nền mỏng nhẹ, phấn má hồng đào hoặc nâu nhạt. Đôi mắt nhấn nhá với phấn mắt màu nâu đồng, eyeliner đen mảnh và mascara. Son môi nude hoặc màu berry trầm là lựa chọn hoàn hảo. Đừng quên đôi lông mày tự nhiên, không quá"
Phong cách makeup của Clueless có ảnh hưởng thế nào đến 90s?,"Phong cách trang điểm trong phim ""Clueless"" (Vô Tri) đã định hình thẩm mỹ 90s với vẻ đẹp tươi trẻ, trong sáng. Son bóng, má hồng đào, lông mày tự nhiên và nhấn mạnh vào đôi mắt với phấn mắt nhũ nhẹ là những đặc trưng. Nó tạo nên xu hướng ""clean girl aesthetic"" thời bấy giờ, đề cao vẻ đẹp tự nhiên, khỏe khoắn và thanh lịch."
Làm sao tạo phong cách makeup của Janet Jackson thập niên 90?,"Để tái hiện phong cách makeup của Janet Jackson những năm 90, hãy tập trung vào làn da hoàn hảo, đôi mắt khói nhẹ nhàng với tông màu nâu đồng ấm áp, và đôi môi nude hoặc màu berry. Đừng quên khối tạo dáng nhẹ nhàng để tôn lên cấu trúc xương mặt. Điểm nhấn là hàng lông mày được chải chuốt tỉ mỉ, tạo vẻ sắc sảo và quyến"
Tại sao phấn mắt xanh navy lại phổ biến trong thập niên 90?,"Phấn mắt xanh navy bùng nổ trong thập niên 90 nhờ ảnh hưởng lớn từ văn hóa pop và thời trang grunge. Màu sắc này xuất hiện trên các biểu tượng như Drew Barrymore, Kate Moss, thể hiện sự nổi loạn, cá tính mạnh mẽ. Nó cũng hợp với xu hướng trang điểm mắt khói đậm, tạo chiều sâu và sự quyến rũ."
Làm sao tạo phong cách makeup của Brandy thập niên 90?,"Để tái hiện phong cách makeup của Brandy những năm 90, hãy tập trung vào làn da mịn màng, tự nhiên. Sử dụng kem nền mỏng nhẹ, phấn má hồng đào hoặc hồng san hô. Mắt nhấn nhá với phấn mắt màu nâu đồng hoặc tím nhạt, kẻ mắt mảnh và mascara. Son môi nude hoặc màu berry là lựa chọn hoàn hảo để hoàn thiện vẻ ngoài thanh lịch,"
Phong cách makeup của siêu mẫu thập niên 90 có gì đặc biệt?,"Phong cách makeup thập niên 90 của siêu mẫu nổi bật với vẻ đẹp tự nhiên, khỏe khoắn. Da được ưu tiên trong suốt, ít phấn nền. Mắt thường được đánh nhũ nâu, xám hoặc tím, kết hợp eyeliner mỏng và mascara đậm. Son môi nude, hồng đào hoặc đỏ berry là lựa chọn phổ biến, tạo nên đôi môi căng mọng quyến rũ."
Làm sao chọn son hồng phấn cho da ngăm kiểu 90s?,"Với da ngăm kiểu 90s, hãy chọn son hồng phấn có undertone tím hoặc xanh dương để trung hòa sắc tố da, tránh bị ""xỉn màu"". Ưu tiên các sắc độ trung bình đến đậm, chất son lì hoặc satin sẽ giúp đôi môi nổi bật hơn. Tránh son quá nhạt hoặc có undertone vàng."
Kỹ thuật tán phấn mắt thập niên 90 được làm thế nào?,"Trang điểm mắt thập niên 90 tập trung vào tông màu tối, thường là nâu, xám, tím. Kỹ thuật tán phấn mắt phổ biến là tán màu đậm ở hốc mắt, tạo chiều sâu, sau đó blend dần ra ngoài. Đường viền mắt dưới cũng được nhấn mạnh bằng phấn tối hoặc chì kẻ mắt. Thường kết hợp với son môi nude hoặc nâu đất."
Tại sao makeup thập niên 90 ít dùng contour?,"Makeup thập niên 90 tập trung vào vẻ đẹp tự nhiên, tươi trẻ với làn da mịn màng, khỏe khoắn. Contour chưa phổ biến vì kỹ thuật này chưa được phát triển rộng rãi và không phù hợp với xu hướng ""no-makeup makeup"" của thời kỳ đó. Thay vào đó, người ta ưu tiên dùng highlight để tạo điểm nhấn nhẹ nhàng."
Làm sao tạo phong cách makeup của Tyra Banks thập niên 90?,"Để tái hiện phong cách makeup của Tyra Banks thập niên 90, hãy tập trung vào đôi mắt khói đậm với tông màu nâu hoặc xám, kết hợp eyeliner đen sắc sảo. Da mặt hoàn hảo với lớp nền lì, má hồng đào nhẹ nhàng và son môi nude hoặc màu berry. Đừng quên hàng lông mày được tỉa gọn gàng, tạo vẻ mạnh mẽ, tự tin!"
Phong cách makeup R&B thập niên 90 có đặc điểm gì?,"Phong cách makeup R&B thập niên 90 tập trung vào đôi mắt và đôi môi quyến rũ. Da thường được giữ tự nhiên, đôi khi hơi bóng. Mắt nhấn nhá với phấn mắt màu nâu, đồng, hoặc tím, kết hợp eyeliner đen dày và mascara cong vút. Son môi thường là màu nude, nâu đất, hoặc đỏ burgundy, tạo vẻ gợi cảm, trưởng thành."
Làm sao tái tạo phong cách makeup của Christina Aguilera thập niên 90?,"Để tái hiện phong cách makeup của Christina Aguilera những năm 90, hãy tập trung vào đôi mắt khói đậm với phấn mắt màu nâu, xám hoặc tím. Kẻ mắt mèo sắc sảo và chuốt mascara dày là không thể thiếu. Son môi màu nude hoặc đỏ gạch kết hợp với lớp nền hoàn hảo, nhấn nhá đôi gò má bằng phấn hồng đào sẽ hoàn thiện vẻ ngoài quyến"
Tại sao lip gloss lại trở thành xu hướng trong thập niên 90?,"Lip gloss bùng nổ trong thập niên 90 nhờ ảnh hưởng lớn từ các biểu tượng thời trang như Britney Spears và Christina Aguilera. Phong cách trang điểm tối giản, tập trung vào đôi môi căng bóng, tự nhiên thay thế cho son lì đậm chất của thập niên 80. Lip gloss tạo cảm giác tươi trẻ, gợi cảm và dễ dàng sử dụng, phù hợp với tinh thần thời"
Làm sao chọn phấn mắt nhũ cho da lạnh kiểu 90s?,"Với da lạnh, hãy ưu tiên phấn mắt nhũ tông màu xanh lam, tím, bạc hoặc hồng baby. Các màu này sẽ làm nổi bật sắc da và tạo hiệu ứng lấp lánh đặc trưng của phong cách 90s. Tránh các tông màu vàng, cam quá rực rỡ vì có thể làm da trông xỉn màu hơn."
Phong cách makeup của Friends có ảnh hưởng thế nào đến 90s?,"Phong cách trang điểm trong series ""Friends"" đóng vai trò lớn trong việc định hình xu hướng thẩm mỹ của thập niên 90. Rachel, Monica và Phoebe đại diện cho vẻ đẹp tự nhiên, tươi tắn với son môi nude, má hồng đào và nhấn nhá mắt nhẹ nhàng. Sự tối giản này đối lập với phong cách lòe loẹt trước đó, tạo nên chuẩn mực mới về vẻ đẹp"
Làm sao tạo phong cách makeup của Lil’ Kim thập niên 90?,"Để tái hiện phong cách makeup của Lil' Kim những năm 90, hãy tập trung vào: * **Nền:** Sử dụng phấn nền lì, che phủ hoàn toàn. * **Mắt:** Phấn mắt màu tím, hồng hoặc xanh lam đậm, vẽ mắt mèo sắc sảo. * **Má:** Phấn má hồng đào nổi bật. * **Môi:** Son bóng màu nude hoặc nâu đất, viền môi rõ nét. * **Điểm nhấn:** Thêm đá lấp"
Tại sao makeup thập niên 90 chuộng màu sắc metallic?,"Makeup thập niên 90 chuộng màu sắc metallic vì nó phản ánh tinh thần nổi loạn, phá cách của thời đại. Màu metallic (bạc, đồng, vàng) tượng trưng cho sự tương lai, công nghệ và vẻ đẹp phi thực tế. Xu hướng này xuất hiện trong âm nhạc, thời trang và lan rộng sang lĩnh vực trang điểm, tạo nên một phong cách đặc trưng của thập niên đó."
Làm sao tái tạo phong cách makeup của Cindy Crawford thập niên 90?,"Để tái tạo phong cách makeup của Cindy Crawford thập niên 90, tập trung vào làn da khỏe khoắn, tự nhiên. Sử dụng kem nền mỏng nhẹ, nhấn nhá má hồng đào ấm áp. Đôi mắt được làm nổi bật với phấn mắt nâu đồng, eyeliner đen mảnh và mascara dày mi. Son môi nude hoặc đỏ cam là điểm nhấn hoàn hảo, kết hợp cùng đôi môi căng mọng."
Kỹ thuật viền môi thập niên 90 được làm thế nào?,"Kỹ thuật viền môi thập niên 90 tập trung vào việc tạo đường viền môi đậm hơn màu son môi tự nhiên từ 1-2 tông. Bạn dùng bút viền môi để vẽ đường viền, sau đó tô đầy môi bằng son. Đôi khi, phần viền môi được làm mờ nhẹ để tạo hiệu ứng tự nhiên hơn, thay vì đường nét sắc sảo."
Phong cách makeup của Backstreet Boys video có gì đặc biệt?,"Phong cách trang điểm trong video của Backstreet Boys những năm 90 nổi bật với vẻ ngoài tươi tắn, nam tính nhưng vẫn có chút ""glowy"". Họ sử dụng ít phấn nền, tập trung vào che khuyết điểm nhẹ nhàng, đôi mắt được làm sáng bằng highlight và mascara, cùng đôi môi tự nhiên. Mục tiêu là tôn lên vẻ đẹp tự nhiên, khỏe mạnh của các chàng trai."
Sheffield.,"Sheffield là một thành phố lớn ở Nam Yorkshire, Anh. Nổi tiếng với lịch sử sản xuất thép, Sheffield ngày nay là một trung tâm văn hóa và giáo dục sôi động. Thành phố này có nhiều công viên xanh, kiến trúc độc đáo và là quê hương của các đội bóng đá Sheffield Wednesday và Sheffield United."
Làm sao chọn son đỏ cho da ấm kiểu 90s?,"Với da ấm kiểu 90s (ngả vàng, đào), hãy chọn son đỏ có undertone ấm như đỏ cam, đỏ gạch, hoặc đỏ nâu. Tránh các tông đỏ lạnh như cherry đỏ hoặc blue-based red vì có thể làm da trông xỉn màu. Thử son đỏ đất hoặc đỏ burgundy cho vẻ đẹp cổ điển, quyến rũ nhé!"
Tại sao phấn mắt nhũ vàng lại được yêu thích trong thập niên 90?,"Phấn mắt nhũ vàng thống trị thập niên 90 vì nó tượng trưng cho sự xa hoa, nổi bật và tinh thần lạc quan của thời kỳ đó. Màu vàng bắt sáng, dễ dàng tạo điểm nhấn cho đôi mắt, phù hợp với xu hướng trang điểm đậm và phong cách thời trang táo bạo như grunge, hip-hop đang thịnh hành."
Làm sao tạo phong cách makeup của Mariah Carey thập niên 90?,"Để tái hiện phong cách makeup của Mariah Carey những năm 90, tập trung vào đôi mắt khói nhẹ nhàng với tông màu nâu ấm, kết hợp eyeliner đen mảnh và mascara dày. Da mặt hoàn hảo với lớp nền mịn lì, má hồng đào nhẹ nhàng. Son môi bóng bẩy, thường là màu nude hoặc hồng baby là điểm nhấn cuối cùng. Đừng quên hàng lông mày cong vút!"
Phong cách makeup của Buffy the Vampire Slayer có gì đặc biệt?,"Phong cách trang điểm của Buffy the Vampire Slayer tập trung vào vẻ đẹp tự nhiên, khỏe mạnh của tuổi trẻ. Cô thường sử dụng ít phấn nền, nhấn vào đôi mắt với mascara và mắt khói nhẹ nhàng, cùng đôi môi nude hoặc màu hồng đào. Phong cách này phản ánh sự mạnh mẽ, độc lập nhưng vẫn giữ được nét nữ tính của nhân vật."
Làm sao tái tạo phong cách makeup của Toni Braxton thập niên 90?,"Để tái hiện phong cách makeup của Toni Braxton những năm 90, hãy tập trung vào đôi mắt khói màu nâu ấm áp, kết hợp phấn mắt nhũ và eyeliner đen. Da mặt hoàn hảo với lớp nền lì, má hồng đào nhẹ nhàng và son môi nude hoặc màu berry. Đừng quên đôi lông mày được tỉa gọn gàng, sắc sảo để hoàn thiện vẻ đẹp quyến rũ, cổ"
Tại sao makeup thập niên 90 chuộng lông mày cong?,"Lông mày cong, mảnh dẻ là biểu tượng của thập niên 90, phản ánh gu thẩm mỹ tối giản nhưng vẫn sắc sảo thời bấy giờ. Xu hướng này chịu ảnh hưởng lớn từ các siêu mẫu như Kate Moss và Drew Barrymore. Lông mày cong tạo cảm giác khuôn mặt thanh tú, trẻ trung và thể hiện sự quyến rũ tinh tế, khác biệt với lông mày tự nhiên"
Làm sao tạo phong cách makeup của Clueless Cher?,"Để tái hiện phong cách makeup của Cher trong Clueless, tập trung vào làn da hoàn hảo, lông mày cong tự nhiên và đôi mắt nhẹ nhàng. Sử dụng kem nền che phủ tốt, phấn má hồng đào, và son bóng nude hoặc hồng baby. Đừng quên mascara để mở rộng đôi mắt và nhấn nhá bằng chút phấn mắt nhũ nhẹ. Quan trọng nhất là giữ vẻ tươi trẻ,"
Kỹ thuật smudging phấn mắt thập niên 90 được làm ra sao?,"Kỹ thuật smudging mắt thập niên 90 tạo hiệu ứng mờ ảo, ""nhòe"" đầy cá tính. Bạn dùng phấn mắt tối màu (đen, xám, nâu) đánh dọc theo đường viền lông mi trên và dưới, sau đó dùng cọ nhỏ hoặc tăm bông tán đều, hòa trộn màu vào da. Thêm chút phấn nhũ cho đôi mắt thêm nổi bật là ""chất"" riêng của xu hướng này."
Phong cách makeup của 90s teen movies có đặc điểm gì?,"Phong cách makeup trong phim teen thập niên 90 tập trung vào vẻ ngoài tự nhiên, trong sáng. Điểm nhấn là lớp nền mỏng nhẹ, đôi môi nude hoặc màu hồng đào, má hồng phớt nhẹ nhàng và mắt được trang điểm tối giản với mascara và phấn mắt màu trung tính. Son bóng cũng là một item không thể thiếu để tạo hiệu ứng đôi môi căng mọng."
Làm sao chọn lip liner cho son nâu thập niên 90?,"Để chọn lip liner cho son nâu thập niên 90, hãy ưu tiên các tông màu trung tính ấm. Các lựa chọn lý tưởng bao gồm: * **Nâu mocha:** Tông màu này gần giống với son nâu cổ điển, tạo đường viền mềm mại. * **Nâu đất:** Phù hợp với các sắc nâu đậm hơn, giúp son lên màu chuẩn và lâu trôi. * **Màu nude nâu:** Nếu son nâu"
Tại sao makeup thập niên 90 ít dùng blush dạng kem?,"Makeup thập niên 90 ưa chuộng vẻ mặt tự nhiên, hơi ""mờ"" hơn là sắc sảo. Blush dạng kem thường cho lớp finish quá bóng, quá rõ rệt, không phù hợp với xu hướng tối giản lúc bấy giờ. Thay vào đó, phấn má hồng nén hoặc dạng bột được ưu tiên vì dễ tán, kiểm soát sắc độ và tạo hiệu ứng lì, tự nhiên hơn."
Làm sao tạo phong cách makeup của Shania Twain thập niên 90?,"Để tái hiện phong cách makeup của Shania Twain những năm 90, hãy tập trung vào đôi mắt khói màu nâu ấm áp, kết hợp phấn mắt nhũ và eyeliner đen. Kèm theo đó là đôi lông mày được tỉa gọn, sắc sảo. Son môi màu nude hoặc hồng đào, cùng với lớp nền hoàn hảo, không quá dày, sẽ hoàn thiện vẻ đẹp quyến rũ, tự tin đặc trưng"
Phong cách makeup của My So-Called Life có gì đặc biệt?,"Phong cách trang điểm trong ""My So-Called Life"" (1994) nổi bật với vẻ đẹp tự nhiên, gần gũi. Angela Chase và các bạn học thường dùng ít makeup, tập trung vào làn da khỏe mạnh, đôi môi tự nhiên (thường dùng son dưỡng hoặc son bóng) và đôi mắt nhẹ nhàng với chút mascara. Phong cách này phản ánh sự chân thật, nổi loạn của tuổi teen thập niên 90."
Làm sao tái tạo phong cách makeup của Naomi Campbell thập niên 90?,"Để tái tạo phong cách makeup của Naomi Campbell thập niên 90, hãy tập trung vào làn da hoàn hảo, đôi mắt khói huyền bí và đôi môi nude. Sử dụng kem nền lì, che khuyết điểm kỹ lưỡng. Đánh mắt khói với tông màu nâu, xám, kết hợp eyeliner đen. Hoàn thiện với son nude hoặc màu đào nhẹ nhàng. Đừng quên khối highlight để tạo đường nét sắc"
Tại sao phấn mắt xám khói lại phổ biến trong thập niên 90?,"Phấn mắt xám khói trở nên phổ biến trong thập niên 90 nhờ ảnh hưởng lớn từ văn hóa nhạc pop và thời trang. Các biểu tượng như Drew Barrymore, Kate Moss thường xuyên diện phong cách này, tạo nên vẻ đẹp quyến rũ, bí ẩn nhưng vẫn có phần nổi loạn. Nó phù hợp với xu hướng grunge và minimalist đang thịnh hành lúc bấy giờ."
Làm sao chọn mascara cho da ngăm kiểu 90s?,"Với da ngăm kiểu 90s, hãy ưu tiên mascara màu nâu sẫm, burgundy hoặc xanh navy thay vì đen tuyền. Những màu này tạo chiều sâu, giúp mắt trông nổi bật tự nhiên hơn mà không bị ""lấn át"" da. Chất mascara nên là kiểu dày và cong mi, tránh loại quá khô hoặc vón cục."
Phong cách makeup của The Fresh Prince of Bel-Air có gì đặc biệt?,"Phong cách trang điểm của ""The Fresh Prince of Bel-Air"" những năm 90 nổi bật với vẻ ngoài tự nhiên, khỏe khoắn. Nam giới thường ít trang điểm, tập trung vào làn da mịn màng, đôi lông mày được chải chuốt gọn gàng và đôi môi được dưỡng ẩm. Màu sắc trang điểm nhẹ nhàng, tôn lên nét đẹp tự nhiên của khuôn mặt, phù hợp với phong cách thời"
Làm sao tạo phong cách makeup của Whitney Houston thập niên 90?,"Để tái hiện phong cách trang điểm của Whitney Houston những năm 90, hãy tập trung vào làn da hoàn hảo, đôi mắt khói nhẹ nhàng và đôi môi bóng bẩy. Sử dụng kem nền che phủ tốt, phấn má hồng đào ấm áp. Đánh mắt với tông nâu đồng, thêm chút nhũ mắt. Son bóng màu nude hoặc hồng đào là lựa chọn hoàn hảo để hoàn thiện vẻ"
Kỹ thuật tán son thập niên 90 được làm thế nào?,"Kỹ thuật tán son thập niên 90 tập trung vào bờ môi nhạt màu, tự nhiên. Bạn dùng son môi màu nude hoặc hồng nhạt, tán đều từ lòng môi ra viền, tạo hiệu ứng mờ ảo. Sau đó, dùng giấy thấm bớt son để màu sắc thêm tự nhiên, không bị bóng bẩy. Đôi môi trông sẽ đầy đặn nhưng vẫn rất tinh tế."
Tại sao makeup thập niên 90 chuộng nền matte?,"Makeup thập niên 90 chuộng nền matte vì phản ánh xu hướng tối giản, tự nhiên của thời kỳ đó. Nền matte giúp kiểm soát dầu tốt, phù hợp với lối sống năng động và tạo cảm giác làn da hoàn hảo, không tì vết – một vẻ đẹp được ưa chuộng. Ngoài ra, công nghệ sản xuất mỹ phẩm thời điểm đó chưa phát triển nhiều về nền glowy."
Làm sao tạo phong cách makeup của 90s supermodel?,"Để tái hiện phong cách makeup của siêu mẫu thập niên 90, hãy tập trung vào làn da hoàn hảo, đôi mắt khói nhẹ nhàng và đôi môi nude hoặc màu berry. Sử dụng kem nền lì, phấn má hồng đào, và đánh khối nhẹ nhàng để tạo đường nét. Kẻ mắt đen hoặc nâu, chuốt mascara dày và son môi tự nhiên là hoàn thiện. Đừng quên đôi lông"
Phong cách makeup của 90s TV shows có ảnh hưởng thế nào?,"Phong cách trang điểm của các chương trình TV thập niên 90 có ảnh hưởng lớn, đánh dấu sự trở lại của vẻ đẹp tối giản nhưng vẫn nổi bật. Son môi nude, nâu, hoặc màu berry kết hợp với phấn mắt tông đất, nâu đồng và đường kẻ mắt mảnh là đặc trưng. Lớp nền mỏng nhẹ, tập trung vào làn da tự nhiên, tạo nên vẻ đẹp thanh"
Làm sao chọn phấn mắt nhũ cho da ấm kiểu 90s?,"Với da ấm kiểu 90s, hãy ưu tiên phấn mắt nhũ tông màu đào, đồng, vàng đồng hoặc cam đất. Những màu này sẽ làm nổi bật sự ấm áp tự nhiên của da bạn. Tránh các tông màu bạc hoặc xanh băng, vì chúng có thể khiến da trông xỉn màu. Chọn phấn nhũ có kích thước hạt nhỏ để đôi mắt trông lấp lánh mà không bị quá"
Tại sao makeup thập niên 90 ít dùng setting spray?,"Makeup thập niên 90 tập trung vào lớp nền lì, mỏng nhẹ và thường sử dụng phấn bột để khóa lớp trang điểm. Setting spray thời đó chưa phổ biến, công thức chưa hoàn thiện như hiện tại, dễ gây vón cục hoặc làm trôi lớp makeup. Do đó, phấn bột là lựa chọn ưu tiên để kiểm soát dầu và giữ lớp trang điểm lâu trôi hơn."
Làm sao tạo phong cách makeup của Halle Berry thập niên 90?,"Để tái hiện phong cách makeup của Halle Berry thập niên 90, hãy tập trung vào làn da hoàn hảo, đôi mắt khói nhẹ nhàng và đôi môi nude bóng. Sử dụng kem nền mỏng nhẹ, phấn má hồng đào. Đánh mắt màu nâu đồng hoặc xám tro, thoa son bóng màu nude hoặc hồng đào. Quan trọng nhất là giữ cho lớp trang điểm tự nhiên, tôn lên vẻ"
Phong cách makeup của 90s music videos có gì đặc biệt?,"Phong cách makeup trong các MV nhạc những năm 90 nổi bật với sự tương phản mạnh mẽ. Son môi đậm chất (đỏ gạch, nâu đất) kết hợp với phấn mắt tối màu, thường là xám, nâu hoặc tím. Đường kẻ mắt sắc sảo, đôi khi kéo dài, và gò má được đánh khối rõ rệt là những điểm nhấn. Làn da thường được giữ tự nhiên hoặc hơi bóng,"
Làm sao tái tạo phong cách makeup của 90s teen idols?,"Để tái hiện phong cách makeup của các teen idol 90s, hãy tập trung vào đôi mắt và môi. Sử dụng phấn mắt màu nâu, tím than hoặc xám tro, đánh nhũ mắt và kẻ mắt đen mảnh. Son môi màu nude, nâu đất hoặc đỏ cherry là lựa chọn hoàn hảo. Đừng quên đánh má hồng đào nhẹ nhàng và tạo kiểu tóc xoăn nhẹ hoặc thẳng mượt."
Tại sao nên sử dụng serum vitamin C trước khi trang điểm?,"Serum vitamin C là bước chuẩn bị tuyệt vời trước khi trang điểm vì nhiều lý do. Nó giúp làm sáng da, bảo vệ da khỏi tác hại của gốc tự do từ môi trường và tăng cường hiệu quả của kem chống nắng. Hơn nữa, vitamin C còn giúp lớp nền mịn màng hơn, tăng độ bám và giúp da trông rạng rỡ tự nhiên dưới lớp makeup."
Làm thế nào để chọn kem nền cho da dầu vào mùa hè?,"Để chọn kem nền cho da dầu mùa hè, ưu tiên các sản phẩm: * **Kiểm soát dầu:** Chọn loại ""oil-free"", ""mattifying"" hoặc có chứa silica. * **Kết cấu nhẹ:** Kem lỏng, mousse, hoặc cushion giúp da thoáng khí. * **Thành phần:** Ưu tiên các thành phần như salicylic acid, trà xanh giúp giảm dầu thừa. * **Thử nghiệm:** Luôn thử kem nền trước khi mua để đảm bảo phù"
"Kỹ thuật ""monochromatic makeup"" là gì?","Monochromatic makeup là kỹ thuật trang điểm sử dụng **một tông màu chủ đạo** trên toàn bộ khuôn mặt. Thay vì nhiều màu sắc khác nhau, bạn dùng cùng một màu (ví dụ: hồng đào) cho mắt, má, môi và thậm chí cả phấn phủ. Kỹ thuật này tạo nên vẻ ngoài hài hòa, tinh tế và hiện đại, đồng thời giúp khuôn mặt trông có chiều sâu hơn."
Làm sao để giữ lớp makeup không bị trôi khi đi bơi?,"Để giữ lớp makeup không trôi khi bơi, hãy ưu tiên các sản phẩm waterproof (chống nước) cho cả kem nền, phấn mắt, mascara và son môi. Thêm một lớp xịt khóa makeup sau khi hoàn thành để tăng cường độ bám. Tránh sử dụng quá nhiều lớp sản phẩm và nhớ tẩy trang kỹ lưỡng sau khi bơi để bảo vệ da."
Tác dụng của phấn phủ ánh nhũ là gì?,"Phấn phủ ánh nhũ có tác dụng chính là tạo hiệu ứng glow, làm nổi bật các đường nét trên khuôn mặt và mang đến vẻ ngoài rạng rỡ, tươi tắn. Chúng thường được dùng để highlight các vị trí như gò má, sống mũi, trán, và nhân trung, giúp bắt sáng tốt hơn và tạo chiều sâu cho gương mặt."
Làm thế nào để chọn son cho da có tông vàng olive?,"Với da tông vàng olive, bạn nên chọn son có undertone ấm để trung hòa màu da. Các màu như cam san hô, đào san hô, hồng đất, đỏ cam, hoặc nâu caramel sẽ rất hợp. Tránh các màu quá lạnh như hồng baby, tím, hoặc các màu nude quá nhạt vì có thể làm da trông xỉn màu."
"Kỹ thuật ""soap brows"" là gì?","""Soap brows"" là kỹ thuật tạo hình lông mày bằng xà phòng (thường là xà phòng glycerin trong suốt). Bạn dùng chải mascara sạch, làm ướt và lấy một lượng nhỏ xà phòng, chải lên lông mày theo chiều mong muốn. Kỹ thuật này giúp cố định lông mày, tạo hiệu ứng dày dặn, tự nhiên và ""vuốt"" gọn gàng."
Tại sao nên dùng kem lót có SPF trước makeup?,"Kem lót có SPF là bước chuẩn bị quan trọng trước makeup vì nhiều lý do: * **Bảo vệ da:** SPF giúp bảo vệ da khỏi tác hại của tia UV, ngăn ngừa lão hóa sớm và giảm nguy cơ ung thư da. * **Tăng độ bền makeup:** Giúp lớp nền bám tốt hơn, không bị xuống tông do tác động của ánh nắng. * **Giảm kích ứng:** Tạo lớp"
"Làm thế nào để tạo hiệu ứng mắt ""feline flick""?","Để tạo hiệu ứng mắt ""feline flick"" (mắt mèo), hãy dùng eyeliner gel hoặc liquid. Bắt đầu từ 2/3 đường mi trên, vẽ một đường mảnh, hơi cong lên ở đuôi mắt. Dần dần tăng độ dày đường kẻ về phía đuôi, kéo dài và nhọn lên trên. Lặp lại nếu cần để có đường kẻ sắc sảo, cân đối."
Son dưỡng có màu (tinted lip balm) phù hợp với dịp nào?,"Son dưỡng có màu là lựa chọn hoàn hảo cho những dịp thường ngày, khi bạn muốn một đôi môi căng mọng, khỏe mạnh với một chút sắc màu tự nhiên. Phù hợp khi đi học, đi làm, dã ngoại hoặc những buổi hẹn hò nhẹ nhàng. Đây cũng là ""cứu cánh"" cho những cô nàng thích phong cách trang điểm tối giản, ""tự nhiên như không trang điểm""."
Làm sao để tạo lớp nền không bị xuống tông vào cuối ngày?,"Để lớp nền bền màu, không bị xuống tông, bạn cần: 1. **Chuẩn bị da:** Dưỡng ẩm kỹ lưỡng. 2. **Sử dụng primer:** Chọn loại phù hợp với loại da. 3. **Phấn phủ:** Cố định lớp nền bằng phấn bột hoặc xịt khóa. 4. **Tránh chạm tay:** Hạn chế sờ mặt trong ngày. 5. **Chọn sản phẩm:** Ưu tiên các sản phẩm có độ bền cao."
"Kỹ thuật ""soft focus makeup"" là gì?","""Soft focus makeup"" là kỹ thuật trang điểm tạo hiệu ứng làn da mịn màng, tự nhiên như được làm mềm bằng filter. Kỹ thuật này tập trung vào việc làm mờ các đường nét sắc sảo, sử dụng lớp nền mỏng nhẹ, phấn highlight bắt sáng và tránh đường contour quá rõ ràng. Mục tiêu là làn da trông rạng rỡ, khỏe mạnh, không tì vết."
Làm thế nào để chọn phấn mắt cho mắt xanh dương?,"Với mắt xanh dương, hãy chọn phấn mắt với tông màu ấm để làm nổi bật màu mắt. Các lựa chọn tuyệt vời bao gồm: * **Nâu đồng, vàng đồng:** Tạo sự ấm áp và tương phản đẹp mắt. * **Cam đất, san hô:** Làm mắt xanh trông sáng hơn. * **Tím mận, tím hoa cà:** Tăng thêm chiều sâu và sự quyến rũ. Tránh các màu xanh lam hoặc"
Tại sao nên dùng tẩy da chết môi trước khi đánh son lì?,"Tẩy da chết môi trước khi đánh son lì rất quan trọng vì: * **Loại bỏ tế bào chết:** Giúp son lên màu chuẩn, mịn màng hơn, tránh tình trạng bong tróc, vón cục. * **Môi mềm mại:** Son lì thường có xu hướng làm khô môi, tẩy da chết giúp môi đủ ẩm để son bám tốt hơn. * **Đường nét rõ ràng:** Tạo bờ môi sắc nét, giúp"
Làm sao để tạo makeup phong cách minimal chic?,"Để có makeup minimal chic, hãy tập trung vào làn da khỏe mạnh. Sử dụng kem dưỡng ẩm, kem chống nắng. Tiếp đó, dùng kem nền mỏng nhẹ hoặc BB cream để che khuyết điểm vừa đủ. Đừng quên chút má hồng đào tự nhiên, mascara và son dưỡng môi hoặc son tint màu nude/hồng san hô. Quan trọng nhất là giữ cho mọi thứ thật tự nhiên và hài"
"Kỹ thuật ""tightline flick"" là gì?","""Tightline flick"" là kỹ thuật kẻ mắt giúp đôi mắt trông to và sắc sảo hơn. Bạn dùng kẻ mắt (thường là gel hoặc chì) kẻ sát đường chân mi trên, lấp đầy khoảng trống giữa các sợi mi. Sau đó, tạo một đường kẻ nhỏ, mảnh ở đuôi mắt, kéo dài nhẹ nhàng. Kỹ thuật này tạo hiệu ứng đường viền mắt tự nhiên, tinh tế."
Làm thế nào để chọn bronzer cho da nhợt nhạt?,"Với da nhợt nhạt, hãy chọn bronzer có tông màu vàng đào hoặc cam đào ấm, tránh các tông quá cam hoặc nâu đỏ. Ưu tiên các sản phẩm có kết cấu mịn, dễ tán. Bắt đầu với lượng sản phẩm ít và tăng dần để tránh bị quá đà. Tập trung đánh lên gò má, thái dương và đường chân tóc để tạo hiệu ứng sưởi ấm tự nhiên."
Tại sao nên dùng cọ ướt để tán kem nền lỏng?,"Dùng cọ ướt khi tán kem nền lỏng giúp làm giảm lượng sản phẩm bị hấp thụ vào cọ, tăng độ che phủ và tạo hiệu ứng lớp nền mỏng mịn, tự nhiên hơn. Nước giúp kem nền dễ dàng hòa quyện với da, tránh tình trạng vón cục và mang lại vẻ ngoài căng bóng, rạng rỡ."
"Làm sao để tạo hiệu ứng môi ""plump effect"" mà không cần filler?","Để tạo hiệu ứng môi ""plump"" tự nhiên không cần filler, bạn có thể dùng các thủ thuật trang điểm sau: * **Kẻ viền môi:** Vẽ hơi lố ra ngoài đường viền môi thật một chút. * **Highlight:** Thêm highlight ở lòng môi và nhân trung. * **Son bóng:** Sử dụng son bóng hoặc son dưỡng có màu. * **Màu son:** Chọn màu son sáng hoặc có tông ấm."
"Kỹ thuật ""cloudy eyes"" là gì?","""Cloudy eyes"" (mắt ướt át như sương mù) là kỹ thuật trang điểm mắt tạo hiệu ứng đôi mắt ngấn lệ tự nhiên, nhưng không hề buồn bã. Bạn dùng phấn mắt hoặc gel trong suốt/ánh nhũ, thoa nhẹ nhàng dưới mắt, tập trung ở đuôi mắt dưới. Kỹ thuật này giúp đôi mắt trông to tròn, long lanh và có chiều sâu hơn."
Làm thế nào để chọn mascara cho mi ngắn và thẳng?,"Để chọn mascara cho mi ngắn và thẳng, hãy ưu tiên các loại có công thức dày mi, chứa sáp và sợi (fiber). Đầu cọ nhỏ, gai góc sẽ giúp kẹp mi từ gốc, tạo độ cong và tăng độ dày. Mascara có màu đen đậm hoặc nâu sẫm sẽ giúp mi trông rõ ràng hơn. Tránh mascara quá ướt, dễ gây nặng mi và làm mi cụp xuống."
Tại sao nên dùng phấn phủ khoáng cho da nhạy cảm?,"Phấn phủ khoáng là lựa chọn tuyệt vời cho da nhạy cảm vì thành phần tự nhiên, không chứa chất gây kích ứng như hương liệu, dầu khoáng, parabens. Công thức nhẹ nhàng giúp che phủ lỗ chân lông, kiểm soát dầu mà không làm bít tắc, giảm thiểu nguy cơ nổi mụn và kích ứng. Đồng thời, khoáng chất còn có tác dụng làm dịu và bảo vệ da."
"Làm sao để tạo makeup phong cách ""sun-kissed glow""?","Để có makeup ""sun-kissed glow"", hãy tập trung vào làn da khỏe khoắn, rạng rỡ. Sử dụng kem nền nhẹ nhàng, kết hợp phấn má hồng màu đào hoặc cam san hô. Đừng quên highligher ở gò má, sống mũi và nhân trung. Thêm chút son dưỡng môi màu cam hoặc hồng đào để hoàn thiện vẻ ngoài tươi tắn như vừa tắm nắng nhé!"
"Kỹ thuật ""feathered brows"" là gì?","""Feathered brows"" (chân mày sần sùi) là kỹ thuật tạo dáng chân mày tự nhiên bằng cách sử dụng bút chì hoặc phấn kẻ mày để vẽ những đường nét nhỏ, mảnh, mô phỏng hình dáng sợi lông chân mày thật. Kỹ thuật này giúp chân mày trông đầy đặn, mềm mại và không bị nặng nề, phù hợp với nhiều hình dáng khuôn mặt."
Làm thế nào để chọn son cho makeup phong cách office look?,"Để chọn son cho makeup office look, ưu tiên các màu tự nhiên, nhẹ nhàng như hồng nude, cam đào, hoặc màu nude đất. Chất son nên là matte hoặc satin để giữ lâu và không gây cảm giác quá bóng bẩy. Tránh các màu son quá nổi bật như đỏ tươi, cam cháy để đảm bảo vẻ ngoài chuyên nghiệp, thanh lịch."
Tại sao nên dùng face oil trước makeup cho da khô?,"Với da khô, dùng face oil trước makeup là bước chuẩn bị lý tưởng. Dầu dưỡng giúp cấp ẩm sâu, làm mềm da và tạo lớp màng bảo vệ, giúp lớp nền không bị cakey, bong tróc. Đồng thời, nó giúp lớp makeup bám dính tốt hơn, cho làn da căng mọng, rạng rỡ suốt cả ngày."
"Làm sao để tạo hiệu ứng mắt ""doe eyes""?","Để tạo hiệu ứng mắt ""doe eyes"" (mắt nai), hãy tập trung vào việc mở rộng và làm sáng mắt. Sử dụng phấn mắt màu sáng ở bầu mắt, đánh highlight ở khóe mắt và dưới chân mày. Kẻ eyeliner mảnh, hơi cong ở đuôi mắt, và chuốt mascara tập trung vào mi dưới. Đừng quên dùng kính áp tròng màu sáng nếu muốn!"
"Kỹ thuật ""velvet lips"" là gì?","""Velvet lips"" là kỹ thuật tạo đôi môi mịn màng, lì như nhung. Bạn dùng son kem lì, đánh lớp mỏng, sau đó dùng tăm bông hoặc cọ nhỏ tạo viền sắc nét. Có thể dùng thêm phấn rôm để khóa màu và tăng độ mịn. Kỹ thuật này giúp son bám lâu, không lem và tạo hiệu ứng đôi môi căng mọng."
Làm thế nào để chọn primer cho da có lỗ chân lông to?,"Để chọn primer cho da có lỗ chân lông to, hãy ưu tiên các sản phẩm có kết cấu silicone (dimethicone, cyclopentasiloxane) giúp lấp đầy lỗ chân lông tạm thời, tạo bề mặt mịn màng. Tìm các loại có chứa các thành phần như niacinamide hoặc chiết xuất trà xanh để giúp thu nhỏ lỗ chân lông về lâu dài. Tránh primer chứa dầu khoáng, có thể làm tắc nghẽn"
Tại sao nên dùng cọ lông tổng hợp cho sản phẩm dạng lỏng?,"Cọ lông tổng hợp lý tưởng cho sản phẩm dạng lỏng vì chúng không hấp thụ sản phẩm như lông tự nhiên. Điều này giúp bạn kiểm soát lượng sản phẩm tốt hơn, tránh lãng phí và đảm bảo lớp nền, che khuyết điểm hoặc kem highlight được phủ đều, mỏng nhẹ và chính xác hơn. Dễ vệ sinh và bền hơn nữa!"
"Làm sao để tạo makeup phong cách ""retro glam""?","Để tạo makeup ""retro glam"", hãy tập trung vào đôi mắt khói đậm với đường kẻ mắt mèo sắc sảo. Sử dụng phấn mắt màu trầm như nâu, đồng hoặc burgundy. Đôi môi tô son đỏ tươi hoặc màu berry, kết hợp với lớp nền hoàn hảo, che phủ tốt. Đừng quên đánh má hồng đào nhẹ nhàng để tăng thêm vẻ cổ điển quyến rũ."
"Kỹ thuật ""diffused blush"" là gì?","Kỹ thuật ""diffused blush"" (má hồng tản màu) tạo hiệu ứng má ửng hồng tự nhiên, không đường viền rõ rệt. Thay vì tập trung phấn má ở gò má, bạn tán phấn lan rộng về phía thái dương và xương gò má trên, hòa quyện với da. Kỹ thuật này phù hợp với nhiều hình dáng khuôn mặt, giúp khuôn mặt trẻ trung và mềm mại hơn."
Làm thế nào để chọn phấn mắt cho da tông lạnh vào mùa đông?,"Với da tông lạnh vào mùa đông, hãy ưu tiên phấn mắt có undertone lạnh như xanh dương, tím, xám, bạc và hồng. Các màu pastel nhẹ nhàng như baby blue, lavender cũng rất hợp. Tránh các màu quá ấm như cam, vàng đồng vì có thể làm da trông xỉn màu. Chọn chất phấn mịn, dễ tán để đôi mắt thêm nổi bật."
Tại sao nên dùng setting spray có dưỡng chất?,"Setting spray có dưỡng chất không chỉ khóa lớp trang điểm bền lâu mà còn cung cấp thêm dưỡng ẩm, giúp da căng mọng và giảm thiểu tình trạng khô ráp, bong tróc. Một số loại còn chứa vitamin và chất chống oxy hóa, bảo vệ da khỏi tác động của môi trường, giúp da khỏe mạnh hơn trong suốt cả ngày."
"Làm sao để tạo hiệu ứng môi ""stained lips""?","Để tạo hiệu ứng môi ""stained lips"" (môi nhuộm), bạn hãy đánh son lì hoặc son tint đậm màu lên môi, sau đó dùng khăn giấy thấm bớt. Tiếp theo, thoa một lớp son dưỡng không màu lên trên để làm mềm môi và tạo hiệu ứng tự nhiên, như thể vừa ăn xong một loại quả mọng."
"Kỹ thuật ""inner glow makeup"" là gì?","""Inner glow makeup"" (trang điểm rạng rỡ từ bên trong) tập trung vào làn da khỏe mạnh, căng bóng tự nhiên thay vì lớp trang điểm dày. Kỹ thuật này ưu tiên dưỡng da kỹ lưỡng, sử dụng kem nền mỏng nhẹ, highlight dạng lỏng ở những điểm bắt sáng như gò má, sống mũi, và kết hợp má hồng dạng kem để tạo hiệu ứng ửng hồng tự nhiên."
Làm thế nào để chọn kem che khuyết điểm cho da dầu?,"Để chọn kem che khuyết điểm cho da dầu, ưu tiên các sản phẩm có kết cấu nhẹ, không gây bí da như dạng lỏng hoặc kem mousse. Tìm các thành phần kiểm soát dầu như silica, kẽm hoặc đất sét. Chọn loại ""non-comedogenic"" (không gây mụn) và ""oil-free"" (không dầu) để tránh tắc nghẽn lỗ chân lông. Nên thử trước khi mua để đảm bảo phù hợp với tông"
Tại sao nên dùng cọ đầu tròn để tán phấn mắt?,"Cọ đầu tròn lý tưởng để tán phấn mắt vì hình dáng giúp kiểm soát lượng phấn tốt hơn, giảm thiểu tình trạng phấn vón cục hay rơi rớt. Đầu cọ tròn mềm mại dễ dàng hòa trộn các màu sắc trên bầu mắt, tạo hiệu ứng chuyển màu mượt mà, tự nhiên và phù hợp với nhiều hình dáng mắt khác nhau."
"Làm sao để tạo makeup phong cách ""boho chic""?","Để có makeup ""boho chic"", hãy tập trung vào vẻ đẹp tự nhiên, phóng khoáng. Sử dụng phấn mắt màu đất, đồng, hoặc cam đào. Kẻ mắt nâu nhẹ nhàng, tránh đường nét sắc sảo. Má hồng đào hoặc cam giúp khuôn mặt ửng hồng. Son môi nude, hoặc màu berry trầm là lựa chọn hoàn hảo. Đừng quên nhấn mạnh lông mày tự nhiên và sử dụng highlighter để"
"Kỹ thuật ""dewy blush"" là gì?","""Dewy blush"" là kỹ thuật tạo đôi má ửng hồng tự nhiên, căng bóng như sương sớm. Thay vì đánh phấn má thông thường, bạn dùng kem má hồng hoặc son kem, thoa lên gò má rồi tán đều bằng mút hoặc ngón tay. Kỹ thuật này giúp da trông khỏe mạnh, tươi tắn và có hiệu ứng ""glass skin"" đang được ưa chuộng."
Làm thế nào để chọn son cho makeup phong cách tropical?,"Để chọn son cho makeup phong cách tropical, ưu tiên các màu sắc tươi sáng, rực rỡ như cam san hô, hồng fuchsia, đỏ dưa hấu hoặc cam đất. Chất son bóng hoặc semi-matte sẽ giúp đôi môi căng mọng, phù hợp với vẻ ngoài tràn đầy sức sống của mùa hè nhiệt đới. Tránh các màu son quá trầm hoặc tối màu nhé!"
Tại sao nên dùng kem dưỡng có niacinamide trước makeup?,"Niacinamide là ""vàng"" cho làn da trước makeup! Nó giúp cân bằng dầu thừa, thu nhỏ lỗ chân lông và làm dịu da, tạo lớp nền mịn màng, bám phấn tốt hơn. Đồng thời, niacinamide còn tăng cường hàng rào bảo vệ da, giúp makeup không bị ""ăn"" vào da và giảm kích ứng."
"Làm sao để tạo hiệu ứng mắt ""smoky halo""?","Để tạo hiệu ứng mắt ""smoky halo"", bạn cần: 1. **Tạo khối:** Tô bóng mắt tối ở góc ngoài và hốc mắt, tán đều. 2. **Highlight:** Thêm bóng mắt nhũ hoặc highlight sáng ở trung tâm bầu mắt. 3. **Tán đều:** Dùng cọ sạch hòa trộn các màu, tạo hiệu ứng chuyển màu mềm mại, tập trung ánh sáng vào giữa. 4. **Mascara:** Chuốt mascara cho mi trên và dưới."
"Kỹ thuật ""glossy cheek"" là gì?","""Glossy cheek"" (má bóng) là kỹ thuật tạo hiệu ứng da căng mọng, khỏe khoắn bằng cách thoa một lớp highlight dạng kem hoặc dầu lên gò má. Kỹ thuật này khác với highlight thông thường ở chỗ mang lại vẻ bóng ẩm tự nhiên, thay vì lấp lánh. Thích hợp với kiểu trang điểm tối giản, ""no-makeup makeup"" hoặc để tăng thêm sức sống cho làn da."
Làm thế nào để chọn phấn phủ cho da khô?,"Với da khô, hãy ưu tiên phấn phủ dạng bột mịn, có chứa dưỡng ẩm hoặc dầu thực vật. Tránh phấn nén quá khô, dễ làm da càng mất nước. Chọn phấn có kết cấu nhẹ, không gây bí bách, giúp giữ lớp nền mà không làm da bị mốc. Nên thử trên da trước khi mua để đảm bảo độ phù hợp."
Tại sao nên dùng cọ đầu dẹt để thoa kem che khuyết điểm?,"Cọ đầu dẹt lý tưởng để thoa kem che khuyết điểm vì nhiều lý do. Bề mặt phẳng giúp kiểm soát lượng sản phẩm, tránh tình trạng quá nhiều kem gây cộm. Đầu cọ dẹt cũng giúp che phủ chính xác các vùng cần thiết như quầng thâm mắt, mụn hoặc vết đỏ, mang lại lớp nền tự nhiên, mịn màng."
"Làm sao để tạo makeup phong cách ""modern vintage""?","Phong cách ""modern vintage"" kết hợp nét cổ điển thanh lịch với sự tươi mới hiện đại. Tập trung vào làn da căng bóng tự nhiên, đôi mắt kẻ eyeliner cánh mèo sắc nét và đôi môi đỏ tươi hoặc màu berry. Sử dụng phấn má hồng đào nhẹ nhàng để tăng vẻ ửng hồng. Kết hợp trang phục vintage cùng phụ kiện tối giản để hoàn thiện phong cách."
"Kỹ thuật ""soft cat eye"" là gì?","""Soft cat eye"" là kỹ thuật trang điểm mắt tạo dáng mắt mèo nhẹ nhàng, tự nhiên hơn so với kiểu mắt mèo sắc sảo. Thay vì đường kẻ mắt đậm, sắc nét, kỹ thuật này sử dụng phấn mắt hoặc chì kẻ mắt mềm mại, tán đều để tạo chiều sâu và đôi mắt to tròn, quyến rũ. Thường kết hợp với kỹ thuật nhũ mắt để tăng hiệu"
Làm thế nào để chọn son cho makeup phong cách festival?,"Để chọn son cho makeup festival, ưu tiên các màu nổi bật, cá tính như cam đất, hồng san hô, đỏ cherry hoặc thậm chí tím, xanh độc đáo. Chất son nên lì hoặc semi-matte để bền màu, hạn chế lem khi vận động. Bạn có thể thử son bóng nếu thích hiệu ứng đôi môi căng mọng, nhưng cần chú ý dặm lại thường xuyên nhé!"
Tại sao nên dùng tẩy trang dạng balm cho makeup đậm?,"Tẩy trang dạng balm lý tưởng cho makeup đậm vì kết cấu sáp mềm giúp hòa tan hiệu quả các sản phẩm chống nước, lâu trôi như mascara, son lì, kem nền dày. Chúng làm sạch sâu mà không gây kích ứng, đồng thời nuôi dưỡng da nhờ các thành phần dưỡng ẩm, giúp da không bị khô căng sau khi tẩy trang."
"Làm sao để tạo hiệu ứng môi ""ombre matte""?","Để tạo hiệu ứng môi ombre matte, bạn cần: 1. **Tô son đậm** màu sắc yêu thích ở 2/3 dưới môi. 2. **Tô son nhạt hơn** hoặc dùng son nude ở 1/3 trên môi. 3. **Dùng cọ nhỏ hoặc tăm bông** hòa trộn đường giao giữa hai màu, tạo hiệu ứng chuyển màu mờ ảo. 4. **Thấm bớt** để son matte bám tốt và không bị lem."
"Kỹ thuật ""luminous skin"" là gì?","Kỹ thuật ""luminous skin"" (làn da rạng rỡ) tập trung vào việc tạo hiệu ứng da căng bóng, khỏe mạnh từ bên trong, thay vì che phủ hoàn toàn. Bí quyết nằm ở việc dưỡng ẩm kỹ lưỡng, sử dụng kem nền mỏng nhẹ, kết hợp highlight ở các vị trí bắt sáng như gò má, sống mũi, và chọn phấn má hồng tông màu tươi tắn."
Làm thế nào để chọn phấn mắt cho mắt nâu vào mùa thu?,"Mắt nâu rất hợp với các tông màu ấm áp của mùa thu! Hãy chọn phấn mắt màu đồng, vàng đồng, cam đất, nâu gạch hoặc tím sẫm. Các màu sắc này sẽ làm nổi bật màu mắt và tạo chiều sâu. Bạn có thể kết hợp các màu sắc này để tạo ra một diện mạo tinh tế, ấm áp và phù hợp với mùa."
Tại sao nên dùng cọ đầu nghiêng để đánh contour?,"Cọ đầu nghiêng là lựa chọn lý tưởng để đánh contour vì thiết kế này giúp bạn dễ dàng xác định và tạo hình đường contour sắc nét, chính xác. Đầu vát giúp tập trung sản phẩm vào các vị trí cần tạo khối như xương gò má, sống mũi, mang lại hiệu ứng khuôn mặt thon gọn, có chiều sâu một cách tự nhiên."
"Làm sao để tạo makeup phong cách ""ethereal beauty""?","Để tạo phong cách ""ethereal beauty"", hãy tập trung vào làn da trong trẻo, mịn màng với lớp nền mỏng nhẹ. Sử dụng phấn má hồng và highlight tông màu ngọc trai hoặc hồng đào để tạo hiệu ứng tỏa sáng tự nhiên. Mắt nên trang điểm với các tông màu pastel hoặc nhũ, kết hợp với mascara nhẹ nhàng. Son môi chọn màu nude hoặc hồng baby."
"Kỹ thuật ""blurred lips"" là gì?","Kỹ thuật ""blurred lips"" (môi nhòe) là xu hướng trang điểm môi tạo hiệu ứng mềm mại, tự nhiên như vừa hôn. Bạn đánh son đậm ở trung tâm môi rồi dùng cọ hoặc ngón tay tán đều ra ngoài, làm mờ dần đường viền sắc nét. Kỹ thuật này giúp đôi môi trông đầy đặn, quyến rũ và trẻ trung hơn."
Làm thế nào để chọn kem nền cho da hỗn hợp vào mùa đông?,"Với da hỗn hợp vào mùa đông, ưu tiên kem nền dưỡng ẩm nhưng vẫn kiểm soát dầu vùng chữ T. Chọn loại có kết cấu lỏng nhẹ, chứa hyaluronic acid hoặc glycerin để cấp ẩm. Nên thử kem nền trên da trước khi mua, chọn tông màu phù hợp và ưu tiên các sản phẩm có chỉ số SPF để bảo vệ da khỏi tác hại của ánh nắng."
Tại sao nên dùng eye primer trước khi đánh phấn mắt nhũ?,"Eye primer là bước chuẩn bị quan trọng trước khi dùng phấn mắt nhũ. Nó tạo lớp nền mịn, giúp phấn bám dính tốt hơn, lên màu chuẩn và giảm thiểu tình trạng rơi rụng. Đặc biệt, eye primer kiểm soát dầu, ngăn phấn nhũ bị lem và giữ cho đôi mắt bạn lấp lánh suốt cả ngày."
"Làm sao để tạo hiệu ứng mắt ""glitter cut crease""?","Để tạo hiệu ứng mắt ""glitter cut crease"", bạn cần: 1. Tạo đường crease mắt bằng phấn tối màu. 2. Dùng keo dán mi hoặc primer mắt tô lên phần crease vừa tạo. 3. Nhanh tay dán glitter lên phần keo, nhấn nhẹ để bám. 4. Hoàn thiện bằng mascara và eyeliner để tăng độ sâu cho mắt."
"Kỹ thuật ""natural contour"" là gì?","""Natural contour"" là kỹ thuật tạo khối nhẹ nhàng, tự nhiên để định hình khuôn mặt. Thay vì các đường contour sắc nét, kỹ thuật này sử dụng phấn màu gần với màu da, tán đều để tạo chiều sâu và bóng đổ tinh tế. Mục tiêu là làm nổi bật cấu trúc xương gò má, sống mũi mà không tạo cảm giác trang điểm quá đà."
Làm thế nào để chọn son cho makeup phong cách bridal tối giản?,"Với makeup cô dâu tối giản, ưu tiên son nude, hồng đào hoặc cam đất nhẹ nhàng. Chọn chất son lì hoặc satin để bền màu, tránh bóng quá đà. Quan trọng nhất là màu son phải hài hòa với tông da và màu sắc chủ đạo của váy cưới, tạo vẻ đẹp tự nhiên, thanh lịch."
Tại sao nên dùng beauty blender ẩm để tán nền?,"Beauty blender ẩm giúp nền lỏng đều, mỏng mịn hơn trên da, tránh tình trạng cakey (mốc da). Khi ẩm, mút nở ra, giảm lượng sản phẩm bị hút vào, tăng khả năng bám dính và giúp nền tiệp vào da tự nhiên hơn. Đồng thời, bề mặt ẩm còn giúp làm dịu da, mang lại cảm giác thoải mái khi trang điểm."
"Làm sao để tạo makeup phong cách ""golden hour glow""?","Để có makeup ""golden hour glow"", hãy tập trung vào làn da căng bóng, khỏe khoắn. Sử dụng kem nền ẩm mịn, thêm highlighter dạng lỏng hoặc kem vào các vị trí bắt sáng như gò má, sống mũi, nhân trung. Phấn má hồng tone ấm (peach, coral) và son dưỡng ẩm sẽ hoàn thiện vẻ ngoài rạng rỡ như ánh hoàng hôn."
"Kỹ thuật ""smoky liner"" là gì?","""Smoky liner"" là kỹ thuật tạo đường kẻ mắt nhòe mềm mại, không sắc nét như kẻ mắt thông thường. Bạn dùng chì kẻ mắt hoặc phấn mắt tối màu, kẻ một đường dày rồi dùng cọ nhỏ hoặc tăm bông nhòe đều ra, tạo hiệu ứng đôi mắt sâu hút và quyến rũ. Kỹ thuật này phù hợp với nhiều hình dáng mắt và phong cách trang điểm."
Làm thế nào để chọn phấn phủ cho makeup sân khấu?,"Để chọn phấn phủ cho makeup sân khấu, ưu tiên loại **phấn nén** hoặc **phấn rôm** có khả năng **kiềm dầu tốt**, **che phủ cao** và **bám da lâu**. Chọn tông màu **sáng hơn** màu da thật 1-2 tông để tạo hiệu ứng nổi bật dưới ánh đèn. Nên thử phấn trên da trước khi mua để đảm bảo không gây kích ứng và phù hợp với loại da."
Tại sao nên dùng lip scrub chứa đường nâu?,"Lip scrub chứa đường nâu là lựa chọn tuyệt vời để tẩy tế bào chết nhẹ nhàng, loại bỏ da khô, bong tróc trên môi. Đường nâu có tính hút ẩm tự nhiên, giúp môi mềm mại, mịn màng và hỗ trợ son lên màu chuẩn hơn. Sử dụng thường xuyên giúp cải thiện tình trạng môi thâm, nứt nẻ, cho đôi môi căng mọng."
"Làm sao để tạo hiệu ứng môi ""glass lips""?","Để tạo hiệu ứng môi ""glass lips"", bạn cần chuẩn bị son dưỡng ẩm, son bóng trong suốt và highlighter lỏng. 1. Tẩy tế bào chết và dưỡng ẩm môi. 2. Son dưỡng làm mềm môi. 3. Thoa son bóng đều khắp môi. 4. Điểm highlighter lỏng ở giữa môi trên và dưới để tạo độ căng bóng."
"Kỹ thuật ""fresh face makeup"" là gì?","""Fresh face makeup"" (trang điểm mặt tươi tắn) là kỹ thuật tối giản, tập trung vào làn da khỏe mạnh tự nhiên. Sử dụng kem dưỡng ẩm, kem chống nắng là bước quan trọng. Lớp nền mỏng nhẹ (BB cream, CC cream hoặc foundation sheer), má hồng dạng kem, son dưỡng và mascara là chủ yếu. Mục tiêu là làm nổi bật vẻ đẹp tự nhiên, không che phủ hoàn"
Làm thế nào để chọn mascara cho makeup tự nhiên?,"Để chọn mascara cho makeup tự nhiên, hãy ưu tiên các sản phẩm có công thức chứa sáp ong hoặc sợi tơ. Màu đen nâu hoặc nâu sẽ mềm mại hơn đen tuyền. Chọn loại đầu cọ nhỏ, thưa để chải tơi, tránh vón cục. Mascara dưỡng mi cũng là lựa chọn tốt để mi khỏe mạnh, cong nhẹ tự nhiên."
Tại sao nên dùng cọ đầu nhỏ để thoa son?,"Cọ đầu nhỏ giúp thoa son chính xác, dễ dàng tạo đường viền môi sắc nét, đặc biệt với các màu son đậm hoặc khi đánh lòng môi. Nó kiểm soát lượng son tốt hơn, tránh lem ra ngoài, cho đôi môi trông đầy đặn và chuyên nghiệp hơn so với thoa trực tiếp bằng thỏi son."
"Làm sao để tạo makeup phong cách ""art deco""?","Phong cách Art Deco tập trung vào sự sang trọng, hình học và màu sắc đậm. Hãy tạo khối đường nét sắc sảo với phấn tạo khối và highlight. Sử dụng mắt mèo đậm, môi đỏ tươi hoặc burgundy. Thêm chút nhũ vàng/bạc ở mắt hoặc má để tăng vẻ lấp lánh. Đừng quên lông mày cong vút, tỉa tót gọn gàng!"
"Kỹ thuật ""sheer glow"" là gì?","Kỹ thuật ""sheer glow"" (tỏa sáng tự nhiên) tập trung vào việc tạo lớp nền mỏng nhẹ, trong suốt, giúp da trông khỏe mạnh và rạng rỡ từ bên trong. Thay vì che phủ hoàn toàn, kỹ thuật này làm nổi bật vẻ đẹp tự nhiên của da bằng cách sử dụng kem nền, kem dưỡng ẩm có màu hoặc BB cream, kết hợp với highlight ở những điểm cao"
"Làm thế nào để chọn son cho makeup phong cách ""coastal chic""?","Để chọn son cho phong cách ""coastal chic"", hãy ưu tiên các màu nude, hồng đào, cam san hô hoặc đỏ cam nhẹ nhàng. Chất son nên bóng nhẹ hoặc semi-matte để tạo hiệu ứng bờ môi căng mọng, tự nhiên như vừa tắm biển. Tránh các màu son quá đậm hoặc lì hoàn toàn, vì sẽ làm mất đi vẻ tươi trẻ, phóng khoáng của phong cách này."
Tại sao nên dùng setting powder trước phấn mắt đậm?,"Dùng setting powder trước phấn mắt đậm giúp tạo lớp nền khô ráo, hấp thụ dầu thừa và giữ cho phấn mắt bám dính tốt hơn. Điều này ngăn phấn mắt bị vón cục, lem hoặc phai màu, đặc biệt với các màu đậm có xu hướng ""rơi"" nhiều. Lớp powder còn giúp màu mắt lên chuẩn và dễ dàng blend hơn."
"Làm sao để tạo hiệu ứng mắt ""winged shadow""?","Để tạo hiệu ứng mắt ""winged shadow"", bạn dùng phấn mắt tối màu (màu khói, nâu...) vẽ một đường hình cánh chim từ khóe mắt ngoài, kéo dài lên trên và hơi cong. Nhấn nhá đường viền bằng cọ nhỏ, sau đó tán đều phần đuôi để tạo hiệu ứng mềm mại, chuyển màu. Kết hợp với eyeliner và mascara để hoàn thiện."
"Kỹ thuật ""peachy glow"" là gì?","""Peachy glow"" là kỹ thuật trang điểm tạo hiệu ứng làn da khỏe khoắn, rạng rỡ với tông màu đào ấm áp. Kỹ thuật này tập trung vào việc sử dụng phấn má hồng, son dưỡng môi và highlight màu đào để làm sáng da, mang lại vẻ tươi trẻ, tự nhiên như vừa tắm nắng."
Làm thế nào để chọn kem nền cho da lão hóa?,"Với da lão hóa, ưu tiên kem nền có dưỡng ẩm, thành phần chống lão hóa như peptide, hyaluronic acid. Chọn chất kem lỏng nhẹ, mịn mượt, tránh loại quá đặc gây nặng mặt và lộ nếp nhăn. Ưu tiên độ che phủ vừa phải, tập trung làm đều màu da thay vì che phủ hoàn toàn để giữ vẻ tự nhiên."
Tại sao nên dùng cọ lông mềm để tán highlighter?,"Cọ lông mềm là lựa chọn lý tưởng để tán highlighter vì một số lý do: * **Độ mềm mại:** Lông mềm giúp highlighter bám nhẹ nhàng lên da, tránh gây vệt hoặc làm xáo trộn lớp nền. * **Phân tán đều:** Cọ mềm giúp highlighter hòa quyện tự nhiên, tạo hiệu ứng glow rạng rỡ mà không bị quá đà. * **Không gây kích ứng:** Phù hợp với mọi"
"Làm sao để tạo makeup phong cách ""romantic rose""?","Để tạo makeup ""romantic rose"", hãy tập trung vào tông hồng đào ấm áp. Sử dụng phấn mắt hồng nhạt, hồng đào và nâu đào để tạo chiều sâu. Đánh má hồng hồng san hô, thoa son môi hồng baby hoặc hồng đất. Đừng quên mascara và hàng lông mày tự nhiên. Điểm nhấn là làn da căng bóng, trong trẻo."
"Kỹ thuật ""soft smoky eyes"" là gì?","""Soft smoky eyes"" là kỹ thuật trang điểm mắt tạo chiều sâu bằng cách làm mờ dần các màu mắt tối (thường là nâu, xám) từ đường mi trên xuống hốc mắt, hòa quyện với màu sáng ở bầu mắt. Kỹ thuật này khác smoky eyes truyền thống ở chỗ màu sắc nhẹ nhàng hơn, tập trung vào sự pha trộn tự nhiên, mang đến vẻ đẹp tinh tế, quyến"
Làm thế nào để chọn phấn mắt cho makeup phong cách autumnal?,"Để chọn phấn mắt cho makeup phong cách autumnal (mùa thu), hãy ưu tiên các tông màu ấm áp như cam đất, nâu gạch, vàng mù tạt, đồng và đỏ burgundy. Bạn có thể kết hợp các màu matte và shimmer để tạo chiều sâu. Đừng quên màu be hoặc kem để làm lớp nền và màu tối hơn để nhấn nhá đuôi mắt."
Tại sao nên dùng tẩy trang dạng gel cho da dầu?,"Tẩy trang dạng gel là lựa chọn lý tưởng cho da dầu vì kết cấu nhẹ, làm sạch sâu bụi bẩn, dầu thừa và cặn trang điểm mà không gây bí lỗ chân lông. Gel thường chứa các thành phần kiểm soát dầu, giúp cân bằng độ ẩm và hạn chế tình trạng bóng nhờn. Đồng thời, công thức dịu nhẹ giảm thiểu kích ứng, phù hợp với làn da"
"Làm sao để tạo hiệu ứng môi ""frosted lips""?","Để tạo hiệu ứng môi ""frosted lips"", bạn cần: 1. **Tô son nude/màu be nhạt** làm lớp nền. 2. **Thêm lớp son bóng/son tint trong suốt** ở giữa môi. 3. **Dùng cọ nhỏ tán nhẹ** son bóng ra ngoài, tạo hiệu ứng mờ dần. 4. **Thêm chút nhũ lấp lánh** (tùy chọn) để tăng độ ""frosted""."
"Kỹ thuật ""dewy sculpt"" là gì?","""Dewy sculpt"" là kỹ thuật trang điểm tạo hiệu ứng da căng bóng tự nhiên kết hợp đường nét sắc sảo. Bạn dùng kem nền ẩm mịn, che khuyết điểm nhẹ nhàng, sau đó đánh khối (contour) kem hoặc kem nâu để tạo chiều sâu cho khuôn mặt. Cuối cùng, highlight ở những điểm cao như gò má, sống mũi để bắt sáng, mang lại vẻ ngoài tươi tắn, khỏe"
"Làm thế nào để chọn son cho makeup phong cách ""urban chic""?","Để chọn son cho phong cách ""urban chic"", hãy ưu tiên các màu son matte hoặc satin với tông đất, nude, hoặc đỏ gạch. Son lì giúp tạo vẻ cá tính, sắc sảo, còn các màu trung tính dễ phối hợp với trang phục tối giản, năng động. Tránh các màu quá sặc sỡ hoặc bóng bẩy để giữ đúng tinh thần ""cool ngầu"" của phong cách này."
Tại sao nên dùng face mist sau khi hoàn thiện makeup?,"Dùng face mist sau khi trang điểm giúp lớp makeup hòa quyện, bám dính tốt hơn, hạn chế tình trạng cakey (mốc da). Hơn nữa, xịt khoáng giúp cân bằng độ ẩm, làm dịu da và tạo hiệu ứng glow tự nhiên, giúp lớp trang điểm tươi tắn, bền màu suốt cả ngày."
"Làm sao để tạo makeup phong cách ""desert rose""?","Phong cách ""desert rose"" tập trung vào tông màu ấm áp, tự nhiên như cát, nâu, và hồng đào. 1. **Mắt:** Phủ phấn mắt màu nâu đào, cam đất, blend nhẹ nhàng. 2. **Má:** Sử dụng phấn má hồng đào hoặc cam san hô. 3. **Môi:** Son nude hồng, hoặc màu cam cháy. 4. **Da:** Trang điểm nền nhẹ nhàng, tập trung vào độ glow tự nhiên."
"Kỹ thuật ""gradient brows"" là gì?","Gradient brows (hay còn gọi là lông mày ombre) là kỹ thuật tạo dáng lông mày bằng cách phun hoặc thêu màu, tạo hiệu ứng chuyển màu từ đậm ở phần đầu lông mày đến nhạt dần về đuôi. Kỹ thuật này giúp lông mày trông tự nhiên, mềm mại và có chiều sâu, phù hợp với nhiều dáng khuôn mặt."
Làm thế nào để chọn phấn phủ cho makeup lâu trôi?,"Để chọn phấn phủ giúp makeup lâu trôi, hãy ưu tiên phấn nén hoặc phấn bột mịn với thành phần kiểm soát dầu. Tìm các sản phẩm có chứa silica hoặc polymer giúp khóa lớp nền. Màu phấn nên trùng với tông da hoặc sáng hơn nửa tông. Thử nghiệm trên da để đảm bảo phấn không gây cakey hay làm thay đổi màu lớp nền."
Tại sao nên dùng cọ đầu nhọn để tán phấn mắt ở nếp mí?,"Cọ đầu nhọn là lựa chọn lý tưởng để tán phấn mắt ở nếp mí vì kích thước nhỏ và độ chính xác cao. Nó giúp bạn dễ dàng kiểm soát lượng phấn, tạo đường viền sắc nét, tránh lem ra vùng da xung quanh. Đặc biệt, cọ đầu nhọn phù hợp với các kỹ thuật trang điểm mắt phức tạp như tạo chiều sâu và nhấn nhá."
"Làm sao để tạo hiệu ứng mắt ""aurora eyes""?","Để tạo hiệu ứng ""Aurora Eyes"" (mắt Bắc Cực), bạn cần dùng phấn mắt với các tông màu chuyển sắc như tím, xanh dương, hồng, và trắng ngọc trai. Bắt đầu với màu tối ở đuôi mắt, tán dần ra và chồng các màu sáng hơn lên trên. Đừng quên highlight vùng đầu mắt và xương chân mày để tạo chiều sâu và vẻ lung linh."
"Kỹ thuật ""blurred contour"" là gì?","""Blurred contour"" (tạo khối mờ) là kỹ thuật tạo khối nhẹ nhàng, không đường nét sắc sảo. Thay vì đường viền rõ ràng, bạn dùng cọ tán đều sản phẩm tạo khối để tạo chiều sâu tự nhiên, làm mềm mại các đường nét trên khuôn mặt. Kỹ thuật này phù hợp với những ai thích vẻ đẹp tự nhiên, không quá cầu kỳ."
"Làm thế nào để chọn son cho makeup phong cách ""spring blossom""?","Để chọn son cho makeup ""spring blossom"", ưu tiên các màu tươi tắn, nhẹ nhàng như hồng đào, cam san hô, hoặc hồng baby. Chất son nên là bóng hoặc semi-matte để tạo hiệu ứng căng mọng, tự nhiên cho đôi môi. Tránh các màu son quá đậm hoặc trầm để không làm mất đi vẻ tươi trẻ, thanh khiết của phong cách này."
Tại sao nên dùng kem lót màu đào cho da xỉn màu?,"Kem lót màu đào là lựa chọn tuyệt vời cho da xỉn màu vì sắc tố đào trung hòa các vùng da tối màu, đặc biệt là thâm nám, quầng thâm mắt. Nó giúp da trông sáng hơn, rạng rỡ hơn và tạo lớp nền mịn màng, đồng đều màu. Đồng thời, kem lót đào còn hỗ trợ lớp nền bám lâu hơn."
"Làm sao để tạo makeup phong cách ""futuristic glam""?","Để tạo makeup ""futuristic glam"", hãy tập trung vào các đường nét sắc sảo và màu sắc nổi bật. Sử dụng phấn mắt ánh kim, màu neon hoặc holographic. Kẻ mắt graphic, có thể là màu trắng hoặc bạc, tạo điểm nhấn. Đừng quên highlight da để tạo hiệu ứng glow ""ngoài hành tinh"" và son môi bóng hoặc metallic."
"Kỹ thuật ""soft glow makeup"" là gì?","""Soft glow makeup"" là kỹ thuật trang điểm tạo hiệu ứng làn da khỏe mạnh, căng bóng tự nhiên, không quá bóng bẩy. Kỹ thuật này tập trung vào dưỡng ẩm kỹ lưỡng, sử dụng kem nền mỏng nhẹ, kết hợp highlight dạng lỏng hoặc kem ở những vị trí bắt sáng như gò má, sống mũi. Mục tiêu là làn da rạng rỡ từ bên trong."
"Làm thế nào để chọn mascara cho makeup phong cách ""no makeup""?","Để có makeup ""no makeup"" tự nhiên, hãy chọn mascara trong suốt hoặc màu nâu nhạt thay vì đen. Ưu tiên công thức dưỡng mi, giúp mi cong nhẹ, dài ra mà không quá dày hay nặng. Chải kỹ từ chân mi đến ngọn, tránh vón cục để có vẻ ngoài tự nhiên nhất."
Tại sao nên dùng cọ đầu lớn để phủ phấn bột?,"Cọ đầu lớn giúp phân tán phấn bột đều khắp khuôn mặt một cách nhanh chóng và nhẹ nhàng, tránh tình trạng vón cục hoặc tạo lớp phấn dày không tự nhiên. Thiết kế lông mềm mại của cọ lớn cũng giúp bạn kiểm soát lượng phấn tốt hơn, mang lại lớp nền mịn màng, rạng rỡ và tự nhiên hơn so với dùng bông phấn."
"Làm sao để tạo hiệu ứng môi ""berry stained""?","Để tạo hiệu ứng môi ""berry stained"" tự nhiên, bạn hãy dùng son tint hoặc son kem lì màu berry (hồng berry, đỏ berry). Bặm môi nhẹ nhàng sau khi đánh lớp son đầu tiên, sau đó dùng khăn giấy thấm bớt để màu nhuộm tự nhiên. Có thể thoa thêm son dưỡng để đôi môi căng mọng."
"Kỹ thuật ""radiant blush"" là gì?","Kỹ thuật ""radiant blush"" (má hồng rạng rỡ) là đánh má hồng không chỉ lên gò má mà còn kéo dài lên thái dương và xuống xương gò má dưới, tạo hiệu ứng nâng cơ mặt và làn da căng bóng, khỏe khoắn. Sử dụng phấn má hồng dạng kem hoặc lỏng sẽ giúp đạt hiệu quả tốt nhất, hòa quyện tự nhiên với da."
Làm thế nào để chọn kem nền cho da có đỏ do thời tiết lạnh?,"Với da dễ bị đỏ do thời tiết lạnh, hãy chọn kem nền có tông màu vàng hoặc đào để trung hòa sắc đỏ. Ưu tiên các sản phẩm có thành phần dưỡng ẩm, kết cấu nhẹ (như kem lỏng hoặc cushion) để tránh làm nặng mặt và gây kích ứng. Tránh kem nền có độ che phủ quá cao, vì có thể làm tình trạng đỏ trở nên rõ"
Làm thế nào để chọn kem nền cho da có vết thâm nám lâu năm?,"Để chọn kem nền cho da có vết thâm nám lâu năm, ưu tiên độ che phủ **từ trung bình đến cao**. Chọn các sản phẩm có chứa các thành phần như **vitamin C, niacinamide** để hỗ trợ làm sáng da. Ưu tiên các tông màu **ấm** (vàng, đào) để trung hòa sắc tố thâm. Nên thử kem nền trên da trước khi mua để đảm bảo màu sắc phù"
Tại sao nên sử dụng phấn mắt dạng kem cho makeup lâu trôi?,"Phấn mắt kem bám da tốt hơn phấn mắt bột, giảm thiểu tình trạng lem, vón cục do dầu nhờn hoặc mồ hôi. Kết cấu kem mịn màng, dễ tán đều và lên màu chuẩn, giúp đôi mắt nổi bật lâu dài. Đặc biệt, phấn mắt kem là lựa chọn lý tưởng cho các cô nàng da dầu hoặc khi trang điểm trong thời tiết nóng ẩm."
"Kỹ thuật ""bronzed goddess"" là gì và cách thực hiện?","Kỹ thuật ""bronzed goddess"" (nữ thần đồng) tạo vẻ ngoài rám nắng khỏe khoắn, rạng rỡ. Thực hiện bằng cách: 1. **Tạo khối:** Dùng phấn bronzer (màu tối hơn da 2-3 tông) đánh nhẹ nhàng vùng gò má, thái dương, đường chân tóc, và xương hàm. 2. **Highlight:** Sử dụng highlighter (màu sáng) ở gò má, sống mũi, nhân trung, và khóe mắt. 3. **Màu má hồng:** Thêm chút má"
"Làm sao để chọn son cho makeup phong cách ""Mediterranean summer""?","Để chọn son cho phong cách ""Mediterranean summer"", hãy ưu tiên các màu nude đào, cam san hô, hồng đất ấm hoặc đỏ cam tươi. Những tông màu này gợi nhớ đến bờ biển Địa Trung Hải rực rỡ. Chất son nên là lì nhẹ hoặc bóng mọng tự nhiên để tạo cảm giác đôi môi căng mọng, khỏe khoắn dưới ánh nắng."
Tại sao nên dùng cọ đầu cong để kẻ eyeliner gel?,"Cọ đầu cong giúp bạn dễ dàng tạo đường kẻ eyeliner gel sát chân mi, mang lại đôi mắt sắc sảo và quyến rũ hơn. Hình dạng cong ôm theo đường cong tự nhiên của mắt, giúp kiểm soát nét vẽ tốt hơn so với cọ thẳng, đặc biệt phù hợp với kỹ thuật kẻ mắt mèo."
"Làm thế nào để tạo hiệu ứng môi ""velvet rose""?","Để tạo hiệu ứng môi ""velvet rose"", bạn cần: 1. **Tẩy tế bào chết & dưỡng ẩm:** Môi mềm mịn là nền tảng. 2. **Kẻ viền môi:** Chọn màu nude hoặc hồng nhạt gần màu son. 3. **Son kem lì:** Chọn màu hồng rosewood hoặc hồng đất. 4. **Tạo hiệu ứng ombre:** Tô đậm lòng môi, tán đều ra ngoài. 5. **Phấn highlight:** Nhấn nhẹ giữa môi dưới để đôi"
"Kỹ thuật ""dewy wing"" là gì và cách thực hiện?","""Dewy wing"" là kỹ thuật tạo khối highlight lấp lánh, tập trung ở vùng bọng mắt dưới và đuôi mắt, tạo hiệu ứng đôi mắt căng mọng, tươi trẻ. **Cách thực hiện:** 1. Thoa kem che khuyết điểm sáng hơn màu da. 2. Dùng cọ nhỏ hoặc ngón tay thoa highlight dạng kem/lỏng lên bọng mắt dưới và kéo dài ra đuôi mắt. 3. Tán nhẹ để hòa quyện với"
Làm sao để chọn phấn phủ cho makeup chụp ảnh dưới ánh sáng flash?,"Để chọn phấn phủ cho makeup chụp ảnh flash, ưu tiên phấn **kiềm dầu tốt**, **chất phấn mịn** và **màu sắc trung tính** (không quá trắng hoặc quá tối). Phấn phủ dạng bột mịn sẽ giúp tránh hiện tượng ""white cast"" (lớp phấn trắng bệch) khi chụp ảnh. Nên thử phấn trước để đảm bảo màu sắc hòa hợp với da và không gây phản sáng quá mức."
Tại sao nên dùng tẩy trang dạng mousse cho da hỗn hợp?,"Tẩy trang dạng mousse là lựa chọn lý tưởng cho da hỗn hợp vì khả năng làm sạch sâu, loại bỏ bụi bẩn, dầu thừa ở vùng chữ T mà vẫn dịu nhẹ, không gây khô căng vùng da còn lại. Kết cấu bọt mịn giúp len lỏi vào lỗ chân lông, loại bỏ cặn trang điểm hiệu quả, đồng thời cân bằng độ ẩm cho da."
"Làm thế nào để tạo makeup phong cách ""lunar goddess""?","Để tạo makeup ""nữ thần mặt trăng"", hãy tập trung vào sự lung linh và huyền ảo. Sử dụng phấn mắt màu bạc, tím nhạt hoặc xanh lam, tán nhũ khắp bầu mắt. Đừng quên highlight ở vùng xương gò má, sống mũi và khóe mắt. Son môi màu hồng nude hoặc tím pastel sẽ hoàn thiện vẻ đẹp thanh khiết, tựa nữ thần."
"Kỹ thuật ""petal flush"" là gì và cách thực hiện?","""Petal flush"" là kỹ thuật tạo má ửng hồng tự nhiên, tập trung đánh phấn má theo hình cánh hoa. **Cách thực hiện:** 1. Mỉm cười để xác định gò má. 2. Đánh phấn má hồng (dạng kem hoặc bột) từ đỉnh gò má, hướng về thái dương, tạo hình cánh hoa. 3. Tán đều để màu hòa quyện tự nhiên với da."
Làm sao để chọn mascara cho mi ngắn và mỏng?,"Để chọn mascara cho mi ngắn và mỏng, hãy ưu tiên các loại có công thức chứa sợi tơ (fiber mascara) hoặc có khả năng dày mi (volumizing mascara). Đầu cọ nhỏ, gai góc sẽ giúp len lỏi và phủ đều từng sợi mi. Màu đen hoặc nâu đậm sẽ tạo cảm giác mi dày hơn. Tránh mascara quá nặng, dễ gây vón cục và làm mi cụp xuống."
Tại sao nên dùng cọ duo-fiber để tán bronzer?,"Cọ duo-fiber lý tưởng để tán bronzer vì lông cọ kết hợp sợi tự nhiên và sợi tổng hợp. Điều này giúp lấy lượng sản phẩm vừa đủ, tán đều và mỏng nhẹ, tránh hiện tượng vệt hoặc quá đậm màu. Kết cấu mềm mại của cọ cũng giúp bronzer hòa quyện tự nhiên vào da, tạo hiệu ứng sưởi ấm khỏe khoắn."
"Làm thế nào để tạo hiệu ứng mắt ""sparkle cut crease""?","Để tạo hiệu ứng mắt ""sparkle cut crease"", bạn cần: 1. Tạo đường crease sâu bằng phấn tối màu. 2. Highlight đường crease này bằng phấn nhũ lấp lánh. 3. Thêm bóng sáng vào hốc mắt và bầu mắt. 4. Tạo điểm nhấn với nhũ lấp lánh ở giữa bầu mắt. 5. Hoàn thiện bằng mascara và eyeliner."
"Kỹ thuật ""sunset glow"" là gì và cách thực hiện?","""Sunset glow"" là kỹ thuật trang điểm tạo hiệu ứng má ửng hồng, cam ấm như ánh hoàng hôn. **Cách thực hiện:** 1. Đánh phấn má hồng màu cam đào/hồng san hô lên vùng gò má, kéo dài về phía thái dương. 2. Thêm chút highlighter vàng đồng ở gò má cao nhất để tăng độ bắt sáng. 3. Pha trộn kỹ để màu sắc hòa quyện tự nhiên."
"Làm sao để chọn son cho makeup phong cách ""Nordic winter""?","Để chọn son cho makeup ""Nordic winter"", ưu tiên các tông màu trung tính, lạnh. Son nude đào, hồng đất, hoặc màu berry trầm (như mận chín, quả việt quất) là lựa chọn hoàn hảo. Chất son nên là matte hoặc satin để tạo vẻ thanh lịch, không quá bóng. Tránh các màu quá tươi sáng hoặc cam rực rỡ nhé!"
Tại sao nên dùng kem lót chống nước cho makeup ngoài trời?,"Kem lót chống nước là ""vũ khí bí mật"" cho makeup ngoài trời! Nó tạo lớp nền bám dính, khóa ẩm, giúp lớp makeup không bị trôi, lem do mồ hôi hay thời tiết ẩm ướt. Đồng thời, kem lót còn bảo vệ da khỏi tác động của môi trường, giúp makeup bền màu suốt cả ngày."
"Làm thế nào để tạo makeup phong cách ""vintage Hollywood""?","Để tạo makeup ""vintage Hollywood"", hãy tập trung vào làn da hoàn hảo, đôi mắt khói nhẹ nhàng và đôi môi đỏ quyến rũ. Sử dụng kem nền lì, phấn má hồng đào, kẻ mắt mèo sắc sảo và chuốt mi dày. Son đỏ tươi là điểm nhấn cuối cùng, tạo nên vẻ đẹp cổ điển, sang trọng và đầy mê hoặc."
"Kỹ thuật ""frosted glow"" là gì và cách thực hiện?","""Frosted glow"" là kỹ thuật trang điểm tạo hiệu ứng da căng bóng, ẩm mượt như sương phủ. Thực hiện bằng cách: 1. Dưỡng ẩm kỹ lưỡng. 2. Sử dụng kem nền/BB cream mỏng nhẹ. 3. Highlight dạng lỏng hoặc kem ở gò má, sống mũi, trán, cằm. 4. Thoa một lớp xịt khóa trang điểm để tăng độ bóng tự nhiên."
Làm sao để chọn phấn mắt cho mắt nâu vào mùa xuân?,"Mắt nâu rất hợp với phấn mắt màu đào, san hô, đồng, và vàng đồng vào mùa xuân. Những tông màu này làm nổi bật sắc nâu ấm áp của mắt. Bạn có thể thử các màu pastel như hồng đào hoặc tím lavender để tạo vẻ nhẹ nhàng, tươi trẻ. Tránh các màu quá tối hoặc xám tro, vì có thể làm mắt trông mệt mỏi."
Tại sao nên dùng cọ đầu tròn nhỏ để tán concealer vùng mắt?,"Cọ đầu tròn nhỏ giúp tán concealer vùng mắt hiệu quả vì: * **Độ chính xác cao:** Dễ dàng che phủ quầng thâm, nếp nhăn và các vết ố màu nhỏ mà không làm lem ra ngoài. * **Kiểm soát lượng sản phẩm:** Giúp bạn dùng vừa đủ concealer, tránh tình trạng bí bách, nặng nề cho vùng da mỏng manh. * **Tán đều:** Tạo lớp nền mịn màng, tự"
"Làm thế nào để tạo hiệu ứng môi ""cherry blossom lips""?","Để tạo hiệu ứng ""cherry blossom lips"", bạn cần: 1. **Tạo lớp nền:** Dùng son dưỡng ẩm để môi mềm mịn. 2. **Son chính:** Chọn son hồng đào hoặc hồng san hô, đánh nhạt lòng môi. 3. **Son highlight:** Dùng son highlight (màu trắng ngà hoặc hồng nhạt) đánh giữa môi dưới, tạo hiệu ứng căng mọng. 4. **Nhấn nhá:** Dặm nhẹ son chính lên trên highlight để hòa quyện."
"Kỹ thuật ""smoky blush"" là gì và cách thực hiện?","""Smoky blush"" là kỹ thuật tạo đôi má ửng hồng tự nhiên, mềm mại như vừa tập thể dục. Thay vì đánh blush tập trung, bạn tán màu blush (thường là hồng đào, cam đất) từ xương gò má, lan nhẹ về phía thái dương và hòa trộn dần vào vùng mắt. Sử dụng cọ mềm, đánh lớp mỏng và build dần để đạt hiệu quả mong muốn."
Làm sao để chọn kem nền cho da có mụn viêm đỏ?,"Để chọn kem nền cho da mụn viêm đỏ, ưu tiên các sản phẩm: * **Không gây dị ứng (non-comedogenic):** Không làm tắc nghẽn lỗ chân lông. * **Chứa thành phần kháng viêm:** Như salicylic acid, niacinamide. * **Độ che phủ vừa phải:** Che đi mụn nhưng vẫn để da ""thở"". * **Kết cấu lỏng nhẹ:** Tránh kem đặc gây bí bách. * **Màu trung tính:** Để trung hòa sắc"
Tại sao nên dùng setting spray chứa glycerin cho da khô?,"Setting spray chứa glycerin rất tốt cho da khô vì glycerin là chất hút ẩm, có khả năng thu hút và giữ nước từ môi trường, giúp da đủ ẩm suốt cả ngày. Điều này ngăn ngừa lớp trang điểm bị mốc, bong tróc do da thiếu nước, đồng thời tạo hiệu ứng căng mọng, khỏe khoắn cho làn da."
"Làm thế nào để tạo makeup phong cách ""tropical sunset""?","Để tạo makeup ""tropical sunset"", hãy bắt đầu với phấn mắt màu cam, hồng đào, tím rồi blend đều. Đừng quên chút nhũ vàng hoặc đồng để bắt sáng. Kẻ mắt màu nâu hoặc tím, chuốt mascara và đánh son cam san hô hoặc hồng đất. Thêm chút highlight lên gò má, sống mũi để hoàn thiện vẻ ngoài rạng rỡ, tươi tắn như hoàng hôn nhiệt đới."
"Kỹ thuật ""soft halo eyes"" là gì và cách thực hiện?","""Soft halo eyes"" là kỹ thuật tạo đôi mắt lấp lánh, cuốn hút với hiệu ứng ""vầng hào quang"" nhẹ nhàng. **Cách thực hiện:** 1. Phủ phấn mắt sáng (nhũ) ở trung tâm bầu mắt. 2. Dùng phấn tối hơn tán đều ở đuôi mắt và hốc mắt, tạo chiều sâu. 3. Nhấn nhá highlight ở khóe mắt trong và dưới mắt. 4. Đừng quên mascara và eyeliner mảnh để"
"Làm sao để chọn son cho makeup phong cách ""Parisian chic""?","Để có đôi môi ""Parisian chic"", hãy chọn son màu nude, hồng đào, hoặc đỏ rượu nhẹ nhàng. Chất son nên là satin hoặc matte tự nhiên, tránh bóng quá đà. Quan trọng nhất là son phải làm nổi bật vẻ đẹp tự nhiên của bạn, không quá lòe loẹt hay cầu kỳ. Ưu tiên các thương hiệu son Pháp để đúng ""tinh thần"" nhé!"
Tại sao nên dùng cọ lông tự nhiên để tán phấn mắt bột?,"Cọ lông tự nhiên lý tưởng để tán phấn mắt bột vì chúng mềm mại, linh hoạt và có khả năng giữ phấn tốt. Lông tự nhiên giúp phấn bám đều lên da, tạo hiệu ứng chuyển màu mượt mà, giảm thiểu tình trạng vón cục hay rơi rớt phấn. So với cọ tổng hợp, cọ lông tự nhiên mang lại cảm giác thoải mái và dễ kiểm soát hơn"
"Làm thế nào để tạo hiệu ứng môi ""ruby shine""?","Để tạo hiệu ứng môi ""ruby shine"", bạn cần: 1. **Tạo đường viền:** Dùng bút chì kẻ môi màu ruby hoặc đỏ đậm viền môi, hơi cong nhẹ ở khóe miệng. 2. **Tô son:** Tô son màu đỏ ruby hoặc đỏ cherry đậm chất. 3. **Highlight:** Thoa highlight nhũ nhẹ ở lòng môi. 4. **Son bóng:** Cuối cùng, phủ một lớp son bóng trong suốt hoặc màu ruby để tăng"
"Kỹ thuật ""glimmer contour"" là gì và cách thực hiện?","""Glimmer contour"" là kỹ thuật tạo khối nhẹ nhàng, tập trung vào hiệu ứng glow khỏe khoắn thay vì đường nét sắc sảo. Thực hiện bằng cách dùng kem highlight dạng lỏng hoặc stick có tông màu ấm, thoa lên vùng xương gò má, sống mũi, trán và cằm sau khi đánh kem nền. Sau đó, dùng mút tán đều để tạo hiệu ứng hòa quyện, tự nhiên."
"Làm sao để chọn phấn mắt cho makeup phong cách ""desert oasis""?","Để tạo phong cách ""desert oasis"", hãy chọn phấn mắt với các tông màu ấm áp như cam đất, nâu gạch, đồng, và vàng cát. Thêm chút ánh nhũ vàng hoặc đồng để bắt sáng. Ưu tiên các bảng phấn có kết cấu lì và shimmer để dễ dàng phối hợp và tạo chiều sâu cho đôi mắt."
Tại sao nên dùng tẩy trang dạng dầu kép (dual-phase) cho mascara chống nước?,"Tẩy trang dạng dầu kép lý tưởng cho mascara chống nước vì kết cấu hai pha của nó. Pha dầu hòa tan sáp và polyme trong mascara, làm mềm và phá vỡ chúng. Pha nước giúp loại bỏ dầu và cặn trang điểm, mang lại hiệu quả làm sạch sâu mà không gây kích ứng, bảo vệ vùng da mắt nhạy cảm."
"Làm thế nào để tạo makeup phong cách ""cherry blossom festival""?","Để có makeup ""cherry blossom festival"", hãy tập trung vào tông hồng đào nhẹ nhàng. Sử dụng phấn má hồng đào, son môi hồng san hô hoặc hồng baby. Mắt có thể dùng phấn mắt màu hồng nhạt, cam đào và nhấn nhá bằng nhũ trắng. Đừng quên hàng lông mi cong vút và làn da căng bóng tự nhiên để hoàn thiện vẻ đẹp tươi trẻ, thanh khiết."
"Kỹ thuật ""radiant halo"" là gì và cách thực hiện?","Kỹ thuật ""radiant halo"" (vầng hào quang rạng rỡ) là tạo điểm sáng nổi bật ở những vị trí bắt sáng tự nhiên trên khuôn mặt: gò má cao, sống mũi, nhân trung, trán và cằm. Thực hiện bằng cách dùng highlighter dạng kem hoặc lỏng, thoa nhẹ nhàng lên các vị trí này, hòa trộn đều để tạo hiệu ứng glow tự nhiên, khỏe khoắn, giúp khuôn mặt trông"
Làm sao để chọn kem nền cho da có vết đỏ do dị ứng?,"Để chọn kem nền cho da ửng đỏ do dị ứng, ưu tiên các sản phẩm có thành phần dịu nhẹ, không gây kích ứng. Chọn kem nền màu xanh lá cây hoặc ngả vàng để trung hòa sắc đỏ. Chất kem nên mỏng, nhẹ, có khả năng che phủ vừa phải, tránh làm bí da. Thử sản phẩm trên vùng da nhỏ trước khi dùng toàn mặt."
Tại sao nên dùng cọ đầu lớn để tán phấn phủ khoáng?,"Cọ đầu lớn, lông mềm giúp tán phấn phủ khoáng đều nhẹ nhàng trên diện rộng, tránh gây cakey. Thiết kế này bắt chước cách phủ phấn tự nhiên bằng mây, giúp lớp phấn mỏng, mịn, bám da tốt hơn và không làm mất đi độ ẩm tự nhiên của da. Đồng thời, giảm thiểu tình trạng phấn bị vón cục."
"Làm thế nào để tạo hiệu ứng mắt ""emerald spark""?","Để tạo hiệu ứng mắt ""emerald spark"", hãy bắt đầu với phấn mắt màu đồng hoặc nâu vàng làm lớp nền. Sau đó, thoa phấn mắt màu xanh lục bảo (emerald) lên mí mắt, tập trung vào phần giữa. Đừng quên tán đều và thêm chút nhũ vàng hoặc bạc ở khóe mắt và dưới đường viền mi dưới để tăng độ lấp lánh. Hoàn thiện với mascara đen."
"Kỹ thuật ""peach flush"" là gì và cách thực hiện?","""Peach flush"" là kỹ thuật tạo đôi má ửng hồng tự nhiên, khỏe khoắn với tông màu đào ấm áp. **Cách thực hiện:** 1. Chọn phấn má hồng màu đào phù hợp với tông da. 2. Mỉm cười để xác định gò má. 3. Thoa phấn từ gò má về phía thái dương, tán đều để không lộ đường viền."
"Làm sao để chọn son cho makeup phong cách ""bohemian romance""?","Để chọn son cho phong cách ""bohemian romance"", hãy ưu tiên các màu son tự nhiên, mềm mại như hồng đất, cam đất, nude đào hoặc màu berry trầm. Chất son nên là lì hoặc satin, tránh bóng quá nhiều. Son tint hoặc son kem có kết cấu nhẹ nhàng cũng rất phù hợp để tạo đôi môi căng mọng, tự nhiên, hòa hợp với vẻ đẹp phóng khoáng của"
Tại sao nên dùng lip mask trước khi đánh son siêu lì?,"Lip mask trước son lì giúp môi mềm mịn, giảm tình trạng bong tróc do son lì gây khô. Nó tạo một lớp nền dưỡng ẩm, giúp son lên màu chuẩn hơn, không bị vón cục hay lộ rãnh môi. Nhờ đó, đôi môi căng mọng, son giữ được lâu hơn và cảm giác thoải mái suốt cả ngày."
"Làm thế nào để tạo makeup phong cách ""urban jungle""?","Để tạo makeup ""urban jungle"", hãy tập trung vào tông màu đất, xanh rêu và nâu đồng. Sử dụng phấn mắt màu trung tính làm nền, nhấn nhá bằng màu xanh đậm ở đuôi mắt. Kẻ eyeliner sắc sảo và đánh má hồng màu đất. Son môi nude hoặc màu berry trầm sẽ hoàn thiện vẻ ngoài mạnh mẽ, hoang dã nhưng vẫn thời thượng."
"Kỹ thuật ""glossy halo"" là gì và cách thực hiện?","""Glossy halo"" là kỹ thuật tạo hiệu ứng da căng bóng, khỏe mạnh tập trung ở vùng gò má, sống mũi và trán. **Cách thực hiện:** 1. Đánh kem nền/BB cream mỏng nhẹ. 2. Thoa highlighter dạng kem hoặc lỏng lên các vị trí trên. 3. Dùng cọ hoặc mút tán đều, tạo độ chuyển màu tự nhiên. 4. Hoàn thiện bằng xịt khóa trang điểm để tăng độ bóng."
Làm sao để chọn phấn mắt cho mắt xám vào mùa hè?,"Với mắt xám vào mùa hè, hãy ưu tiên phấn mắt tông ấm như cam đào, đồng, vàng đồng hoặc hồng san hô. Những màu này sẽ làm nổi bật màu mắt và tạo vẻ tươi sáng. Tránh các màu quá tối hoặc lạnh như xám, bạc vì có thể khiến mắt trông mờ nhạt. Phấn mắt shimmer hoặc metallic cũng là lựa chọn tuyệt vời cho mùa hè."
Tại sao nên dùng cọ đầu dẹt nhỏ để thoa phấn mắt nhũ?,"Cọ đầu dẹt nhỏ giúp kiểm soát lượng phấn nhũ tốt hơn, hạn chế tình trạng phấn rơi rớt gây bết dính hoặc lem. Thiết kế dẹt giúp tập trung phấn lên vùng mắt, tạo hiệu ứng bắt sáng, lấp lánh chính xác ở vị trí mong muốn, đặc biệt phù hợp với các kiểu trang điểm mắt tinh tế."
"Làm thế nào để tạo hiệu ứng môi ""amethyst glow""?","Để tạo hiệu ứng môi ""amethyst glow"", bạn cần son môi màu tím hồng base, sau đó dùng son highlight lấp lánh màu tím hoặc hồng tím đánh lòng môi. Cuối cùng, thoa một lớp son bóng trong suốt để tăng độ căng mọng và bắt sáng. Hiệu ứng này sẽ tạo ra đôi môi trong trẻo, tựa như đá thạch anh tím."
"Kỹ thuật ""natural glow"" là gì và cách thực hiện?","Kỹ thuật ""natural glow"" (tỏa sáng tự nhiên) tập trung vào làn da khỏe mạnh, căng bóng thay vì lớp trang điểm dày. **Cách thực hiện:** 1. Dưỡng ẩm kỹ lưỡng. 2. Sử dụng kem nền/BB cream mỏng nhẹ, tập trung vào vùng trung tâm khuôn mặt. 3. Highlight ở gò má, sống mũi, trán, cằm. 4. Phấn má hồng tông màu đào/hồng san hô."
Làm sao để chọn kem nền cho da có vết sẹo mụn lõm?,"Để chọn kem nền cho da có vết sẹo mụn lõm, ưu tiên các sản phẩm có kết cấu lỏng nhẹ, độ che phủ từ trung bình đến cao. Tìm các thành phần như silicone giúp lấp đầy vết lõm tạm thời. Tránh kem nền quá đặc hoặc dạng bột, vì chúng có thể làm nổi bật vết sẹo. Quan trọng nhất, hãy thử kem nền trên da trước khi"
Tại sao nên dùng tẩy trang dạng dầu cho makeup sân khấu?,"Tẩy trang dạng dầu là lựa chọn lý tưởng cho makeup sân khấu vì khả năng hòa tan hiệu quả các sản phẩm trang điểm đậm, đặc biệt là mascara chống thấm nước, kem nền lâu trôi và các loại màu sắc chuyên dụng. Dầu tẩy trang giúp làm sạch sâu mà không gây kích ứng, bảo vệ da trước tác động của hóa chất trong mỹ phẩm sân khấu,"
"Làm thế nào để tạo makeup phong cách ""forest nymph""?","Để tạo makeup ""forest nymph"", hãy tập trung vào vẻ đẹp tự nhiên, huyền ảo. Sử dụng phấn mắt màu xanh lá cây, nâu đồng, và vàng đồng để tạo chiều sâu. Đừng quên đánh highlight nhũ nhẹ ở xương gò má, sống mũi. Son môi màu nude hoặc hồng đào, kết hợp má hồng đào. Điểm nhấn là thêm vài đốm tàn nhang giả và lông mi cong vút."
"Kỹ thuật ""shimmer veil"" là gì và cách thực hiện?","""Shimmer veil"" (lớp nhũ lấp lánh) là kỹ thuật tạo hiệu ứng da căng bóng, khỏe mạnh bằng cách thoa một lớp highlight dạng lỏng hoặc kem mỏng lên những vùng bắt sáng như gò má, sống mũi, trán, cằm. Cách thực hiện: Sau khi hoàn thành lớp nền, dùng cọ hoặc ngón tay thoa đều sản phẩm highlight lên các vị trí trên, tán nhẹ để tạo độ tự"
"Làm sao để chọn son cho makeup phong cách ""coastal sunset""?","Để chọn son cho makeup ""coastal sunset"", hãy ưu tiên các tông màu ấm áp như cam đào, san hô, hồng đất hoặc nâu cam. Son bóng hoặc son tint lì có chút nhũ nhẹ sẽ tăng hiệu ứng lấp lánh, bắt sáng như hoàng hôn trên biển. Tránh các màu quá tối hoặc lạnh để không phá vỡ sự tươi tắn của phong cách này."
Tại sao nên dùng cọ đầu nghiêng nhỏ để kẻ lông mày?,"Cọ đầu nghiêng nhỏ là lựa chọn lý tưởng để kẻ lông mày vì nhiều lý do. Đầu cọ vát giúp tạo các đường nét mảnh, chính xác, mô phỏng tự nhiên sợi lông mày. Kích thước nhỏ dễ dàng thao tác, đặc biệt ở vùng khó như đầu và đuôi lông mày, giúp định hình dáng và lấp đầy các khoảng trống hiệu quả."
"Làm thế nào để tạo hiệu ứng mắt ""galaxy spark""?","Để tạo hiệu ứng mắt ""galaxy spark"", bạn cần: 1. **Phấn mắt:** Sử dụng phấn mắt màu tối (đen, xanh navy) làm nền, sau đó điểm thêm các màu lấp lánh (bạc, tím, xanh lam) tập trung ở giữa bầu mắt. 2. **Nhũ:** Thêm nhũ lấp lánh nhỏ li ti để tạo hiệu ứng sao. 3. **Highlight:** Highlight vùng đầu mắt và dưới chân mày. 4. **Mascara:** Chuốt mascara để"
"Kỹ thuật ""rose flush"" là gì và cách thực hiện?","Kỹ thuật ""rose flush"" tạo hiệu ứng má ửng hồng tự nhiên như vừa vận động, không phải contour sắc nét. Thực hiện: 1. Dùng phấn má hồng màu hồng đào hoặc hồng san hô. 2. Mỉm cười để xác định gò má. 3. Chấm phấn lên phần cao nhất gò má, tán đều theo hình vòng cung về phía thái dương. 4. Tán nhẹ xuống cằm để tạo sự"
Làm sao để chọn phấn phủ cho da có nếp nhăn?,"Để chọn phấn phủ cho da có nếp nhăn, hãy ưu tiên các sản phẩm **dạng bột mịn, có chứa thành phần dưỡng ẩm** như hyaluronic acid hoặc vitamin E. **Tránh phấn nén quá khô** vì sẽ làm lộ rõ nếp nhăn. Chọn phấn có **màu sáng hơn một chút so với màu da** để làm mờ các đường nhăn và tạo hiệu ứng nâng da."
Tại sao nên dùng tẩy trang dạng nước micellar cho makeup nhẹ?,"Nước micellar tẩy trang là lựa chọn lý tưởng cho makeup nhẹ nhàng vì khả năng làm sạch hiệu quả nhưng vẫn dịu nhẹ với da. Các phân tử micelle trong nước micellar ""hút"" bụi bẩn, dầu thừa và cặn makeup mà không cần chà xát mạnh, giúp duy trì độ ẩm tự nhiên và tránh kích ứng da."
"Làm thế nào để tạo makeup phong cách ""autumn harvest""?","Để tạo makeup ""autumn harvest"", tập trung vào tông màu ấm áp như cam đất, nâu, vàng mù tạt. Sử dụng phấn mắt màu đồng hoặc nâu đỏ, đánh nhũ mắt nhẹ. Kẻ mắt màu nâu thay vì đen, thoa son lì màu cam gạch hoặc nâu trầm. Đừng quên má hồng đào nhẹ nhàng và highlight vàng champagne để tăng sự ấm áp cho gương mặt."
"Kỹ thuật ""lunar flush"" là gì và cách thực hiện?","Kỹ thuật ""lunar flush"" (ửng hồng kiểu trăng) tạo hiệu ứng má ửng hồng tự nhiên, khỏe khoắn. Thay vì đánh má hồng tập trung, bạn thoa phấn má hồng kem/lỏng hình vòng cung từ gò má lên thái dương, hòa nhuyễn. Chọn màu hồng đào hoặc cam san hô, đánh nhẹ tay để có vẻ ngoài căng mọng, tươi tắn như vừa tập thể dục xong."
"Làm sao để chọn son cho makeup phong cách ""modern royalty""?","Phong cách ""modern royalty"" cần sự sang trọng pha chút hiện đại. Hãy chọn son kem hoặc son satin lì với các tông màu trung tính như nude đào, hồng đất, hoặc đỏ gạch. Tránh các màu quá sặc sỡ. Son có chút ánh nhũ nhẹ sẽ tăng thêm vẻ quyền lực, đồng thời giữ cho đôi môi căng mọng, tự nhiên."
Tại sao nên dùng cọ đầu tròn lớn để tán phấn phủ?,"Cọ đầu tròn lớn lý tưởng để tán phấn phủ vì diện tích tiếp xúc rộng, giúp phấn phủ được phân bố đều trên da, tạo lớp nền mịn màng, tự nhiên. Loại cọ này cũng giúp kiểm soát lượng phấn tốt hơn, tránh tình trạng ""cakey"" (mốc da) và phù hợp với cả phấn phủ dạng bột và dạng nén."
"Làm thế nào để tạo hiệu ứng môi ""coral glow""?","Để tạo hiệu ứng môi ""coral glow"", bạn cần: 1. **Tẩy tế bào chết** và dưỡng ẩm môi. 2. **Kẻ viền môi** bằng màu nude hoặc trùng màu son. 3. **Tô son coral** (hồng san hô) làm lớp nền. 4. **Thêm chút son bóng** hoặc highlighter ở lòng môi để tạo độ căng mọng. 5. **Hoàn thiện** bằng một lớp son coral mỏng để tăng độ tươi tắn."
"Kỹ thuật ""smoky emerald"" là gì và cách thực hiện?","""Smoky emerald"" là kỹ thuật trang điểm mắt lấy màu ngọc lục bảo làm chủ đạo, tạo hiệu ứng mắt khói quyến rũ. **Cách thực hiện:** 1. Phủ phấn mắt màu ngọc lục bảo đậm lên toàn bộ bầu mắt. 2. Tạo độ sâu bằng màu ngọc lục bảo đậm hơn ở hốc mắt. 3. Pha trộn kỹ các tông màu để chuyển màu mượt mà. 4. Kẻ mắt đen"
Làm sao để chọn phấn mắt cho mắt xanh lá vào mùa đông?,"Với mắt xanh lá vào mùa đông, hãy chọn phấn mắt tông ấm để làm nổi bật màu mắt. Các màu như đồng, nâu gạch, tím mận, hoặc cam đất sẽ rất hợp. Tránh các màu xanh lá quá tương đồng hoặc quá sáng. Phấn mắt nhũ nhẹ sẽ giúp đôi mắt thêm lấp lánh trong mùa đông."
"Làm thế nào để tạo makeup phong cách ""winter rose""?","Để tạo makeup ""winter rose"", hãy tập trung vào tông hồng lạnh và tím nhạt. Sử dụng phấn mắt hồng đào/hồng đất, đánh nhũ nhẹ ở bầu mắt. Kẻ mắt mảnh, màu nâu hoặc tím. Son môi là điểm nhấn với màu hồng berry hoặc đỏ hồng trầm. Đừng quên má hồng hồng đào để hoàn thiện vẻ ngoài tươi tắn, dịu dàng như đóa hoa hồng mùa đông."
"Kỹ thuật ""golden flush"" là gì và cách thực hiện?","""Golden flush"" là kỹ thuật tạo đôi má ửng hồng tự nhiên, khỏe khoắn, lấy cảm hứng từ vẻ đẹp khỏe mạnh. **Cách thực hiện:** 1. Thoa kem nền/BB cream. 2. Dùng phấn má hồng màu đào, cam san hô, đánh lên gò má, hòa nhuyễn về phía thái dương. 3. Thêm chút highlight dạng kem/phấn ở đỉnh gò má để tăng hiệu ứng bắt sáng."
"Làm sao để chọn son cho makeup phong cách ""art nouveau""?","Phong cách Art Nouveau ưu tiên vẻ đẹp tự nhiên, mềm mại. Hãy chọn son có màu sắc lấy cảm hứng từ thiên nhiên: hồng đào, cam đất, đỏ san hô hoặc tím plum. Chất son nên là lì hoặc satin, tránh bóng quá mức. Đừng ngại thử các màu son có chút ánh nhũ ngọc trai để tăng hiệu ứng lấp lánh tinh tế, phù hợp với tinh thần"
Tại sao nên dùng cọ đầu dẹt lớn để tán kem nền?,"Cọ đầu dẹt lớn lý tưởng để tán kem nền vì diện tích tiếp xúc rộng, giúp kem nền được trải đều nhanh chóng và mỏng mịn trên da. Thiết kế này giảm thiểu các vệt kem, mang lại lớp nền tự nhiên, không tì vết. Đồng thời, cọ dẹt còn giúp kiểm soát lượng sản phẩm, tránh gây dày bí da."
"Làm thế nào để tạo hiệu ứng mắt ""sapphire spark""?","Để tạo hiệu ứng mắt ""sapphire spark"", hãy bắt đầu với phấn mắt màu xanh sapphire làm lớp nền. Thêm chút phấn ánh nhũ bạc hoặc trắng ở khóe mắt và dưới chân mày để bắt sáng. Kẻ mắt xanh đậm hoặc đen, sau đó chuốt mascara đen dày mi. Hoàn thiện bằng chút phấn highlight trắng ở đầu mắt để tạo điểm nhấn lấp lánh."
"Kỹ thuật ""velvet glow"" là gì và cách thực hiện?","""Velvet glow"" là kỹ thuật trang điểm tạo lớp nền mịn màng như nhung, căng bóng tự nhiên, không quá bóng bẩy. Để thực hiện, bạn dùng kem nền ẩm mịn, thoa đều bằng cọ hoặc mút. Tiếp đó, dùng phấn highlight dạng kem ở những vị trí bắt sáng như gò má, sống mũi. Cuối cùng, xịt khóa lớp nền để tăng độ căng bóng."
Làm sao để chọn kem nền cho da có vết đỏ do cháy nắng?,"Với da bị đỏ do cháy nắng, hãy chọn kem nền có tông màu vàng hoặc đào để trung hòa sắc tố đỏ. Ưu tiên chất kem mỏng nhẹ, có độ che phủ vừa phải, tránh các sản phẩm đặc biệt che phủ cao vì có thể làm tình trạng tồi tệ hơn. Quan trọng nhất, hãy đảm bảo kem nền có chỉ số SPF để bảo vệ da khỏi"
Tại sao nên dùng tẩy trang dạng gel cho da nhạy cảm?,"Tẩy trang dạng gel thường là lựa chọn lý tưởng cho da nhạy cảm vì kết cấu nhẹ nhàng, không chứa dầu và ít gây kích ứng hơn so với các loại tẩy trang khác. Gel giúp làm sạch hiệu quả mà không làm khô da, đồng thời dễ dàng rửa sạch, giảm thiểu tình trạng tắc nghẽn lỗ chân lông và các vấn đề về da."
"Làm thế nào để tạo makeup phong cách ""midnight bloom""?","Phong cách ""midnight bloom"" tập trung vào đôi mắt lấp lánh và đôi môi trầm. Hãy bắt đầu với phấn mắt màu tím đậm, xanh navy hoặc đen, tán nhũ lấp lánh ở giữa bầu mắt. Kẻ mắt mèo sắc sảo và chuốt mascara dày. Son môi màu burgundy, đỏ rượu hoặc tím than sẽ hoàn thiện vẻ đẹp bí ẩn, quyến rũ. Da mặt nên giữ tông màu tự"
"Kỹ thuật ""prism flush"" là gì và cách thực hiện?","""Prism flush"" là kỹ thuật tạo má hồng độc đáo, tập trung đánh highlight và blush ở vị trí cao nhất của gò má, gần thái dương, tạo hiệu ứng ""bắt sáng"" tự nhiên. Cách thực hiện: 1. Đánh highlight dạng kem/lỏng trước. 2. Tiếp tục đánh blush màu sắc yêu thích lên vùng highlight vừa đánh. 3. Tán đều để hai màu hòa quyện, tạo độ glow khỏe khoắn."
"Làm sao để chọn son cho makeup phong cách ""tropical rainforest""?","Để chọn son cho makeup ""tropical rainforest"", hãy ưu tiên các màu sắc lấy cảm hứng từ thiên nhiên: đỏ mận, cam đất, nâu gạch hoặc hồng đất. Chất son nên bóng nhẹ hoặc lì matte để tạo hiệu ứng môi căng mọng, khỏe mạnh. Tránh các màu quá sáng hoặc quá tối, tập trung vào sự hài hòa với tông da và màu mắt xanh/nâu chủ đạo của phong"
Tại sao nên dùng cọ đầu nhỏ để tán phấn mắt ở góc mắt?,"Cọ đầu nhỏ giúp kiểm soát lượng phấn tốt hơn, tránh lem ra vùng da xung quanh khi tán phấn mắt ở góc mắt – nơi có diện tích nhỏ và nếp gấp. Điều này tạo đường viền sắc nét, giúp đôi mắt trông sâu hơn và định hình rõ ràng hơn, đặc biệt quan trọng khi tạo hiệu ứng smoky eyes hoặc nhấn nhá khóe mắt."
"Làm thế nào để tạo hiệu ứng môi ""opal shine""?","Để tạo hiệu ứng môi ""opal shine"", bạn cần: 1. **Son kem/son tint:** Chọn màu nude, hồng nhạt hoặc tím lavender làm base. 2. **Highlight:** Dùng highlight dạng lỏng hoặc bột ánh ngọc trai đánh nhẹ lên giữa môi. 3. **Son bóng:** Thêm lớp son bóng trong suốt để tăng độ căng mọng và bắt sáng. 4. **Nhũ (tùy chọn):** Rắc nhẹ nhũ li ti để tăng hiệu ứng lấp"
"Kỹ thuật ""crystal flush"" là gì và cách thực hiện?","""Crystal flush"" là kỹ thuật tạo má ửng hồng tự nhiên, trong trẻo như pha lê. Bạn dùng phấn má hồng dạng kem hoặc lỏng, thoa lên xương gò má theo hình vòng cung, tập trung ở điểm cao nhất. Sau đó, dùng mút tán đều nhẹ nhàng, hòa quyện phấn với da, tạo hiệu ứng ""trong veo"" thay vì đường phấn rõ rệt."
Làm sao để chọn phấn mắt cho mắt nâu xanh vào mùa thu?,"Với mắt nâu xanh vào mùa thu, hãy ưu tiên phấn mắt tông ấm. Các màu như đồng, vàng mù tạt, cam đất, nâu gạch sẽ làm nổi bật màu mắt. Thêm chút ánh nhũ đồng hoặc vàng để đôi mắt thêm lấp lánh. Tránh các màu quá lạnh như xanh dương hoặc tím, vì có thể làm mắt trông xỉn màu."
Tại sao nên dùng tẩy trang dạng dầu cho makeup nghệ thuật?,"Tẩy trang dạng dầu là lựa chọn lý tưởng cho makeup nghệ thuật vì khả năng hòa tan hiệu quả các sản phẩm trang điểm gốc dầu như kem nền, phấn mắt, mascara chống thấm nước. Nó giúp làm sạch sâu, không gây ma sát mạnh, bảo vệ lớp trang điểm nền và không làm khô da, đặc biệt quan trọng với các lớp makeup dày và phức tạp."
"Làm thế nào để tạo makeup phong cách ""ocean breeze""?","Để tạo makeup ""ocean breeze"", hãy tập trung vào tông xanh dương, xanh lá cây nhạt và trắng ngọc trai. Sử dụng phấn mắt màu xanh biển hoặc xanh ngọc, kết hợp với chút ánh nhũ. Đánh má hồng màu đào hoặc cam san hô. Son môi chọn màu nude, hồng san hô hoặc cam đào. Quan trọng nhất là lớp nền mỏng nhẹ, tự nhiên như làn da được"
"Kỹ thuật ""starry glow"" là gì và cách thực hiện?","""Starry glow"" là kỹ thuật tạo hiệu ứng da căng bóng, lấp lánh tự nhiên như sao. Thực hiện bằng cách: 1. Dưỡng ẩm kỹ lưỡng. 2. Thoa kem lót bắt sáng. 3. Đánh highlight dạng lỏng/kem ở gò má, sống mũi, trán, cằm. 4. Dùng cọ tán đều, tập trung ánh sáng ở điểm cao nhất khuôn mặt."
"Làm sao để chọn son cho makeup phong cách ""modern geisha""?","Phong cách ""modern geisha"" cần son môi tạo sự tương phản tinh tế. Ưu tiên son đỏ cam, đỏ gạch hoặc hồng đất, chất son lì hoặc satin. Tránh son quá bóng hoặc quá sáng màu. Quan trọng là đánh son lòng môi hoặc mờ nhẹ để tạo vẻ đẹp cổ điển pha lẫn hiện đại, không quá sắc sảo."
Tại sao nên dùng cọ đầu tròn nhỏ để tán phấn mắt ở nếp mí?,"Cọ đầu tròn nhỏ giúp tán phấn mắt vào nếp mí một cách chính xác và dễ dàng. Kích thước nhỏ gọn cho phép kiểm soát lượng phấn, tránh lem ra vùng da xung quanh. Đồng thời, đầu tròn mềm mại giúp tạo hiệu ứng chuyển màu mượt mà, tự nhiên, đặc biệt phù hợp với các kỹ thuật trang điểm mắt tinh tế như đánh nhấn đuôi mắt hoặc"
"Làm thế nào để tạo hiệu ứng môi ""rosebud shine""?","Để tạo hiệu ứng môi ""rosebud shine"", bạn cần tập trung vào sự căng mọng tự nhiên. Bắt đầu bằng cách tẩy tế bào chết nhẹ nhàng, sau đó thoa một lớp son dưỡng ẩm. Tiếp theo, dùng son bóng hoặc vaseline đánh nhẹ lên giữa môi dưới và trên. Cuối cùng, dùng giấy thấm bớt để có đôi môi căng mọng, lấp lánh như cánh hoa hồng."
"Kỹ thuật ""opal flush"" là gì và cách thực hiện?","""Opal flush"" là kỹ thuật tạo hiệu ứng ửng hồng tự nhiên, trong trẻo như ngọc trai trên gò má. Bạn dùng phấn má hồng màu đào, hồng san hô hoặc hồng ngọc trai, đánh nhẹ nhàng lên vùng xương gò má, hòa trộn đều với lớp nền. Kỹ thuật này giúp khuôn mặt bừng sáng, khỏe khoắn mà không bị quá lòe loẹt."
Làm sao để chọn phấn mắt cho mắt nâu vàng vào mùa đông?,"Với mắt nâu vàng vào mùa đông, hãy chọn phấn mắt tông ấm để làm nổi bật màu mắt. Các màu như đồng, vàng đồng, cam đất, nâu gạch, và tím plum sẽ rất hợp. Bạn có thể kết hợp các màu này để tạo chiều sâu. Tránh các màu quá sáng hoặc quá tối, vì chúng có thể làm mắt trông mờ nhạt."
"Làm thế nào để tạo makeup phong cách ""desert bloom""?","Phong cách ""desert bloom"" lấy cảm hứng từ vẻ đẹp hoang dã của sa mạc. Tập trung vào tông màu ấm như cam đất, nâu, đồng. Sử dụng phấn mắt nhũ ánh kim, đánh xếch nhẹ để tạo chiều sâu. Kẻ mắt màu nâu hoặc đồng, má hồng đào và son môi nude hoặc cam cháy. Điểm nhấn là làn da glowy khỏe khoắn."
"Kỹ thuật ""lunar veil"" là gì và cách thực hiện?","Kỹ thuật ""lunar veil"" (màn trăng) là xu hướng trang điểm tạo hiệu ứng da trong suốt, căng bóng tự nhiên như ánh trăng. Để thực hiện, bạn cần dưỡng ẩm kỹ lưỡng, dùng kem nền mỏng nhẹ, tập trung đánh ở trung tâm mặt. Sau đó, dùng phấn highlight dạng lỏng hoặc kem để bắt sáng nhẹ nhàng ở gò má, sống mũi, trán và cằm."
"Làm sao để chọn son cho makeup phong cách ""modern bohemian""?","Phong cách ""modern bohemian"" ưu tiên vẻ đẹp tự nhiên, phóng khoáng. Hãy chọn son có màu nude, hồng đào, cam đất hoặc đỏ gạch. Chất son nên là matte hoặc satin, tránh bóng quá nhiều. Quan trọng nhất là son phải hài hòa với tông da và tạo cảm giác đôi môi căng mọng, khỏe khoắn, không cần quá cầu kỳ."
Tại sao nên dùng cọ đầu nghiêng lớn để tán bronzer?,"Cọ đầu nghiêng lớn lý tưởng để tán bronzer vì nhiều lý do. Hình dáng nghiêng giúp bạn dễ dàng xác định đường tán, tạo khối xương gò má một cách tự nhiên. Lông cọ lớn, mềm mại giúp bronzer hòa quyện đều vào da, tránh vệt loang lổ và mang lại lớp finish mịn màng, không bị nặng nề."
"Làm thế nào để tạo hiệu ứng mắt ""ruby spark""?","Để tạo hiệu ứng mắt ""ruby spark"", hãy bắt đầu với phấn mắt màu hồng ruby làm lớp nền. Thêm chút phấn mắt màu đồng hoặc vàng champagne ở hốc mắt để tạo chiều sâu. Sử dụng phấn nhũ hoặc highlight ở khóe mắt và dưới chân mày. Kẻ mắt mèo mảnh và chuốt mascara đen đậm để hoàn thiện."
"Kỹ thuật ""coral flush"" là gì và cách thực hiện?","""Coral flush"" là kỹ thuật tạo đôi má ửng hồng tự nhiên, khỏe khoắn với tông màu san hô ấm áp. **Cách thực hiện:** 1. Chọn phấn má hồng màu san hô phù hợp với tông da. 2. Mỉm cười để xác định gò má. 3. Thoa phấn từ gò má về phía thái dương, tán đều để tạo hiệu ứng mềm mại, tự nhiên."
Làm sao để chọn phấn mắt cho mắt nâu đen vào mùa xuân?,"Với mắt nâu đen, mùa xuân này hãy ưu tiên phấn mắt tông ấm, tươi sáng. Các màu như đào, cam san hô, đồng, vàng đồng sẽ làm mắt bạn nổi bật và bừng sáng. Tránh các màu quá tối hoặc quá trầm. Phấn mắt có shimmer hoặc ánh ngọc trai sẽ tăng thêm vẻ rạng rỡ cho đôi mắt."
Tại sao nên dùng tẩy trang dạng mousse cho makeup tự nhiên?,"Tẩy trang dạng mousse lý tưởng cho makeup tự nhiên vì kết cấu nhẹ nhàng, làm sạch sâu mà không gây khô da. Mousse giúp loại bỏ hiệu quả bụi bẩn, dầu thừa và lớp makeup mỏng nhẹ, đồng thời cung cấp độ ẩm cần thiết, giữ da mềm mại và thông thoáng. Đây là lựa chọn hoàn hảo cho những ngày bạn chỉ trang điểm nhẹ nhàng."
"Làm thế nào để tạo makeup phong cách ""spring meadow""?","Để tạo makeup ""spring meadow"", hãy tập trung vào sự tươi trẻ, tự nhiên. Sử dụng phấn mắt màu pastel như hồng đào, xanh mint, cam nhạt. Kẻ mắt mảnh, màu nâu hoặc xanh lá cây. Má hồng đào hoặc hồng san hô đánh nhẹ nhàng. Son môi màu hồng nude hoặc cam san hô. Điểm nhấn là làn da căng bóng, khỏe khoắn với lớp nền mỏng nhẹ."
"Kỹ thuật ""golden veil"" là gì và cách thực hiện?","Kỹ thuật ""golden veil"" (lớp voan vàng) là kỹ thuật tạo hiệu ứng da căng bóng, khỏe khoắn bằng cách highlight ở những vị trí bắt sáng như gò má, sống mũi, trán, cằm. Cách thực hiện: Sau khi hoàn thành lớp nền, dùng cọ nhỏ đánh highlight dạng kem hoặc lỏng màu vàng champagne lên các vị trí trên. Lưu ý tán đều để tạo hiệu ứng tự nhiên,"
"Làm sao để chọn son cho makeup phong cách ""modern ballet""?","Phong cách ""modern ballet"" ưu tiên vẻ đẹp tự nhiên, thanh khiết. Hãy chọn son có màu nude, hồng đào, hoặc đỏ san hô nhạt. Chất son nên là matte hoặc satin, tránh bóng quá nhiều. Quan trọng nhất là son phải làm nổi bật đôi môi một cách tinh tế, không quá lòe loẹt, tạo cảm giác nhẹ nhàng, bay bổng như vũ công ballet."
Tại sao nên dùng cọ đầu tròn lớn để tán highlighter bột?,"Cọ đầu tròn lớn lý tưởng để tán highlighter bột vì diện tích lông cọ rộng giúp phân bố đều sản phẩm trên vùng da cần làm nổi bật (gò má, sống mũi, trán). Đồng thời, độ mềm mại của lông cọ giúp highlighter hòa quyện tự nhiên vào da, tránh tình trạng vón cục hay quá lấp lánh, cho lớp trang điểm tinh tế."
"Làm thế nào để tạo hiệu ứng môi ""emerald shine""?","Để tạo hiệu ứng môi ""emerald shine"", bạn cần son môi màu nude hoặc trắng làm base. Sau đó, dùng cọ nhỏ đánh nhẹ một lớp phấn mắt màu xanh lục bảo (emerald) lên giữa môi dưới và môi trên. Cuối cùng, phủ một lớp son bóng trong suốt để tăng độ căng mọng và hòa quyện màu sắc."
"Kỹ thuật ""amethyst flush"" là gì và cách thực hiện?","""Amethyst flush"" là kỹ thuật tạo má hồng tím hồng, lấy cảm hứng từ sắc amethyst (thạch anh tím). Để thực hiện, bạn dùng phấn má hồng tím hồng (hoặc trộn hồng và tím) đánh lên xương gò má, hơi chếch lên thái dương. Lưu ý tán đều để màu sắc tự nhiên, không bị vón cục. Kỹ thuật này phù hợp với tông da lạnh và tạo vẻ ngoài"
Làm sao để chọn phấn mắt cho mắt xám xanh vào mùa thu?,"Với mắt xám xanh vào mùa thu, hãy chọn phấn mắt tông ấm để làm nổi bật màu mắt. Các màu như đồng, vàng đồng, cam đất, nâu gạch, và tím plum sẽ rất hợp. Tránh các màu quá lạnh như xanh dương hoặc bạc. Bạn có thể kết hợp các màu này để tạo chiều sâu và sự ấm áp cho đôi mắt."
"Làm thếseek_directions=""Làm thế nào để chọn kem nền cho da có vết thâm nám lâu năm? Dùng kem nền che phủ cao","Để chọn kem nền cho da nám lâu năm, ưu tiên loại có độ che phủ cao (full coverage) và tông màu trung tính hoặc hơi vàng để trung hòa sắc tố nám. Tìm các thành phần như vitamin C, niacinamide giúp làm sáng da. Quan trọng nhất là thử kem nền trên da để đảm bảo màu sắc phù hợp và không gây kích ứng."
Làm sao chọn màu son cho da ngăm vào mùa đông?,"Với da ngăm vào mùa đông, ưu tiên các màu son ấm áp, nổi bật như đỏ gạch, cam đất, nâu tây, hoặc hồng đất. Tránh các màu quá sáng hoặc quá nhạt, vì có thể làm da trông xỉn màu. Son có chút bóng sẽ giúp môi căng mọng, tươi tắn hơn trong tiết trời hanh khô."
"Kỹ thuật ""cloud eyes"" là gì?","""Cloud eyes"" (mắt bồng bềnh) là kỹ thuật trang điểm mắt tạo hiệu ứng mềm mại, như những đám mây. Kỹ thuật này sử dụng phấn mắt màu trung tính (hồng, tím nhạt, nâu) tán đều, không rõ ràng viền, tập trung ở vùng hốc mắt và đuôi mắt. Thường kết hợp với má hồng cùng tông để tạo vẻ ngoài tự nhiên, lãng mạn."
Cách làm sạch cọ sau khi dùng sản phẩm SFX như máu giả?,"Để làm sạch cọ sau khi dùng sản phẩm SFX như máu giả, bạn cần: 1. **Loại bỏ phần lớn sản phẩm:** Dùng khăn giấy hoặc giấy ăn để lau bớt. 2. **Rửa cọ:** Sử dụng dầu tẩy trang hoặc dung dịch chuyên dụng cho cọ SFX, nhẹ nhàng xoa đều. 3. **Xả sạch:** Rửa lại bằng nước ấm cho đến khi sạch hoàn toàn. 4. **Làm khô:** Để cọ"
Làm sao tạo makeup cho buổi tiệc cocktail ngoài trời?,"Để có makeup hoàn hảo cho tiệc cocktail ngoài trời, hãy ưu tiên sự tươi tắn, tự nhiên. Nền mịn lì, chống thấm nước là lựa chọn tốt. Mắt nhấn nhá bằng phấn mắt màu nude hoặc champagne, kết hợp eyeliner mảnh và mascara. Son môi màu hồng đào hoặc cam san hô sẽ tạo vẻ ngoài rạng rỡ. Đừng quên kem chống nắng!"
"Kỹ thuật ""mirror skin"" là gì?","""Mirror skin"" (da gương) là kỹ thuật trang điểm tạo hiệu ứng làn da siêu mịn màng, bóng khỏe như gương. Bí quyết nằm ở việc dưỡng ẩm kỹ lưỡng, dùng kem nền mỏng nhẹ, kết hợp highlighter lỏng ở những vùng bắt sáng như gò má, sống mũi. Kỹ thuật này giúp da căng bóng, phản chiếu ánh sáng, mang lại vẻ ngoài tươi trẻ, rạng rỡ."
Cách chọn mascara cho người có mi thưa?,"Để chọn mascara cho mi thưa, hãy ưu tiên các loại có: * **Lông cọ nhỏ, thưa:** Giúp chải đều từng sợi mi, không gây vón cục. * **Công thức dày mi:** Chứa các sợi fiber hoặc sáp giúp tăng độ dày cho mi. * **Màu đen đậm:** Tạo cảm giác mi dày hơn. Tránh mascara quá ướt hoặc có lông cọ quá to, vì sẽ làm mi trông thưa"
Làm sao tạo makeup cho buổi hòa nhạc ban ngày?,"Makeup cho hòa nhạc ban ngày nên tập trung vào sự tươi tắn, tự nhiên. Ưu tiên lớp nền nhẹ nhàng, kem che khuyết điểm tập trung vùng cần thiết. Sử dụng phấn mắt màu nude, nâu hoặc cam đào, kết hợp mascara và son môi tươi sáng. Đừng quên kem chống nắng và xịt khóa lớp trang điểm để bền màu suốt buổi hòa nhạc nhé!"
"Kỹ thuật ""feather brows"" là gì?","""Feather brows"" (chân mày lông vũ) là kỹ thuật tạo dáng chân mày tự nhiên bằng cách sử dụng bút chì hoặc gel vẽ chân mày để tạo ra những đường nét mảnh, giống như sợi lông tơ. Kỹ thuật này tập trung vào việc vẽ từng sợi lông riêng lẻ, giúp chân mày trông đầy đặn, mềm mại và không bị nặng nề, phù hợp với nhiều hình dáng"
Cách chọn kem nền cho da mụn vào mùa hè?,"Chọn kem nền cho da mụn mùa hè cần ưu tiên các sản phẩm: * **Không gây bí da:** Ưu tiên chất kem lỏng nhẹ, dạng mousse hoặc cushion. * **Kiểm soát dầu:** Tìm các thành phần như salicylic acid, zinc oxide. * **Không gây kích ứng:** Chọn loại ""non-comedogenic"" (không gây tắc lỗ chân lông). * **Chỉ số SPF:** Nên có SPF 30 trở lên để bảo vệ da"
Làm sao giữ makeup đẹp khi đi du lịch vùng nhiệt đới?,"Để giữ makeup bền đẹp khi đi du lịch vùng nhiệt đới, hãy ưu tiên các sản phẩm chống nước, lâu trôi. Sử dụng kem lót kiềm dầu, phấn phủ dạng bột để hút ẩm. Mang theo giấy thấm dầu và xịt khoáng để làm mới lớp trang điểm. Tránh makeup quá dày, tập trung vào những điểm nhấn quan trọng."
"Kỹ thuật ""sunset glow"" là gì?","""Sunset glow"" là kỹ thuật trang điểm tạo hiệu ứng má ửng hồng và sống mũi lấp lánh như ánh hoàng hôn. Bạn dùng phấn má hồng màu cam, đào hoặc hồng san hô đánh cao trên gò má, kéo dài lên thái dương và dọc sống mũi. Kỹ thuật này giúp khuôn mặt trông ấm áp, khỏe khoắn và có chiều sâu."
Cách chọn màu má hồng cho da dầu?,"Với da dầu, nên ưu tiên má hồng dạng bột hoặc kem lỏng, tránh phấn nén dễ gây bí lỗ chân lông. Chọn màu má hồng có sắc độ vừa phải như hồng đào, cam san hô hoặc hồng đất. Tránh các màu quá nổi bật hoặc có nhũ, vì có thể làm da trông bóng dầu hơn. Quan trọng là đánh nhẹ tay để có vẻ ngoài tự nhiên."
Làm sao tạo makeup cho buổi tiệc sinh nhật trẻ em?,"Makeup cho tiệc sinh nhật trẻ em nên ưu tiên sự tươi tắn, đáng yêu và an toàn. Sử dụng phấn mắt/màu nước nhẹ nhàng, má hồng đào, son dưỡng có màu. Có thể vẽ thêm hình đơn giản như ngôi sao, trái tim bằng màu an toàn cho da. Tránh dùng quá nhiều mỹ phẩm và ưu tiên các sản phẩm dành cho trẻ em."
"Kỹ thuật ""petal lips"" là gì?","Kỹ thuật ""petal lips"" (môi cánh hoa) là xu hướng trang điểm môi tạo hiệu ứng mềm mại, tự nhiên như cánh hoa. Cách thực hiện là đánh son lòng môi, sau đó dùng cọ hoặc ngón tay tán đều ra ngoài, tạo gradient màu từ đậm ở trung tâm đến nhạt dần ở viền môi. Kỹ thuật này giúp môi trông đầy đặn, căng mọng và trẻ trung hơn."
Cách chọn phấn phủ cho makeup lâu trôi?,"Để chọn phấn phủ giúp makeup lâu trôi, ưu tiên phấn nén hoặc phấn bột mịn với thành phần kiểm soát dầu. Chọn tông màu trùng với màu da hoặc sáng hơn nửa tông. Phấn phủ có chứa silica giúp hút dầu, giữ lớp nền ổn định. Đừng quên dùng cọ phủ phấn nhẹ nhàng, tránh gây cakey."
Làm sao tạo makeup cho buổi lễ hội ánh sáng?,"Để có makeup lộng lẫy cho lễ hội ánh sáng, hãy tập trung vào hiệu ứng bắt sáng và màu sắc nổi bật. Sử dụng phấn mắt nhũ, highlight lấp lánh ở gò má, sống mũi và khóe mắt. Kẻ mắt có thể dùng màu neon hoặc đính đá. Son môi chọn màu đậm hoặc ombre để tạo điểm nhấn. Đừng quên lớp xịt khóa makeup để giữ lâu trôi"
"Kỹ thuật ""frosted eyes"" là gì?","""Frosted eyes"" (mắt phủ sương) là kỹ thuật trang điểm mắt tạo hiệu ứng lung linh, mờ ảo như phủ sương. Kỹ thuật này sử dụng phấn mắt màu trắng ngà hoặc bạc, tán đều lên bầu mắt, đặc biệt ở vùng giữa và khóe mắt. Thường kết hợp với eyeliner trắng hoặc nhạt màu để tăng hiệu ứng và phù hợp với phong cách trang điểm vintage hoặc fantasy."
Cách chọn son môi cho da lão hóa?,"Với da lão hóa, ưu tiên son dưỡng ẩm, nhiều thành phần dưỡng. Màu son nên chọn tông ấm áp như hồng đào, cam san hô, hoặc đỏ gạch để da tươi trẻ hơn. Tránh son quá tối hoặc quá nhạt, chất son lì hoàn toàn vì dễ làm lộ rãnh nhăn. Son bóng nhẹ hoặc satin sẽ giúp môi căng mọng, đầy đặn hơn."
Làm sao làm sạch beauty blender sau khi dùng nền đậm?,"Để làm sạch beauty blender sau khi dùng nền đậm, bạn làm theo các bước sau: 1. **Rửa dưới vòi nước ấm:** Xả nước ấm cho đến khi nước trong. 2. **Sử dụng chất tẩy rửa chuyên dụng:** Thoa một lượng nhỏ chất tẩy rửa beauty blender hoặc dầu tẩy trang. 3. **Bóp nhẹ nhàng:** Bóp nhẹ nhàng để loại bỏ cặn nền. 4. **Xả sạch và phơi khô:** Xả"
"Kỹ thuật ""soft smokey"" là gì?","""Soft smokey"" là kỹ thuật trang điểm mắt tạo chiều sâu bằng cách làm mờ dần các tông màu tối ra ngoài. Thay vì đường viền sắc nét của smokey eyes cổ điển, soft smokey tập trung vào sự hòa quyện màu, thường dùng các tông nude, nâu, xám nhạt. Kỹ thuật này giúp đôi mắt trông to hơn, cuốn hút mà vẫn tự nhiên, phù hợp với mọi dịp."
Cách chọn primer cho da hỗn hợp vào mùa xuân?,"Với da hỗn hợp vào mùa xuân, hãy chọn primer có kết cấu nhẹ, dạng gel hoặc lỏng. Ưu tiên các thành phần kiểm soát dầu ở vùng chữ T (trán, mũi, cằm) và cấp ẩm cho vùng da khô. Tìm kiếm các loại primer có chứa silicone để làm mịn lỗ chân lông, hoặc các loại primer gốc nước nếu bạn thích cảm giác tự nhiên hơn."
Làm sao tạo makeup cho buổi tiệc BBQ ban đêm?,"Cho buổi tiệc BBQ đêm, ưu tiên lớp nền nhẹ nhàng, bền màu với kem nền lì hoặc cushion. Đôi mắt có thể dùng phấn mắt màu đồng, nâu hoặc cam đất, kết hợp chút nhũ để nổi bật dưới ánh đèn. Son môi màu nude, hồng đào hoặc đỏ cam sẽ rất phù hợp. Đừng quên xịt khóa lớp trang điểm để giữ lâu trôi nhé!"
Cách chọn eyeliner cho người mới tập makeup?,"Với người mới bắt đầu, nên ưu tiên eyeliner chì hoặc gel. Eyeliner chì dễ kiểm soát, phù hợp vẽ đường viền mắt tự nhiên. Eyeliner gel cho đường kẻ sắc nét hơn, cần chút luyện tập. Màu đen hoặc nâu sẫm dễ phối hợp. Bắt đầu với đường kẻ mảnh, từ từ dày lên khi quen tay."
Làm sao tạo makeup cho buổi triển lãm thời trang?,"Makeup cho triển lãm thời trang cần nổi bật nhưng vẫn tôn trọng thiết kế. Tập trung vào mắt với eyeshadow màu sắc táo bạo, eyeliner sắc sảo hoặc đính đá. Da hoàn hảo, nền mịn lì, contour rõ nét. Son môi có thể cùng tông mắt hoặc nude tùy thuộc concept. Quan trọng nhất là makeup phải bền màu, giữ được lâu trong suốt sự kiện."
"Kỹ thuật ""starlit eyes"" là gì?","""Starlit eyes"" (mắt sao lấp lánh) là kỹ thuật trang điểm mắt tạo hiệu ứng lấp lánh như bầu trời đêm. Kỹ thuật này sử dụng phấn nhũ, kim tuyến hoặc đá lấp lánh nhỏ, tập trung ở khóe mắt, dưới chân mày hoặc dọc theo đường hốc mắt. Thường kết hợp với tông màu tối để làm nổi bật hiệu ứng ""sao""."
Cách chọn son môi cho tiệc tối mùa xuân?,"Để chọn son môi cho tiệc tối mùa xuân, hãy ưu tiên các tông màu tươi sáng và ấm áp. Đỏ cam, hồng đào, cam san hô hoặc màu nude đào sẽ là lựa chọn tuyệt vời, giúp khuôn mặt rạng rỡ. Chất son lì hoặc satin sẽ bền màu và tạo hiệu ứng sang trọng. Lưu ý kết hợp màu son với trang phục và kiểu trang điểm tổng"
Làm sao làm sạch cọ sau khi dùng phấn mắt neon?,"Phấn mắt neon thường khó làm sạch vì chứa nhiều bột màu và chất bám dính. Bạn nên dùng dầu tẩy trang chuyên dụng cho cọ hoặc dầu dừa để hòa tan màu. Sau đó, rửa lại bằng nước ấm và dầu gội dịu nhẹ, xả sạch và phơi khô tự nhiên, lông cọ hướng xuống dưới."
"Kỹ thuật ""bronzed goddess"" là gì?","Kỹ thuật ""bronzed goddess"" (nữ thần đồng) là xu hướng trang điểm tạo hiệu ứng làn da rám nắng khỏe mạnh, rạng rỡ. Kỹ thuật này tập trung vào việc sử dụng phấn bronzer để tạo khối và làm nổi bật các đường nét trên khuôn mặt, kết hợp với highlight để bắt sáng, mang đến vẻ ngoài quyến rũ, tràn đầy sức sống như vừa tắm nắng."
Cách chọn kem nền cho da nhạy cảm vào mùa đông?,"Da nhạy cảm mùa đông cần kem nền dưỡng ẩm, dịu nhẹ. Ưu tiên thành phần lành tính, không cồn, hương liệu. Chọn loại có chỉ số SPF thấp hoặc không có để tránh kích ứng. Chất kem lỏng, mịn, dễ tán là lựa chọn tốt. Thử sản phẩm trên vùng da nhỏ trước khi dùng toàn mặt để đảm bảo không gây phản ứng."
Làm sao tạo makeup cho buổi hẹn mùa đông?,"Để có makeup cho buổi hẹn mùa đông, hãy tập trung vào vẻ ấm áp và tự nhiên. Nền mịn lì, má hồng đào hoặc cam đất, mắt nhũ nhẹ nhàng (vàng đồng, nâu) và son môi lì màu berry hoặc đỏ rượu là lựa chọn hoàn hảo. Đừng quên dưỡng ẩm kỹ trước khi trang điểm để lớp makeup không bị cakey nhé!"
"Kỹ thuật ""cut-crease định dạng"" là gì?","Kỹ thuật ""cut-crease định dạng"" là kỹ thuật tạo khối cho mắt bằng cách sử dụng phấn mắt tối màu để tạo đường hốc mắt sâu hơn. Bằng cách vẽ một đường sắc nét ngay trên nếp gấp mí mắt, kỹ thuật này giúp mắt trông to hơn, có chiều sâu và rõ nét hơn. Thường được kết hợp với phấn mắt sáng ở phần bầu mắt."
Cách chọn mascara cho mi dài nhưng mỏng?,"Với mi dài nhưng mỏng, bạn nên chọn mascara có công thức chứa sáp và sợi tơ. Loại mascara này giúp tăng độ dày và cong mi, đồng thời không gây nặng mi. Đầu cọ nhỏ, thưa sẽ dễ dàng len lỏi và phủ đều từng sợi mi, tạo hiệu ứng mi dày hơn mà vẫn tự nhiên."
Làm sao tạo makeup cho buổi tiệc Halloween ngoài trời?,"Để có makeup Halloween ngoài trời ấn tượng, ưu tiên độ bền và rõ nét. Chọn kem nền lì, chống thấm nước, kết hợp phấn phủ khóa màu. Tập trung vào mắt với màu đậm, glitter hoặc vẽ hình độc đáo. Son môi lì hoặc tint lâu trôi là lựa chọn tốt. Đừng quên xịt khóa makeup để giữ lớp trang điểm cả đêm!"
"Kỹ thuật ""gradient blush"" là gì?","Kỹ thuật ""gradient blush"" (hay còn gọi là ""sun-kissed blush"") là cách đánh má hồng tập trung màu đậm nhất ở vùng gò má, sau đó tán mờ dần về phía thái dương và vùng da xung quanh mắt. Kỹ thuật này tạo hiệu ứng má ửng hồng tự nhiên, khỏe khoắn như vừa tắm nắng, giúp khuôn mặt trông trẻ trung và có chiều sâu hơn."
Cách chọn phấn mắt cho mắt xám?,"Với mắt xám, hãy ưu tiên phấn mắt tông ấm để làm nổi bật màu mắt. Các màu như đồng, vàng đồng, cam đất, hồng đào, và tím plum sẽ rất hợp. Tránh các màu xám, bạc hoặc xanh lam vì có thể khiến mắt trông nhợt nhạt. Bạn có thể kết hợp nhiều màu để tạo chiều sâu cho đôi mắt."
Làm sao làm sạch beauty blender sau khi dùng bronzer?,"Để làm sạch beauty blender sau khi dùng bronzer, hãy làm theo các bước sau: 1. **Rửa sạch:** Xả dưới vòi nước ấm, bóp nhẹ nhàng để loại bỏ phần lớn bronzer. 2. **Sử dụng chất tẩy rửa:** Dùng chất tẩy rửa chuyên dụng cho beauty blender hoặc dầu tẩy trang dịu nhẹ. 3. **Xả lại:** Rửa sạch cho đến khi nước trong. 4. **Làm khô:** Vắt nhẹ, để khô"
"Kỹ thuật ""luminous contour"" là gì?","""Luminous contour"" (tạo khối sáng) là kỹ thuật tạo khối bằng cách sử dụng phấn highlight dạng kem hoặc lỏng thay vì phấn bột. Kỹ thuật này tập trung vào việc tạo ra các vùng sáng tự nhiên, thay vì đường nét sắc sảo, giúp khuôn mặt trông căng bóng, khỏe mạnh và có chiều sâu một cách tinh tế. Phù hợp với các loại da khô hoặc da thường."
Cách chọn son môi cho makeup chụp ảnh đen trắng?,"Khi chọn son cho ảnh đen trắng, ưu tiên các màu tạo độ tương phản rõ rệt. Son đỏ đậm, burgundy, hoặc thậm chí màu nude trầm sẽ giúp đôi môi nổi bật. Tránh các màu gần với tông da vì chúng có thể bị ""mất tích"" trong ảnh. Chất son lì thường lên hình đẹp hơn son bóng, giúp môi trông sắc nét và có cấu trúc."
Làm sao tạo makeup cho buổi tiệc hồ bơi?,"Makeup cho tiệc hồ bơi cần nhẹ nhàng, chống nước tốt. Ưu tiên kem nền/BB cream mỏng nhẹ, chống nắng. Sử dụng phấn mắt/má hồng tone đào, cam san hô tươi tắn. Mascara và son dưỡng ẩm có màu là đủ. Quan trọng nhất là khóa lớp makeup bằng xịt khoáng để bền màu và tránh trôi khi tiếp xúc với nước."
